game_id,season,week,season_type,market,abs_edge,claimed,won
401281942,2021,1,regular,margin,10.608,0.729,0.000
401281942,2021,1,regular,total,2.804,0.565,1.000
401281943,2021,1,regular,margin,5.626,0.626,0.000
401281943,2021,1,regular,total,1.297,0.529,0.000
401281944,2021,1,regular,margin,3.555,0.585,0.000
401281944,2021,1,regular,total,0.114,0.503,1.000
401281945,2021,1,regular,margin,8.453,0.687,1.000
401281945,2021,1,regular,total,7.421,0.667,0.000
401281946,2021,1,regular,margin,6.530,0.640,1.000
401281946,2021,1,regular,total,4.699,0.608,0.000
401281947,2021,1,regular,margin,11.798,0.769,0.000
401281947,2021,1,regular,total,0.194,0.505,1.000
401281948,2021,1,regular,margin,6.405,0.655,1.000
401281948,2021,1,regular,total,1.709,0.540,1.000
401281949,2021,1,regular,margin,6.964,0.645,1.000
401281949,2021,1,regular,total,6.341,0.644,1.000
401281950,2021,1,regular,margin,5.105,0.630,1.000
401281950,2021,1,regular,total,2.986,0.569,1.000
401281952,2021,1,regular,margin,8.998,0.714,1.000
401281952,2021,1,regular,total,3.084,0.571,1.000
401282049,2021,1,regular,margin,22.234,0.927,0.000
401282049,2021,1,regular,total,4.184,0.596,1.000
401282052,2021,1,regular,margin,6.270,0.659,1.000
401282052,2021,1,regular,total,1.631,0.538,1.000
401282053,2021,1,regular,margin,7.446,0.673,0.000
401282053,2021,1,regular,total,6.265,0.642,1.000
401282055,2021,1,regular,margin,6.638,0.686,0.000
401282055,2021,1,regular,total,16.104,0.826,1.000
401282174,2021,1,regular,margin,2.162,0.542,1.000
401282174,2021,1,regular,total,3.009,0.571,1.000
401282177,2021,1,regular,margin,1.072,0.511,0.000
401282177,2021,1,regular,total,2.101,0.549,0.000
401282179,2021,1,regular,margin,0.772,0.506,1.000
401282179,2021,1,regular,total,5.662,0.629,1.000
401282607,2021,1,regular,margin,9.714,0.711,0.000
401282607,2021,1,regular,total,3.390,0.578,0.000
401282608,2021,1,regular,margin,19.577,0.890,1.000
401282608,2021,1,regular,total,7.350,0.665,1.000
401282610,2021,1,regular,margin,1.130,0.515,1.000
401282610,2021,1,regular,total,0.423,0.510,1.000
401282611,2021,1,regular,margin,1.846,0.560,0.000
401282611,2021,1,regular,total,4.720,0.608,0.000
401282612,2021,1,regular,margin,22.011,0.969,1.000
401282612,2021,1,regular,total,2.657,0.561,0.000
401282614,2021,1,regular,margin,2.916,0.536,0.000
401282614,2021,1,regular,total,4.622,0.606,1.000
401282714,2021,1,regular,margin,0.186,0.504,1.000
401282714,2021,1,regular,total,7.285,0.665,0.000
401282723,2021,1,regular,margin,0.723,0.540,0.000
401282723,2021,1,regular,total,6.087,0.639,0.000
401282764,2021,1,regular,margin,2.107,0.556,0.000
401282764,2021,1,regular,total,1.466,0.534,1.000
401282772,2021,1,regular,margin,6.235,0.645,0.000
401282772,2021,1,regular,total,7.964,0.679,1.000
401282782,2021,1,regular,margin,4.314,0.603,0.000
401282782,2021,1,regular,total,6.311,0.644,1.000
401282789,2021,1,regular,margin,0.957,0.520,0.500
401282789,2021,1,regular,total,5.688,0.630,0.000
401282815,2021,1,regular,margin,2.095,0.536,0.000
401282815,2021,1,regular,total,5.605,0.628,0.000
401282819,2021,1,regular,margin,0.961,0.553,0.000
401282819,2021,1,regular,total,2.055,0.548,1.000
401282822,2021,1,regular,margin,2.467,0.559,1.000
401282822,2021,1,regular,total,8.051,0.681,1.000
401286187,2021,1,regular,margin,18.869,0.867,0.000
401286187,2021,1,regular,total,5.629,0.628,1.000
401287886,2021,1,regular,margin,0.344,0.508,0.000
401287886,2021,1,regular,total,1.170,0.527,1.000
401287889,2021,1,regular,margin,0.904,0.525,0.000
401287889,2021,1,regular,total,4.423,0.601,1.000
401287892,2021,1,regular,margin,0.235,0.541,0.000
401287892,2021,1,regular,total,1.513,0.535,0.000
401287893,2021,1,regular,margin,0.690,0.515,1.000
401287893,2021,1,regular,total,9.633,0.713,0.000
401287894,2021,1,regular,margin,12.550,0.785,1.000
401287894,2021,1,regular,total,8.474,0.689,0.000
401300993,2021,1,regular,margin,0.858,0.549,0.000
401300993,2021,1,regular,total,2.999,0.569,0.000
401300995,2021,1,regular,margin,1.985,0.563,1.000
401300995,2021,1,regular,total,0.007,0.500,0.500
401300996,2021,1,regular,margin,1.896,0.529,0.000
401300996,2021,1,regular,total,0.525,0.511,0.000
401309601,2021,1,regular,margin,1.501,0.553,0.000
401309601,2021,1,regular,total,3.111,0.572,1.000
401309833,2021,1,regular,margin,0.066,0.511,1.000
401309833,2021,1,regular,total,2.720,0.563,1.000
401309837,2021,1,regular,margin,4.639,0.610,0.000
401309837,2021,1,regular,total,1.697,0.540,0.000
401309838,2021,1,regular,margin,5.265,0.616,1.000
401309838,2021,1,regular,total,3.746,0.586,1.000
401309840,2021,1,regular,margin,5.528,0.627,1.000
401309840,2021,1,regular,total,0.035,0.501,1.000
401309841,2021,1,regular,margin,3.453,0.589,0.000
401309841,2021,1,regular,total,7.120,0.661,0.000
401309842,2021,1,regular,margin,3.872,0.594,1.000
401309842,2021,1,regular,total,1.405,0.533,1.000
401309937,2021,1,regular,margin,3.076,0.594,1.000
401309937,2021,1,regular,total,3.674,0.585,1.000
401310699,2021,1,regular,margin,18.468,0.883,1.000
401310699,2021,1,regular,total,1.733,0.539,1.000
401282057,2021,2,regular,margin,0.023,0.514,1.000
401282057,2021,2,regular,total,6.347,0.644,0.000
401282059,2021,2,regular,margin,8.980,0.719,1.000
401282059,2021,2,regular,total,5.529,0.626,0.000
401282060,2021,2,regular,margin,0.382,0.511,1.000
401282060,2021,2,regular,total,4.014,0.589,0.000
401282061,2021,2,regular,margin,3.406,0.604,0.000
401282061,2021,2,regular,total,12.437,0.765,0.000
401282064,2021,2,regular,margin,2.104,0.544,0.000
401282064,2021,2,regular,total,6.092,0.638,1.000
401282065,2021,2,regular,margin,0.085,0.511,0.500
401282065,2021,2,regular,total,2.671,0.561,1.000
401282066,2021,2,regular,margin,3.530,0.619,0.000
401282066,2021,2,regular,total,6.658,0.650,0.000
401282067,2021,2,regular,margin,3.649,0.572,1.000
401282067,2021,2,regular,total,4.384,0.599,1.000
401282068,2021,2,regular,margin,12.002,0.797,1.000
401282068,2021,2,regular,total,13.049,0.774,1.000
401282182,2021,2,regular,margin,9.347,0.732,0.000
401282182,2021,2,regular,total,0.554,0.513,1.000
401282183,2021,2,regular,margin,1.391,0.567,0.000
401282183,2021,2,regular,total,8.815,0.693,1.000
401282186,2021,2,regular,margin,2.563,0.594,1.000
401282186,2021,2,regular,total,7.536,0.669,1.000
401282187,2021,2,regular,margin,6.274,0.637,0.000
401282187,2021,2,regular,total,17.098,0.840,1.000
401282189,2021,2,regular,margin,2.317,0.601,0.000
401282189,2021,2,regular,total,11.882,0.753,0.000
401282191,2021,2,regular,margin,11.514,0.773,0.000
401282191,2021,2,regular,total,12.994,0.774,0.000
401282193,2021,2,regular,margin,4.872,0.615,0.000
401282193,2021,2,regular,total,13.630,0.784,0.000
401282620,2021,2,regular,margin,0.602,0.530,1.000
401282620,2021,2,regular,total,3.621,0.583,1.000
401282621,2021,2,regular,margin,7.431,0.671,0.000
401282621,2021,2,regular,total,12.804,0.772,0.000
401282622,2021,2,regular,margin,1.560,0.545,1.000
401282622,2021,2,regular,total,2.810,0.564,1.000
401282623,2021,2,regular,margin,12.347,0.841,0.000
401282623,2021,2,regular,total,11.700,0.751,0.000
401282624,2021,2,regular,margin,1.996,0.578,0.000
401282624,2021,2,regular,total,4.627,0.606,1.000
401282705,2021,2,regular,margin,0.651,0.504,1.000
401282705,2021,2,regular,total,13.017,0.774,0.000
401282754,2021,2,regular,margin,3.697,0.621,1.000
401282754,2021,2,regular,total,5.866,0.630,1.000
401282773,2021,2,regular,margin,4.853,0.635,0.000
401282773,2021,2,regular,total,0.364,0.510,0.000
401282790,2021,2,regular,margin,5.372,0.627,1.000
401282790,2021,2,regular,total,11.895,0.754,0.000
401282797,2021,2,regular,margin,5.538,0.641,0.000
401282797,2021,2,regular,total,14.520,0.799,1.000
401282809,2021,2,regular,margin,4.402,0.624,1.000
401282809,2021,2,regular,total,16.415,0.830,1.000
401282816,2021,2,regular,margin,4.102,0.587,0.000
401282816,2021,2,regular,total,9.266,0.705,1.000
401282820,2021,2,regular,margin,18.148,0.885,0.000
401282820,2021,2,regular,total,8.368,0.686,1.000
401282825,2021,2,regular,margin,1.645,0.526,0.000
401282825,2021,2,regular,total,8.691,0.692,1.000
401286295,2021,2,regular,margin,1.289,0.545,0.000
401286295,2021,2,regular,total,12.090,0.759,1.000
401287896,2021,2,regular,margin,12.138,0.771,0.500
401287896,2021,2,regular,total,9.153,0.701,0.000
401287899,2021,2,regular,margin,3.976,0.625,1.000
401287899,2021,2,regular,total,6.481,0.646,0.500
401287900,2021,2,regular,margin,7.732,0.721,1.000
401287900,2021,2,regular,total,6.064,0.635,0.000
401300999,2021,2,regular,margin,3.566,0.599,0.000
401300999,2021,2,regular,total,3.195,0.573,0.000
401301003,2021,2,regular,margin,2.391,0.577,1.000
401301003,2021,2,regular,total,6.289,0.643,0.000
401301004,2021,2,regular,margin,3.313,0.577,1.000
401301004,2021,2,regular,total,3.871,0.582,1.000
401309546,2021,2,regular,margin,4.727,0.620,1.000
401309546,2021,2,regular,total,7.165,0.659,1.000
401309547,2021,2,regular,margin,1.345,0.558,0.500
401309547,2021,2,regular,total,3.973,0.588,0.000
401309843,2021,2,regular,margin,3.927,0.597,1.000
401309843,2021,2,regular,total,17.850,0.848,0.000
401309844,2021,2,regular,margin,1.264,0.510,1.000
401309844,2021,2,regular,total,19.538,0.872,0.000
401309846,2021,2,regular,margin,8.388,0.693,1.000
401309846,2021,2,regular,total,0.775,0.516,0.000
401309847,2021,2,regular,margin,8.266,0.713,1.000
401309847,2021,2,regular,total,14.346,0.797,1.000
401309848,2021,2,regular,margin,10.393,0.772,1.000
401309848,2021,2,regular,total,7.046,0.657,1.000
401310700,2021,2,regular,margin,17.111,0.862,1.000
401310700,2021,2,regular,total,7.034,0.658,0.000
401282069,2021,3,regular,margin,6.844,0.659,0.000
401282069,2021,3,regular,total,6.067,0.637,0.000
401282070,2021,3,regular,margin,0.416,0.535,0.000
401282070,2021,3,regular,total,3.997,0.592,0.000
401282071,2021,3,regular,margin,5.169,0.628,1.000
401282071,2021,3,regular,total,4.439,0.602,0.500
401282072,2021,3,regular,margin,8.008,0.699,1.000
401282072,2021,3,regular,total,3.231,0.575,1.000
401282074,2021,3,regular,margin,6.375,0.644,0.000
401282074,2021,3,regular,total,3.692,0.585,0.000
401282075,2021,3,regular,margin,5.234,0.635,0.000
401282075,2021,3,regular,total,14.038,0.793,0.000
401282076,2021,3,regular,margin,1.200,0.561,1.000
401282076,2021,3,regular,total,8.052,0.680,1.000
401282079,2021,3,regular,margin,5.343,0.632,0.000
401282079,2021,3,regular,total,3.928,0.591,0.000
401282080,2021,3,regular,margin,11.322,0.784,0.000
401282080,2021,3,regular,total,7.489,0.666,0.000
401282194,2021,3,regular,margin,1.830,0.526,1.000
401282194,2021,3,regular,total,8.415,0.688,1.000
401282195,2021,3,regular,margin,5.260,0.641,0.000
401282195,2021,3,regular,total,5.190,0.618,1.000
401282196,2021,3,regular,margin,5.916,0.669,0.000
401282196,2021,3,regular,total,5.133,0.617,1.000
401282197,2021,3,regular,margin,12.519,0.770,0.000
401282197,2021,3,regular,total,2.879,0.567,1.000
401282199,2021,3,regular,margin,4.515,0.636,1.000
401282199,2021,3,regular,total,4.435,0.602,0.000
401282200,2021,3,regular,margin,8.331,0.729,1.000
401282200,2021,3,regular,total,8.215,0.683,0.000
401282201,2021,3,regular,margin,18.370,0.879,0.000
401282201,2021,3,regular,total,11.007,0.737,0.000
401282202,2021,3,regular,margin,3.489,0.577,0.000
401282202,2021,3,regular,total,5.893,0.633,0.000
401282203,2021,3,regular,margin,1.363,0.558,0.000
401282203,2021,3,regular,total,1.686,0.540,0.000
401282626,2021,3,regular,margin,5.968,0.669,1.000
401282626,2021,3,regular,total,7.876,0.677,0.000
401282627,2021,3,regular,margin,7.609,0.669,1.000
401282627,2021,3,regular,total,7.584,0.669,1.000
401282628,2021,3,regular,margin,0.241,0.511,0.000
401282628,2021,3,regular,total,2.773,0.565,1.000
401282629,2021,3,regular,margin,3.062,0.548,0.000
401282629,2021,3,regular,total,2.775,0.564,1.000
401282631,2021,3,regular,margin,0.240,0.552,0.000
401282631,2021,3,regular,total,9.805,0.716,0.000
401282632,2021,3,regular,margin,3.701,0.606,1.000
401282632,2021,3,regular,total,2.650,0.561,0.000
401282634,2021,3,regular,margin,4.335,0.601,0.000
401282634,2021,3,regular,total,3.249,0.575,0.000
401282635,2021,3,regular,margin,2.184,0.528,1.000
401282635,2021,3,regular,total,1.909,0.544,0.000
401282636,2021,3,regular,margin,0.079,0.514,1.000
401282636,2021,3,regular,total,1.931,0.544,1.000
401282706,2021,3,regular,margin,3.688,0.639,0.000
401282706,2021,3,regular,total,3.526,0.581,1.000
401282715,2021,3,regular,margin,2.252,0.581,1.000
401282715,2021,3,regular,total,5.421,0.624,1.000
401282725,2021,3,regular,margin,0.969,0.503,0.000
401282725,2021,3,regular,total,0.233,0.505,0.000
401282755,2021,3,regular,margin,1.055,0.548,1.000
401282755,2021,3,regular,total,2.581,0.559,1.000
401282774,2021,3,regular,margin,3.092,0.552,0.000
401282774,2021,3,regular,total,4.620,0.605,0.000
401282791,2021,3,regular,margin,0.954,0.507,1.000
401282791,2021,3,regular,total,0.021,0.501,0.000
401282798,2021,3,regular,margin,9.317,0.712,1.000
401282798,2021,3,regular,total,6.807,0.654,1.000
401282810,2021,3,regular,margin,6.205,0.649,1.000
401282810,2021,3,regular,total,7.032,0.659,0.000
401286189,2021,3,regular,margin,17.697,0.889,1.000
401286189,2021,3,regular,total,6.778,0.651,0.000
401286300,2021,3,regular,margin,18.469,0.914,0.000
401286300,2021,3,regular,total,5.745,0.631,0.000
401287903,2021,3,regular,margin,2.283,0.580,1.000
401287903,2021,3,regular,total,3.041,0.570,1.000
401287904,2021,3,regular,margin,6.657,0.647,0.000
401287904,2021,3,regular,total,1.996,0.547,1.000
401287905,2021,3,regular,margin,6.155,0.667,1.000
401287905,2021,3,regular,total,7.781,0.673,0.000
401287906,2021,3,regular,margin,9.507,0.742,0.000
401287906,2021,3,regular,total,8.681,0.692,1.000
401309549,2021,3,regular,margin,3.926,0.612,0.000
401309549,2021,3,regular,total,1.008,0.524,1.000
401309552,2021,3,regular,margin,6.026,0.657,1.000
401309552,2021,3,regular,total,19.939,0.876,1.000
401309553,2021,3,regular,margin,5.241,0.645,1.000
401309553,2021,3,regular,total,10.324,0.726,1.000
401309605,2021,3,regular,margin,0.268,0.503,1.000
401309605,2021,3,regular,total,1.394,0.532,0.000
401309606,2021,3,regular,margin,8.752,0.704,0.000
401309606,2021,3,regular,total,1.618,0.537,0.000
401309852,2021,3,regular,margin,0.862,0.500,1.000
401309852,2021,3,regular,total,12.310,0.763,1.000
401309854,2021,3,regular,margin,1.029,0.557,1.000
401309854,2021,3,regular,total,3.713,0.584,1.000
401309855,2021,3,regular,margin,0.393,0.536,1.000
401309855,2021,3,regular,total,7.430,0.667,0.000
401309856,2021,3,regular,margin,10.001,0.781,1.000
401309856,2021,3,regular,total,2.081,0.545,0.000
401310704,2021,3,regular,margin,7.422,0.713,1.000
401310704,2021,3,regular,total,7.855,0.675,0.000
401310705,2021,3,regular,margin,3.996,0.645,1.000
401310705,2021,3,regular,total,25.590,0.931,1.000
401282081,2021,4,regular,margin,5.476,0.648,0.000
401282081,2021,4,regular,total,6.354,0.638,0.000
401282082,2021,4,regular,margin,2.321,0.535,0.000
401282082,2021,4,regular,total,0.061,0.503,0.000
401282083,2021,4,regular,margin,3.937,0.573,1.000
401282083,2021,4,regular,total,1.295,0.530,1.000
401282084,2021,4,regular,margin,3.606,0.581,0.000
401282084,2021,4,regular,total,6.176,0.635,1.000
401282085,2021,4,regular,margin,2.296,0.549,1.000
401282085,2021,4,regular,total,1.059,0.525,0.000
401282086,2021,4,regular,margin,0.816,0.506,0.000
401282086,2021,4,regular,total,4.759,0.609,0.000
401282087,2021,4,regular,margin,5.685,0.669,0.000
401282087,2021,4,regular,total,1.918,0.545,0.000
401282088,2021,4,regular,margin,13.130,0.819,0.000
401282088,2021,4,regular,total,7.424,0.672,0.000
401282204,2021,4,regular,margin,5.280,0.653,1.000
401282204,2021,4,regular,total,10.235,0.723,0.000
401282205,2021,4,regular,margin,2.972,0.551,0.000
401282205,2021,4,regular,total,1.342,0.525,0.000
401282206,2021,4,regular,margin,8.452,0.726,1.000
401282206,2021,4,regular,total,1.462,0.534,0.000
401282207,2021,4,regular,margin,9.071,0.743,0.000
401282207,2021,4,regular,total,8.535,0.689,1.000
401282208,2021,4,regular,margin,3.938,0.571,0.000
401282208,2021,4,regular,total,2.888,0.572,0.000
401282209,2021,4,regular,margin,9.748,0.755,1.000
401282209,2021,4,regular,total,11.192,0.740,0.000
401282211,2021,4,regular,margin,0.591,0.532,0.000
401282211,2021,4,regular,total,0.711,0.516,1.000
401282212,2021,4,regular,margin,2.561,0.562,1.000
401282212,2021,4,regular,total,4.866,0.611,1.000
401282213,2021,4,regular,margin,0.393,0.513,1.000
401282213,2021,4,regular,total,7.115,0.661,1.000
401282214,2021,4,regular,margin,3.757,0.576,0.000
401282214,2021,4,regular,total,5.830,0.627,0.000
401282637,2021,4,regular,margin,4.783,0.632,1.000
401282637,2021,4,regular,total,6.494,0.646,1.000
401282638,2021,4,regular,margin,3.433,0.608,1.000
401282638,2021,4,regular,total,8.740,0.695,1.000
401282639,2021,4,regular,margin,3.805,0.595,0.000
401282639,2021,4,regular,total,2.069,0.548,0.000
401282640,2021,4,regular,margin,2.833,0.563,1.000
401282640,2021,4,regular,total,0.578,0.508,1.000
401282641,2021,4,regular,margin,1.484,0.533,1.000
401282641,2021,4,regular,total,16.125,0.830,0.000
401282643,2021,4,regular,margin,1.179,0.559,1.000
401282643,2021,4,regular,total,2.463,0.558,1.000
401282707,2021,4,regular,margin,2.020,0.569,1.000
401282707,2021,4,regular,total,0.159,0.501,0.000
401282716,2021,4,regular,margin,3.663,0.571,0.000
401282716,2021,4,regular,total,0.486,0.506,0.000
401282756,2021,4,regular,margin,1.016,0.508,1.000
401282756,2021,4,regular,total,1.358,0.539,0.000
401282765,2021,4,regular,margin,2.013,0.555,0.000
401282765,2021,4,regular,total,12.158,0.761,1.000
401282775,2021,4,regular,margin,9.006,0.707,1.000
401282775,2021,4,regular,total,2.035,0.548,0.000
401282784,2021,4,regular,margin,2.709,0.593,1.000
401282784,2021,4,regular,total,2.939,0.562,1.000
401282792,2021,4,regular,margin,1.543,0.551,0.000
401282792,2021,4,regular,total,4.459,0.601,1.000
401282805,2021,4,regular,margin,3.060,0.575,0.000
401282805,2021,4,regular,total,7.154,0.662,0.000
401282811,2021,4,regular,margin,5.258,0.646,0.000
401282811,2021,4,regular,total,8.830,0.696,1.000
401286190,2021,4,regular,margin,15.371,0.843,1.000
401286190,2021,4,regular,total,0.332,0.507,1.000
401286301,2021,4,regular,margin,14.730,0.880,1.000
401286301,2021,4,regular,total,14.326,0.798,1.000
401287907,2021,4,regular,margin,0.081,0.525,1.000
401287907,2021,4,regular,total,0.337,0.506,0.000
401287908,2021,4,regular,margin,8.184,0.697,1.000
401287908,2021,4,regular,total,3.658,0.584,1.000
401287909,2021,4,regular,margin,4.123,0.623,0.000
401287909,2021,4,regular,total,2.503,0.556,0.000
401287910,2021,4,regular,margin,0.955,0.545,1.000
401287910,2021,4,regular,total,12.520,0.767,0.000
401287911,2021,4,regular,margin,1.075,0.500,0.000
401287911,2021,4,regular,total,5.995,0.631,0.000
401301008,2021,4,regular,margin,3.709,0.625,0.000
401301008,2021,4,regular,total,1.650,0.539,1.000
401301009,2021,4,regular,margin,2.998,0.561,1.000
401301009,2021,4,regular,total,2.915,0.567,0.000
401301011,2021,4,regular,margin,1.839,0.537,0.000
401301011,2021,4,regular,total,2.829,0.565,0.000
401308834,2021,4,regular,margin,0.266,0.539,0.000
401308834,2021,4,regular,total,2.514,0.551,1.000
401309554,2021,4,regular,margin,0.205,0.523,1.000
401309554,2021,4,regular,total,17.609,0.843,1.000
401309555,2021,4,regular,margin,2.488,0.591,0.000
401309555,2021,4,regular,total,7.514,0.669,1.000
401309557,2021,4,regular,margin,8.609,0.749,0.000
401309557,2021,4,regular,total,3.986,0.597,0.000
401309610,2021,4,regular,margin,1.053,0.521,1.000
401309610,2021,4,regular,total,4.273,0.598,1.000
401309611,2021,4,regular,margin,13.734,0.791,1.000
401309611,2021,4,regular,total,4.231,0.598,0.000
401309857,2021,4,regular,margin,0.248,0.540,1.000
401309857,2021,4,regular,total,3.572,0.583,1.000
401309858,2021,4,regular,margin,2.585,0.596,0.000
401309858,2021,4,regular,total,7.237,0.663,1.000
401309859,2021,4,regular,margin,3.963,0.596,1.000
401309859,2021,4,regular,total,0.238,0.500,1.000
401309860,2021,4,regular,margin,0.880,0.502,1.000
401309860,2021,4,regular,total,9.966,0.714,0.000
401309861,2021,4,regular,margin,5.235,0.640,1.000
401309861,2021,4,regular,total,1.848,0.537,0.000
401309862,2021,4,regular,margin,1.301,0.536,0.000
401309862,2021,4,regular,total,2.114,0.550,1.000
401310706,2021,4,regular,margin,0.519,0.509,0.000
401310706,2021,4,regular,total,1.316,0.531,1.000
401310707,2021,4,regular,margin,8.184,0.704,1.000
401310707,2021,4,regular,total,8.338,0.686,0.000
401310708,2021,4,regular,margin,18.890,0.893,0.000
401310708,2021,4,regular,total,16.606,0.833,1.000
401282089,2021,5,regular,margin,3.517,0.597,0.000
401282089,2021,5,regular,total,17.117,0.841,1.000
401282090,2021,5,regular,margin,3.781,0.613,1.000
401282090,2021,5,regular,total,5.703,0.631,0.000
401282091,2021,5,regular,margin,1.290,0.504,1.000
401282091,2021,5,regular,total,7.830,0.675,1.000
401282092,2021,5,regular,margin,3.898,0.601,1.000
401282092,2021,5,regular,total,4.916,0.613,0.000
401282093,2021,5,regular,margin,1.644,0.558,0.000
401282093,2021,5,regular,total,6.471,0.652,0.000
401282094,2021,5,regular,margin,5.604,0.632,1.000
401282094,2021,5,regular,total,5.961,0.637,0.000
401282095,2021,5,regular,margin,4.578,0.593,0.000
401282095,2021,5,regular,total,0.576,0.511,0.000
401282096,2021,5,regular,margin,0.714,0.528,1.000
401282096,2021,5,regular,total,2.142,0.555,0.000
401282215,2021,5,regular,margin,2.095,0.583,0.000
401282215,2021,5,regular,total,1.660,0.539,1.000
401282216,2021,5,regular,margin,2.316,0.584,1.000
401282216,2021,5,regular,total,10.651,0.728,1.000
401282217,2021,5,regular,margin,5.036,0.649,0.000
401282217,2021,5,regular,total,5.506,0.624,0.000
401282218,2021,5,regular,margin,3.047,0.591,1.000
401282218,2021,5,regular,total,3.314,0.574,1.000
401282219,2021,5,regular,margin,3.036,0.605,0.500
401282219,2021,5,regular,total,3.573,0.582,1.000
401282220,2021,5,regular,margin,2.529,0.550,1.000
401282220,2021,5,regular,total,2.939,0.568,1.000
401282221,2021,5,regular,margin,1.116,0.533,1.000
401282221,2021,5,regular,total,4.235,0.596,1.000
401282222,2021,5,regular,margin,6.708,0.665,1.000
401282222,2021,5,regular,total,6.624,0.650,1.000
401282223,2021,5,regular,margin,3.442,0.563,1.000
401282223,2021,5,regular,total,10.443,0.728,0.000
401282646,2021,5,regular,margin,0.868,0.502,1.000
401282646,2021,5,regular,total,5.124,0.617,1.000
401282647,2021,5,regular,margin,1.031,0.519,0.000
401282647,2021,5,regular,total,4.665,0.608,0.000
401282648,2021,5,regular,margin,0.575,0.531,1.000
401282648,2021,5,regular,total,3.825,0.583,1.000
401282649,2021,5,regular,margin,5.007,0.641,0.000
401282649,2021,5,regular,total,7.127,0.660,0.000
401282650,2021,5,regular,margin,4.392,0.599,0.000
401282650,2021,5,regular,total,10.518,0.730,1.000
401282651,2021,5,regular,margin,0.446,0.543,1.000
401282651,2021,5,regular,total,7.751,0.674,0.000
401282708,2021,5,regular,margin,1.441,0.540,0.000
401282708,2021,5,regular,total,3.290,0.576,0.000
401282729,2021,5,regular,margin,1.856,0.565,0.000
401282729,2021,5,regular,total,4.051,0.593,0.000
401282759,2021,5,regular,margin,4.575,0.608,1.000
401282759,2021,5,regular,total,1.879,0.542,0.000
401282776,2021,5,regular,margin,1.531,0.524,1.000
401282776,2021,5,regular,total,1.232,0.531,1.000
401282793,2021,5,regular,margin,3.754,0.616,0.000
401282793,2021,5,regular,total,0.467,0.512,0.000
401282800,2021,5,regular,margin,4.431,0.648,0.000
401282800,2021,5,regular,total,2.164,0.549,0.000
401282813,2021,5,regular,margin,5.191,0.625,0.000
401282813,2021,5,regular,total,1.729,0.540,0.000
401286302,2021,5,regular,margin,12.811,0.840,1.000
401286302,2021,5,regular,total,9.804,0.715,1.000
401287912,2021,5,regular,margin,5.764,0.650,0.000
401287912,2021,5,regular,total,5.783,0.631,0.000
401287913,2021,5,regular,margin,8.013,0.714,1.000
401287913,2021,5,regular,total,5.206,0.618,0.000
401287914,2021,5,regular,margin,0.573,0.510,0.000
401287914,2021,5,regular,total,2.863,0.567,0.000
401287915,2021,5,regular,margin,2.786,0.544,1.000
401287915,2021,5,regular,total,13.189,0.779,1.000
401287916,2021,5,regular,margin,1.665,0.503,1.000
401287916,2021,5,regular,total,2.819,0.560,0.000
401301012,2021,5,regular,margin,1.205,0.508,0.000
401301012,2021,5,regular,total,2.774,0.564,0.000
401301013,2021,5,regular,margin,7.839,0.712,0.000
401301013,2021,5,regular,total,2.540,0.559,1.000
401301014,2021,5,regular,margin,3.546,0.603,1.000
401301014,2021,5,regular,total,4.040,0.593,0.000
401301015,2021,5,regular,margin,0.912,0.500,1.000
401301015,2021,5,regular,total,3.114,0.572,1.000
401301016,2021,5,regular,margin,7.914,0.696,0.000
401301016,2021,5,regular,total,9.069,0.701,1.000
401308835,2021,5,regular,margin,4.998,0.631,1.000
401308835,2021,5,regular,total,4.301,0.598,1.000
401309558,2021,5,regular,margin,2.825,0.558,0.000
401309558,2021,5,regular,total,6.547,0.654,1.000
401309559,2021,5,regular,margin,2.817,0.611,1.000
401309559,2021,5,regular,total,0.436,0.515,1.000
401309560,2021,5,regular,margin,1.655,0.530,1.000
401309560,2021,5,regular,total,0.079,0.502,0.000
401309561,2021,5,regular,margin,4.279,0.636,0.500
401309561,2021,5,regular,total,14.050,0.793,1.000
401309562,2021,5,regular,margin,0.697,0.508,1.000
401309562,2021,5,regular,total,0.082,0.502,1.000
401309612,2021,5,regular,margin,2.109,0.581,0.000
401309612,2021,5,regular,total,6.718,0.652,1.000
401309613,2021,5,regular,margin,0.454,0.528,1.000
401309613,2021,5,regular,total,9.234,0.710,0.000
401309614,2021,5,regular,margin,12.933,0.803,0.000
401309614,2021,5,regular,total,5.194,0.618,0.000
401309615,2021,5,regular,margin,3.605,0.584,0.000
401309615,2021,5,regular,total,0.078,0.508,0.000
401309863,2021,5,regular,margin,3.268,0.540,0.000
401309863,2021,5,regular,total,0.605,0.515,0.000
401309864,2021,5,regular,margin,0.653,0.550,1.000
401309864,2021,5,regular,total,5.156,0.618,1.000
401309865,2021,5,regular,margin,4.889,0.607,0.000
401309865,2021,5,regular,total,1.477,0.534,1.000
401309866,2021,5,regular,margin,1.840,0.551,1.000
401309866,2021,5,regular,total,2.366,0.554,0.000
401309867,2021,5,regular,margin,0.666,0.544,0.000
401309867,2021,5,regular,total,3.074,0.570,0.500
401309912,2021,5,regular,margin,3.366,0.555,1.000
401309912,2021,5,regular,total,3.412,0.573,1.000
401310710,2021,5,regular,margin,6.496,0.686,0.000
401310710,2021,5,regular,total,4.339,0.601,1.000
401310711,2021,5,regular,margin,4.657,0.596,0.000
401310711,2021,5,regular,total,6.171,0.640,0.000
401310712,2021,5,regular,margin,3.269,0.609,1.000
401310712,2021,5,regular,total,9.942,0.723,1.000
401310713,2021,5,regular,margin,16.395,0.868,1.000
401310713,2021,5,regular,total,9.303,0.704,0.000
401282097,2021,6,regular,margin,0.306,0.502,0.000
401282097,2021,6,regular,total,8.653,0.693,0.000
401282098,2021,6,regular,margin,17.608,0.889,0.000
401282098,2021,6,regular,total,10.554,0.730,1.000
401282099,2021,6,regular,margin,2.196,0.541,0.000
401282099,2021,6,regular,total,0.099,0.502,0.000
401282100,2021,6,regular,margin,1.524,0.518,0.000
401282100,2021,6,regular,total,7.786,0.675,0.000
401282101,2021,6,regular,margin,2.343,0.552,1.000
401282101,2021,6,regular,total,6.863,0.655,0.000
401282102,2021,6,regular,margin,5.718,0.675,0.000
401282102,2021,6,regular,total,0.714,0.517,1.000
401282103,2021,6,regular,margin,8.327,0.697,1.000
401282103,2021,6,regular,total,1.621,0.531,0.000
401282224,2021,6,regular,margin,3.197,0.614,0.000
401282224,2021,6,regular,total,7.157,0.656,0.000
401282225,2021,6,regular,margin,4.658,0.643,0.000
401282225,2021,6,regular,total,1.272,0.530,0.000
401282226,2021,6,regular,margin,12.080,0.777,1.000
401282226,2021,6,regular,total,7.357,0.666,1.000
401282227,2021,6,regular,margin,3.670,0.582,1.000
401282227,2021,6,regular,total,0.456,0.515,1.000
401282228,2021,6,regular,margin,5.521,0.661,1.000
401282228,2021,6,regular,total,12.781,0.776,0.000
401282229,2021,6,regular,margin,3.791,0.578,0.000
401282229,2021,6,regular,total,9.563,0.706,1.000
401282652,2021,6,regular,margin,0.862,0.550,1.000
401282652,2021,6,regular,total,7.636,0.671,1.000
401282653,2021,6,regular,margin,1.064,0.544,0.000
401282653,2021,6,regular,total,10.447,0.729,1.000
401282654,2021,6,regular,margin,4.298,0.604,1.000
401282654,2021,6,regular,total,0.202,0.505,0.000
401282655,2021,6,regular,margin,3.653,0.582,0.000
401282655,2021,6,regular,total,2.179,0.550,0.000
401282656,2021,6,regular,margin,5.668,0.631,1.000
401282656,2021,6,regular,total,4.117,0.596,1.000
401282718,2021,6,regular,margin,1.840,0.563,0.000
401282718,2021,6,regular,total,1.545,0.539,0.000
401282758,2021,6,regular,margin,0.051,0.517,1.000
401282758,2021,6,regular,total,2.909,0.570,1.000
401282769,2021,6,regular,margin,0.177,0.522,1.000
401282769,2021,6,regular,total,11.078,0.741,0.000
401282778,2021,6,regular,margin,1.521,0.545,1.000
401282778,2021,6,regular,total,2.940,0.568,1.000
401282788,2021,6,regular,margin,4.983,0.657,0.000
401282788,2021,6,regular,total,2.621,0.561,0.000
401286191,2021,6,regular,margin,25.783,0.958,0.000
401286191,2021,6,regular,total,3.792,0.587,1.000
401287917,2021,6,regular,margin,0.337,0.507,1.000
401287917,2021,6,regular,total,0.466,0.509,0.000
401287918,2021,6,regular,margin,4.208,0.637,0.000
401287918,2021,6,regular,total,9.265,0.705,0.000
401287919,2021,6,regular,margin,1.928,0.546,0.000
401287919,2021,6,regular,total,5.696,0.630,0.000
401301017,2021,6,regular,margin,1.986,0.561,0.000
401301017,2021,6,regular,total,1.883,0.544,1.000
401301018,2021,6,regular,margin,3.825,0.612,1.000
401301018,2021,6,regular,total,3.293,0.576,1.000
401301019,2021,6,regular,margin,3.433,0.614,1.000
401301019,2021,6,regular,total,1.025,0.518,0.000
401301020,2021,6,regular,margin,1.620,0.538,1.000
401301020,2021,6,regular,total,3.916,0.590,0.000
401301021,2021,6,regular,margin,3.536,0.600,0.000
401301021,2021,6,regular,total,4.999,0.614,1.000
401308836,2021,6,regular,margin,0.999,0.522,1.000
401308836,2021,6,regular,total,5.805,0.632,1.000
401309563,2021,6,regular,margin,2.868,0.586,1.000
401309563,2021,6,regular,total,3.396,0.578,0.000
401309564,2021,6,regular,margin,1.845,0.551,1.000
401309564,2021,6,regular,total,3.334,0.576,1.000
401309565,2021,6,regular,margin,8.222,0.733,0.000
401309565,2021,6,regular,total,12.613,0.768,0.000
401309566,2021,6,regular,margin,6.031,0.663,1.000
401309566,2021,6,regular,total,2.967,0.570,1.000
401309567,2021,6,regular,margin,4.122,0.630,1.000
401309567,2021,6,regular,total,4.336,0.599,1.000
401309616,2021,6,regular,margin,2.384,0.535,0.000
401309616,2021,6,regular,total,14.716,0.804,1.000
401309617,2021,6,regular,margin,2.809,0.590,1.000
401309617,2021,6,regular,total,0.917,0.515,0.000
401309618,2021,6,regular,margin,9.356,0.717,0.000
401309618,2021,6,regular,total,12.593,0.769,1.000
401309619,2021,6,regular,margin,4.665,0.648,1.000
401309619,2021,6,regular,total,1.165,0.526,0.000
401309868,2021,6,regular,margin,3.923,0.601,0.000
401309868,2021,6,regular,total,6.821,0.653,1.000
401309869,2021,6,regular,margin,0.613,0.513,1.000
401309869,2021,6,regular,total,4.195,0.596,1.000
401309870,2021,6,regular,margin,1.350,0.516,0.000
401309870,2021,6,regular,total,2.422,0.562,0.000
401309871,2021,6,regular,margin,4.703,0.619,0.000
401309871,2021,6,regular,total,2.802,0.558,0.000
401309913,2021,6,regular,margin,2.276,0.576,1.000
401309913,2021,6,regular,total,6.418,0.645,1.000
401310714,2021,6,regular,margin,3.081,0.599,0.000
401310714,2021,6,regular,total,2.268,0.550,1.000
401310715,2021,6,regular,margin,0.792,0.546,0.000
401310715,2021,6,regular,total,4.654,0.603,0.000
401310716,2021,6,regular,margin,1.104,0.511,0.000
401310716,2021,6,regular,total,6.229,0.643,0.000
401310717,2021,6,regular,margin,11.119,0.766,1.000
401310717,2021,6,regular,total,9.542,0.706,0.000
401282104,2021,7,regular,margin,4.855,0.651,1.000
401282104,2021,7,regular,total,1.718,0.540,1.000
401282105,2021,7,regular,margin,1.186,0.547,0.000
401282105,2021,7,regular,total,0.408,0.507,1.000
401282106,2021,7,regular,margin,5.799,0.661,1.000
401282106,2021,7,regular,total,5.274,0.620,0.000
401282107,2021,7,regular,margin,1.053,0.508,0.000
401282107,2021,7,regular,total,5.570,0.627,1.000
401282108,2021,7,regular,margin,0.914,0.507,1.000
401282108,2021,7,regular,total,3.749,0.592,1.000
401282109,2021,7,regular,margin,8.438,0.706,1.000
401282109,2021,7,regular,total,2.551,0.558,1.000
401282110,2021,7,regular,margin,2.986,0.564,1.000
401282110,2021,7,regular,total,11.255,0.749,1.000
401282230,2021,7,regular,margin,3.911,0.611,1.000
401282230,2021,7,regular,total,3.907,0.590,1.000
401282231,2021,7,regular,margin,2.104,0.580,0.000
401282231,2021,7,regular,total,11.094,0.741,0.000
401282232,2021,7,regular,margin,12.715,0.804,0.000
401282232,2021,7,regular,total,7.947,0.673,1.000
401282233,2021,7,regular,margin,1.598,0.531,0.000
401282233,2021,7,regular,total,7.663,0.671,1.000
401282234,2021,7,regular,margin,2.076,0.532,0.000
401282234,2021,7,regular,total,1.686,0.536,0.000
401282657,2021,7,regular,margin,1.164,0.527,1.000
401282657,2021,7,regular,total,5.344,0.623,0.000
401282658,2021,7,regular,margin,2.288,0.573,0.000
401282658,2021,7,regular,total,1.007,0.524,0.000
401282659,2021,7,regular,margin,1.700,0.592,1.000
401282659,2021,7,regular,total,5.803,0.632,0.000
401282660,2021,7,regular,margin,0.899,0.505,0.000
401282660,2021,7,regular,total,7.092,0.660,1.000
401282661,2021,7,regular,margin,7.367,0.701,0.000
401282661,2021,7,regular,total,2.124,0.543,1.000
401282731,2021,7,regular,margin,4.359,0.643,0.000
401282731,2021,7,regular,total,6.986,0.658,0.000
401282760,2021,7,regular,margin,0.731,0.505,1.000
401282760,2021,7,regular,total,1.167,0.530,0.000
401282796,2021,7,regular,margin,2.259,0.588,1.000
401282796,2021,7,regular,total,1.961,0.544,0.000
401282807,2021,7,regular,margin,0.440,0.517,0.000
401282807,2021,7,regular,total,5.925,0.636,0.000
401282826,2021,7,regular,margin,1.657,0.548,1.000
401282826,2021,7,regular,total,2.188,0.556,0.000
401286296,2021,7,regular,margin,10.545,0.764,1.000
401286296,2021,7,regular,total,4.088,0.588,0.000
401287920,2021,7,regular,margin,2.953,0.596,0.000
401287920,2021,7,regular,total,5.928,0.634,0.000
401287921,2021,7,regular,margin,3.901,0.584,0.000
401287921,2021,7,regular,total,5.129,0.617,1.000
401287922,2021,7,regular,margin,1.300,0.543,0.000
401287922,2021,7,regular,total,4.386,0.600,0.000
401287923,2021,7,regular,margin,3.009,0.590,0.000
401287923,2021,7,regular,total,8.844,0.697,0.000
401287924,2021,7,regular,margin,3.404,0.558,0.000
401287924,2021,7,regular,total,1.722,0.540,1.000
401301022,2021,7,regular,margin,1.736,0.521,1.000
401301022,2021,7,regular,total,0.058,0.501,1.000
401301023,2021,7,regular,margin,3.230,0.575,0.000
401301023,2021,7,regular,total,3.020,0.570,1.000
401301024,2021,7,regular,margin,1.070,0.552,1.000
401301024,2021,7,regular,total,2.809,0.559,0.000
401308837,2021,7,regular,margin,1.071,0.504,1.000
401308837,2021,7,regular,total,2.730,0.562,0.000
401309568,2021,7,regular,margin,1.563,0.529,1.000
401309568,2021,7,regular,total,0.150,0.503,0.000
401309569,2021,7,regular,margin,3.359,0.614,1.000
401309569,2021,7,regular,total,8.140,0.681,1.000
401309570,2021,7,regular,margin,1.326,0.508,0.000
401309570,2021,7,regular,total,0.593,0.522,1.000
401309571,2021,7,regular,margin,0.776,0.568,1.000
401309571,2021,7,regular,total,4.273,0.598,1.000
401309572,2021,7,regular,margin,0.359,0.500,1.000
401309572,2021,7,regular,total,7.734,0.674,0.000
401309620,2021,7,regular,margin,4.214,0.641,1.000
401309620,2021,7,regular,total,0.036,0.501,0.000
401309621,2021,7,regular,margin,3.731,0.582,0.000
401309621,2021,7,regular,total,3.640,0.583,0.000
401309622,2021,7,regular,margin,5.013,0.668,1.000
401309622,2021,7,regular,total,6.737,0.653,1.000
401309872,2021,7,regular,margin,2.257,0.555,1.000
401309872,2021,7,regular,total,0.172,0.504,1.000
401309873,2021,7,regular,margin,2.409,0.549,0.000
401309873,2021,7,regular,total,4.683,0.607,0.000
401309874,2021,7,regular,margin,2.007,0.568,0.000
401309874,2021,7,regular,total,0.880,0.520,1.000
401309875,2021,7,regular,margin,2.282,0.544,1.000
401309875,2021,7,regular,total,10.680,0.733,0.000
401309876,2021,7,regular,margin,5.738,0.633,0.000
401309876,2021,7,regular,total,0.415,0.504,1.000
401310718,2021,7,regular,margin,6.610,0.670,0.000
401310718,2021,7,regular,total,6.403,0.644,1.000
401310719,2021,7,regular,margin,5.510,0.647,0.000
401310719,2021,7,regular,total,11.472,0.753,0.000
401310720,2021,7,regular,margin,1.972,0.597,1.000
401310720,2021,7,regular,total,3.430,0.579,1.000
401310721,2021,7,regular,margin,2.326,0.574,0.000
401310721,2021,7,regular,total,3.163,0.573,0.000
401310722,2021,7,regular,margin,1.400,0.540,0.000
401310722,2021,7,regular,total,8.480,0.689,1.000
401310723,2021,7,regular,margin,1.723,0.563,1.000
401310723,2021,7,regular,total,4.140,0.589,1.000
401282111,2021,8,regular,margin,3.793,0.590,0.000
401282111,2021,8,regular,total,3.270,0.575,0.000
401282113,2021,8,regular,margin,1.817,0.578,0.000
401282113,2021,8,regular,total,8.639,0.687,1.000
401282114,2021,8,regular,margin,4.394,0.603,0.000
401282114,2021,8,regular,total,0.426,0.511,1.000
401282115,2021,8,regular,margin,13.225,0.796,0.000
401282115,2021,8,regular,total,4.570,0.604,1.000
401282235,2021,8,regular,margin,1.771,0.555,0.000
401282235,2021,8,regular,total,5.975,0.636,1.000
401282236,2021,8,regular,margin,11.574,0.763,1.000
401282236,2021,8,regular,total,10.285,0.721,1.000
401282237,2021,8,regular,margin,0.094,0.518,0.000
401282237,2021,8,regular,total,1.973,0.546,1.000
401282238,2021,8,regular,margin,5.779,0.640,1.000
401282238,2021,8,regular,total,9.061,0.696,0.000
401282239,2021,8,regular,margin,9.135,0.731,0.000
401282239,2021,8,regular,total,0.690,0.516,0.000
401282240,2021,8,regular,margin,4.458,0.595,1.000
401282240,2021,8,regular,total,10.165,0.723,0.500
401282662,2021,8,regular,margin,3.629,0.582,1.000
401282662,2021,8,regular,total,0.801,0.512,0.000
401282663,2021,8,regular,margin,11.422,0.807,1.000
401282663,2021,8,regular,total,1.661,0.539,1.000
401282664,2021,8,regular,margin,3.948,0.578,1.000
401282664,2021,8,regular,total,3.187,0.573,1.000
401282665,2021,8,regular,margin,4.785,0.654,1.000
401282665,2021,8,regular,total,1.460,0.534,1.000
401282666,2021,8,regular,margin,4.116,0.631,0.000
401282666,2021,8,regular,total,5.291,0.622,0.000
401282667,2021,8,regular,margin,2.211,0.544,1.000
401282667,2021,8,regular,total,10.523,0.730,0.000
401282668,2021,8,regular,margin,3.973,0.582,0.000
401282668,2021,8,regular,total,3.423,0.580,1.000
401282709,2021,8,regular,margin,1.368,0.584,0.000
401282709,2021,8,regular,total,4.045,0.593,1.000
401282717,2021,8,regular,margin,3.335,0.582,1.000
401282717,2021,8,regular,total,7.301,0.665,0.000
401282730,2021,8,regular,margin,4.701,0.600,0.000
401282730,2021,8,regular,total,3.399,0.579,1.000
401282767,2021,8,regular,margin,5.072,0.609,1.000
401282767,2021,8,regular,total,3.146,0.572,1.000
401282779,2021,8,regular,margin,4.782,0.610,0.000
401282779,2021,8,regular,total,1.857,0.544,0.000
401282821,2021,8,regular,margin,3.526,0.628,0.000
401282821,2021,8,regular,total,1.458,0.537,1.000
401287925,2021,8,regular,margin,0.644,0.514,1.000
401287925,2021,8,regular,total,1.022,0.525,0.000
401287926,2021,8,regular,margin,8.748,0.728,1.000
401287926,2021,8,regular,total,9.198,0.704,1.000
401287927,2021,8,regular,margin,0.609,0.543,1.000
401287927,2021,8,regular,total,9.770,0.715,1.000
401287928,2021,8,regular,margin,2.467,0.553,0.500
401287928,2021,8,regular,total,7.196,0.662,1.000
401301025,2021,8,regular,margin,5.107,0.638,0.000
401301025,2021,8,regular,total,5.500,0.626,0.000
401301026,2021,8,regular,margin,6.483,0.670,1.000
401301026,2021,8,regular,total,5.927,0.630,0.000
401301027,2021,8,regular,margin,2.420,0.571,0.000
401301027,2021,8,regular,total,1.083,0.530,1.000
401301028,2021,8,regular,margin,5.811,0.649,1.000
401301028,2021,8,regular,total,1.185,0.527,1.000
401301029,2021,8,regular,margin,7.907,0.710,1.000
401301029,2021,8,regular,total,3.555,0.582,0.000
401308838,2021,8,regular,margin,0.949,0.501,0.000
401308838,2021,8,regular,total,2.205,0.550,1.000
401309573,2021,8,regular,margin,0.105,0.513,1.000
401309573,2021,8,regular,total,2.894,0.566,1.000
401309574,2021,8,regular,margin,4.829,0.599,1.000
401309574,2021,8,regular,total,2.417,0.557,1.000
401309575,2021,8,regular,margin,0.029,0.503,0.000
401309575,2021,8,regular,total,7.317,0.664,1.000
401309576,2021,8,regular,margin,6.561,0.690,0.000
401309576,2021,8,regular,total,4.311,0.599,1.000
401309577,2021,8,regular,margin,0.760,0.505,0.000
401309577,2021,8,regular,total,4.769,0.609,0.000
401309623,2021,8,regular,margin,2.220,0.585,1.000
401309623,2021,8,regular,total,3.319,0.571,1.000
401309624,2021,8,regular,margin,0.395,0.529,0.000
401309624,2021,8,regular,total,8.239,0.684,1.000
401309625,2021,8,regular,margin,1.978,0.582,0.000
401309625,2021,8,regular,total,9.027,0.701,0.000
401309626,2021,8,regular,margin,7.699,0.699,1.000
401309626,2021,8,regular,total,0.386,0.510,1.000
401309877,2021,8,regular,margin,0.303,0.522,0.000
401309877,2021,8,regular,total,9.841,0.717,0.000
401309878,2021,8,regular,margin,2.385,0.608,0.000
401309878,2021,8,regular,total,2.193,0.553,0.000
401309879,2021,8,regular,margin,2.145,0.541,1.000
401309879,2021,8,regular,total,4.290,0.599,0.000
401309880,2021,8,regular,margin,1.364,0.549,1.000
401309880,2021,8,regular,total,0.261,0.512,1.000
401309881,2021,8,regular,margin,0.949,0.557,1.000
401309881,2021,8,regular,total,7.076,0.659,1.000
401310724,2021,8,regular,margin,4.118,0.619,1.000
401310724,2021,8,regular,total,3.406,0.571,1.000
401310725,2021,8,regular,margin,0.428,0.525,1.000
401310725,2021,8,regular,total,6.504,0.648,0.000
401310726,2021,8,regular,margin,7.369,0.672,1.000
401310726,2021,8,regular,total,12.995,0.776,0.000
401310727,2021,8,regular,margin,3.850,0.623,1.000
401310727,2021,8,regular,total,6.272,0.642,0.000
401310728,2021,8,regular,margin,10.915,0.768,1.000
401310728,2021,8,regular,total,8.314,0.681,0.000
401310729,2021,8,regular,margin,1.575,0.558,0.000
401310729,2021,8,regular,total,4.709,0.604,0.000
401282116,2021,9,regular,margin,1.044,0.531,0.000
401282116,2021,9,regular,total,3.705,0.585,1.000
401282117,2021,9,regular,margin,0.368,0.505,0.000
401282117,2021,9,regular,total,1.501,0.535,0.000
401282118,2021,9,regular,margin,1.984,0.538,0.000
401282118,2021,9,regular,total,2.128,0.547,0.000
401282119,2021,9,regular,margin,11.228,0.764,1.000
401282119,2021,9,regular,total,8.212,0.684,0.000
401282241,2021,9,regular,margin,12.622,0.796,0.000
401282241,2021,9,regular,total,18.434,0.855,1.000
401282242,2021,9,regular,margin,8.289,0.703,0.000
401282242,2021,9,regular,total,0.790,0.518,1.000
401282243,2021,9,regular,margin,0.384,0.514,1.000
401282243,2021,9,regular,total,4.381,0.599,0.000
401282244,2021,9,regular,margin,3.249,0.615,1.000
401282244,2021,9,regular,total,3.946,0.586,0.000
401282245,2021,9,regular,margin,0.978,0.535,0.000
401282245,2021,9,regular,total,1.816,0.537,0.000
401282246,2021,9,regular,margin,0.802,0.538,0.000
401282246,2021,9,regular,total,9.757,0.714,1.000
401282669,2021,9,regular,margin,1.018,0.510,0.000
401282669,2021,9,regular,total,10.424,0.728,0.000
401282670,2021,9,regular,margin,1.378,0.516,1.000
401282670,2021,9,regular,total,7.498,0.669,1.000
401282671,2021,9,regular,margin,4.486,0.641,1.000
401282671,2021,9,regular,total,5.017,0.620,1.000
401282672,2021,9,regular,margin,2.979,0.595,0.000
401282672,2021,9,regular,total,1.910,0.544,1.000
401282673,2021,9,regular,margin,4.071,0.582,1.000
401282673,2021,9,regular,total,2.537,0.559,0.000
401282674,2021,9,regular,margin,2.827,0.598,1.000
401282674,2021,9,regular,total,1.102,0.525,0.000
401282675,2021,9,regular,margin,3.241,0.601,0.000
401282675,2021,9,regular,total,2.139,0.550,0.000
401282676,2021,9,regular,margin,4.948,0.639,1.000
401282676,2021,9,regular,total,4.509,0.604,1.000
401282719,2021,9,regular,margin,1.093,0.540,0.000
401282719,2021,9,regular,total,5.617,0.630,0.000
401282726,2021,9,regular,margin,5.191,0.657,1.000
401282726,2021,9,regular,total,8.059,0.681,1.000
401282763,2021,9,regular,margin,2.669,0.579,0.000
401282763,2021,9,regular,total,1.516,0.549,0.000
401282777,2021,9,regular,margin,2.324,0.533,0.000
401282777,2021,9,regular,total,1.799,0.542,1.000
401282795,2021,9,regular,margin,1.429,0.579,0.000
401282795,2021,9,regular,total,2.807,0.567,1.000
401282801,2021,9,regular,margin,4.160,0.659,1.000
401282801,2021,9,regular,total,4.091,0.593,1.000
401282814,2021,9,regular,margin,5.069,0.626,1.000
401282814,2021,9,regular,total,0.171,0.504,0.000
401286297,2021,9,regular,margin,8.548,0.752,1.000
401286297,2021,9,regular,total,4.811,0.610,0.000
401287929,2021,9,regular,margin,3.749,0.587,0.000
401287929,2021,9,regular,total,0.485,0.511,0.000
401287930,2021,9,regular,margin,0.220,0.518,0.000
401287930,2021,9,regular,total,10.445,0.728,1.000
401287931,2021,9,regular,margin,4.263,0.602,0.000
401287931,2021,9,regular,total,4.341,0.600,0.000
401287932,2021,9,regular,margin,1.221,0.528,0.000
401287932,2021,9,regular,total,1.825,0.542,0.000
401287933,2021,9,regular,margin,0.224,0.545,1.000
401287933,2021,9,regular,total,2.106,0.547,0.000
401301030,2021,9,regular,margin,1.678,0.522,0.000
401301030,2021,9,regular,total,0.312,0.505,1.000
401301031,2021,9,regular,margin,6.073,0.649,1.000
401301031,2021,9,regular,total,9.204,0.704,1.000
401301032,2021,9,regular,margin,5.758,0.640,1.000
401301032,2021,9,regular,total,0.301,0.507,1.000
401301033,2021,9,regular,margin,0.128,0.525,0.000
401301033,2021,9,regular,total,0.455,0.511,0.000
401301034,2021,9,regular,margin,3.600,0.606,1.000
401301034,2021,9,regular,total,0.740,0.517,0.000
401309578,2021,9,regular,margin,4.515,0.634,0.000
401309578,2021,9,regular,total,4.897,0.611,0.000
401309627,2021,9,regular,margin,0.796,0.536,0.000
401309627,2021,9,regular,total,1.546,0.535,0.000
401309628,2021,9,regular,margin,3.345,0.565,0.000
401309628,2021,9,regular,total,7.082,0.660,1.000
401309629,2021,9,regular,margin,4.784,0.655,0.000
401309629,2021,9,regular,total,8.295,0.685,1.000
401309630,2021,9,regular,margin,4.427,0.630,0.000
401309630,2021,9,regular,total,5.297,0.621,0.000
401309631,2021,9,regular,margin,1.597,0.523,0.000
401309631,2021,9,regular,total,0.602,0.514,1.000
401309882,2021,9,regular,margin,3.188,0.587,1.000
401309882,2021,9,regular,total,3.669,0.584,0.000
401309883,2021,9,regular,margin,4.357,0.599,1.000
401309883,2021,9,regular,total,1.146,0.528,0.000
401309884,2021,9,regular,margin,8.826,0.723,1.000
401309884,2021,9,regular,total,1.306,0.529,0.000
401309885,2021,9,regular,margin,3.838,0.594,1.000
401309885,2021,9,regular,total,4.678,0.607,0.000
401309886,2021,9,regular,margin,0.809,0.511,1.000
401309886,2021,9,regular,total,0.777,0.518,1.000
401309887,2021,9,regular,margin,4.730,0.645,0.000
401309887,2021,9,regular,total,0.839,0.519,0.000
401310730,2021,9,regular,margin,4.044,0.604,1.000
401310730,2021,9,regular,total,2.172,0.551,0.000
401310731,2021,9,regular,margin,0.811,0.547,0.000
401310731,2021,9,regular,total,1.894,0.544,0.000
401310732,2021,9,regular,margin,1.649,0.549,0.000
401310732,2021,9,regular,total,1.295,0.534,1.000
401310733,2021,9,regular,margin,7.189,0.691,0.000
401310733,2021,9,regular,total,2.388,0.551,1.000
401310734,2021,9,regular,margin,0.162,0.520,1.000
401310734,2021,9,regular,total,6.820,0.659,0.000
401282120,2021,10,regular,margin,7.960,0.699,1.000
401282120,2021,10,regular,total,3.441,0.579,1.000
401282121,2021,10,regular,margin,0.293,0.518,1.000
401282121,2021,10,regular,total,0.623,0.515,1.000
401282122,2021,10,regular,margin,6.853,0.684,1.000
401282122,2021,10,regular,total,2.197,0.551,1.000
401282123,2021,10,regular,margin,4.549,0.631,0.000
401282123,2021,10,regular,total,1.638,0.538,0.000
401282124,2021,10,regular,margin,5.517,0.598,1.000
401282124,2021,10,regular,total,4.759,0.609,1.000
401282125,2021,10,regular,margin,8.039,0.680,1.000
401282125,2021,10,regular,total,1.885,0.544,1.000
401282126,2021,10,regular,margin,1.600,0.570,0.000
401282126,2021,10,regular,total,1.852,0.544,0.000
401282247,2021,10,regular,margin,0.570,0.501,1.000
401282247,2021,10,regular,total,12.799,0.774,0.000
401282248,2021,10,regular,margin,1.625,0.557,0.000
401282248,2021,10,regular,total,5.175,0.619,1.000
401282249,2021,10,regular,margin,3.693,0.607,0.000
401282249,2021,10,regular,total,0.635,0.509,1.000
401282250,2021,10,regular,margin,4.681,0.615,0.000
401282250,2021,10,regular,total,5.046,0.616,1.000
401282251,2021,10,regular,margin,8.112,0.703,0.000
401282251,2021,10,regular,total,10.137,0.722,0.000
401282252,2021,10,regular,margin,2.310,0.588,0.000
401282252,2021,10,regular,total,4.155,0.596,1.000
401282253,2021,10,regular,margin,2.796,0.595,0.000
401282253,2021,10,regular,total,6.971,0.656,0.000
401282677,2021,10,regular,margin,3.124,0.572,0.000
401282677,2021,10,regular,total,0.923,0.521,1.000
401282678,2021,10,regular,margin,3.753,0.577,0.000
401282678,2021,10,regular,total,4.197,0.602,0.000
401282679,2021,10,regular,margin,0.284,0.521,0.000
401282679,2021,10,regular,total,3.675,0.585,0.000
401282680,2021,10,regular,margin,0.554,0.517,0.000
401282680,2021,10,regular,total,5.589,0.628,1.000
401282681,2021,10,regular,margin,0.948,0.551,1.000
401282681,2021,10,regular,total,10.113,0.722,0.500
401282682,2021,10,regular,margin,3.170,0.566,0.000
401282682,2021,10,regular,total,10.228,0.724,0.000
401282710,2021,10,regular,margin,5.408,0.672,1.000
401282710,2021,10,regular,total,0.967,0.524,0.000
401282720,2021,10,regular,margin,3.291,0.603,1.000
401282720,2021,10,regular,total,0.229,0.508,0.000
401282727,2021,10,regular,margin,5.146,0.610,0.000
401282727,2021,10,regular,total,5.838,0.633,0.000
401282757,2021,10,regular,margin,2.232,0.554,0.000
401282757,2021,10,regular,total,5.698,0.632,0.000
401282768,2021,10,regular,margin,3.470,0.568,1.000
401282768,2021,10,regular,total,0.494,0.512,0.000
401282787,2021,10,regular,margin,4.853,0.624,1.000
401282787,2021,10,regular,total,1.784,0.541,0.000
401282799,2021,10,regular,margin,0.201,0.509,0.000
401282799,2021,10,regular,total,7.807,0.670,1.000
401282824,2021,10,regular,margin,3.710,0.606,0.000
401282824,2021,10,regular,total,4.075,0.598,1.000
401287934,2021,10,regular,margin,0.926,0.541,0.000
401287934,2021,10,regular,total,0.162,0.504,0.000
401287935,2021,10,regular,margin,2.175,0.537,0.000
401287935,2021,10,regular,total,7.868,0.671,1.000
401287936,2021,10,regular,margin,4.423,0.657,1.000
401287936,2021,10,regular,total,3.398,0.578,0.000
401287937,2021,10,regular,margin,0.271,0.539,0.000
401287937,2021,10,regular,total,0.903,0.522,0.000
401301035,2021,10,regular,margin,5.009,0.638,1.000
401301035,2021,10,regular,total,2.798,0.559,0.000
401301036,2021,10,regular,margin,1.317,0.532,1.000
401301036,2021,10,regular,total,7.874,0.677,0.000
401301037,2021,10,regular,margin,0.347,0.510,0.000
401301037,2021,10,regular,total,2.352,0.554,1.000
401301038,2021,10,regular,margin,1.974,0.551,1.000
401301038,2021,10,regular,total,2.670,0.562,1.000
401301039,2021,10,regular,margin,2.040,0.521,0.000
401301039,2021,10,regular,total,4.634,0.606,1.000
401308839,2021,10,regular,margin,3.491,0.618,1.000
401308839,2021,10,regular,total,3.747,0.586,0.000
401309579,2021,10,regular,margin,2.577,0.541,1.000
401309579,2021,10,regular,total,1.163,0.527,1.000
401309580,2021,10,regular,margin,2.420,0.594,1.000
401309580,2021,10,regular,total,2.593,0.560,0.000
401309581,2021,10,regular,margin,1.018,0.557,1.000
401309581,2021,10,regular,total,9.345,0.707,0.000
401309582,2021,10,regular,margin,1.151,0.505,1.000
401309582,2021,10,regular,total,8.721,0.694,0.000
401309632,2021,10,regular,margin,0.732,0.526,0.000
401309632,2021,10,regular,total,1.155,0.527,0.000
401309633,2021,10,regular,margin,4.360,0.601,0.000
401309633,2021,10,regular,total,3.749,0.586,0.000
401309634,2021,10,regular,margin,1.152,0.508,0.000
401309634,2021,10,regular,total,9.113,0.706,1.000
401309635,2021,10,regular,margin,1.368,0.532,1.000
401309635,2021,10,regular,total,6.843,0.655,0.000
401309636,2021,10,regular,margin,0.708,0.505,0.000
401309636,2021,10,regular,total,1.145,0.525,0.000
401309888,2021,10,regular,margin,6.451,0.706,0.000
401309888,2021,10,regular,total,1.700,0.546,1.000
401309889,2021,10,regular,margin,5.480,0.622,0.000
401309889,2021,10,regular,total,8.507,0.690,0.000
401309890,2021,10,regular,margin,4.388,0.641,0.000
401309890,2021,10,regular,total,3.859,0.590,0.000
401309891,2021,10,regular,margin,6.518,0.691,1.000
401309891,2021,10,regular,total,1.021,0.523,0.000
401309892,2021,10,regular,margin,5.099,0.652,0.000
401309892,2021,10,regular,total,8.516,0.690,1.000
401310253,2021,10,regular,margin,2.031,0.538,1.000
401310253,2021,10,regular,total,2.800,0.570,0.000
401310735,2021,10,regular,margin,5.710,0.672,1.000
401310735,2021,10,regular,total,3.583,0.582,1.000
401310736,2021,10,regular,margin,1.286,0.548,1.000
401310736,2021,10,regular,total,9.539,0.712,1.000
401310737,2021,10,regular,margin,2.224,0.575,0.000
401310737,2021,10,regular,total,5.420,0.625,1.000
401310738,2021,10,regular,margin,11.897,0.775,0.000
401310738,2021,10,regular,total,1.578,0.542,1.000
401310739,2021,10,regular,margin,1.988,0.532,0.500
401310739,2021,10,regular,total,1.065,0.528,1.000
401310740,2021,10,regular,margin,1.315,0.513,0.000
401310740,2021,10,regular,total,7.219,0.662,1.000
401282127,2021,11,regular,margin,11.324,0.800,0.000
401282127,2021,11,regular,total,7.305,0.665,1.000
401282128,2021,11,regular,margin,2.924,0.569,0.000
401282128,2021,11,regular,total,1.561,0.537,1.000
401282130,2021,11,regular,margin,5.596,0.659,0.500
401282130,2021,11,regular,total,0.388,0.509,1.000
401282131,2021,11,regular,margin,0.652,0.534,1.000
401282131,2021,11,regular,total,0.006,0.500,0.000
401282132,2021,11,regular,margin,0.214,0.502,1.000
401282132,2021,11,regular,total,1.383,0.538,1.000
401282133,2021,11,regular,margin,1.979,0.577,1.000
401282133,2021,11,regular,total,5.525,0.632,1.000
401282134,2021,11,regular,margin,7.588,0.688,1.000
401282134,2021,11,regular,total,5.427,0.623,1.000
401282254,2021,11,regular,margin,2.069,0.587,0.000
401282254,2021,11,regular,total,0.710,0.511,1.000
401282255,2021,11,regular,margin,3.032,0.611,0.000
401282255,2021,11,regular,total,3.500,0.581,1.000
401282256,2021,11,regular,margin,0.726,0.528,1.000
401282256,2021,11,regular,total,5.470,0.625,0.000
401282257,2021,11,regular,margin,0.387,0.516,1.000
401282257,2021,11,regular,total,3.458,0.579,1.000
401282258,2021,11,regular,margin,2.499,0.552,0.000
401282258,2021,11,regular,total,6.530,0.647,1.000
401282259,2021,11,regular,margin,6.813,0.663,0.000
401282259,2021,11,regular,total,16.035,0.824,0.000
401282260,2021,11,regular,margin,4.821,0.629,1.000
401282260,2021,11,regular,total,1.018,0.523,1.000
401282683,2021,11,regular,margin,2.998,0.595,0.000
401282683,2021,11,regular,total,7.007,0.658,1.000
401282684,2021,11,regular,margin,6.383,0.677,1.000
401282684,2021,11,regular,total,0.525,0.513,1.000
401282685,2021,11,regular,margin,0.429,0.507,1.000
401282685,2021,11,regular,total,2.083,0.543,0.000
401282686,2021,11,regular,margin,4.649,0.629,0.000
401282686,2021,11,regular,total,7.094,0.659,0.000
401282687,2021,11,regular,margin,3.364,0.586,1.000
401282687,2021,11,regular,total,2.093,0.548,1.000
401282688,2021,11,regular,margin,2.242,0.597,0.000
401282688,2021,11,regular,total,1.099,0.520,0.000
401282689,2021,11,regular,margin,2.599,0.570,1.000
401282689,2021,11,regular,total,4.444,0.603,1.000
401282690,2021,11,regular,margin,3.196,0.599,1.000
401282690,2021,11,regular,total,1.889,0.544,0.000
401282728,2021,11,regular,margin,1.718,0.562,1.000
401282728,2021,11,regular,total,9.319,0.707,0.000
401282762,2021,11,regular,margin,2.459,0.544,1.000
401282762,2021,11,regular,total,1.625,0.544,1.000
401282771,2021,11,regular,margin,0.075,0.523,0.000
401282771,2021,11,regular,total,3.188,0.573,0.000
401282780,2021,11,regular,margin,3.658,0.593,0.000
401282780,2021,11,regular,total,4.630,0.607,0.000
401282806,2021,11,regular,margin,5.761,0.649,0.000
401282806,2021,11,regular,total,2.355,0.557,1.000
401282812,2021,11,regular,margin,1.788,0.535,0.000
401282812,2021,11,regular,total,9.531,0.710,0.000
401287938,2021,11,regular,margin,0.739,0.550,1.000
401287938,2021,11,regular,total,6.341,0.644,1.000
401287939,2021,11,regular,margin,1.940,0.570,0.000
401287939,2021,11,regular,total,4.257,0.595,0.000
401287940,2021,11,regular,margin,0.492,0.512,0.000
401287940,2021,11,regular,total,1.893,0.543,0.000
401287941,2021,11,regular,margin,0.355,0.504,1.000
401287941,2021,11,regular,total,0.705,0.516,1.000
401287942,2021,11,regular,margin,1.370,0.531,0.000
401287942,2021,11,regular,total,1.940,0.545,0.000
401301040,2021,11,regular,margin,0.697,0.503,0.000
401301040,2021,11,regular,total,1.431,0.533,0.000
401301041,2021,11,regular,margin,5.121,0.665,0.000
401301041,2021,11,regular,total,3.515,0.581,1.000
401301042,2021,11,regular,margin,6.442,0.689,1.000
401301042,2021,11,regular,total,0.927,0.527,1.000
401301043,2021,11,regular,margin,2.251,0.551,0.000
401301043,2021,11,regular,total,4.936,0.613,0.000
401301044,2021,11,regular,margin,1.868,0.564,0.000
401301044,2021,11,regular,total,0.055,0.502,0.000
401308840,2021,11,regular,margin,3.000,0.613,0.000
401308840,2021,11,regular,total,7.245,0.663,0.000
401309583,2021,11,regular,margin,0.217,0.511,1.000
401309583,2021,11,regular,total,0.282,0.501,1.000
401309584,2021,11,regular,margin,2.459,0.559,1.000
401309584,2021,11,regular,total,3.089,0.571,0.000
401309585,2021,11,regular,margin,3.273,0.562,1.000
401309585,2021,11,regular,total,0.600,0.515,1.000
401309586,2021,11,regular,margin,2.425,0.580,1.000
401309586,2021,11,regular,total,11.428,0.747,0.000
401309587,2021,11,regular,margin,0.892,0.510,0.000
401309587,2021,11,regular,total,2.809,0.565,1.000
401309637,2021,11,regular,margin,2.913,0.569,0.000
401309637,2021,11,regular,total,4.568,0.611,0.000
401309638,2021,11,regular,margin,2.973,0.581,1.000
401309638,2021,11,regular,total,1.950,0.545,0.000
401309639,2021,11,regular,margin,1.891,0.544,0.000
401309639,2021,11,regular,total,0.304,0.507,1.000
401309640,2021,11,regular,margin,3.048,0.565,1.000
401309640,2021,11,regular,total,1.775,0.542,1.000
401309641,2021,11,regular,margin,3.734,0.594,1.000
401309641,2021,11,regular,total,2.273,0.553,1.000
401309894,2021,11,regular,margin,6.618,0.687,0.000
401309894,2021,11,regular,total,0.477,0.517,1.000
401309895,2021,11,regular,margin,1.086,0.531,0.000
401309895,2021,11,regular,total,2.878,0.561,0.000
401309896,2021,11,regular,margin,6.154,0.641,1.000
401309896,2021,11,regular,total,7.673,0.673,1.000
401309897,2021,11,regular,margin,4.646,0.640,1.000
401309897,2021,11,regular,total,2.003,0.548,1.000
401309898,2021,11,regular,margin,7.016,0.678,0.000
401309898,2021,11,regular,total,2.901,0.573,0.000
401310741,2021,11,regular,margin,2.181,0.573,0.000
401310741,2021,11,regular,total,1.803,0.543,1.000
401310742,2021,11,regular,margin,1.663,0.559,0.000
401310742,2021,11,regular,total,5.580,0.628,0.000
401310743,2021,11,regular,margin,6.403,0.658,0.000
401310743,2021,11,regular,total,5.767,0.632,0.000
401310744,2021,11,regular,margin,4.833,0.653,1.000
401310744,2021,11,regular,total,0.789,0.518,1.000
401310745,2021,11,regular,margin,0.818,0.554,1.000
401310745,2021,11,regular,total,5.210,0.619,1.000
401310746,2021,11,regular,margin,0.876,0.506,1.000
401310746,2021,11,regular,total,3.537,0.583,0.000
401282135,2021,12,regular,margin,0.953,0.503,0.000
401282135,2021,12,regular,total,0.361,0.509,1.000
401282137,2021,12,regular,margin,12.574,0.811,0.000
401282137,2021,12,regular,total,9.720,0.714,0.000
401282138,2021,12,regular,margin,1.125,0.526,1.000
401282138,2021,12,regular,total,3.183,0.574,0.000
401282139,2021,12,regular,margin,10.096,0.750,1.000
401282139,2021,12,regular,total,7.091,0.660,1.000
401282141,2021,12,regular,margin,1.581,0.515,0.000
401282141,2021,12,regular,total,7.856,0.676,1.000
401282142,2021,12,regular,margin,1.485,0.516,0.000
401282142,2021,12,regular,total,10.634,0.728,0.000
401282143,2021,12,regular,margin,9.551,0.743,0.000
401282143,2021,12,regular,total,1.900,0.544,0.000
401282261,2021,12,regular,margin,4.410,0.615,0.000
401282261,2021,12,regular,total,7.030,0.659,0.000
401282262,2021,12,regular,margin,7.951,0.731,0.000
401282262,2021,12,regular,total,4.791,0.604,0.000
401282263,2021,12,regular,margin,7.255,0.721,0.000
401282263,2021,12,regular,total,5.168,0.618,0.000
401282264,2021,12,regular,margin,0.371,0.510,1.000
401282264,2021,12,regular,total,9.520,0.711,1.000
401282265,2021,12,regular,margin,0.487,0.517,1.000
401282265,2021,12,regular,total,0.847,0.521,0.000
401282266,2021,12,regular,margin,1.316,0.569,0.000
401282266,2021,12,regular,total,11.060,0.736,0.000
401282267,2021,12,regular,margin,1.561,0.524,0.000
401282267,2021,12,regular,total,0.655,0.515,0.000
401282691,2021,12,regular,margin,3.837,0.576,0.000
401282691,2021,12,regular,total,2.329,0.554,0.000
401282692,2021,12,regular,margin,2.951,0.582,1.000
401282692,2021,12,regular,total,3.106,0.572,0.000
401282693,2021,12,regular,margin,0.332,0.534,0.000
401282693,2021,12,regular,total,6.237,0.642,1.000
401282694,2021,12,regular,margin,3.057,0.614,0.000
401282694,2021,12,regular,total,2.201,0.551,0.000
401282695,2021,12,regular,margin,0.031,0.523,0.000
401282695,2021,12,regular,total,1.559,0.537,1.000
401282697,2021,12,regular,margin,0.323,0.503,1.000
401282697,2021,12,regular,total,5.344,0.616,1.000
401282698,2021,12,regular,margin,5.654,0.655,1.000
401282698,2021,12,regular,total,3.532,0.581,0.000
401282721,2021,12,regular,margin,1.484,0.528,0.000
401282721,2021,12,regular,total,5.513,0.624,1.000
401282732,2021,12,regular,margin,1.971,0.595,0.000
401282732,2021,12,regular,total,4.791,0.606,1.000
401282770,2021,12,regular,margin,0.400,0.511,1.000
401282770,2021,12,regular,total,0.393,0.503,0.000
401282786,2021,12,regular,margin,0.202,0.511,1.000
401282786,2021,12,regular,total,9.420,0.708,1.000
401282803,2021,12,regular,margin,0.692,0.544,1.000
401282803,2021,12,regular,total,2.299,0.555,1.000
401282808,2021,12,regular,margin,0.835,0.500,0.000
401282808,2021,12,regular,total,3.776,0.588,0.000
401282818,2021,12,regular,margin,0.348,0.509,1.000
401282818,2021,12,regular,total,5.654,0.630,0.000
401286293,2021,12,regular,margin,3.512,0.590,0.000
401286293,2021,12,regular,total,3.277,0.582,1.000
401286298,2021,12,regular,margin,5.132,0.669,1.000
401286298,2021,12,regular,total,2.714,0.562,0.000
401286305,2021,12,regular,margin,6.404,0.698,0.000
401286305,2021,12,regular,total,5.754,0.631,1.000
401287943,2021,12,regular,margin,1.543,0.524,1.000
401287943,2021,12,regular,total,4.852,0.610,1.000
401287944,2021,12,regular,margin,2.536,0.572,0.000
401287944,2021,12,regular,total,6.813,0.654,1.000
401287945,2021,12,regular,margin,2.138,0.538,1.000
401287945,2021,12,regular,total,12.747,0.771,1.000
401287946,2021,12,regular,margin,3.118,0.560,1.000
401287946,2021,12,regular,total,2.031,0.547,0.000
401287947,2021,12,regular,margin,4.043,0.596,0.000
401287947,2021,12,regular,total,5.925,0.635,0.000
401301045,2021,12,regular,margin,1.478,0.517,1.000
401301045,2021,12,regular,total,4.480,0.597,0.000
401301046,2021,12,regular,margin,3.826,0.588,1.000
401301046,2021,12,regular,total,3.222,0.574,1.000
401301047,2021,12,regular,margin,5.983,0.632,0.000
401301047,2021,12,regular,total,0.212,0.503,0.000
401301048,2021,12,regular,margin,0.457,0.530,0.000
401301048,2021,12,regular,total,1.574,0.537,0.000
401301049,2021,12,regular,margin,0.575,0.500,0.000
401301049,2021,12,regular,total,1.663,0.539,1.000
401308841,2021,12,regular,margin,1.829,0.564,1.000
401308841,2021,12,regular,total,0.503,0.511,1.000
401309588,2021,12,regular,margin,5.783,0.666,1.000
401309588,2021,12,regular,total,4.124,0.595,1.000
401309589,2021,12,regular,margin,2.631,0.611,0.000
401309589,2021,12,regular,total,3.247,0.575,0.000
401309590,2021,12,regular,margin,6.083,0.663,0.000
401309590,2021,12,regular,total,4.913,0.612,0.000
401309591,2021,12,regular,margin,4.725,0.621,0.000
401309591,2021,12,regular,total,1.925,0.544,1.000
401309592,2021,12,regular,margin,3.629,0.597,0.000
401309592,2021,12,regular,total,4.498,0.603,1.000
401309642,2021,12,regular,margin,1.687,0.519,1.000
401309642,2021,12,regular,total,9.560,0.711,1.000
401309643,2021,12,regular,margin,2.845,0.579,1.000
401309643,2021,12,regular,total,1.112,0.526,0.000
401309644,2021,12,regular,margin,1.226,0.525,1.000
401309644,2021,12,regular,total,5.049,0.615,1.000
401309645,2021,12,regular,margin,3.229,0.560,1.000
401309645,2021,12,regular,total,6.691,0.657,1.000
401309899,2021,12,regular,margin,2.578,0.575,0.000
401309899,2021,12,regular,total,2.667,0.562,1.000
401309900,2021,12,regular,margin,0.585,0.511,0.000
401309900,2021,12,regular,total,1.475,0.532,0.000
401309901,2021,12,regular,margin,2.972,0.582,0.000
401309901,2021,12,regular,total,1.293,0.530,0.000
401309902,2021,12,regular,margin,0.731,0.506,0.000
401309902,2021,12,regular,total,2.079,0.548,1.000
401309903,2021,12,regular,margin,0.151,0.503,1.000
401309903,2021,12,regular,total,3.031,0.572,0.000
401309904,2021,12,regular,margin,4.891,0.660,0.000
401309904,2021,12,regular,total,6.688,0.651,0.000
401310747,2021,12,regular,margin,6.576,0.678,0.000
401310747,2021,12,regular,total,5.761,0.636,0.000
401310748,2021,12,regular,margin,3.159,0.558,0.000
401310748,2021,12,regular,total,5.657,0.630,0.000
401310749,2021,12,regular,margin,0.035,0.513,1.000
401310749,2021,12,regular,total,0.044,0.507,1.000
401310750,2021,12,regular,margin,0.016,0.512,1.000
401310750,2021,12,regular,total,11.511,0.749,1.000
401310751,2021,12,regular,margin,0.771,0.501,1.000
401310751,2021,12,regular,total,0.673,0.511,0.000
401282145,2021,13,regular,margin,3.125,0.597,0.000
401282145,2021,13,regular,total,3.424,0.585,1.000
401282146,2021,13,regular,margin,8.915,0.701,1.000
401282146,2021,13,regular,total,3.306,0.576,0.000
401282147,2021,13,regular,margin,5.082,0.608,0.000
401282147,2021,13,regular,total,4.862,0.612,0.000
401282148,2021,13,regular,margin,6.786,0.689,0.000
401282148,2021,13,regular,total,3.676,0.584,1.000
401282149,2021,13,regular,margin,0.109,0.501,1.000
401282149,2021,13,regular,total,5.947,0.630,0.000
401282150,2021,13,regular,margin,1.202,0.548,1.000
401282150,2021,13,regular,total,4.035,0.599,1.000
401282151,2021,13,regular,margin,5.016,0.616,1.000
401282151,2021,13,regular,total,3.877,0.589,1.000
401282152,2021,13,regular,margin,2.769,0.595,0.000
401282152,2021,13,regular,total,7.848,0.677,0.000
401282153,2021,13,regular,margin,12.300,0.797,1.000
401282153,2021,13,regular,total,4.340,0.600,0.000
401282268,2021,13,regular,margin,2.266,0.600,0.000
401282268,2021,13,regular,total,3.535,0.575,0.000
401282269,2021,13,regular,margin,11.591,0.804,0.000
401282269,2021,13,regular,total,3.889,0.591,1.000
401282270,2021,13,regular,margin,3.123,0.560,0.000
401282270,2021,13,regular,total,2.960,0.569,0.000
401282271,2021,13,regular,margin,0.378,0.519,1.000
401282271,2021,13,regular,total,1.814,0.541,0.000
401282272,2021,13,regular,margin,2.631,0.592,0.000
401282272,2021,13,regular,total,14.568,0.802,1.000
401282273,2021,13,regular,margin,3.194,0.553,0.000
401282273,2021,13,regular,total,0.680,0.516,1.000
401282274,2021,13,regular,margin,2.766,0.573,0.000
401282274,2021,13,regular,total,7.653,0.665,0.000
401282699,2021,13,regular,margin,2.156,0.575,1.000
401282699,2021,13,regular,total,1.452,0.539,0.000
401282700,2021,13,regular,margin,0.705,0.510,1.000
401282700,2021,13,regular,total,1.972,0.546,1.000
401282701,2021,13,regular,margin,3.101,0.553,0.000
401282701,2021,13,regular,total,2.986,0.569,1.000
401282702,2021,13,regular,margin,2.466,0.583,0.000
401282702,2021,13,regular,total,0.014,0.506,1.000
401282703,2021,13,regular,margin,3.466,0.625,1.000
401282703,2021,13,regular,total,2.938,0.568,1.000
401282711,2021,13,regular,margin,4.617,0.587,0.000
401282711,2021,13,regular,total,3.324,0.576,0.000
401282722,2021,13,regular,margin,1.630,0.577,0.000
401282722,2021,13,regular,total,5.170,0.619,1.000
401282753,2021,13,regular,margin,4.750,0.620,0.000
401282753,2021,13,regular,total,4.737,0.609,1.000
401282761,2021,13,regular,margin,1.283,0.526,1.000
401282761,2021,13,regular,total,6.971,0.659,1.000
401282766,2021,13,regular,margin,4.229,0.629,0.000
401282766,2021,13,regular,total,0.295,0.507,1.000
401282781,2021,13,regular,margin,0.803,0.513,0.000
401282781,2021,13,regular,total,4.687,0.607,0.000
401282785,2021,13,regular,margin,1.568,0.515,0.000
401282785,2021,13,regular,total,2.650,0.562,1.000
401282794,2021,13,regular,margin,1.496,0.568,1.000
401282794,2021,13,regular,total,0.934,0.516,1.000
401286299,2021,13,regular,margin,0.125,0.507,1.000
401286299,2021,13,regular,total,3.514,0.574,1.000
401286306,2021,13,regular,margin,21.403,0.919,1.000
401286306,2021,13,regular,total,0.322,0.507,0.000
401287948,2021,13,regular,margin,1.424,0.542,1.000
401287948,2021,13,regular,total,4.805,0.611,0.000
401287949,2021,13,regular,margin,0.287,0.506,0.000
401287949,2021,13,regular,total,12.422,0.769,0.000
401287950,2021,13,regular,margin,1.686,0.567,0.000
401287950,2021,13,regular,total,3.888,0.589,0.000
401287951,2021,13,regular,margin,0.702,0.507,0.500
401287951,2021,13,regular,total,2.360,0.561,1.000
401287952,2021,13,regular,margin,0.178,0.509,0.000
401287952,2021,13,regular,total,3.847,0.589,0.000
401301050,2021,13,regular,margin,2.392,0.556,1.000
401301050,2021,13,regular,total,0.827,0.519,0.000
401301051,2021,13,regular,margin,0.509,0.508,0.000
401301051,2021,13,regular,total,2.206,0.551,1.000
401301052,2021,13,regular,margin,6.790,0.682,1.000
401301052,2021,13,regular,total,1.022,0.524,1.000
401301053,2021,13,regular,margin,3.335,0.606,1.000
401301053,2021,13,regular,total,3.727,0.586,1.000
401301054,2021,13,regular,margin,5.379,0.646,0.000
401301054,2021,13,regular,total,3.454,0.582,1.000
401301055,2021,13,regular,margin,0.152,0.520,1.000
401301055,2021,13,regular,total,2.200,0.551,0.000
401308842,2021,13,regular,margin,2.567,0.554,0.000
401308842,2021,13,regular,total,4.926,0.613,0.000
401309593,2021,13,regular,margin,1.145,0.548,0.000
401309593,2021,13,regular,total,2.657,0.561,1.000
401309594,2021,13,regular,margin,3.928,0.630,0.000
401309594,2021,13,regular,total,1.702,0.539,0.000
401309595,2021,13,regular,margin,3.358,0.629,0.000
401309595,2021,13,regular,total,5.089,0.616,1.000
401309596,2021,13,regular,margin,2.830,0.563,0.000
401309596,2021,13,regular,total,3.988,0.592,0.000
401309597,2021,13,regular,margin,4.177,0.610,0.000
401309597,2021,13,regular,total,3.129,0.572,0.000
401309646,2021,13,regular,margin,3.344,0.583,1.000
401309646,2021,13,regular,total,3.816,0.588,0.000
401309647,2021,13,regular,margin,0.571,0.532,0.000
401309647,2021,13,regular,total,2.206,0.557,1.000
401309648,2021,13,regular,margin,0.804,0.509,1.000
401309648,2021,13,regular,total,9.077,0.700,1.000
401309649,2021,13,regular,margin,0.068,0.518,0.000
401309649,2021,13,regular,total,8.829,0.697,0.000
401309650,2021,13,regular,margin,3.893,0.618,0.000
401309650,2021,13,regular,total,1.951,0.540,0.000
401309905,2021,13,regular,margin,5.911,0.670,0.000
401309905,2021,13,regular,total,4.425,0.603,1.000
401309906,2021,13,regular,margin,7.269,0.681,1.000
401309906,2021,13,regular,total,2.146,0.550,0.000
401309907,2021,13,regular,margin,0.534,0.530,0.000
401309907,2021,13,regular,total,4.040,0.593,1.000
401309908,2021,13,regular,margin,0.243,0.556,0.000
401309908,2021,13,regular,total,3.922,0.596,0.000
401309909,2021,13,regular,margin,0.105,0.522,1.000
401309909,2021,13,regular,total,2.591,0.560,0.500
401309910,2021,13,regular,margin,8.688,0.755,1.000
401309910,2021,13,regular,total,9.135,0.703,0.000
401310752,2021,13,regular,margin,4.599,0.619,0.000
401310752,2021,13,regular,total,6.467,0.645,0.000
401310753,2021,13,regular,margin,0.202,0.508,1.000
401310753,2021,13,regular,total,0.395,0.506,0.000
401310754,2021,13,regular,margin,2.603,0.556,1.000
401310754,2021,13,regular,total,3.937,0.596,1.000
401310755,2021,13,regular,margin,7.474,0.677,0.000
401310755,2021,13,regular,total,16.924,0.838,0.000
401310756,2021,13,regular,margin,5.234,0.646,1.000
401310756,2021,13,regular,total,4.226,0.598,1.000
401310757,2021,13,regular,margin,0.383,0.513,0.000
401310757,2021,13,regular,total,3.015,0.569,1.000
401282154,2021,14,regular,margin,0.329,0.506,1.000
401282154,2021,14,regular,total,4.969,0.620,1.000
401282156,2021,14,regular,margin,4.326,0.653,1.000
401282156,2021,14,regular,total,11.340,0.746,0.000
401287953,2021,14,regular,margin,1.011,0.561,1.000
401287953,2021,14,regular,total,1.395,0.534,0.000
401310676,2021,14,regular,margin,2.419,0.550,0.000
401310676,2021,14,regular,total,8.559,0.691,1.000
401331159,2021,14,regular,margin,1.488,0.544,0.000
401331159,2021,14,regular,total,1.661,0.539,0.000
401331160,2021,14,regular,margin,1.262,0.560,1.000
401331160,2021,14,regular,total,8.411,0.688,1.000
401331161,2021,14,regular,margin,2.461,0.562,1.000
401331161,2021,14,regular,total,6.796,0.654,0.000
401331162,2021,14,regular,margin,3.291,0.563,1.000
401331162,2021,14,regular,total,2.989,0.569,1.000
401331163,2021,14,regular,margin,3.992,0.637,0.000
401331163,2021,14,regular,total,2.960,0.568,1.000
401331447,2021,14,regular,margin,6.551,0.693,0.000
401331447,2021,14,regular,total,2.034,0.549,1.000
401387250,2021,14,regular,margin,3.317,0.617,0.000
401387250,2021,14,regular,total,6.056,0.637,1.000
401301056,2021,15,regular,margin,4.297,0.590,0.000
401301056,2021,15,regular,total,5.918,0.640,0.000
401403853,2022,1,regular,margin,4.615,0.648,0.000
401403853,2022,1,regular,total,2.396,0.556,0.000
401403854,2022,1,regular,margin,12.850,0.795,0.000
401403854,2022,1,regular,total,1.225,0.529,1.000
401403855,2022,1,regular,margin,2.382,0.547,1.000
401403855,2022,1,regular,total,0.591,0.514,1.000
401403857,2022,1,regular,margin,0.593,0.516,1.000
401403857,2022,1,regular,total,7.060,0.663,1.000
401403858,2022,1,regular,margin,3.056,0.580,1.000
401403858,2022,1,regular,total,1.352,0.532,0.000
401403859,2022,1,regular,margin,1.201,0.536,0.000
401403859,2022,1,regular,total,2.526,0.559,1.000
401403860,2022,1,regular,margin,3.676,0.580,1.000
401403860,2022,1,regular,total,1.888,0.545,0.000
401403861,2022,1,regular,margin,7.939,0.689,0.000
401403861,2022,1,regular,total,0.335,0.508,0.000
401403863,2022,1,regular,margin,3.078,0.590,0.000
401403863,2022,1,regular,total,3.123,0.579,0.000
401403864,2022,1,regular,margin,10.941,0.755,0.000
401403864,2022,1,regular,total,4.580,0.607,0.000
401403867,2022,1,regular,margin,6.568,0.675,1.000
401403867,2022,1,regular,total,7.923,0.681,0.000
401403966,2022,1,regular,margin,9.565,0.725,0.000
401403966,2022,1,regular,total,6.682,0.654,1.000
401403967,2022,1,regular,margin,0.488,0.530,1.000
401403967,2022,1,regular,total,5.882,0.637,1.000
401403969,2022,1,regular,margin,0.390,0.529,1.000
401403969,2022,1,regular,total,0.648,0.516,0.000
401403971,2022,1,regular,margin,4.871,0.606,0.000
401403971,2022,1,regular,total,0.669,0.516,1.000
401403973,2022,1,regular,margin,6.899,0.650,0.000
401403973,2022,1,regular,total,0.468,0.511,0.000
401404059,2022,1,regular,margin,11.000,0.753,0.000
401404059,2022,1,regular,total,3.318,0.578,1.000
401404124,2022,1,regular,margin,4.625,0.610,1.000
401404124,2022,1,regular,total,0.431,0.510,0.000
401404134,2022,1,regular,margin,10.267,0.755,1.000
401404134,2022,1,regular,total,3.033,0.571,0.000
401404146,2022,1,regular,margin,2.674,0.552,1.000
401404146,2022,1,regular,total,0.379,0.503,0.000
401404157,2022,1,regular,margin,0.875,0.556,1.000
401404157,2022,1,regular,total,0.101,0.502,0.000
401405058,2022,1,regular,margin,4.061,0.610,0.000
401405058,2022,1,regular,total,11.221,0.752,1.000
401405059,2022,1,regular,margin,1.690,0.555,1.000
401405059,2022,1,regular,total,3.262,0.571,1.000
401405060,2022,1,regular,margin,2.853,0.569,0.000
401405060,2022,1,regular,total,1.170,0.527,1.000
401405061,2022,1,regular,margin,4.693,0.595,0.000
401405061,2022,1,regular,total,8.166,0.686,0.000
401405064,2022,1,regular,margin,0.336,0.526,0.000
401405064,2022,1,regular,total,2.567,0.561,1.000
401405066,2022,1,regular,margin,7.868,0.677,1.000
401405066,2022,1,regular,total,8.283,0.683,1.000
401405067,2022,1,regular,margin,1.308,0.524,0.000
401405067,2022,1,regular,total,5.600,0.624,1.000
401405069,2022,1,regular,margin,4.231,0.636,1.000
401405069,2022,1,regular,total,6.110,0.642,0.000
401409235,2022,1,regular,margin,2.803,0.535,1.000
401409235,2022,1,regular,total,10.033,0.724,0.000
401411092,2022,1,regular,margin,0.129,0.543,1.000
401411092,2022,1,regular,total,6.630,0.653,1.000
401411094,2022,1,regular,margin,4.164,0.627,0.000
401411094,2022,1,regular,total,7.432,0.671,0.000
401411095,2022,1,regular,margin,4.572,0.608,1.000
401411095,2022,1,regular,total,5.357,0.619,1.000
401411096,2022,1,regular,margin,2.871,0.578,1.000
401411096,2022,1,regular,total,3.169,0.581,0.000
401411099,2022,1,regular,margin,3.932,0.618,1.000
401411099,2022,1,regular,total,1.389,0.533,0.000
401411101,2022,1,regular,margin,8.362,0.682,0.000
401411101,2022,1,regular,total,1.825,0.544,0.000
401414778,2022,1,regular,margin,6.034,0.640,0.000
401414778,2022,1,regular,total,1.119,0.526,1.000
401415211,2022,1,regular,margin,1.548,0.558,1.000
401415211,2022,1,regular,total,7.074,0.663,1.000
401415212,2022,1,regular,margin,6.785,0.670,1.000
401415212,2022,1,regular,total,4.382,0.603,1.000
401415612,2022,1,regular,margin,1.668,0.564,0.000
401415612,2022,1,regular,total,0.418,0.510,0.000
401416569,2022,1,regular,margin,1.527,0.509,1.000
401416569,2022,1,regular,total,5.552,0.629,0.000
401416591,2022,1,regular,margin,5.625,0.622,0.000
401416591,2022,1,regular,total,1.559,0.537,0.000
401426330,2022,1,regular,margin,0.343,0.531,1.000
401426330,2022,1,regular,total,6.077,0.641,0.000
401426530,2022,1,regular,margin,0.984,0.505,0.000
401426530,2022,1,regular,total,1.324,0.531,1.000
401426531,2022,1,regular,margin,1.305,0.519,1.000
401426531,2022,1,regular,total,1.183,0.527,1.000
401426536,2022,1,regular,margin,2.536,0.539,0.000
401426536,2022,1,regular,total,7.888,0.680,1.000
401426537,2022,1,regular,margin,5.675,0.615,0.000
401426537,2022,1,regular,total,3.980,0.593,0.000
401426538,2022,1,regular,margin,3.719,0.612,0.000
401426538,2022,1,regular,total,5.402,0.626,1.000
401426539,2022,1,regular,margin,9.313,0.747,0.000
401426539,2022,1,regular,total,8.214,0.687,1.000
401426540,2022,1,regular,margin,12.270,0.777,0.000
401426540,2022,1,regular,total,5.902,0.637,0.000
401426541,2022,1,regular,margin,4.642,0.611,0.000
401426541,2022,1,regular,total,4.905,0.614,0.500
401426542,2022,1,regular,margin,0.027,0.535,1.000
401426542,2022,1,regular,total,5.676,0.632,0.000
401426543,2022,1,regular,margin,3.788,0.624,1.000
401426543,2022,1,regular,total,9.706,0.718,1.000
401403868,2022,2,regular,margin,9.595,0.715,1.000
401403868,2022,2,regular,total,4.139,0.591,1.000
401403869,2022,2,regular,margin,3.517,0.620,0.000
401403869,2022,2,regular,total,2.331,0.561,0.000
401403870,2022,2,regular,margin,6.196,0.639,1.000
401403870,2022,2,regular,total,4.191,0.599,0.000
401403871,2022,2,regular,margin,5.074,0.638,1.000
401403871,2022,2,regular,total,1.524,0.542,0.000
401403875,2022,2,regular,margin,3.173,0.587,0.000
401403875,2022,2,regular,total,2.180,0.551,1.000
401403876,2022,2,regular,margin,2.418,0.589,0.000
401403876,2022,2,regular,total,1.849,0.544,0.000
401403877,2022,2,regular,margin,0.903,0.546,0.000
401403877,2022,2,regular,total,1.639,0.533,1.000
401403878,2022,2,regular,margin,3.685,0.587,1.000
401403878,2022,2,regular,total,6.515,0.651,0.000
401403879,2022,2,regular,margin,7.945,0.688,0.000
401403879,2022,2,regular,total,7.184,0.670,0.000
401403975,2022,2,regular,margin,0.507,0.510,0.000
401403975,2022,2,regular,total,2.269,0.559,1.000
401403976,2022,2,regular,margin,0.929,0.513,0.000
401403976,2022,2,regular,total,1.146,0.528,0.000
401403977,2022,2,regular,margin,13.885,0.817,0.000
401403977,2022,2,regular,total,2.640,0.561,0.000
401403979,2022,2,regular,margin,6.350,0.634,1.000
401403979,2022,2,regular,total,4.488,0.599,0.000
401403980,2022,2,regular,margin,6.189,0.679,0.000
401403980,2022,2,regular,total,9.612,0.716,0.000
401403984,2022,2,regular,margin,0.850,0.514,1.000
401403984,2022,2,regular,total,0.738,0.518,0.000
401404062,2022,2,regular,margin,2.312,0.535,0.000
401404062,2022,2,regular,total,1.123,0.526,1.000
401404063,2022,2,regular,margin,8.929,0.725,1.000
401404063,2022,2,regular,total,6.321,0.652,0.000
401404064,2022,2,regular,margin,0.532,0.508,1.000
401404064,2022,2,regular,total,9.708,0.719,0.000
401404065,2022,2,regular,margin,1.637,0.534,0.000
401404065,2022,2,regular,total,3.407,0.574,0.000
401404066,2022,2,regular,margin,8.861,0.713,1.000
401404066,2022,2,regular,total,11.023,0.739,1.000
401404125,2022,2,regular,margin,7.750,0.667,1.000
401404125,2022,2,regular,total,2.318,0.555,0.000
401404148,2022,2,regular,margin,0.610,0.525,1.000
401404148,2022,2,regular,total,3.280,0.578,1.000
401405070,2022,2,regular,margin,0.746,0.503,0.000
401405070,2022,2,regular,total,0.449,0.511,0.000
401405072,2022,2,regular,margin,4.670,0.598,1.000
401405072,2022,2,regular,total,9.267,0.709,0.000
401405073,2022,2,regular,margin,5.241,0.659,1.000
401405073,2022,2,regular,total,0.715,0.517,1.000
401405077,2022,2,regular,margin,11.709,0.793,1.000
401405077,2022,2,regular,total,11.073,0.744,1.000
401405078,2022,2,regular,margin,0.237,0.504,1.000
401405078,2022,2,regular,total,0.083,0.502,1.000
401405079,2022,2,regular,margin,9.142,0.730,1.000
401405079,2022,2,regular,total,13.956,0.796,1.000
401405080,2022,2,regular,margin,1.171,0.509,0.000
401405080,2022,2,regular,total,3.090,0.573,1.000
401411103,2022,2,regular,margin,2.088,0.516,0.500
401411103,2022,2,regular,total,0.189,0.510,1.000
401411105,2022,2,regular,margin,8.813,0.687,1.000
401411105,2022,2,regular,total,1.098,0.527,0.000
401411108,2022,2,regular,margin,2.978,0.574,0.000
401411108,2022,2,regular,total,6.710,0.655,0.000
401414779,2022,2,regular,margin,3.666,0.573,0.000
401414779,2022,2,regular,total,2.252,0.554,1.000
401415024,2022,2,regular,margin,5.884,0.655,0.000
401415024,2022,2,regular,total,2.106,0.556,1.000
401415214,2022,2,regular,margin,0.390,0.517,0.500
401415214,2022,2,regular,total,7.459,0.672,1.000
401415613,2022,2,regular,margin,0.263,0.521,1.000
401415613,2022,2,regular,total,7.147,0.664,1.000
401415617,2022,2,regular,margin,6.822,0.636,1.000
401415617,2022,2,regular,total,6.463,0.644,1.000
401415620,2022,2,regular,margin,1.596,0.552,1.000
401415620,2022,2,regular,total,5.573,0.629,0.000
401416594,2022,2,regular,margin,0.850,0.501,1.000
401416594,2022,2,regular,total,4.474,0.605,1.000
401416597,2022,2,regular,margin,3.576,0.575,0.000
401416597,2022,2,regular,total,1.665,0.539,0.000
401416598,2022,2,regular,margin,5.143,0.657,0.000
401416598,2022,2,regular,total,0.100,0.502,0.000
401426544,2022,2,regular,margin,13.941,0.813,0.000
401426544,2022,2,regular,total,6.426,0.648,1.000
401426545,2022,2,regular,margin,10.995,0.741,0.000
401426545,2022,2,regular,total,8.555,0.694,0.000
401426548,2022,2,regular,margin,12.623,0.794,1.000
401426548,2022,2,regular,total,6.207,0.649,1.000
401426551,2022,2,regular,margin,7.112,0.694,1.000
401426551,2022,2,regular,total,1.161,0.528,0.000
401426552,2022,2,regular,margin,5.756,0.643,1.000
401426552,2022,2,regular,total,3.227,0.577,0.000
401426553,2022,2,regular,margin,3.802,0.587,1.000
401426553,2022,2,regular,total,0.087,0.502,1.000
401403880,2022,3,regular,margin,10.488,0.769,0.000
401403880,2022,3,regular,total,6.821,0.657,0.000
401403882,2022,3,regular,margin,1.516,0.537,1.000
401403882,2022,3,regular,total,6.784,0.657,1.000
401403883,2022,3,regular,margin,1.718,0.524,1.000
401403883,2022,3,regular,total,1.142,0.527,1.000
401403885,2022,3,regular,margin,3.300,0.599,1.000
401403885,2022,3,regular,total,2.701,0.564,0.000
401403886,2022,3,regular,margin,9.315,0.701,0.000
401403886,2022,3,regular,total,5.865,0.630,1.000
401403888,2022,3,regular,margin,4.381,0.595,0.000
401403888,2022,3,regular,total,1.925,0.545,1.000
401403889,2022,3,regular,margin,7.181,0.681,0.000
401403889,2022,3,regular,total,4.327,0.601,0.000
401403890,2022,3,regular,margin,1.283,0.544,0.000
401403890,2022,3,regular,total,5.350,0.625,0.000
401403891,2022,3,regular,margin,2.135,0.532,1.000
401403891,2022,3,regular,total,4.002,0.594,0.000
401403986,2022,3,regular,margin,2.957,0.547,1.000
401403986,2022,3,regular,total,0.046,0.501,1.000
401403987,2022,3,regular,margin,0.020,0.502,0.000
401403987,2022,3,regular,total,8.712,0.698,0.500
401403988,2022,3,regular,margin,8.928,0.708,0.000
401403988,2022,3,regular,total,2.962,0.568,0.000
401403989,2022,3,regular,margin,4.868,0.638,0.000
401403989,2022,3,regular,total,0.602,0.514,0.000
401403991,2022,3,regular,margin,0.604,0.510,0.000
401403991,2022,3,regular,total,2.970,0.570,0.000
401403992,2022,3,regular,margin,0.491,0.536,0.000
401403992,2022,3,regular,total,12.047,0.763,1.000
401403993,2022,3,regular,margin,4.718,0.599,0.000
401403993,2022,3,regular,total,3.238,0.577,0.000
401403994,2022,3,regular,margin,6.377,0.674,0.000
401403994,2022,3,regular,total,3.998,0.593,0.000
401403995,2022,3,regular,margin,0.930,0.516,0.000
401403995,2022,3,regular,total,3.700,0.592,1.000
401404068,2022,3,regular,margin,7.026,0.636,0.000
401404068,2022,3,regular,total,0.275,0.506,0.000
401404069,2022,3,regular,margin,2.449,0.588,1.000
401404069,2022,3,regular,total,4.915,0.615,1.000
401404070,2022,3,regular,margin,2.804,0.606,0.000
401404070,2022,3,regular,total,6.599,0.652,1.000
401404071,2022,3,regular,margin,8.622,0.707,0.000
401404071,2022,3,regular,total,2.613,0.561,1.000
401404072,2022,3,regular,margin,0.200,0.539,0.000
401404072,2022,3,regular,total,0.119,0.509,0.000
401404074,2022,3,regular,margin,1.676,0.542,1.000
401404074,2022,3,regular,total,0.662,0.515,1.000
401404149,2022,3,regular,margin,7.533,0.701,0.000
401404149,2022,3,regular,total,5.601,0.630,0.500
401404159,2022,3,regular,margin,4.343,0.606,1.000
401404159,2022,3,regular,total,7.169,0.665,0.000
401405082,2022,3,regular,margin,4.935,0.613,0.000
401405082,2022,3,regular,total,6.256,0.647,0.000
401405084,2022,3,regular,margin,1.960,0.529,0.000
401405084,2022,3,regular,total,4.096,0.596,0.000
401405085,2022,3,regular,margin,7.332,0.697,0.000
401405085,2022,3,regular,total,3.363,0.582,0.000
401405087,2022,3,regular,margin,3.986,0.596,1.000
401405087,2022,3,regular,total,13.452,0.783,1.000
401405088,2022,3,regular,margin,11.622,0.767,0.000
401405088,2022,3,regular,total,7.588,0.674,0.000
401405089,2022,3,regular,margin,7.991,0.676,1.000
401405089,2022,3,regular,total,8.731,0.704,0.000
401411109,2022,3,regular,margin,0.236,0.505,1.000
401411109,2022,3,regular,total,2.150,0.551,0.000
401411113,2022,3,regular,margin,0.045,0.547,1.000
401411113,2022,3,regular,total,3.295,0.578,0.000
401411115,2022,3,regular,margin,0.862,0.554,0.000
401411115,2022,3,regular,total,10.055,0.725,1.000
401415029,2022,3,regular,margin,3.702,0.568,1.000
401415029,2022,3,regular,total,2.438,0.558,1.000
401415217,2022,3,regular,margin,11.208,0.747,1.000
401415217,2022,3,regular,total,0.228,0.507,0.000
401415622,2022,3,regular,margin,0.527,0.530,1.000
401415622,2022,3,regular,total,6.499,0.650,0.000
401415623,2022,3,regular,margin,17.671,0.852,1.000
401415623,2022,3,regular,total,0.166,0.503,0.000
401416601,2022,3,regular,margin,1.590,0.521,0.500
401416601,2022,3,regular,total,8.304,0.683,0.000
401426333,2022,3,regular,margin,0.659,0.509,0.000
401426333,2022,3,regular,total,6.450,0.649,1.000
401426554,2022,3,regular,margin,5.812,0.634,1.000
401426554,2022,3,regular,total,6.387,0.642,0.000
401426555,2022,3,regular,margin,3.341,0.632,0.000
401426555,2022,3,regular,total,4.710,0.610,1.000
401426556,2022,3,regular,margin,2.834,0.564,1.000
401426556,2022,3,regular,total,4.337,0.602,1.000
401426558,2022,3,regular,margin,2.891,0.551,0.000
401426558,2022,3,regular,total,13.871,0.794,0.000
401426559,2022,3,regular,margin,2.802,0.551,0.000
401426559,2022,3,regular,total,0.987,0.524,1.000
401426560,2022,3,regular,margin,4.518,0.643,0.000
401426560,2022,3,regular,total,5.809,0.635,1.000
401426561,2022,3,regular,margin,2.490,0.571,1.000
401426561,2022,3,regular,total,7.693,0.678,0.000
401426562,2022,3,regular,margin,1.746,0.538,1.000
401426562,2022,3,regular,total,2.828,0.567,1.000
401426563,2022,3,regular,margin,7.457,0.704,1.000
401426563,2022,3,regular,total,4.297,0.601,0.000
401403892,2022,4,regular,margin,11.774,0.783,0.000
401403892,2022,4,regular,total,4.030,0.589,1.000
401403893,2022,4,regular,margin,0.014,0.520,1.000
401403893,2022,4,regular,total,0.997,0.523,1.000
401403894,2022,4,regular,margin,1.079,0.574,1.000
401403894,2022,4,regular,total,3.830,0.590,0.000
401403895,2022,4,regular,margin,5.189,0.634,1.000
401403895,2022,4,regular,total,5.165,0.620,1.000
401403896,2022,4,regular,margin,6.592,0.633,1.000
401403896,2022,4,regular,total,0.013,0.501,1.000
401403897,2022,4,regular,margin,4.714,0.616,0.000
401403897,2022,4,regular,total,7.067,0.663,0.000
401403898,2022,4,regular,margin,3.491,0.569,1.000
401403898,2022,4,regular,total,7.741,0.677,1.000
401403899,2022,4,regular,margin,9.676,0.729,0.500
401403899,2022,4,regular,total,2.226,0.553,1.000
401403901,2022,4,regular,margin,1.745,0.512,0.000
401403901,2022,4,regular,total,1.269,0.530,0.000
401403996,2022,4,regular,margin,1.821,0.524,1.000
401403996,2022,4,regular,total,2.972,0.570,1.000
401403997,2022,4,regular,margin,4.278,0.574,0.000
401403997,2022,4,regular,total,3.389,0.579,1.000
401403998,2022,4,regular,margin,7.731,0.666,0.000
401403998,2022,4,regular,total,0.782,0.518,0.000
401403999,2022,4,regular,margin,6.317,0.676,1.000
401403999,2022,4,regular,total,6.583,0.657,0.000
401404000,2022,4,regular,margin,3.035,0.602,1.000
401404000,2022,4,regular,total,10.472,0.738,1.000
401404001,2022,4,regular,margin,2.794,0.579,0.000
401404001,2022,4,regular,total,3.928,0.592,0.500
401404078,2022,4,regular,margin,2.743,0.569,0.000
401404078,2022,4,regular,total,14.231,0.801,0.000
401404079,2022,4,regular,margin,5.513,0.663,0.000
401404079,2022,4,regular,total,6.047,0.640,1.000
401404080,2022,4,regular,margin,1.700,0.565,0.000
401404080,2022,4,regular,total,3.429,0.582,1.000
401404081,2022,4,regular,margin,1.618,0.541,1.000
401404081,2022,4,regular,total,0.364,0.508,0.000
401404082,2022,4,regular,margin,4.432,0.577,0.000
401404082,2022,4,regular,total,4.307,0.606,0.000
401404126,2022,4,regular,margin,3.387,0.562,1.000
401404126,2022,4,regular,total,2.881,0.568,1.000
401404150,2022,4,regular,margin,5.994,0.655,1.000
401404150,2022,4,regular,total,4.352,0.608,1.000
401404160,2022,4,regular,margin,0.725,0.550,0.000
401404160,2022,4,regular,total,2.930,0.569,0.000
401405091,2022,4,regular,margin,0.016,0.549,0.000
401405091,2022,4,regular,total,11.178,0.749,1.000
401405092,2022,4,regular,margin,3.784,0.613,0.000
401405092,2022,4,regular,total,0.936,0.523,0.000
401405093,2022,4,regular,margin,3.339,0.630,1.000
401405093,2022,4,regular,total,2.874,0.568,0.000
401405095,2022,4,regular,margin,5.796,0.639,0.000
401405095,2022,4,regular,total,5.797,0.634,0.000
401405096,2022,4,regular,margin,9.108,0.718,0.000
401405096,2022,4,regular,total,1.428,0.534,0.000
401405097,2022,4,regular,margin,2.266,0.553,1.000
401405097,2022,4,regular,total,10.485,0.733,1.000
401405098,2022,4,regular,margin,3.231,0.562,1.000
401405098,2022,4,regular,total,0.743,0.518,1.000
401409237,2022,4,regular,margin,4.653,0.638,0.000
401409237,2022,4,regular,total,4.420,0.604,1.000
401411116,2022,4,regular,margin,6.239,0.659,0.000
401411116,2022,4,regular,total,4.681,0.615,0.000
401411117,2022,4,regular,margin,0.172,0.520,1.000
401411117,2022,4,regular,total,3.463,0.575,1.000
401411118,2022,4,regular,margin,5.947,0.644,0.000
401411118,2022,4,regular,total,7.175,0.665,1.000
401411119,2022,4,regular,margin,1.504,0.545,0.000
401411119,2022,4,regular,total,6.673,0.654,1.000
401411122,2022,4,regular,margin,6.034,0.634,1.000
401411122,2022,4,regular,total,2.941,0.569,1.000
401411123,2022,4,regular,margin,0.121,0.553,1.000
401411123,2022,4,regular,total,2.034,0.548,1.000
401414781,2022,4,regular,margin,5.531,0.614,1.000
401414781,2022,4,regular,total,6.834,0.658,0.000
401415037,2022,4,regular,margin,1.708,0.523,0.000
401415037,2022,4,regular,total,1.683,0.540,1.000
401415040,2022,4,regular,margin,0.444,0.510,1.000
401415040,2022,4,regular,total,0.532,0.512,0.000
401415220,2022,4,regular,margin,14.725,0.833,0.000
401415220,2022,4,regular,total,4.096,0.594,0.000
401415222,2022,4,regular,margin,4.081,0.618,0.000
401415222,2022,4,regular,total,5.219,0.621,1.000
401415223,2022,4,regular,margin,8.194,0.700,1.000
401415223,2022,4,regular,total,3.832,0.596,1.000
401415224,2022,4,regular,margin,1.698,0.560,1.000
401415224,2022,4,regular,total,8.920,0.702,0.000
401415225,2022,4,regular,margin,3.580,0.602,0.000
401415225,2022,4,regular,total,3.556,0.590,0.000
401415624,2022,4,regular,margin,1.541,0.550,0.000
401415624,2022,4,regular,total,1.868,0.545,0.000
401416604,2022,4,regular,margin,5.869,0.656,1.000
401416604,2022,4,regular,total,1.684,0.540,0.000
401416605,2022,4,regular,margin,2.178,0.581,0.000
401416605,2022,4,regular,total,6.014,0.639,1.000
401426334,2022,4,regular,margin,3.475,0.585,1.000
401426334,2022,4,regular,total,5.954,0.638,0.000
401426335,2022,4,regular,margin,1.316,0.514,0.000
401426335,2022,4,regular,total,1.679,0.539,1.000
401426336,2022,4,regular,margin,1.234,0.560,1.000
401426336,2022,4,regular,total,5.897,0.637,0.000
401426393,2022,4,regular,margin,2.328,0.517,0.000
401426393,2022,4,regular,total,3.755,0.588,0.000
401426564,2022,4,regular,margin,4.709,0.601,0.000
401426564,2022,4,regular,total,7.316,0.668,0.000
401426565,2022,4,regular,margin,8.964,0.708,0.000
401426565,2022,4,regular,total,6.051,0.640,0.000
401426566,2022,4,regular,margin,0.310,0.508,1.000
401426566,2022,4,regular,total,0.457,0.505,0.000
401426567,2022,4,regular,margin,3.246,0.590,0.000
401426567,2022,4,regular,total,1.364,0.532,1.000
401426568,2022,4,regular,margin,6.831,0.657,1.000
401426568,2022,4,regular,total,1.370,0.532,0.000
401426569,2022,4,regular,margin,1.258,0.526,0.000
401426569,2022,4,regular,total,9.267,0.709,0.000
401426570,2022,4,regular,margin,2.946,0.584,0.000
401426570,2022,4,regular,total,1.780,0.542,1.000
401426571,2022,4,regular,margin,0.124,0.522,0.000
401426571,2022,4,regular,total,3.964,0.594,0.000
401403902,2022,5,regular,margin,2.312,0.535,0.000
401403902,2022,5,regular,total,2.674,0.563,0.000
401403903,2022,5,regular,margin,2.328,0.607,1.000
401403903,2022,5,regular,total,6.020,0.640,0.000
401403905,2022,5,regular,margin,3.767,0.607,1.000
401403905,2022,5,regular,total,2.292,0.554,1.000
401403906,2022,5,regular,margin,2.821,0.595,0.000
401403906,2022,5,regular,total,2.952,0.571,1.000
401403907,2022,5,regular,margin,6.705,0.658,1.000
401403907,2022,5,regular,total,1.537,0.542,1.000
401404002,2022,5,regular,margin,8.532,0.703,0.000
401404002,2022,5,regular,total,2.325,0.555,0.000
401404003,2022,5,regular,margin,10.784,0.753,1.000
401404003,2022,5,regular,total,8.400,0.691,0.000
401404004,2022,5,regular,margin,1.431,0.559,0.000
401404004,2022,5,regular,total,0.961,0.522,1.000
401404005,2022,5,regular,margin,8.142,0.697,0.000
401404005,2022,5,regular,total,2.903,0.568,0.000
401404006,2022,5,regular,margin,0.023,0.534,0.000
401404006,2022,5,regular,total,0.906,0.521,0.000
401404007,2022,5,regular,margin,2.839,0.572,1.000
401404007,2022,5,regular,total,4.236,0.599,0.000
401404083,2022,5,regular,margin,3.456,0.564,1.000
401404083,2022,5,regular,total,0.730,0.517,0.000
401404084,2022,5,regular,margin,4.987,0.590,0.000
401404084,2022,5,regular,total,2.453,0.558,1.000
401404085,2022,5,regular,margin,2.114,0.507,1.000
401404085,2022,5,regular,total,0.611,0.514,0.000
401404086,2022,5,regular,margin,0.710,0.511,1.000
401404086,2022,5,regular,total,11.402,0.751,0.000
401404087,2022,5,regular,margin,4.937,0.578,1.000
401404087,2022,5,regular,total,1.462,0.534,1.000
401404137,2022,5,regular,margin,4.995,0.664,1.000
401404137,2022,5,regular,total,1.347,0.532,0.000
401404151,2022,5,regular,margin,5.845,0.614,1.000
401404151,2022,5,regular,total,4.685,0.610,0.000
401404161,2022,5,regular,margin,1.778,0.580,0.000
401404161,2022,5,regular,total,3.266,0.578,1.000
401405099,2022,5,regular,margin,1.356,0.524,0.000
401405099,2022,5,regular,total,1.457,0.536,1.000
401405100,2022,5,regular,margin,4.263,0.645,0.000
401405100,2022,5,regular,total,5.271,0.624,0.000
401405101,2022,5,regular,margin,2.223,0.527,0.000
401405101,2022,5,regular,total,4.390,0.602,1.000
401405102,2022,5,regular,margin,3.796,0.607,0.000
401405102,2022,5,regular,total,0.544,0.507,1.000
401405103,2022,5,regular,margin,3.441,0.635,0.000
401405103,2022,5,regular,total,2.488,0.559,1.000
401405104,2022,5,regular,margin,9.393,0.735,0.500
401405104,2022,5,regular,total,3.744,0.588,0.000
401405105,2022,5,regular,margin,2.997,0.561,1.000
401405105,2022,5,regular,total,4.937,0.615,0.000
401411124,2022,5,regular,margin,6.592,0.663,1.000
401411124,2022,5,regular,total,2.847,0.562,1.000
401411125,2022,5,regular,margin,3.000,0.564,1.000
401411125,2022,5,regular,total,8.501,0.699,1.000
401411126,2022,5,regular,margin,0.957,0.503,0.000
401411126,2022,5,regular,total,0.486,0.511,0.500
401411127,2022,5,regular,margin,1.382,0.519,0.000
401411127,2022,5,regular,total,2.452,0.558,1.000
401411128,2022,5,regular,margin,0.052,0.525,0.000
401411128,2022,5,regular,total,2.498,0.553,0.000
401411129,2022,5,regular,margin,4.713,0.609,1.000
401411129,2022,5,regular,total,5.564,0.630,0.500
401414782,2022,5,regular,margin,3.559,0.571,1.000
401414782,2022,5,regular,total,2.366,0.556,0.000
401415226,2022,5,regular,margin,10.652,0.737,1.000
401415226,2022,5,regular,total,1.818,0.543,0.000
401415227,2022,5,regular,margin,0.522,0.509,0.000
401415227,2022,5,regular,total,6.458,0.652,0.000
401415228,2022,5,regular,margin,1.090,0.542,0.000
401415228,2022,5,regular,total,7.666,0.677,1.000
401415229,2022,5,regular,margin,2.685,0.578,1.000
401415229,2022,5,regular,total,3.466,0.577,1.000
401415230,2022,5,regular,margin,0.284,0.508,0.000
401415230,2022,5,regular,total,7.378,0.670,1.000
401415625,2022,5,regular,margin,2.409,0.576,1.000
401415625,2022,5,regular,total,1.270,0.530,0.000
401415626,2022,5,regular,margin,1.019,0.555,0.000
401415626,2022,5,regular,total,3.033,0.571,0.000
401415627,2022,5,regular,margin,3.350,0.617,0.500
401415627,2022,5,regular,total,0.155,0.504,0.000
401415628,2022,5,regular,margin,6.025,0.648,0.000
401415628,2022,5,regular,total,5.253,0.623,0.000
401416607,2022,5,regular,margin,2.128,0.566,0.000
401416607,2022,5,regular,total,3.777,0.589,0.000
401416608,2022,5,regular,margin,4.099,0.561,0.000
401416608,2022,5,regular,total,0.919,0.522,0.000
401416609,2022,5,regular,margin,3.047,0.542,0.000
401416609,2022,5,regular,total,5.413,0.626,1.000
401416610,2022,5,regular,margin,2.728,0.569,0.000
401416610,2022,5,regular,total,0.417,0.505,0.000
401416611,2022,5,regular,margin,4.070,0.611,1.000
401416611,2022,5,regular,total,8.977,0.703,1.000
401426337,2022,5,regular,margin,4.929,0.596,0.000
401426337,2022,5,regular,total,10.875,0.736,1.000
401426338,2022,5,regular,margin,4.774,0.604,0.000
401426338,2022,5,regular,total,0.541,0.513,1.000
401426340,2022,5,regular,margin,0.427,0.558,0.000
401426340,2022,5,regular,total,3.563,0.578,0.000
401426341,2022,5,regular,margin,5.473,0.681,1.000
401426341,2022,5,regular,total,4.122,0.591,0.000
401426573,2022,5,regular,margin,3.307,0.619,0.000
401426573,2022,5,regular,total,2.227,0.552,0.000
401426574,2022,5,regular,margin,11.443,0.775,1.000
401426574,2022,5,regular,total,3.768,0.589,0.000
401426575,2022,5,regular,margin,1.294,0.514,0.000
401426575,2022,5,regular,total,8.284,0.688,0.000
401426576,2022,5,regular,margin,3.032,0.607,0.000
401426576,2022,5,regular,total,7.514,0.672,0.000
401426577,2022,5,regular,margin,0.478,0.546,1.000
401426577,2022,5,regular,total,0.905,0.521,0.000
401426578,2022,5,regular,margin,8.411,0.686,0.000
401426578,2022,5,regular,total,0.942,0.522,1.000
401403909,2022,6,regular,margin,3.889,0.586,1.000
401403909,2022,6,regular,total,4.078,0.596,0.000
401403910,2022,6,regular,margin,5.884,0.676,1.000
401403910,2022,6,regular,total,1.453,0.535,0.000
401403911,2022,6,regular,margin,6.003,0.625,0.000
401403911,2022,6,regular,total,2.448,0.558,1.000
401403912,2022,6,regular,margin,3.651,0.571,0.000
401403912,2022,6,regular,total,6.785,0.657,0.000
401403913,2022,6,regular,margin,2.160,0.555,0.000
401403913,2022,6,regular,total,4.172,0.598,1.000
401403914,2022,6,regular,margin,3.429,0.628,0.000
401403914,2022,6,regular,total,3.532,0.583,1.000
401403915,2022,6,regular,margin,3.766,0.572,0.000
401403915,2022,6,regular,total,3.609,0.585,0.000
401404008,2022,6,regular,margin,5.897,0.645,0.000
401404008,2022,6,regular,total,8.121,0.685,1.000
401404009,2022,6,regular,margin,4.944,0.622,1.000
401404009,2022,6,regular,total,1.867,0.544,0.000
401404010,2022,6,regular,margin,1.696,0.574,1.000
401404010,2022,6,regular,total,1.487,0.530,1.000
401404011,2022,6,regular,margin,2.416,0.542,0.000
401404011,2022,6,regular,total,5.391,0.625,0.000
401404012,2022,6,regular,margin,5.172,0.647,0.000
401404012,2022,6,regular,total,11.829,0.758,1.000
401404088,2022,6,regular,margin,2.347,0.576,0.500
401404088,2022,6,regular,total,3.469,0.583,0.000
401404089,2022,6,regular,margin,1.920,0.513,0.500
401404089,2022,6,regular,total,11.555,0.758,1.000
401404090,2022,6,regular,margin,5.534,0.687,0.000
401404090,2022,6,regular,total,6.489,0.655,1.000
401404091,2022,6,regular,margin,2.142,0.524,0.000
401404091,2022,6,regular,total,3.265,0.577,0.000
401404127,2022,6,regular,margin,3.769,0.574,1.000
401404127,2022,6,regular,total,1.671,0.540,0.000
401404138,2022,6,regular,margin,2.804,0.573,1.000
401404138,2022,6,regular,total,6.678,0.654,1.000
401404164,2022,6,regular,margin,2.443,0.533,1.000
401404164,2022,6,regular,total,3.896,0.592,1.000
401405106,2022,6,regular,margin,1.745,0.568,1.000
401405106,2022,6,regular,total,7.549,0.676,0.000
401405107,2022,6,regular,margin,2.482,0.597,0.000
401405107,2022,6,regular,total,3.627,0.586,1.000
401405108,2022,6,regular,margin,2.877,0.535,1.000
401405108,2022,6,regular,total,0.157,0.504,1.000
401405109,2022,6,regular,margin,1.054,0.527,0.000
401405109,2022,6,regular,total,6.265,0.645,0.000
401405110,2022,6,regular,margin,7.052,0.655,0.000
401405110,2022,6,regular,total,7.783,0.678,0.000
401405111,2022,6,regular,margin,1.680,0.560,1.000
401405111,2022,6,regular,total,5.132,0.620,0.000
401411131,2022,6,regular,margin,4.013,0.573,0.000
401411131,2022,6,regular,total,6.595,0.658,0.000
401411132,2022,6,regular,margin,1.952,0.584,1.000
401411132,2022,6,regular,total,1.210,0.528,1.000
401411133,2022,6,regular,margin,4.767,0.638,1.000
401411133,2022,6,regular,total,5.746,0.633,1.000
401411134,2022,6,regular,margin,1.370,0.557,1.000
401411134,2022,6,regular,total,3.963,0.593,0.000
401411135,2022,6,regular,margin,2.852,0.591,0.000
401411135,2022,6,regular,total,7.686,0.677,1.000
401411136,2022,6,regular,margin,7.099,0.656,1.000
401411136,2022,6,regular,total,6.173,0.643,1.000
401415231,2022,6,regular,margin,6.681,0.691,1.000
401415231,2022,6,regular,total,1.192,0.522,0.000
401415232,2022,6,regular,margin,2.660,0.603,0.000
401415232,2022,6,regular,total,7.297,0.668,1.000
401415233,2022,6,regular,margin,1.135,0.507,0.000
401415233,2022,6,regular,total,6.868,0.659,0.000
401415234,2022,6,regular,margin,1.589,0.523,1.000
401415234,2022,6,regular,total,12.385,0.770,1.000
401415235,2022,6,regular,margin,3.567,0.566,1.000
401415235,2022,6,regular,total,3.094,0.573,0.000
401415236,2022,6,regular,margin,0.313,0.504,0.000
401415236,2022,6,regular,total,2.544,0.559,1.000
401415629,2022,6,regular,margin,1.993,0.549,1.000
401415629,2022,6,regular,total,7.047,0.662,1.000
401415630,2022,6,regular,margin,1.773,0.564,0.000
401415630,2022,6,regular,total,0.961,0.523,1.000
401415631,2022,6,regular,margin,1.451,0.559,1.000
401415631,2022,6,regular,total,4.798,0.612,1.000
401415632,2022,6,regular,margin,1.802,0.515,0.000
401415632,2022,6,regular,total,4.781,0.618,1.000
401415633,2022,6,regular,margin,5.536,0.612,1.000
401415633,2022,6,regular,total,0.763,0.518,0.000
401416613,2022,6,regular,margin,2.038,0.504,0.000
401416613,2022,6,regular,total,3.286,0.577,1.000
401416614,2022,6,regular,margin,2.991,0.553,0.000
401416614,2022,6,regular,total,0.633,0.515,0.000
401416615,2022,6,regular,margin,2.088,0.573,0.000
401416615,2022,6,regular,total,1.125,0.526,0.000
401416616,2022,6,regular,margin,2.606,0.538,1.000
401416616,2022,6,regular,total,2.818,0.566,0.000
401416617,2022,6,regular,margin,1.099,0.521,1.000
401416617,2022,6,regular,total,0.566,0.507,1.000
401416618,2022,6,regular,margin,9.653,0.757,1.000
401416618,2022,6,regular,total,3.549,0.583,1.000
401426342,2022,6,regular,margin,2.077,0.573,1.000
401426342,2022,6,regular,total,7.502,0.672,0.000
401426343,2022,6,regular,margin,3.630,0.615,0.000
401426343,2022,6,regular,total,0.967,0.523,1.000
401426344,2022,6,regular,margin,4.762,0.617,0.000
401426344,2022,6,regular,total,0.842,0.520,1.000
401426345,2022,6,regular,margin,2.123,0.525,1.000
401426345,2022,6,regular,total,3.401,0.580,1.000
401426346,2022,6,regular,margin,0.302,0.538,0.000
401426346,2022,6,regular,total,4.877,0.615,0.000
401426579,2022,6,regular,margin,5.618,0.666,0.000
401426579,2022,6,regular,total,7.427,0.671,0.000
401426580,2022,6,regular,margin,0.470,0.538,1.000
401426580,2022,6,regular,total,0.820,0.514,1.000
401426581,2022,6,regular,margin,6.604,0.695,0.000
401426581,2022,6,regular,total,1.940,0.545,0.000
401426582,2022,6,regular,margin,7.624,0.696,1.000
401426582,2022,6,regular,total,8.747,0.698,1.000
401403916,2022,7,regular,margin,2.184,0.536,1.000
401403916,2022,7,regular,total,7.376,0.669,0.000
401403917,2022,7,regular,margin,2.487,0.543,1.000
401403917,2022,7,regular,total,1.756,0.542,1.000
401403918,2022,7,regular,margin,4.581,0.617,0.000
401403918,2022,7,regular,total,1.805,0.542,1.000
401403919,2022,7,regular,margin,0.007,0.535,1.000
401403919,2022,7,regular,total,0.841,0.520,0.000
401403920,2022,7,regular,margin,6.265,0.668,1.000
401403920,2022,7,regular,total,0.606,0.515,1.000
401403921,2022,7,regular,margin,3.132,0.617,1.000
401403921,2022,7,regular,total,6.190,0.643,0.000
401404013,2022,7,regular,margin,0.383,0.528,1.000
401404013,2022,7,regular,total,8.157,0.686,0.000
401404014,2022,7,regular,margin,4.399,0.601,1.000
401404014,2022,7,regular,total,2.927,0.569,0.000
401404015,2022,7,regular,margin,1.160,0.530,0.000
401404015,2022,7,regular,total,2.698,0.563,1.000
401404016,2022,7,regular,margin,2.159,0.549,1.000
401404016,2022,7,regular,total,1.569,0.537,1.000
401404017,2022,7,regular,margin,1.884,0.526,0.000
401404017,2022,7,regular,total,7.920,0.681,0.000
401404092,2022,7,regular,margin,0.695,0.501,1.000
401404092,2022,7,regular,total,1.759,0.542,1.000
401404093,2022,7,regular,margin,3.491,0.599,1.000
401404093,2022,7,regular,total,0.088,0.501,1.000
401404094,2022,7,regular,margin,2.199,0.593,1.000
401404094,2022,7,regular,total,6.327,0.652,0.000
401404095,2022,7,regular,margin,5.676,0.657,1.000
401404095,2022,7,regular,total,9.991,0.723,0.000
401404153,2022,7,regular,margin,1.406,0.563,1.000
401404153,2022,7,regular,total,7.113,0.664,0.000
401405112,2022,7,regular,margin,3.751,0.629,1.000
401405112,2022,7,regular,total,2.418,0.560,0.500
401405113,2022,7,regular,margin,3.583,0.602,1.000
401405113,2022,7,regular,total,0.568,0.513,0.000
401405114,2022,7,regular,margin,1.818,0.576,1.000
401405114,2022,7,regular,total,5.798,0.635,0.000
401405115,2022,7,regular,margin,0.860,0.508,0.000
401405115,2022,7,regular,total,1.655,0.546,1.000
401405116,2022,7,regular,margin,3.414,0.624,1.000
401405116,2022,7,regular,total,1.107,0.525,0.000
401409239,2022,7,regular,margin,0.893,0.558,1.000
401409239,2022,7,regular,total,10.545,0.735,0.000
401411137,2022,7,regular,margin,1.220,0.567,1.000
401411137,2022,7,regular,total,6.842,0.658,0.000
401411138,2022,7,regular,margin,1.263,0.501,1.000
401411138,2022,7,regular,total,6.756,0.656,1.000
401411139,2022,7,regular,margin,4.213,0.607,0.000
401411139,2022,7,regular,total,5.240,0.623,0.000
401411140,2022,7,regular,margin,2.715,0.607,1.000
401411140,2022,7,regular,total,4.263,0.595,0.000
401414783,2022,7,regular,margin,2.015,0.581,1.000
401414783,2022,7,regular,total,3.934,0.593,0.000
401415237,2022,7,regular,margin,6.450,0.697,0.000
401415237,2022,7,regular,total,2.179,0.550,1.000
401415238,2022,7,regular,margin,9.756,0.734,1.000
401415238,2022,7,regular,total,10.540,0.734,0.000
401415239,2022,7,regular,margin,0.899,0.558,1.000
401415239,2022,7,regular,total,3.553,0.584,0.000
401415240,2022,7,regular,margin,1.358,0.509,0.000
401415240,2022,7,regular,total,2.500,0.559,0.000
401415634,2022,7,regular,margin,3.452,0.570,0.000
401415634,2022,7,regular,total,1.796,0.543,1.000
401415635,2022,7,regular,margin,1.183,0.544,1.000
401415635,2022,7,regular,total,3.161,0.574,0.000
401415636,2022,7,regular,margin,2.132,0.570,0.000
401415636,2022,7,regular,total,1.026,0.524,0.000
401415637,2022,7,regular,margin,5.667,0.656,1.000
401415637,2022,7,regular,total,5.287,0.623,0.000
401416619,2022,7,regular,margin,3.322,0.572,0.000
401416619,2022,7,regular,total,2.152,0.551,1.000
401416620,2022,7,regular,margin,2.032,0.573,1.000
401416620,2022,7,regular,total,3.581,0.590,1.000
401416621,2022,7,regular,margin,3.612,0.561,1.000
401416621,2022,7,regular,total,1.526,0.536,0.000
401416622,2022,7,regular,margin,0.664,0.552,1.000
401416622,2022,7,regular,total,2.842,0.568,0.000
401416623,2022,7,regular,margin,0.578,0.535,0.000
401416623,2022,7,regular,total,5.977,0.638,1.000
401426347,2022,7,regular,margin,0.957,0.559,1.000
401426347,2022,7,regular,total,6.976,0.661,0.000
401426348,2022,7,regular,margin,1.538,0.504,0.000
401426348,2022,7,regular,total,2.916,0.569,0.000
401426349,2022,7,regular,margin,4.486,0.616,1.000
401426349,2022,7,regular,total,10.801,0.734,0.000
401426350,2022,7,regular,margin,2.239,0.552,1.000
401426350,2022,7,regular,total,1.498,0.536,1.000
401426351,2022,7,regular,margin,0.169,0.527,1.000
401426351,2022,7,regular,total,0.629,0.515,0.000
401426352,2022,7,regular,margin,3.227,0.578,1.000
401426352,2022,7,regular,total,3.554,0.584,0.000
401426583,2022,7,regular,margin,5.748,0.633,1.000
401426583,2022,7,regular,total,9.830,0.720,1.000
401426584,2022,7,regular,margin,8.468,0.706,1.000
401426584,2022,7,regular,total,5.704,0.627,1.000
401426585,2022,7,regular,margin,4.083,0.584,0.000
401426585,2022,7,regular,total,1.025,0.524,0.000
401426586,2022,7,regular,margin,1.187,0.543,0.000
401426586,2022,7,regular,total,8.488,0.698,0.000
401426587,2022,7,regular,margin,2.506,0.513,1.000
401426587,2022,7,regular,total,6.000,0.639,1.000
401403922,2022,8,regular,margin,6.446,0.661,0.000
401403922,2022,8,regular,total,1.549,0.537,1.000
401403923,2022,8,regular,margin,1.017,0.544,1.000
401403923,2022,8,regular,total,4.478,0.605,0.000
401403924,2022,8,regular,margin,0.996,0.534,1.000
401403924,2022,8,regular,total,2.366,0.556,0.000
401403925,2022,8,regular,margin,0.156,0.522,1.000
401403925,2022,8,regular,total,6.429,0.649,1.000
401404018,2022,8,regular,margin,0.600,0.515,0.000
401404018,2022,8,regular,total,0.274,0.506,1.000
401404019,2022,8,regular,margin,0.733,0.569,1.000
401404019,2022,8,regular,total,3.309,0.578,0.000
401404020,2022,8,regular,margin,5.490,0.624,0.000
401404020,2022,8,regular,total,1.452,0.535,1.000
401404021,2022,8,regular,margin,5.182,0.657,0.000
401404021,2022,8,regular,total,5.972,0.633,0.000
401404096,2022,8,regular,margin,0.758,0.555,0.000
401404096,2022,8,regular,total,0.090,0.502,1.000
401404097,2022,8,regular,margin,0.083,0.524,0.000
401404097,2022,8,regular,total,1.529,0.536,0.000
401404098,2022,8,regular,margin,5.123,0.649,1.000
401404098,2022,8,regular,total,0.663,0.516,0.000
401404099,2022,8,regular,margin,2.904,0.592,0.000
401404099,2022,8,regular,total,4.411,0.603,1.000
401404128,2022,8,regular,margin,4.754,0.604,1.000
401404128,2022,8,regular,total,0.886,0.522,1.000
401404140,2022,8,regular,margin,0.655,0.530,0.000
401404140,2022,8,regular,total,2.115,0.550,0.000
401404163,2022,8,regular,margin,5.020,0.661,1.000
401404163,2022,8,regular,total,0.690,0.516,0.000
401405117,2022,8,regular,margin,2.723,0.590,1.000
401405117,2022,8,regular,total,1.324,0.531,0.000
401405118,2022,8,regular,margin,1.855,0.527,0.000
401405118,2022,8,regular,total,4.900,0.615,1.000
401405119,2022,8,regular,margin,9.806,0.731,0.000
401405119,2022,8,regular,total,1.276,0.531,1.000
401405120,2022,8,regular,margin,1.760,0.561,0.000
401405120,2022,8,regular,total,5.087,0.620,1.000
401405121,2022,8,regular,margin,2.253,0.557,0.000
401405121,2022,8,regular,total,5.467,0.628,0.000
401411141,2022,8,regular,margin,0.904,0.545,1.000
401411141,2022,8,regular,total,3.352,0.579,0.000
401411142,2022,8,regular,margin,2.467,0.573,1.000
401411142,2022,8,regular,total,1.703,0.541,0.000
401411143,2022,8,regular,margin,1.768,0.564,1.000
401411143,2022,8,regular,total,1.154,0.527,0.000
401411144,2022,8,regular,margin,3.507,0.621,1.000
401411144,2022,8,regular,total,4.966,0.616,0.000
401411145,2022,8,regular,margin,3.947,0.582,0.000
401411145,2022,8,regular,total,0.581,0.514,1.000
401415241,2022,8,regular,margin,0.579,0.501,0.000
401415241,2022,8,regular,total,1.605,0.536,1.000
401415242,2022,8,regular,margin,1.847,0.534,0.000
401415242,2022,8,regular,total,7.752,0.678,0.000
401415243,2022,8,regular,margin,0.105,0.524,0.000
401415243,2022,8,regular,total,6.412,0.644,1.000
401415244,2022,8,regular,margin,3.559,0.612,0.000
401415244,2022,8,regular,total,10.920,0.742,0.000
401415245,2022,8,regular,margin,2.906,0.634,0.000
401415245,2022,8,regular,total,7.837,0.682,0.000
401415638,2022,8,regular,margin,7.815,0.691,1.000
401415638,2022,8,regular,total,3.073,0.573,0.000
401415639,2022,8,regular,margin,3.286,0.615,0.000
401415639,2022,8,regular,total,1.121,0.527,1.000
401415640,2022,8,regular,margin,1.869,0.530,1.000
401415640,2022,8,regular,total,1.429,0.534,1.000
401415641,2022,8,regular,margin,2.786,0.604,1.000
401415641,2022,8,regular,total,0.497,0.512,0.000
401415642,2022,8,regular,margin,5.468,0.612,0.000
401415642,2022,8,regular,total,6.309,0.646,1.000
401416624,2022,8,regular,margin,0.264,0.528,0.000
401416624,2022,8,regular,total,0.087,0.502,1.000
401416625,2022,8,regular,margin,0.665,0.518,1.000
401416625,2022,8,regular,total,6.879,0.658,1.000
401416626,2022,8,regular,margin,4.150,0.640,1.000
401416626,2022,8,regular,total,1.385,0.533,1.000
401416627,2022,8,regular,margin,3.093,0.552,0.000
401416627,2022,8,regular,total,4.507,0.607,0.000
401416628,2022,8,regular,margin,1.898,0.550,0.000
401416628,2022,8,regular,total,4.179,0.598,1.000
401416629,2022,8,regular,margin,0.839,0.508,0.000
401416629,2022,8,regular,total,2.042,0.549,1.000
401426353,2022,8,regular,margin,2.098,0.580,0.000
401426353,2022,8,regular,total,2.803,0.560,0.000
401426354,2022,8,regular,margin,1.787,0.546,1.000
401426354,2022,8,regular,total,2.287,0.555,0.000
401426355,2022,8,regular,margin,3.850,0.624,1.000
401426355,2022,8,regular,total,6.613,0.653,0.000
401426356,2022,8,regular,margin,3.418,0.605,0.000
401426356,2022,8,regular,total,8.206,0.687,1.000
401426357,2022,8,regular,margin,0.700,0.501,0.000
401426357,2022,8,regular,total,1.168,0.522,1.000
401426358,2022,8,regular,margin,1.833,0.548,0.000
401426358,2022,8,regular,total,2.979,0.572,0.000
401426588,2022,8,regular,margin,3.250,0.593,1.000
401426588,2022,8,regular,total,4.223,0.599,1.000
401426589,2022,8,regular,margin,1.825,0.530,0.000
401426589,2022,8,regular,total,1.220,0.522,1.000
401426590,2022,8,regular,margin,3.123,0.597,1.000
401426590,2022,8,regular,total,2.598,0.561,0.000
401426591,2022,8,regular,margin,1.527,0.508,0.000
401426591,2022,8,regular,total,12.346,0.768,1.000
401426592,2022,8,regular,margin,7.781,0.703,1.000
401426592,2022,8,regular,total,6.140,0.642,1.000
401403927,2022,9,regular,margin,1.932,0.582,0.000
401403927,2022,9,regular,total,0.875,0.521,0.000
401403928,2022,9,regular,margin,1.399,0.515,1.000
401403928,2022,9,regular,total,2.202,0.552,0.000
401403929,2022,9,regular,margin,3.239,0.561,0.000
401403929,2022,9,regular,total,6.285,0.641,0.000
401403930,2022,9,regular,margin,2.155,0.521,1.000
401403930,2022,9,regular,total,3.699,0.587,1.000
401403931,2022,9,regular,margin,6.098,0.669,0.500
401403931,2022,9,regular,total,1.618,0.533,1.000
401404022,2022,9,regular,margin,0.251,0.511,0.000
401404022,2022,9,regular,total,9.716,0.718,0.000
401404023,2022,9,regular,margin,3.973,0.604,1.000
401404023,2022,9,regular,total,1.072,0.526,1.000
401404024,2022,9,regular,margin,6.016,0.620,0.000
401404024,2022,9,regular,total,1.525,0.536,1.000
401404025,2022,9,regular,margin,6.617,0.664,0.000
401404025,2022,9,regular,total,6.920,0.659,1.000
401404026,2022,9,regular,margin,1.121,0.527,1.000
401404026,2022,9,regular,total,5.276,0.623,1.000
401404100,2022,9,regular,margin,5.968,0.663,0.000
401404100,2022,9,regular,total,3.799,0.589,1.000
401404101,2022,9,regular,margin,0.475,0.532,0.000
401404101,2022,9,regular,total,1.862,0.544,0.000
401404102,2022,9,regular,margin,5.454,0.614,0.000
401404102,2022,9,regular,total,1.309,0.531,0.000
401404103,2022,9,regular,margin,3.055,0.542,1.000
401404103,2022,9,regular,total,7.781,0.673,0.000
401404129,2022,9,regular,margin,2.101,0.573,0.000
401404129,2022,9,regular,total,0.144,0.504,1.000
401404154,2022,9,regular,margin,1.991,0.505,0.000
401404154,2022,9,regular,total,7.062,0.663,0.000
401405122,2022,9,regular,margin,0.873,0.505,0.000
401405122,2022,9,regular,total,10.046,0.726,1.000
401405123,2022,9,regular,margin,1.854,0.557,0.000
401405123,2022,9,regular,total,3.351,0.581,0.000
401405124,2022,9,regular,margin,0.295,0.558,0.000
401405124,2022,9,regular,total,2.217,0.553,0.000
401405125,2022,9,regular,margin,4.298,0.598,1.000
401405125,2022,9,regular,total,0.299,0.507,1.000
401405126,2022,9,regular,margin,2.205,0.539,1.000
401405126,2022,9,regular,total,0.240,0.506,1.000
401409242,2022,9,regular,margin,0.999,0.541,0.000
401409242,2022,9,regular,total,11.427,0.752,0.000
401411146,2022,9,regular,margin,1.546,0.538,0.000
401411146,2022,9,regular,total,9.252,0.710,1.000
401411147,2022,9,regular,margin,8.399,0.694,0.000
401411147,2022,9,regular,total,4.473,0.605,1.000
401411148,2022,9,regular,margin,1.666,0.560,1.000
401411148,2022,9,regular,total,6.090,0.647,0.000
401411149,2022,9,regular,margin,2.102,0.573,1.000
401411149,2022,9,regular,total,2.243,0.553,0.000
401411150,2022,9,regular,margin,2.223,0.575,1.000
401411150,2022,9,regular,total,4.384,0.603,0.000
401415246,2022,9,regular,margin,7.313,0.677,0.000
401415246,2022,9,regular,total,4.402,0.605,1.000
401415247,2022,9,regular,margin,1.408,0.559,1.000
401415247,2022,9,regular,total,2.210,0.558,0.000
401415248,2022,9,regular,margin,5.146,0.663,1.000
401415248,2022,9,regular,total,2.569,0.562,1.000
401415249,2022,9,regular,margin,7.094,0.675,1.000
401415249,2022,9,regular,total,2.214,0.554,1.000
401415643,2022,9,regular,margin,1.973,0.547,1.000
401415643,2022,9,regular,total,1.570,0.537,1.000
401415644,2022,9,regular,margin,4.789,0.639,1.000
401415644,2022,9,regular,total,0.638,0.515,1.000
401415645,2022,9,regular,margin,2.869,0.573,1.000
401415645,2022,9,regular,total,8.376,0.690,1.000
401415646,2022,9,regular,margin,4.628,0.639,1.000
401415646,2022,9,regular,total,7.428,0.671,1.000
401415647,2022,9,regular,margin,3.992,0.583,1.000
401415647,2022,9,regular,total,0.404,0.510,1.000
401416630,2022,9,regular,margin,7.632,0.656,0.000
401416630,2022,9,regular,total,6.553,0.651,0.000
401416631,2022,9,regular,margin,2.360,0.527,1.000
401416631,2022,9,regular,total,2.080,0.548,1.000
401426359,2022,9,regular,margin,0.877,0.523,1.000
401426359,2022,9,regular,total,5.747,0.640,1.000
401426361,2022,9,regular,margin,2.645,0.589,0.000
401426361,2022,9,regular,total,3.215,0.582,0.000
401426362,2022,9,regular,margin,2.088,0.575,0.000
401426362,2022,9,regular,total,1.083,0.525,1.000
401426363,2022,9,regular,margin,4.627,0.656,0.000
401426363,2022,9,regular,total,0.017,0.501,0.000
401426593,2022,9,regular,margin,6.029,0.667,1.000
401426593,2022,9,regular,total,3.961,0.599,0.000
401426594,2022,9,regular,margin,1.572,0.561,1.000
401426594,2022,9,regular,total,2.308,0.555,1.000
401426595,2022,9,regular,margin,1.543,0.565,1.000
401426595,2022,9,regular,total,3.309,0.579,0.000
401426596,2022,9,regular,margin,2.652,0.546,1.000
401426596,2022,9,regular,total,1.099,0.526,0.000
401426597,2022,9,regular,margin,4.276,0.580,0.000
401426597,2022,9,regular,total,10.569,0.735,1.000
401403932,2022,10,regular,margin,3.310,0.603,1.000
401403932,2022,10,regular,total,1.643,0.539,1.000
401403933,2022,10,regular,margin,1.396,0.557,0.000
401403933,2022,10,regular,total,3.296,0.578,1.000
401403934,2022,10,regular,margin,2.939,0.571,1.000
401403934,2022,10,regular,total,1.099,0.526,1.000
401403935,2022,10,regular,margin,1.823,0.562,1.000
401403935,2022,10,regular,total,4.200,0.599,1.000
401403936,2022,10,regular,margin,0.491,0.507,0.000
401403936,2022,10,regular,total,1.638,0.542,0.000
401403937,2022,10,regular,margin,3.418,0.606,0.000
401403937,2022,10,regular,total,0.289,0.507,1.000
401403938,2022,10,regular,margin,1.924,0.530,1.000
401403938,2022,10,regular,total,5.057,0.618,1.000
401404027,2022,10,regular,margin,2.002,0.564,1.000
401404027,2022,10,regular,total,6.983,0.655,1.000
401404028,2022,10,regular,margin,1.935,0.580,0.000
401404028,2022,10,regular,total,7.627,0.674,0.000
401404029,2022,10,regular,margin,5.328,0.619,1.000
401404029,2022,10,regular,total,3.919,0.592,0.000
401404030,2022,10,regular,margin,9.252,0.721,0.000
401404030,2022,10,regular,total,3.168,0.574,1.000
401404031,2022,10,regular,margin,2.196,0.579,1.000
401404031,2022,10,regular,total,3.243,0.576,0.000
401404032,2022,10,regular,margin,1.429,0.555,0.000
401404032,2022,10,regular,total,2.826,0.565,0.000
401404104,2022,10,regular,margin,2.254,0.557,1.000
401404104,2022,10,regular,total,3.245,0.576,0.000
401404105,2022,10,regular,margin,3.410,0.577,1.000
401404105,2022,10,regular,total,0.609,0.515,0.000
401404106,2022,10,regular,margin,9.228,0.718,0.000
401404106,2022,10,regular,total,2.447,0.558,0.000
401404107,2022,10,regular,margin,3.795,0.615,0.000
401404107,2022,10,regular,total,1.939,0.545,0.000
401404108,2022,10,regular,margin,1.858,0.507,1.000
401404108,2022,10,regular,total,5.594,0.624,1.000
401404130,2022,10,regular,margin,0.287,0.543,1.000
401404130,2022,10,regular,total,8.752,0.699,1.000
401404141,2022,10,regular,margin,0.833,0.512,1.000
401404141,2022,10,regular,total,4.319,0.603,0.000
401404155,2022,10,regular,margin,2.476,0.577,0.000
401404155,2022,10,regular,total,7.493,0.679,0.000
401405127,2022,10,regular,margin,8.470,0.721,1.000
401405127,2022,10,regular,total,4.059,0.597,0.000
401405128,2022,10,regular,margin,6.388,0.659,1.000
401405128,2022,10,regular,total,7.085,0.664,0.000
401405129,2022,10,regular,margin,4.954,0.628,1.000
401405129,2022,10,regular,total,4.639,0.609,0.000
401405130,2022,10,regular,margin,1.817,0.570,1.000
401405130,2022,10,regular,total,8.376,0.687,0.000
401405131,2022,10,regular,margin,0.072,0.517,0.000
401405131,2022,10,regular,total,5.398,0.626,0.000
401405132,2022,10,regular,margin,2.571,0.573,1.000
401405132,2022,10,regular,total,8.203,0.687,1.000
401405133,2022,10,regular,margin,2.910,0.556,0.000
401405133,2022,10,regular,total,2.376,0.557,1.000
401411151,2022,10,regular,margin,4.868,0.641,1.000
401411151,2022,10,regular,total,3.065,0.567,1.000
401411152,2022,10,regular,margin,6.754,0.658,1.000
401411152,2022,10,regular,total,0.492,0.512,0.000
401411153,2022,10,regular,margin,0.060,0.519,0.000
401411153,2022,10,regular,total,1.102,0.526,0.000
401411154,2022,10,regular,margin,2.991,0.594,1.000
401411154,2022,10,regular,total,3.608,0.585,0.000
401411155,2022,10,regular,margin,3.877,0.620,0.000
401411155,2022,10,regular,total,2.999,0.571,0.000
401411156,2022,10,regular,margin,1.223,0.526,1.000
401411156,2022,10,regular,total,2.852,0.567,1.000
401411157,2022,10,regular,margin,0.636,0.539,1.000
401411157,2022,10,regular,total,7.256,0.668,1.000
401415250,2022,10,regular,margin,3.033,0.605,1.000
401415250,2022,10,regular,total,0.039,0.501,0.000
401415251,2022,10,regular,margin,7.381,0.677,1.000
401415251,2022,10,regular,total,3.403,0.581,0.000
401415252,2022,10,regular,margin,1.809,0.564,0.000
401415252,2022,10,regular,total,8.666,0.697,0.000
401415253,2022,10,regular,margin,9.967,0.719,0.000
401415253,2022,10,regular,total,5.176,0.620,0.000
401415254,2022,10,regular,margin,1.872,0.530,0.000
401415254,2022,10,regular,total,0.077,0.501,1.000
401415648,2022,10,regular,margin,0.657,0.552,1.000
401415648,2022,10,regular,total,5.996,0.639,1.000
401415649,2022,10,regular,margin,1.764,0.525,1.000
401415649,2022,10,regular,total,1.086,0.526,0.000
401415650,2022,10,regular,margin,5.176,0.631,1.000
401415650,2022,10,regular,total,5.039,0.619,0.000
401415651,2022,10,regular,margin,2.463,0.544,1.000
401415651,2022,10,regular,total,0.513,0.512,0.000
401415652,2022,10,regular,margin,1.742,0.566,0.000
401415652,2022,10,regular,total,2.666,0.563,0.000
401416632,2022,10,regular,margin,0.858,0.553,1.000
401416632,2022,10,regular,total,0.761,0.512,1.000
401416633,2022,10,regular,margin,2.341,0.559,0.000
401416633,2022,10,regular,total,6.232,0.644,0.000
401416634,2022,10,regular,margin,1.459,0.514,0.000
401416634,2022,10,regular,total,1.498,0.536,1.000
401416635,2022,10,regular,margin,1.118,0.548,1.000
401416635,2022,10,regular,total,4.814,0.613,0.000
401426364,2022,10,regular,margin,2.590,0.583,1.000
401426364,2022,10,regular,total,5.791,0.640,1.000
401426365,2022,10,regular,margin,2.381,0.596,0.000
401426365,2022,10,regular,total,6.858,0.658,0.000
401426366,2022,10,regular,margin,1.437,0.573,0.000
401426366,2022,10,regular,total,1.623,0.539,0.000
401426367,2022,10,regular,margin,1.487,0.574,0.000
401426367,2022,10,regular,total,6.484,0.651,0.000
401426368,2022,10,regular,margin,3.989,0.579,1.000
401426368,2022,10,regular,total,1.591,0.538,1.000
401426369,2022,10,regular,margin,0.728,0.502,0.000
401426369,2022,10,regular,total,4.714,0.611,1.000
401426598,2022,10,regular,margin,1.089,0.523,0.000
401426598,2022,10,regular,total,11.053,0.744,1.000
401426599,2022,10,regular,margin,3.085,0.569,0.000
401426599,2022,10,regular,total,10.077,0.730,0.000
401426600,2022,10,regular,margin,1.838,0.545,0.000
401426600,2022,10,regular,total,0.189,0.504,0.000
401426601,2022,10,regular,margin,3.832,0.621,0.000
401426601,2022,10,regular,total,2.171,0.552,1.000
401426602,2022,10,regular,margin,1.236,0.533,0.000
401426602,2022,10,regular,total,3.741,0.593,0.000
401403939,2022,11,regular,margin,1.083,0.561,1.000
401403939,2022,11,regular,total,0.238,0.506,1.000
401403940,2022,11,regular,margin,2.488,0.544,0.000
401403940,2022,11,regular,total,3.546,0.584,0.000
401403941,2022,11,regular,margin,1.347,0.580,0.000
401403941,2022,11,regular,total,0.447,0.510,1.000
401403942,2022,11,regular,margin,2.132,0.550,1.000
401403942,2022,11,regular,total,3.608,0.586,0.000
401403943,2022,11,regular,margin,2.326,0.530,0.000
401403943,2022,11,regular,total,1.812,0.543,1.000
401403944,2022,11,regular,margin,0.083,0.527,1.000
401403944,2022,11,regular,total,0.185,0.505,1.000
401403945,2022,11,regular,margin,0.260,0.519,1.000
401403945,2022,11,regular,total,1.747,0.541,0.000
401404033,2022,11,regular,margin,8.666,0.713,0.000
401404033,2022,11,regular,total,6.704,0.655,0.000
401404034,2022,11,regular,margin,3.547,0.573,1.000
401404034,2022,11,regular,total,10.490,0.733,1.000
401404035,2022,11,regular,margin,1.456,0.514,1.000
401404035,2022,11,regular,total,9.694,0.717,1.000
401404036,2022,11,regular,margin,1.709,0.576,0.000
401404036,2022,11,regular,total,3.348,0.579,1.000
401404037,2022,11,regular,margin,3.091,0.604,1.000
401404037,2022,11,regular,total,9.838,0.720,1.000
401404038,2022,11,regular,margin,4.014,0.590,0.000
401404038,2022,11,regular,total,0.032,0.501,0.000
401404109,2022,11,regular,margin,2.523,0.543,1.000
401404109,2022,11,regular,total,1.406,0.528,0.000
401404110,2022,11,regular,margin,3.139,0.575,1.000
401404110,2022,11,regular,total,4.312,0.602,0.000
401404111,2022,11,regular,margin,0.788,0.543,0.000
401404111,2022,11,regular,total,2.849,0.567,0.000
401404112,2022,11,regular,margin,1.140,0.576,1.000
401404112,2022,11,regular,total,4.271,0.600,1.000
401404113,2022,11,regular,margin,0.430,0.560,1.000
401404113,2022,11,regular,total,5.083,0.613,1.000
401404131,2022,11,regular,margin,1.488,0.569,0.000
401404131,2022,11,regular,total,6.751,0.657,1.000
401404142,2022,11,regular,margin,0.181,0.545,1.000
401404142,2022,11,regular,total,0.066,0.503,0.000
401404156,2022,11,regular,margin,0.595,0.524,0.000
401404156,2022,11,regular,total,3.556,0.585,1.000
401405134,2022,11,regular,margin,0.673,0.504,0.000
401405134,2022,11,regular,total,3.515,0.584,1.000
401405135,2022,11,regular,margin,0.799,0.540,1.000
401405135,2022,11,regular,total,6.369,0.651,0.000
401405136,2022,11,regular,margin,3.873,0.598,0.000
401405136,2022,11,regular,total,4.000,0.596,0.000
401405137,2022,11,regular,margin,4.820,0.619,0.000
401405137,2022,11,regular,total,5.974,0.639,0.000
401405138,2022,11,regular,margin,3.800,0.573,0.000
401405138,2022,11,regular,total,7.843,0.680,1.000
401405139,2022,11,regular,margin,5.565,0.641,0.000
401405139,2022,11,regular,total,0.173,0.504,0.000
401405140,2022,11,regular,margin,1.794,0.512,1.000
401405140,2022,11,regular,total,0.920,0.522,0.000
401411158,2022,11,regular,margin,2.574,0.597,0.000
401411158,2022,11,regular,total,1.817,0.543,0.000
401411159,2022,11,regular,margin,0.849,0.553,0.000
401411159,2022,11,regular,total,4.872,0.614,0.000
401411160,2022,11,regular,margin,1.238,0.511,1.000
401411160,2022,11,regular,total,5.763,0.635,1.000
401411161,2022,11,regular,margin,3.225,0.580,1.000
401411161,2022,11,regular,total,4.454,0.606,0.500
401411162,2022,11,regular,margin,1.726,0.580,0.000
401411162,2022,11,regular,total,1.450,0.529,0.000
401411163,2022,11,regular,margin,1.361,0.562,0.000
401411163,2022,11,regular,total,9.600,0.716,1.000
401411164,2022,11,regular,margin,2.219,0.579,1.000
401411164,2022,11,regular,total,9.544,0.714,1.000
401414784,2022,11,regular,margin,2.964,0.579,1.000
401414784,2022,11,regular,total,0.480,0.512,1.000
401415255,2022,11,regular,margin,5.531,0.614,0.000
401415255,2022,11,regular,total,4.028,0.595,0.000
401415256,2022,11,regular,margin,1.819,0.527,0.000
401415256,2022,11,regular,total,2.835,0.566,1.000
401415257,2022,11,regular,margin,0.156,0.540,1.000
401415257,2022,11,regular,total,3.293,0.578,1.000
401415258,2022,11,regular,margin,2.988,0.623,1.000
401415258,2022,11,regular,total,7.617,0.675,0.000
401415259,2022,11,regular,margin,1.422,0.582,1.000
401415259,2022,11,regular,total,7.084,0.663,0.000
401415260,2022,11,regular,margin,0.042,0.508,1.000
401415260,2022,11,regular,total,3.572,0.586,1.000
401415653,2022,11,regular,margin,3.850,0.584,1.000
401415653,2022,11,regular,total,1.767,0.542,0.000
401415654,2022,11,regular,margin,0.609,0.539,1.000
401415654,2022,11,regular,total,0.345,0.509,1.000
401415655,2022,11,regular,margin,4.612,0.600,1.000
401415655,2022,11,regular,total,1.482,0.535,1.000
401415656,2022,11,regular,margin,3.257,0.565,0.000
401415656,2022,11,regular,total,1.057,0.525,1.000
401415657,2022,11,regular,margin,3.757,0.577,1.000
401415657,2022,11,regular,total,3.402,0.580,0.000
401416636,2022,11,regular,margin,0.210,0.505,0.000
401416636,2022,11,regular,total,6.024,0.640,0.000
401416637,2022,11,regular,margin,1.135,0.502,0.000
401416637,2022,11,regular,total,0.760,0.524,0.000
401416638,2022,11,regular,margin,3.986,0.604,0.000
401416638,2022,11,regular,total,3.626,0.584,0.000
401416639,2022,11,regular,margin,0.970,0.507,1.000
401416639,2022,11,regular,total,4.382,0.603,0.000
401416640,2022,11,regular,margin,4.198,0.579,0.000
401416640,2022,11,regular,total,0.993,0.524,1.000
401416641,2022,11,regular,margin,4.609,0.611,0.000
401416641,2022,11,regular,total,0.731,0.523,0.000
401426370,2022,11,regular,margin,1.695,0.565,0.000
401426370,2022,11,regular,total,4.144,0.597,1.000
401426371,2022,11,regular,margin,6.306,0.643,0.000
401426371,2022,11,regular,total,3.453,0.582,1.000
401426372,2022,11,regular,margin,1.745,0.545,0.000
401426372,2022,11,regular,total,1.273,0.530,0.000
401426373,2022,11,regular,margin,2.408,0.569,1.000
401426373,2022,11,regular,total,4.721,0.611,1.000
401426374,2022,11,regular,margin,5.154,0.681,0.000
401426374,2022,11,regular,total,4.980,0.617,0.000
401426375,2022,11,regular,margin,3.915,0.604,0.000
401426375,2022,11,regular,total,1.949,0.547,1.000
401426603,2022,11,regular,margin,0.090,0.529,0.500
401426603,2022,11,regular,total,7.122,0.664,1.000
401426604,2022,11,regular,margin,3.039,0.567,0.000
401426604,2022,11,regular,total,0.037,0.501,1.000
401426605,2022,11,regular,margin,0.441,0.516,1.000
401426605,2022,11,regular,total,2.374,0.550,1.000
401426606,2022,11,regular,margin,6.464,0.677,0.000
401426606,2022,11,regular,total,8.543,0.693,0.000
401426607,2022,11,regular,margin,8.204,0.711,1.000
401426607,2022,11,regular,total,3.973,0.593,1.000
401403947,2022,12,regular,margin,0.363,0.509,1.000
401403947,2022,12,regular,total,4.637,0.608,0.000
401403949,2022,12,regular,margin,1.109,0.502,0.000
401403949,2022,12,regular,total,2.620,0.560,1.000
401403952,2022,12,regular,margin,3.904,0.596,0.000
401403952,2022,12,regular,total,1.837,0.544,1.000
401403953,2022,12,regular,margin,2.003,0.523,1.000
401403953,2022,12,regular,total,3.639,0.585,0.000
401403954,2022,12,regular,margin,1.039,0.522,1.000
401403954,2022,12,regular,total,1.358,0.533,0.000
401403955,2022,12,regular,margin,0.137,0.510,0.000
401403955,2022,12,regular,total,1.276,0.530,1.000
401404039,2022,12,regular,margin,2.083,0.521,1.000
401404039,2022,12,regular,total,8.115,0.685,1.000
401404040,2022,12,regular,margin,0.027,0.551,0.000
401404040,2022,12,regular,total,2.776,0.565,1.000
401404041,2022,12,regular,margin,0.564,0.534,0.000
401404041,2022,12,regular,total,5.261,0.623,1.000
401404042,2022,12,regular,margin,6.225,0.654,0.000
401404042,2022,12,regular,total,1.957,0.546,0.000
401404043,2022,12,regular,margin,2.734,0.550,0.000
401404043,2022,12,regular,total,0.307,0.507,0.000
401404044,2022,12,regular,margin,1.342,0.535,0.000
401404044,2022,12,regular,total,11.104,0.745,0.000
401404114,2022,12,regular,margin,0.576,0.508,0.000
401404114,2022,12,regular,total,3.164,0.574,1.000
401404115,2022,12,regular,margin,1.749,0.523,0.000
401404115,2022,12,regular,total,3.010,0.572,0.000
401404116,2022,12,regular,margin,1.719,0.508,1.000
401404116,2022,12,regular,total,6.722,0.655,0.000
401404117,2022,12,regular,margin,5.346,0.593,1.000
401404117,2022,12,regular,total,1.126,0.526,0.000
401404118,2022,12,regular,margin,4.300,0.640,0.000
401404118,2022,12,regular,total,4.159,0.597,1.000
401404132,2022,12,regular,margin,3.046,0.559,0.000
401404132,2022,12,regular,total,6.502,0.651,1.000
401404143,2022,12,regular,margin,2.947,0.614,0.000
401404143,2022,12,regular,total,1.919,0.547,1.000
401404165,2022,12,regular,margin,2.867,0.611,1.000
401404165,2022,12,regular,total,5.110,0.614,0.000
401405141,2022,12,regular,margin,0.274,0.529,0.000
401405141,2022,12,regular,total,7.323,0.675,0.000
401405142,2022,12,regular,margin,1.945,0.584,1.000
401405142,2022,12,regular,total,7.651,0.676,0.000
401405143,2022,12,regular,margin,5.908,0.650,1.000
401405143,2022,12,regular,total,7.826,0.679,0.000
401405144,2022,12,regular,margin,4.060,0.590,1.000
401405144,2022,12,regular,total,4.808,0.612,0.000
401405145,2022,12,regular,margin,0.331,0.500,0.000
401405145,2022,12,regular,total,5.089,0.620,0.000
401405146,2022,12,regular,margin,0.720,0.503,1.000
401405146,2022,12,regular,total,9.278,0.704,1.000
401405147,2022,12,regular,margin,1.824,0.574,1.000
401405147,2022,12,regular,total,5.857,0.637,1.000
401411165,2022,12,regular,margin,2.214,0.548,0.000
401411165,2022,12,regular,total,5.613,0.631,1.000
401411166,2022,12,regular,margin,2.230,0.545,0.000
401411166,2022,12,regular,total,2.545,0.560,1.000
401411167,2022,12,regular,margin,3.024,0.557,1.000
401411167,2022,12,regular,total,4.124,0.598,0.000
401411168,2022,12,regular,margin,4.365,0.609,1.000
401411168,2022,12,regular,total,1.839,0.543,1.000
401411169,2022,12,regular,margin,1.050,0.540,1.000
401411169,2022,12,regular,total,4.113,0.597,1.000
401411171,2022,12,regular,margin,3.011,0.605,0.000
401411171,2022,12,regular,total,2.182,0.551,0.000
401415261,2022,12,regular,margin,3.606,0.588,1.000
401415261,2022,12,regular,total,3.329,0.579,0.000
401415262,2022,12,regular,margin,5.164,0.628,1.000
401415262,2022,12,regular,total,0.752,0.515,1.000
401415263,2022,12,regular,margin,8.937,0.695,0.000
401415263,2022,12,regular,total,0.906,0.522,1.000
401415264,2022,12,regular,margin,1.881,0.542,0.000
401415264,2022,12,regular,total,7.514,0.675,1.000
401415265,2022,12,regular,margin,4.407,0.592,0.000
401415265,2022,12,regular,total,6.793,0.657,1.000
401415266,2022,12,regular,margin,3.378,0.617,1.000
401415266,2022,12,regular,total,0.655,0.515,1.000
401415658,2022,12,regular,margin,0.808,0.543,0.000
401415658,2022,12,regular,total,1.514,0.536,0.000
401415659,2022,12,regular,margin,5.577,0.640,1.000
401415659,2022,12,regular,total,2.241,0.553,1.000
401415660,2022,12,regular,margin,1.493,0.553,1.000
401415660,2022,12,regular,total,5.571,0.629,1.000
401415661,2022,12,regular,margin,1.390,0.527,0.000
401415661,2022,12,regular,total,1.116,0.526,1.000
401415663,2022,12,regular,margin,5.311,0.613,0.000
401415663,2022,12,regular,total,3.049,0.572,0.000
401416642,2022,12,regular,margin,1.437,0.522,0.000
401416642,2022,12,regular,total,10.181,0.727,1.000
401416643,2022,12,regular,margin,0.171,0.531,0.000
401416643,2022,12,regular,total,1.217,0.529,1.000
401416644,2022,12,regular,margin,0.349,0.540,1.000
401416644,2022,12,regular,total,1.264,0.530,1.000
401416645,2022,12,regular,margin,3.414,0.621,1.000
401416645,2022,12,regular,total,2.495,0.565,0.000
401416646,2022,12,regular,margin,2.347,0.580,0.000
401416646,2022,12,regular,total,4.397,0.604,1.000
401426376,2022,12,regular,margin,3.432,0.591,1.000
401426376,2022,12,regular,total,6.833,0.658,0.000
401426377,2022,12,regular,margin,0.809,0.544,0.000
401426377,2022,12,regular,total,0.162,0.503,1.000
401426378,2022,12,regular,margin,2.484,0.596,1.000
401426378,2022,12,regular,total,4.413,0.603,1.000
401426379,2022,12,regular,margin,2.823,0.625,1.000
401426379,2022,12,regular,total,4.595,0.608,1.000
401426380,2022,12,regular,margin,1.894,0.564,1.000
401426380,2022,12,regular,total,2.108,0.550,0.000
401426381,2022,12,regular,margin,1.497,0.551,0.000
401426381,2022,12,regular,total,1.732,0.542,1.000
401426608,2022,12,regular,margin,1.834,0.554,1.000
401426608,2022,12,regular,total,2.688,0.563,1.000
401426609,2022,12,regular,margin,2.452,0.573,0.000
401426609,2022,12,regular,total,1.372,0.533,0.000
401426610,2022,12,regular,margin,0.693,0.544,1.000
401426610,2022,12,regular,total,3.508,0.583,1.000
401426611,2022,12,regular,margin,4.503,0.625,1.000
401426611,2022,12,regular,total,0.316,0.508,0.000
401426612,2022,12,regular,margin,1.634,0.534,1.000
401426612,2022,12,regular,total,1.787,0.541,0.000
401426613,2022,12,regular,margin,4.157,0.625,0.000
401426613,2022,12,regular,total,2.158,0.551,1.000
401403956,2022,13,regular,margin,1.083,0.506,1.000
401403956,2022,13,regular,total,1.844,0.544,0.000
401403957,2022,13,regular,margin,1.905,0.533,0.500
401403957,2022,13,regular,total,5.031,0.618,1.000
401403958,2022,13,regular,margin,0.876,0.554,1.000
401403958,2022,13,regular,total,0.939,0.522,1.000
401403959,2022,13,regular,margin,3.727,0.600,1.000
401403959,2022,13,regular,total,0.560,0.512,0.000
401403960,2022,13,regular,margin,5.571,0.666,0.000
401403960,2022,13,regular,total,1.981,0.549,0.000
401403961,2022,13,regular,margin,1.374,0.517,0.000
401403961,2022,13,regular,total,0.177,0.504,0.000
401403962,2022,13,regular,margin,2.810,0.583,1.000
401403962,2022,13,regular,total,3.228,0.576,1.000
401403963,2022,13,regular,margin,2.157,0.590,1.000
401403963,2022,13,regular,total,0.496,0.513,1.000
401403964,2022,13,regular,margin,6.975,0.681,1.000
401403964,2022,13,regular,total,1.622,0.538,0.000
401404045,2022,13,regular,margin,0.263,0.530,1.000
401404045,2022,13,regular,total,7.630,0.675,0.000
401404046,2022,13,regular,margin,3.691,0.620,1.000
401404046,2022,13,regular,total,2.751,0.565,0.000
401404047,2022,13,regular,margin,0.931,0.505,0.000
401404047,2022,13,regular,total,1.139,0.527,0.000
401404048,2022,13,regular,margin,1.290,0.528,0.000
401404048,2022,13,regular,total,1.102,0.526,1.000
401404049,2022,13,regular,margin,3.545,0.611,0.000
401404049,2022,13,regular,total,3.553,0.583,0.000
401404051,2022,13,regular,margin,2.687,0.570,0.000
401404051,2022,13,regular,total,6.056,0.640,0.000
401404119,2022,13,regular,margin,1.741,0.516,1.000
401404119,2022,13,regular,total,0.290,0.513,0.000
401404120,2022,13,regular,margin,1.793,0.575,0.000
401404120,2022,13,regular,total,0.141,0.504,1.000
401404121,2022,13,regular,margin,6.857,0.659,1.000
401404121,2022,13,regular,total,5.586,0.630,0.000
401404122,2022,13,regular,margin,0.994,0.539,1.000
401404122,2022,13,regular,total,3.990,0.594,0.000
401404123,2022,13,regular,margin,2.675,0.553,0.000
401404123,2022,13,regular,total,1.531,0.542,0.000
401404133,2022,13,regular,margin,3.718,0.623,0.000
401404133,2022,13,regular,total,2.304,0.548,0.000
401404144,2022,13,regular,margin,6.196,0.628,0.000
401404144,2022,13,regular,total,0.395,0.508,0.000
401404166,2022,13,regular,margin,0.818,0.505,1.000
401404166,2022,13,regular,total,2.983,0.571,1.000
401405148,2022,13,regular,margin,2.220,0.527,0.000
401405148,2022,13,regular,total,7.708,0.678,1.000
401405149,2022,13,regular,margin,4.648,0.610,0.000
401405149,2022,13,regular,total,7.933,0.683,1.000
401405150,2022,13,regular,margin,1.726,0.547,1.000
401405150,2022,13,regular,total,4.420,0.607,1.000
401405151,2022,13,regular,margin,3.952,0.635,0.000
401405151,2022,13,regular,total,6.001,0.639,0.000
401405152,2022,13,regular,margin,0.103,0.518,0.000
401405152,2022,13,regular,total,3.245,0.577,0.000
401405153,2022,13,regular,margin,0.819,0.556,1.000
401405153,2022,13,regular,total,1.119,0.527,1.000
401405154,2022,13,regular,margin,0.850,0.511,0.500
401405154,2022,13,regular,total,1.352,0.532,0.000
401411172,2022,13,regular,margin,2.597,0.580,1.000
401411172,2022,13,regular,total,0.091,0.502,1.000
401411173,2022,13,regular,margin,3.529,0.630,1.000
401411173,2022,13,regular,total,1.159,0.526,0.000
401411174,2022,13,regular,margin,1.516,0.557,1.000
401411174,2022,13,regular,total,4.206,0.599,1.000
401411175,2022,13,regular,margin,0.878,0.515,0.000
401411175,2022,13,regular,total,7.740,0.678,1.000
401415267,2022,13,regular,margin,0.600,0.523,0.000
401415267,2022,13,regular,total,1.867,0.541,1.000
401415268,2022,13,regular,margin,1.052,0.527,0.000
401415268,2022,13,regular,total,7.856,0.682,0.000
401415269,2022,13,regular,margin,1.891,0.543,0.000
401415269,2022,13,regular,total,3.449,0.581,1.000
401415270,2022,13,regular,margin,4.826,0.636,0.000
401415270,2022,13,regular,total,2.594,0.562,0.000
401415271,2022,13,regular,margin,1.945,0.539,0.000
401415271,2022,13,regular,total,0.328,0.508,0.000
401415272,2022,13,regular,margin,4.455,0.631,1.000
401415272,2022,13,regular,total,3.349,0.579,0.500
401415664,2022,13,regular,margin,2.259,0.589,1.000
401415664,2022,13,regular,total,0.056,0.502,1.000
401415665,2022,13,regular,margin,1.244,0.548,0.000
401415665,2022,13,regular,total,6.578,0.653,1.000
401415666,2022,13,regular,margin,2.821,0.595,1.000
401415666,2022,13,regular,total,0.661,0.516,0.000
401415667,2022,13,regular,margin,1.178,0.503,0.000
401415667,2022,13,regular,total,5.647,0.631,0.000
401415668,2022,13,regular,margin,1.211,0.524,0.000
401415668,2022,13,regular,total,4.640,0.608,0.500
401416648,2022,13,regular,margin,3.318,0.608,0.000
401416648,2022,13,regular,total,3.955,0.594,0.000
401416649,2022,13,regular,margin,5.064,0.615,1.000
401416649,2022,13,regular,total,2.672,0.563,0.000
401416650,2022,13,regular,margin,0.625,0.503,1.000
401416650,2022,13,regular,total,1.423,0.533,0.000
401416651,2022,13,regular,margin,1.970,0.597,1.000
401416651,2022,13,regular,total,3.678,0.587,0.000
401416652,2022,13,regular,margin,5.028,0.607,0.000
401416652,2022,13,regular,total,2.252,0.553,1.000
401416653,2022,13,regular,margin,0.461,0.512,1.000
401416653,2022,13,regular,total,5.861,0.636,1.000
401426382,2022,13,regular,margin,0.320,0.529,1.000
401426382,2022,13,regular,total,3.308,0.578,0.000
401426383,2022,13,regular,margin,12.160,0.799,0.000
401426383,2022,13,regular,total,1.665,0.540,1.000
401426384,2022,13,regular,margin,3.239,0.580,0.000
401426384,2022,13,regular,total,3.437,0.582,1.000
401426385,2022,13,regular,margin,0.718,0.537,0.000
401426385,2022,13,regular,total,3.608,0.585,0.000
401426386,2022,13,regular,margin,0.148,0.533,0.000
401426386,2022,13,regular,total,7.160,0.665,1.000
401426389,2022,13,regular,margin,6.004,0.653,1.000
401426389,2022,13,regular,total,2.517,0.560,0.500
401426390,2022,13,regular,margin,0.182,0.518,1.000
401426390,2022,13,regular,total,5.679,0.633,1.000
401426614,2022,13,regular,margin,2.876,0.545,1.000
401426614,2022,13,regular,total,1.746,0.541,1.000
401426615,2022,13,regular,margin,0.048,0.550,1.000
401426615,2022,13,regular,total,3.986,0.599,0.000
401426616,2022,13,regular,margin,6.469,0.646,1.000
401426616,2022,13,regular,total,0.844,0.520,0.000
401426617,2022,13,regular,margin,2.235,0.544,0.000
401426617,2022,13,regular,total,2.794,0.571,1.000
401426618,2022,13,regular,margin,2.633,0.579,0.000
401426618,2022,13,regular,total,2.362,0.555,0.000
401437008,2022,14,regular,margin,0.867,0.545,0.000
401437008,2022,14,regular,total,1.187,0.528,0.000
401437009,2022,14,regular,margin,1.240,0.526,0.000
401437009,2022,14,regular,total,3.794,0.589,1.000
401437030,2022,14,regular,margin,1.533,0.556,0.000
401437030,2022,14,regular,total,5.968,0.638,1.000
401437031,2022,14,regular,margin,2.235,0.564,1.000
401437031,2022,14,regular,total,3.239,0.576,0.000
401437032,2022,14,regular,margin,1.806,0.506,1.000
401437032,2022,14,regular,total,11.936,0.760,0.000
401437033,2022,14,regular,margin,5.600,0.675,0.000
401437033,2022,14,regular,total,3.713,0.587,0.000
401437034,2022,14,regular,margin,2.229,0.557,0.000
401437034,2022,14,regular,total,0.874,0.520,1.000
401437035,2022,14,regular,margin,6.522,0.636,1.000
401437035,2022,14,regular,total,6.862,0.653,0.000
401437036,2022,14,regular,margin,3.091,0.576,0.000
401437036,2022,14,regular,total,1.763,0.541,0.000
401437037,2022,14,regular,margin,0.015,0.512,0.000
401437037,2022,14,regular,total,0.706,0.516,0.000
401506450,2022,14,regular,margin,0.349,0.512,1.000
401506450,2022,14,regular,total,1.372,0.532,1.000
401404145,2022,15,regular,margin,2.298,0.561,1.000
401404145,2022,15,regular,total,12.439,0.773,1.000
401520145,2023,1,regular,margin,9.831,0.740,1.000
401520145,2023,1,regular,total,1.227,0.536,0.000
401520146,2023,1,regular,margin,4.129,0.633,1.000
401520146,2023,1,regular,total,5.545,0.631,0.000
401520147,2023,1,regular,margin,3.266,0.574,1.000
401520147,2023,1,regular,total,2.002,0.554,1.000
401520148,2023,1,regular,margin,1.917,0.500,0.000
401520148,2023,1,regular,total,3.907,0.594,0.000
401520149,2023,1,regular,margin,6.715,0.661,0.000
401520149,2023,1,regular,total,8.774,0.706,1.000
401520151,2023,1,regular,margin,6.164,0.647,0.000
401520151,2023,1,regular,total,5.862,0.638,1.000
401520152,2023,1,regular,margin,16.145,0.840,1.000
401520152,2023,1,regular,total,9.029,0.707,0.000
401520155,2023,1,regular,margin,1.500,0.505,0.000
401520155,2023,1,regular,total,3.121,0.575,1.000
401520156,2023,1,regular,margin,4.862,0.606,1.000
401520156,2023,1,regular,total,4.081,0.597,0.000
401520157,2023,1,regular,margin,4.920,0.598,1.000
401520157,2023,1,regular,total,8.213,0.690,0.000
401520159,2023,1,regular,margin,4.374,0.588,0.000
401520159,2023,1,regular,total,1.250,0.523,0.000
401520160,2023,1,regular,margin,0.140,0.531,0.000
401520160,2023,1,regular,total,7.602,0.676,1.000
401520162,2023,1,regular,margin,10.291,0.744,1.000
401520162,2023,1,regular,total,0.365,0.508,1.000
401520163,2023,1,regular,margin,2.441,0.556,1.000
401520163,2023,1,regular,total,9.842,0.723,0.000
401520167,2023,1,regular,margin,2.307,0.537,0.000
401520167,2023,1,regular,total,2.631,0.563,1.000
401520169,2023,1,regular,margin,3.526,0.564,0.000
401520169,2023,1,regular,total,10.791,0.742,1.000
401520170,2023,1,regular,margin,0.596,0.541,1.000
401520170,2023,1,regular,total,6.572,0.654,1.000
401520171,2023,1,regular,margin,8.763,0.721,0.000
401520171,2023,1,regular,total,13.175,0.787,0.000
401520172,2023,1,regular,margin,3.782,0.572,0.000
401520172,2023,1,regular,total,0.480,0.517,1.000
401520173,2023,1,regular,margin,8.485,0.711,0.000
401520173,2023,1,regular,total,1.504,0.543,1.000
401520174,2023,1,regular,margin,1.402,0.535,1.000
401520174,2023,1,regular,total,0.684,0.517,0.000
401520175,2023,1,regular,margin,4.309,0.653,1.000
401520175,2023,1,regular,total,4.374,0.598,0.000
401520176,2023,1,regular,margin,3.266,0.562,1.000
401520176,2023,1,regular,total,13.484,0.792,0.000
401520179,2023,1,regular,margin,7.305,0.657,0.000
401520179,2023,1,regular,total,0.416,0.510,1.000
401520180,2023,1,regular,margin,7.360,0.661,1.000
401520180,2023,1,regular,total,3.404,0.581,0.000
401520181,2023,1,regular,margin,4.933,0.631,0.000
401520181,2023,1,regular,total,5.463,0.629,1.000
401520182,2023,1,regular,margin,1.170,0.527,0.000
401520182,2023,1,regular,total,1.786,0.543,0.000
401523986,2023,1,regular,margin,9.288,0.713,1.000
401523986,2023,1,regular,total,8.078,0.686,0.000
401523988,2023,1,regular,margin,7.766,0.686,1.000
401523988,2023,1,regular,total,2.201,0.553,1.000
401523990,2023,1,regular,margin,1.315,0.508,0.000
401523990,2023,1,regular,total,8.934,0.699,0.000
401523991,2023,1,regular,margin,1.233,0.553,0.000
401523991,2023,1,regular,total,2.063,0.550,1.000
401523994,2023,1,regular,margin,0.268,0.532,0.000
401523994,2023,1,regular,total,5.440,0.628,0.000
401523995,2023,1,regular,margin,0.631,0.523,1.000
401523995,2023,1,regular,total,4.913,0.616,1.000
401523996,2023,1,regular,margin,4.691,0.611,0.000
401523996,2023,1,regular,total,1.445,0.535,0.000
401523997,2023,1,regular,margin,4.924,0.637,0.000
401523997,2023,1,regular,total,3.673,0.587,0.000
401525434,2023,1,regular,margin,0.936,0.504,1.000
401525434,2023,1,regular,total,4.527,0.606,1.000
401525450,2023,1,regular,margin,1.270,0.513,1.000
401525450,2023,1,regular,total,4.884,0.616,1.000
401525462,2023,1,regular,margin,3.515,0.640,1.000
401525462,2023,1,regular,total,1.402,0.534,1.000
401525463,2023,1,regular,margin,1.717,0.535,0.000
401525463,2023,1,regular,total,3.619,0.581,0.000
401525464,2023,1,regular,margin,0.097,0.540,1.000
401525464,2023,1,regular,total,5.634,0.633,1.000
401525467,2023,1,regular,margin,2.957,0.574,0.000
401525467,2023,1,regular,total,2.896,0.570,1.000
401525468,2023,1,regular,margin,4.753,0.628,1.000
401525468,2023,1,regular,total,1.283,0.531,0.000
401525816,2023,1,regular,margin,9.353,0.716,0.000
401525816,2023,1,regular,total,6.056,0.642,1.000
401525817,2023,1,regular,margin,1.699,0.504,1.000
401525817,2023,1,regular,total,4.784,0.607,0.000
401525819,2023,1,regular,margin,2.006,0.561,1.000
401525819,2023,1,regular,total,2.729,0.565,0.000
401525822,2023,1,regular,margin,9.872,0.727,0.000
401525822,2023,1,regular,total,2.632,0.563,1.000
401525824,2023,1,regular,margin,5.019,0.626,1.000
401525824,2023,1,regular,total,4.018,0.595,1.000
401525825,2023,1,regular,margin,0.236,0.505,1.000
401525825,2023,1,regular,total,3.628,0.587,1.000
401531347,2023,1,regular,margin,0.799,0.542,0.000
401531347,2023,1,regular,total,0.244,0.505,0.000
401531387,2023,1,regular,margin,0.028,0.521,1.000
401531387,2023,1,regular,total,0.780,0.518,1.000
401532392,2023,1,regular,margin,0.141,0.501,1.000
401532392,2023,1,regular,total,0.408,0.510,0.000
401532573,2023,1,regular,margin,5.391,0.629,0.000
401532573,2023,1,regular,total,3.282,0.572,0.000
401551469,2023,1,postseason,margin,7.233,0.705,1.000
401551469,2023,1,postseason,total,3.147,0.581,1.000
401551731,2023,1,postseason,margin,3.567,0.611,1.000
401551731,2023,1,postseason,total,7.705,0.685,0.000
401551732,2023,1,postseason,margin,2.134,0.575,1.000
401551732,2023,1,postseason,total,4.681,0.610,1.000
401551733,2023,1,postseason,margin,6.453,0.675,1.000
401551733,2023,1,postseason,total,2.727,0.566,1.000
401551735,2023,1,postseason,margin,1.551,0.514,0.000
401551735,2023,1,postseason,total,4.335,0.609,1.000
401551737,2023,1,postseason,margin,3.150,0.546,0.000
401551737,2023,1,postseason,total,0.327,0.502,1.000
401551739,2023,1,postseason,margin,5.816,0.668,1.000
401551739,2023,1,postseason,total,0.050,0.505,1.000
401551741,2023,1,postseason,margin,2.460,0.565,1.000
401551741,2023,1,postseason,total,0.539,0.519,0.000
401551742,2023,1,postseason,margin,11.165,0.755,0.000
401551742,2023,1,postseason,total,0.703,0.515,0.000
401551743,2023,1,postseason,margin,2.134,0.531,1.000
401551743,2023,1,postseason,total,6.142,0.650,1.000
401551744,2023,1,postseason,margin,0.468,0.510,1.000
401551744,2023,1,postseason,total,4.081,0.598,0.000
401551746,2023,1,postseason,margin,0.085,0.549,1.000
401551746,2023,1,postseason,total,0.722,0.518,0.000
401551748,2023,1,postseason,margin,8.465,0.740,0.000
401551748,2023,1,postseason,total,1.565,0.537,0.000
401551749,2023,1,postseason,margin,13.558,0.822,0.000
401551749,2023,1,postseason,total,4.110,0.598,0.000
401551750,2023,1,postseason,margin,5.245,0.636,0.000
401551750,2023,1,postseason,total,9.440,0.720,0.000
401551751,2023,1,postseason,margin,1.490,0.576,1.000
401551751,2023,1,postseason,total,2.485,0.559,0.000
401551752,2023,1,postseason,margin,7.688,0.718,0.000
401551752,2023,1,postseason,total,1.338,0.527,1.000
401551753,2023,1,postseason,margin,3.005,0.602,0.000
401551753,2023,1,postseason,total,3.833,0.591,0.000
401551754,2023,1,postseason,margin,0.476,0.511,1.000
401551754,2023,1,postseason,total,8.175,0.688,1.000
401551755,2023,1,postseason,margin,30.647,0.980,1.000
401551755,2023,1,postseason,total,6.723,0.663,1.000
401551756,2023,1,postseason,margin,2.668,0.590,1.000
401551756,2023,1,postseason,total,3.477,0.590,1.000
401551757,2023,1,postseason,margin,5.628,0.597,1.000
401551757,2023,1,postseason,total,6.369,0.649,0.000
401551758,2023,1,postseason,margin,11.862,0.798,0.000
401551758,2023,1,postseason,total,2.419,0.559,1.000
401551761,2023,1,postseason,margin,5.537,0.663,0.000
401551761,2023,1,postseason,total,3.390,0.587,0.000
401551762,2023,1,postseason,margin,9.760,0.735,0.000
401551762,2023,1,postseason,total,8.871,0.709,1.000
401551764,2023,1,postseason,margin,6.324,0.636,1.000
401551764,2023,1,postseason,total,1.712,0.542,0.000
401551765,2023,1,postseason,margin,9.554,0.730,0.000
401551765,2023,1,postseason,total,7.647,0.677,1.000
401551766,2023,1,postseason,margin,0.718,0.519,1.000
401551766,2023,1,postseason,total,2.655,0.565,1.000
401551767,2023,1,postseason,margin,21.498,0.937,1.000
401551767,2023,1,postseason,total,2.015,0.548,1.000
401551768,2023,1,postseason,margin,4.982,0.603,0.000
401551768,2023,1,postseason,total,2.637,0.562,1.000
401551769,2023,1,postseason,margin,5.950,0.634,0.000
401551769,2023,1,postseason,total,0.750,0.518,1.000
401551770,2023,1,postseason,margin,3.650,0.629,1.000
401551770,2023,1,postseason,total,4.083,0.597,0.000
401551773,2023,1,postseason,margin,17.699,0.861,0.000
401551773,2023,1,postseason,total,3.321,0.580,1.000
401551778,2023,1,postseason,margin,5.548,0.617,0.000
401551778,2023,1,postseason,total,2.103,0.550,0.000
401551780,2023,1,postseason,margin,2.531,0.540,1.000
401551780,2023,1,postseason,total,6.244,0.649,0.000
401551782,2023,1,postseason,margin,2.162,0.561,1.000
401551782,2023,1,postseason,total,8.562,0.697,1.000
401551786,2023,1,postseason,margin,1.749,0.565,1.000
401551786,2023,1,postseason,total,3.252,0.578,1.000
401551788,2023,1,postseason,margin,2.629,0.530,0.000
401551788,2023,1,postseason,total,4.399,0.604,0.000
401551789,2023,1,postseason,margin,4.193,0.586,1.000
401551789,2023,1,postseason,total,1.104,0.526,1.000
401551798,2023,1,postseason,margin,1.520,0.521,1.000
401551798,2023,1,postseason,total,12.322,0.771,1.000
401554566,2023,1,postseason,margin,5.390,0.666,1.000
401554566,2023,1,postseason,total,5.713,0.635,0.000
401581109,2023,1,postseason,margin,5.482,0.670,1.000
401581109,2023,1,postseason,total,5.138,0.616,1.000
401520183,2023,2,regular,margin,3.156,0.546,0.000
401520183,2023,2,regular,total,2.328,0.556,1.000
401520184,2023,2,regular,margin,9.722,0.727,1.000
401520184,2023,2,regular,total,3.932,0.594,0.000
401520186,2023,2,regular,margin,2.796,0.538,0.000
401520186,2023,2,regular,total,3.406,0.581,0.000
401520187,2023,2,regular,margin,10.055,0.745,0.000
401520187,2023,2,regular,total,7.179,0.667,1.000
401520188,2023,2,regular,margin,6.073,0.648,0.000
401520188,2023,2,regular,total,0.724,0.518,0.000
401520189,2023,2,regular,margin,10.351,0.777,1.000
401520189,2023,2,regular,total,6.340,0.649,1.000
401520191,2023,2,regular,margin,5.315,0.638,0.500
401520191,2023,2,regular,total,1.447,0.534,1.000
401520192,2023,2,regular,margin,5.361,0.626,1.000
401520192,2023,2,regular,total,2.302,0.555,0.000
401520194,2023,2,regular,margin,5.973,0.689,0.000
401520194,2023,2,regular,total,4.209,0.605,0.000
401520195,2023,2,regular,margin,3.201,0.603,0.000
401520195,2023,2,regular,total,4.693,0.611,1.000
401520198,2023,2,regular,margin,1.842,0.574,0.000
401520198,2023,2,regular,total,4.076,0.596,1.000
401520200,2023,2,regular,margin,1.637,0.554,0.000
401520200,2023,2,regular,total,8.777,0.701,1.000
401520201,2023,2,regular,margin,0.433,0.530,1.000
401520201,2023,2,regular,total,3.606,0.586,1.000
401520202,2023,2,regular,margin,2.564,0.562,1.000
401520202,2023,2,regular,total,8.557,0.696,1.000
401520204,2023,2,regular,margin,3.645,0.581,1.000
401520204,2023,2,regular,total,3.851,0.590,1.000
401520205,2023,2,regular,margin,1.148,0.563,1.000
401520205,2023,2,regular,total,0.746,0.518,0.000
401520206,2023,2,regular,margin,2.198,0.538,1.000
401520206,2023,2,regular,total,7.459,0.673,0.000
401520207,2023,2,regular,margin,8.316,0.716,1.000
401520207,2023,2,regular,total,8.782,0.702,1.000
401520210,2023,2,regular,margin,0.218,0.555,0.000
401520210,2023,2,regular,total,5.836,0.638,0.000
401520211,2023,2,regular,margin,14.508,0.848,1.000
401520211,2023,2,regular,total,0.937,0.515,1.000
401520214,2023,2,regular,margin,7.246,0.718,0.000
401520214,2023,2,regular,total,6.465,0.651,1.000
401520215,2023,2,regular,margin,0.901,0.539,0.000
401520215,2023,2,regular,total,4.366,0.604,0.000
401520216,2023,2,regular,margin,0.982,0.503,0.000
401520216,2023,2,regular,total,5.126,0.621,0.000
401520217,2023,2,regular,margin,3.369,0.611,1.000
401520217,2023,2,regular,total,6.662,0.655,1.000
401523998,2023,2,regular,margin,1.702,0.544,0.000
401523998,2023,2,regular,total,7.188,0.667,0.000
401523999,2023,2,regular,margin,3.042,0.539,0.500
401523999,2023,2,regular,total,7.681,0.678,0.000
401524001,2023,2,regular,margin,6.642,0.667,0.000
401524001,2023,2,regular,total,1.592,0.539,0.000
401524002,2023,2,regular,margin,3.156,0.543,1.000
401524002,2023,2,regular,total,5.824,0.637,1.000
401524003,2023,2,regular,margin,7.095,0.664,0.000
401524003,2023,2,regular,total,6.232,0.646,1.000
401524004,2023,2,regular,margin,6.716,0.655,1.000
401524004,2023,2,regular,total,2.121,0.551,1.000
401525436,2023,2,regular,margin,1.379,0.573,0.000
401525436,2023,2,regular,total,0.608,0.514,0.000
401525493,2023,2,regular,margin,9.024,0.712,0.000
401525493,2023,2,regular,total,2.591,0.562,0.000
401525495,2023,2,regular,margin,7.431,0.671,1.000
401525495,2023,2,regular,total,4.030,0.596,1.000
401525496,2023,2,regular,margin,0.936,0.508,0.000
401525496,2023,2,regular,total,7.509,0.675,1.000
401525497,2023,2,regular,margin,12.101,0.772,0.000
401525497,2023,2,regular,total,4.952,0.617,1.000
401525498,2023,2,regular,margin,6.926,0.691,1.000
401525498,2023,2,regular,total,13.392,0.790,1.000
401525827,2023,2,regular,margin,3.314,0.562,0.000
401525827,2023,2,regular,total,3.168,0.575,1.000
401525829,2023,2,regular,margin,3.330,0.595,0.000
401525829,2023,2,regular,total,3.024,0.571,0.000
401525830,2023,2,regular,margin,1.950,0.554,1.000
401525830,2023,2,regular,total,2.094,0.550,1.000
401525831,2023,2,regular,margin,2.700,0.530,0.000
401525831,2023,2,regular,total,3.564,0.585,1.000
401526833,2023,2,regular,margin,3.534,0.628,0.000
401526833,2023,2,regular,total,4.375,0.605,1.000
401531378,2023,2,regular,margin,8.442,0.727,0.000
401531378,2023,2,regular,total,7.378,0.671,0.000
401531395,2023,2,regular,margin,1.317,0.527,0.000
401531395,2023,2,regular,total,11.114,0.748,1.000
401531411,2023,2,regular,margin,3.968,0.619,0.000
401531411,2023,2,regular,total,2.488,0.561,1.000
401531419,2023,2,regular,margin,0.921,0.548,1.000
401531419,2023,2,regular,total,7.128,0.666,1.000
401531427,2023,2,regular,margin,2.130,0.529,0.000
401531427,2023,2,regular,total,3.635,0.587,0.000
401531842,2023,2,regular,margin,4.378,0.584,0.000
401531842,2023,2,regular,total,2.308,0.556,1.000
401520219,2023,3,regular,margin,2.161,0.557,0.000
401520219,2023,3,regular,total,2.037,0.555,1.000
401520220,2023,3,regular,margin,0.682,0.531,1.000
401520220,2023,3,regular,total,5.287,0.631,1.000
401520222,2023,3,regular,margin,4.254,0.602,0.000
401520222,2023,3,regular,total,3.923,0.593,0.000
401520223,2023,3,regular,margin,5.645,0.640,0.000
401520223,2023,3,regular,total,1.823,0.544,1.000
401520224,2023,3,regular,margin,2.262,0.524,0.000
401520224,2023,3,regular,total,5.459,0.629,0.000
401520225,2023,3,regular,margin,7.021,0.646,1.000
401520225,2023,3,regular,total,2.687,0.564,1.000
401520226,2023,3,regular,margin,4.262,0.609,0.000
401520226,2023,3,regular,total,0.821,0.521,0.000
401520227,2023,3,regular,margin,10.202,0.746,0.000
401520227,2023,3,regular,total,0.335,0.512,0.000
401520228,2023,3,regular,margin,2.309,0.548,0.000
401520228,2023,3,regular,total,0.746,0.517,1.000
401520229,2023,3,regular,margin,1.086,0.555,1.000
401520229,2023,3,regular,total,4.654,0.610,0.000
401520230,2023,3,regular,margin,6.524,0.694,1.000
401520230,2023,3,regular,total,0.434,0.511,0.000
401520231,2023,3,regular,margin,1.432,0.536,0.000
401520231,2023,3,regular,total,6.964,0.657,1.000
401520232,2023,3,regular,margin,6.647,0.665,1.000
401520232,2023,3,regular,total,1.682,0.540,1.000
401520233,2023,3,regular,margin,4.637,0.611,0.000
401520233,2023,3,regular,total,1.032,0.519,0.000
401520235,2023,3,regular,margin,4.339,0.638,0.000
401520235,2023,3,regular,total,2.136,0.551,1.000
401520236,2023,3,regular,margin,2.690,0.531,0.000
401520236,2023,3,regular,total,1.430,0.535,1.000
401520237,2023,3,regular,margin,0.844,0.551,0.000
401520237,2023,3,regular,total,8.179,0.695,1.000
401520238,2023,3,regular,margin,5.324,0.608,1.000
401520238,2023,3,regular,total,4.234,0.606,1.000
401520239,2023,3,regular,margin,2.464,0.596,0.000
401520239,2023,3,regular,total,1.773,0.542,1.000
401520240,2023,3,regular,margin,5.725,0.632,0.000
401520240,2023,3,regular,total,6.984,0.657,0.000
401520241,2023,3,regular,margin,1.824,0.550,1.000
401520241,2023,3,regular,total,0.103,0.503,1.000
401520242,2023,3,regular,margin,2.725,0.554,1.000
401520242,2023,3,regular,total,2.005,0.548,1.000
401520243,2023,3,regular,margin,2.509,0.582,0.000
401520243,2023,3,regular,total,6.917,0.664,1.000
401520244,2023,3,regular,margin,5.382,0.632,1.000
401520244,2023,3,regular,total,3.982,0.601,0.000
401520245,2023,3,regular,margin,11.858,0.775,0.000
401520245,2023,3,regular,total,2.315,0.556,0.000
401520246,2023,3,regular,margin,2.761,0.603,1.000
401520246,2023,3,regular,total,8.502,0.696,0.000
401520247,2023,3,regular,margin,1.666,0.508,0.000
401520247,2023,3,regular,total,2.037,0.543,0.000
401520249,2023,3,regular,margin,4.297,0.585,0.000
401520249,2023,3,regular,total,6.046,0.642,1.000
401524005,2023,3,regular,margin,5.731,0.668,0.000
401524005,2023,3,regular,total,9.942,0.725,0.000
401524007,2023,3,regular,margin,9.272,0.709,1.000
401524007,2023,3,regular,total,5.557,0.637,0.000
401524008,2023,3,regular,margin,5.913,0.649,0.000
401524008,2023,3,regular,total,7.141,0.661,1.000
401524009,2023,3,regular,margin,9.347,0.724,1.000
401524009,2023,3,regular,total,2.974,0.570,1.000
401525437,2023,3,regular,margin,7.377,0.675,1.000
401525437,2023,3,regular,total,0.346,0.503,1.000
401525500,2023,3,regular,margin,0.012,0.519,0.000
401525500,2023,3,regular,total,7.038,0.670,1.000
401525501,2023,3,regular,margin,6.111,0.639,0.000
401525501,2023,3,regular,total,0.822,0.520,1.000
401525503,2023,3,regular,margin,1.572,0.520,0.000
401525503,2023,3,regular,total,8.131,0.693,0.000
401525504,2023,3,regular,margin,0.691,0.523,0.000
401525504,2023,3,regular,total,0.314,0.508,0.000
401525835,2023,3,regular,margin,1.771,0.566,1.000
401525835,2023,3,regular,total,1.759,0.538,1.000
401525836,2023,3,regular,margin,0.737,0.579,0.000
401525836,2023,3,regular,total,0.262,0.506,1.000
401525837,2023,3,regular,margin,8.504,0.689,1.000
401525837,2023,3,regular,total,0.721,0.517,0.000
401525838,2023,3,regular,margin,3.494,0.583,0.000
401525838,2023,3,regular,total,2.651,0.571,0.000
401525839,2023,3,regular,margin,1.348,0.501,0.000
401525839,2023,3,regular,total,5.638,0.627,0.000
401525840,2023,3,regular,margin,5.130,0.622,1.000
401525840,2023,3,regular,total,3.680,0.588,0.000
401525842,2023,3,regular,margin,3.053,0.554,0.000
401525842,2023,3,regular,total,1.896,0.551,1.000
401526834,2023,3,regular,margin,4.582,0.566,0.000
401526834,2023,3,regular,total,7.031,0.670,0.000
401531348,2023,3,regular,margin,4.266,0.562,1.000
401531348,2023,3,regular,total,3.696,0.589,0.000
401531379,2023,3,regular,margin,1.828,0.527,1.000
401531379,2023,3,regular,total,4.730,0.612,0.000
401531396,2023,3,regular,margin,4.959,0.597,0.000
401531396,2023,3,regular,total,3.379,0.588,1.000
401531403,2023,3,regular,margin,2.681,0.536,1.000
401531403,2023,3,regular,total,9.599,0.718,1.000
401531412,2023,3,regular,margin,0.928,0.527,0.000
401531412,2023,3,regular,total,7.663,0.672,1.000
401531428,2023,3,regular,margin,6.884,0.659,0.000
401531428,2023,3,regular,total,1.778,0.549,1.000
401531848,2023,3,regular,margin,3.028,0.594,0.000
401531848,2023,3,regular,total,5.005,0.613,0.000
401532403,2023,3,regular,margin,2.219,0.591,1.000
401532403,2023,3,regular,total,2.301,0.555,0.000
401532581,2023,3,regular,margin,2.351,0.597,0.000
401532581,2023,3,regular,total,0.481,0.510,0.000
401520250,2023,4,regular,margin,1.297,0.501,0.000
401520250,2023,4,regular,total,0.662,0.516,0.000
401520251,2023,4,regular,margin,0.000,0.524,0.000
401520251,2023,4,regular,total,9.340,0.713,0.000
401520252,2023,4,regular,margin,10.601,0.763,1.000
401520252,2023,4,regular,total,4.435,0.605,0.000
401520253,2023,4,regular,margin,4.069,0.629,1.000
401520253,2023,4,regular,total,2.817,0.567,1.000
401520254,2023,4,regular,margin,6.723,0.700,0.000
401520254,2023,4,regular,total,11.902,0.764,1.000
401520255,2023,4,regular,margin,4.025,0.604,1.000
401520255,2023,4,regular,total,3.541,0.585,0.000
401520256,2023,4,regular,margin,2.236,0.550,1.000
401520256,2023,4,regular,total,5.137,0.622,1.000
401520257,2023,4,regular,margin,1.839,0.563,0.000
401520257,2023,4,regular,total,1.537,0.536,1.000
401520258,2023,4,regular,margin,3.424,0.586,1.000
401520258,2023,4,regular,total,2.189,0.553,1.000
401520259,2023,4,regular,margin,4.176,0.621,0.000
401520259,2023,4,regular,total,0.709,0.517,0.000
401520260,2023,4,regular,margin,7.801,0.690,0.500
401520260,2023,4,regular,total,2.294,0.552,1.000
401520261,2023,4,regular,margin,3.327,0.637,0.000
401520261,2023,4,regular,total,0.641,0.516,0.000
401520262,2023,4,regular,margin,1.669,0.516,0.000
401520262,2023,4,regular,total,6.934,0.662,1.000
401520263,2023,4,regular,margin,5.904,0.628,1.000
401520263,2023,4,regular,total,6.539,0.653,0.000
401520264,2023,4,regular,margin,8.043,0.733,1.000
401520264,2023,4,regular,total,3.076,0.576,1.000
401520265,2023,4,regular,margin,2.696,0.578,0.000
401520265,2023,4,regular,total,7.458,0.675,0.000
401520266,2023,4,regular,margin,1.126,0.504,1.000
401520266,2023,4,regular,total,1.308,0.531,0.000
401520267,2023,4,regular,margin,0.332,0.509,0.000
401520267,2023,4,regular,total,6.391,0.650,1.000
401520268,2023,4,regular,margin,2.527,0.562,0.500
401520268,2023,4,regular,total,1.279,0.530,1.000
401520269,2023,4,regular,margin,5.483,0.623,0.000
401520269,2023,4,regular,total,0.647,0.516,0.500
401520270,2023,4,regular,margin,7.617,0.720,0.000
401520270,2023,4,regular,total,4.655,0.610,0.000
401520271,2023,4,regular,margin,0.855,0.547,1.000
401520271,2023,4,regular,total,5.404,0.627,1.000
401520272,2023,4,regular,margin,0.740,0.505,1.000
401520272,2023,4,regular,total,1.595,0.539,1.000
401520273,2023,4,regular,margin,0.500,0.529,0.000
401520273,2023,4,regular,total,0.775,0.519,1.000
401520274,2023,4,regular,margin,0.291,0.506,0.000
401520274,2023,4,regular,total,2.215,0.553,1.000
401520275,2023,4,regular,margin,3.224,0.617,0.000
401520275,2023,4,regular,total,3.283,0.578,0.000
401521330,2023,4,regular,margin,6.514,0.640,0.500
401521330,2023,4,regular,total,0.195,0.505,0.000
401524014,2023,4,regular,margin,11.526,0.762,1.000
401524014,2023,4,regular,total,0.671,0.516,0.000
401524015,2023,4,regular,margin,0.605,0.500,0.000
401524015,2023,4,regular,total,4.554,0.608,1.000
401524016,2023,4,regular,margin,10.146,0.749,1.000
401524016,2023,4,regular,total,3.210,0.576,1.000
401524017,2023,4,regular,margin,5.304,0.628,1.000
401524017,2023,4,regular,total,0.570,0.514,0.000
401524018,2023,4,regular,margin,2.639,0.543,0.000
401524018,2023,4,regular,total,0.588,0.514,1.000
401524019,2023,4,regular,margin,3.502,0.607,1.000
401524019,2023,4,regular,total,7.919,0.683,0.000
401525505,2023,4,regular,margin,0.860,0.573,1.000
401525505,2023,4,regular,total,4.164,0.599,0.000
401525506,2023,4,regular,margin,5.518,0.649,0.000
401525506,2023,4,regular,total,4.375,0.603,0.000
401525507,2023,4,regular,margin,1.399,0.542,0.000
401525507,2023,4,regular,total,5.046,0.619,0.500
401525508,2023,4,regular,margin,5.044,0.598,0.000
401525508,2023,4,regular,total,2.123,0.551,0.000
401525509,2023,4,regular,margin,5.846,0.607,0.000
401525509,2023,4,regular,total,6.883,0.661,1.000
401525510,2023,4,regular,margin,0.580,0.553,0.000
401525510,2023,4,regular,total,5.911,0.639,1.000
401525511,2023,4,regular,margin,1.225,0.514,1.000
401525511,2023,4,regular,total,3.971,0.596,0.000
401525844,2023,4,regular,margin,5.558,0.625,0.000
401525844,2023,4,regular,total,5.336,0.626,0.000
401525845,2023,4,regular,margin,5.923,0.649,0.500
401525845,2023,4,regular,total,0.283,0.507,1.000
401525846,2023,4,regular,margin,1.137,0.504,1.000
401525846,2023,4,regular,total,8.539,0.699,1.000
401525847,2023,4,regular,margin,6.094,0.678,0.000
401525847,2023,4,regular,total,3.492,0.583,1.000
401525848,2023,4,regular,margin,2.035,0.568,0.000
401525848,2023,4,regular,total,2.768,0.566,1.000
401525849,2023,4,regular,margin,2.719,0.534,1.000
401525849,2023,4,regular,total,3.422,0.581,1.000
401525850,2023,4,regular,margin,4.784,0.643,1.000
401525850,2023,4,regular,total,2.404,0.558,0.000
401526835,2023,4,regular,margin,1.982,0.524,0.000
401526835,2023,4,regular,total,3.892,0.593,1.000
401531338,2023,4,regular,margin,2.392,0.586,1.000
401531338,2023,4,regular,total,5.702,0.634,0.000
401531423,2023,4,regular,margin,8.150,0.696,1.000
401531423,2023,4,regular,total,1.592,0.538,1.000
401531849,2023,4,regular,margin,4.623,0.630,1.000
401531849,2023,4,regular,total,3.766,0.590,1.000
401531870,2023,4,regular,margin,7.357,0.680,0.500
401531870,2023,4,regular,total,7.901,0.683,0.000
401531871,2023,4,regular,margin,0.787,0.545,0.000
401531871,2023,4,regular,total,2.231,0.553,1.000
401531872,2023,4,regular,margin,1.790,0.575,0.000
401531872,2023,4,regular,total,7.459,0.673,1.000
401531874,2023,4,regular,margin,0.198,0.543,1.000
401531874,2023,4,regular,total,5.893,0.639,1.000
401531875,2023,4,regular,margin,2.263,0.523,0.000
401531875,2023,4,regular,total,2.363,0.556,0.000
401531876,2023,4,regular,margin,1.619,0.547,0.000
401531876,2023,4,regular,total,0.684,0.517,1.000
401531877,2023,4,regular,margin,9.522,0.731,1.000
401531877,2023,4,regular,total,7.765,0.680,1.000
401532405,2023,4,regular,margin,5.474,0.646,0.000
401532405,2023,4,regular,total,2.267,0.555,0.500
401532406,2023,4,regular,margin,8.986,0.714,1.000
401532406,2023,4,regular,total,0.292,0.507,0.000
401532407,2023,4,regular,margin,4.120,0.570,0.000
401532407,2023,4,regular,total,7.011,0.664,1.000
401532583,2023,4,regular,margin,2.337,0.583,1.000
401532583,2023,4,regular,total,2.466,0.557,0.000
401532584,2023,4,regular,margin,5.668,0.671,0.000
401532584,2023,4,regular,total,3.903,0.591,0.000
401520276,2023,5,regular,margin,6.838,0.696,0.000
401520276,2023,5,regular,total,8.364,0.695,1.000
401520277,2023,5,regular,margin,2.737,0.551,1.000
401520277,2023,5,regular,total,1.148,0.528,0.000
401520278,2023,5,regular,margin,1.481,0.551,0.000
401520278,2023,5,regular,total,1.873,0.545,0.000
401520279,2023,5,regular,margin,0.926,0.501,1.000
401520279,2023,5,regular,total,0.820,0.520,1.000
401520280,2023,5,regular,margin,5.696,0.647,1.000
401520280,2023,5,regular,total,3.681,0.588,1.000
401520281,2023,5,regular,margin,4.317,0.638,1.000
401520281,2023,5,regular,total,5.281,0.628,1.000
401520282,2023,5,regular,margin,1.258,0.550,1.000
401520282,2023,5,regular,total,2.105,0.552,1.000
401520283,2023,5,regular,margin,1.671,0.537,1.000
401520283,2023,5,regular,total,4.955,0.617,1.000
401520284,2023,5,regular,margin,2.114,0.587,0.000
401520284,2023,5,regular,total,0.853,0.521,1.000
401520285,2023,5,regular,margin,0.928,0.525,1.000
401520285,2023,5,regular,total,5.322,0.626,1.000
401520286,2023,5,regular,margin,2.564,0.547,0.000
401520286,2023,5,regular,total,0.846,0.516,0.000
401520287,2023,5,regular,margin,8.574,0.681,0.000
401520287,2023,5,regular,total,8.353,0.693,1.000
401520288,2023,5,regular,margin,4.064,0.620,1.000
401520288,2023,5,regular,total,9.175,0.709,0.000
401520289,2023,5,regular,margin,3.499,0.573,0.000
401520289,2023,5,regular,total,2.996,0.571,0.000
401520291,2023,5,regular,margin,1.724,0.560,0.000
401520291,2023,5,regular,total,2.252,0.554,1.000
401520292,2023,5,regular,margin,1.787,0.579,1.000
401520292,2023,5,regular,total,5.780,0.636,1.000
401520293,2023,5,regular,margin,3.556,0.592,0.000
401520293,2023,5,regular,total,2.767,0.566,1.000
401524020,2023,5,regular,margin,6.161,0.680,0.000
401524020,2023,5,regular,total,1.233,0.531,0.000
401524021,2023,5,regular,margin,1.957,0.522,1.000
401524021,2023,5,regular,total,6.785,0.658,1.000
401524022,2023,5,regular,margin,4.897,0.641,1.000
401524022,2023,5,regular,total,7.661,0.678,0.000
401524023,2023,5,regular,margin,1.262,0.517,1.000
401524023,2023,5,regular,total,5.653,0.633,0.000
401524024,2023,5,regular,margin,6.282,0.626,0.000
401524024,2023,5,regular,total,5.190,0.622,1.000
401525438,2023,5,regular,margin,5.878,0.674,0.000
401525438,2023,5,regular,total,1.830,0.543,1.000
401525512,2023,5,regular,margin,2.970,0.612,1.000
401525512,2023,5,regular,total,4.497,0.606,1.000
401525513,2023,5,regular,margin,1.013,0.552,1.000
401525513,2023,5,regular,total,4.530,0.608,0.000
401525514,2023,5,regular,margin,3.288,0.621,0.000
401525514,2023,5,regular,total,1.514,0.537,0.000
401525515,2023,5,regular,margin,5.668,0.631,1.000
401525515,2023,5,regular,total,4.042,0.596,1.000
401525516,2023,5,regular,margin,1.020,0.528,1.000
401525516,2023,5,regular,total,9.151,0.710,1.000
401525851,2023,5,regular,margin,2.616,0.583,1.000
401525851,2023,5,regular,total,2.872,0.569,1.000
401525852,2023,5,regular,margin,2.757,0.552,0.000
401525852,2023,5,regular,total,0.372,0.510,1.000
401525853,2023,5,regular,margin,2.740,0.586,1.000
401525853,2023,5,regular,total,1.520,0.536,1.000
401525854,2023,5,regular,margin,2.147,0.565,1.000
401525854,2023,5,regular,total,4.750,0.612,1.000
401525855,2023,5,regular,margin,1.528,0.583,0.000
401525855,2023,5,regular,total,7.727,0.679,1.000
401525856,2023,5,regular,margin,1.789,0.576,1.000
401525856,2023,5,regular,total,1.035,0.525,1.000
401526836,2023,5,regular,margin,0.229,0.523,0.000
401526836,2023,5,regular,total,7.676,0.678,1.000
401531339,2023,5,regular,margin,0.774,0.516,1.000
401531339,2023,5,regular,total,0.832,0.520,1.000
401531370,2023,5,regular,margin,7.084,0.667,1.000
401531370,2023,5,regular,total,5.946,0.639,1.000
401531404,2023,5,regular,margin,5.070,0.610,1.000
401531404,2023,5,regular,total,3.367,0.580,0.000
401531414,2023,5,regular,margin,4.934,0.646,0.000
401531414,2023,5,regular,total,8.402,0.694,0.000
401531424,2023,5,regular,margin,7.011,0.695,1.000
401531424,2023,5,regular,total,2.292,0.554,0.000
401531429,2023,5,regular,margin,0.672,0.543,1.000
401531429,2023,5,regular,total,3.375,0.580,0.000
401531878,2023,5,regular,margin,1.029,0.544,0.000
401531878,2023,5,regular,total,7.579,0.676,0.000
401531879,2023,5,regular,margin,2.265,0.574,0.000
401531879,2023,5,regular,total,1.242,0.530,0.000
401531880,2023,5,regular,margin,5.556,0.640,0.000
401531880,2023,5,regular,total,4.335,0.603,1.000
401531881,2023,5,regular,margin,0.523,0.520,1.000
401531881,2023,5,regular,total,3.335,0.580,1.000
401531882,2023,5,regular,margin,0.281,0.507,0.000
401531882,2023,5,regular,total,6.561,0.654,1.000
401531883,2023,5,regular,margin,7.409,0.704,0.000
401531883,2023,5,regular,total,7.877,0.682,0.000
401532409,2023,5,regular,margin,4.301,0.624,1.000
401532409,2023,5,regular,total,2.356,0.557,1.000
401532410,2023,5,regular,margin,2.748,0.623,1.000
401532410,2023,5,regular,total,1.744,0.541,0.000
401532411,2023,5,regular,margin,0.918,0.517,0.000
401532411,2023,5,regular,total,7.306,0.670,1.000
401532412,2023,5,regular,margin,2.228,0.537,1.000
401532412,2023,5,regular,total,0.190,0.504,1.000
401532413,2023,5,regular,margin,4.704,0.622,0.000
401532413,2023,5,regular,total,1.468,0.536,0.000
401532586,2023,5,regular,margin,3.654,0.627,0.000
401532586,2023,5,regular,total,0.427,0.510,1.000
401532587,2023,5,regular,margin,1.139,0.517,1.000
401532587,2023,5,regular,total,2.899,0.570,0.000
401532588,2023,5,regular,margin,3.168,0.581,0.000
401532588,2023,5,regular,total,5.708,0.636,1.000
401532589,2023,5,regular,margin,5.408,0.682,0.000
401532589,2023,5,regular,total,4.366,0.600,0.000
401520294,2023,6,regular,margin,6.088,0.652,1.000
401520294,2023,6,regular,total,3.494,0.583,1.000
401520295,2023,6,regular,margin,2.606,0.541,1.000
401520295,2023,6,regular,total,1.924,0.546,0.000
401520296,2023,6,regular,margin,12.008,0.777,1.000
401520296,2023,6,regular,total,2.343,0.557,0.000
401520297,2023,6,regular,margin,2.485,0.581,0.000
401520297,2023,6,regular,total,0.664,0.515,0.000
401520298,2023,6,regular,margin,0.441,0.531,0.000
401520298,2023,6,regular,total,4.303,0.603,1.000
401520299,2023,6,regular,margin,2.265,0.555,0.000
401520299,2023,6,regular,total,5.345,0.626,1.000
401520300,2023,6,regular,margin,2.548,0.581,0.000
401520300,2023,6,regular,total,0.474,0.512,1.000
401520301,2023,6,regular,margin,1.559,0.538,0.000
401520301,2023,6,regular,total,2.590,0.564,0.000
401520302,2023,6,regular,margin,4.610,0.638,1.000
401520302,2023,6,regular,total,9.545,0.718,0.000
401520303,2023,6,regular,margin,6.359,0.653,0.000
401520303,2023,6,regular,total,4.487,0.604,0.000
401520304,2023,6,regular,margin,3.926,0.585,1.000
401520304,2023,6,regular,total,2.219,0.553,1.000
401520305,2023,6,regular,margin,0.758,0.545,0.000
401520305,2023,6,regular,total,5.381,0.627,0.000
401520307,2023,6,regular,margin,1.477,0.533,0.000
401520307,2023,6,regular,total,4.141,0.598,1.000
401520308,2023,6,regular,margin,1.697,0.553,1.000
401520308,2023,6,regular,total,1.722,0.541,1.000
401520309,2023,6,regular,margin,1.884,0.581,1.000
401520309,2023,6,regular,total,3.001,0.572,1.000
401520310,2023,6,regular,margin,2.333,0.559,1.000
401520310,2023,6,regular,total,5.241,0.624,1.000
401520311,2023,6,regular,margin,1.735,0.553,1.000
401520311,2023,6,regular,total,1.374,0.534,0.000
401524025,2023,6,regular,margin,2.101,0.539,1.000
401524025,2023,6,regular,total,4.027,0.596,0.000
401524026,2023,6,regular,margin,3.845,0.616,0.500
401524026,2023,6,regular,total,0.221,0.505,1.000
401524027,2023,6,regular,margin,0.550,0.569,0.000
401524027,2023,6,regular,total,3.078,0.574,1.000
401524028,2023,6,regular,margin,0.897,0.548,0.000
401524028,2023,6,regular,total,3.956,0.594,1.000
401525439,2023,6,regular,margin,1.814,0.524,0.000
401525439,2023,6,regular,total,6.882,0.660,1.000
401525517,2023,6,regular,margin,4.327,0.594,1.000
401525517,2023,6,regular,total,3.061,0.573,0.000
401525518,2023,6,regular,margin,3.941,0.587,1.000
401525518,2023,6,regular,total,0.522,0.513,1.000
401525519,2023,6,regular,margin,1.403,0.528,1.000
401525519,2023,6,regular,total,1.409,0.534,0.000
401525520,2023,6,regular,margin,1.968,0.579,0.000
401525520,2023,6,regular,total,1.546,0.537,1.000
401525521,2023,6,regular,margin,3.603,0.610,0.000
401525521,2023,6,regular,total,1.821,0.545,1.000
401525857,2023,6,regular,margin,1.532,0.566,1.000
401525857,2023,6,regular,total,3.822,0.591,0.000
401525858,2023,6,regular,margin,0.306,0.510,0.000
401525858,2023,6,regular,total,2.518,0.560,0.000
401525859,2023,6,regular,margin,2.394,0.584,1.000
401525859,2023,6,regular,total,1.563,0.537,1.000
401525860,2023,6,regular,margin,0.031,0.507,1.000
401525860,2023,6,regular,total,3.510,0.584,0.000
401525861,2023,6,regular,margin,4.058,0.629,1.000
401525861,2023,6,regular,total,6.700,0.656,0.000
401526837,2023,6,regular,margin,3.601,0.573,1.000
401526837,2023,6,regular,total,7.450,0.673,1.000
401531340,2023,6,regular,margin,0.527,0.510,0.500
401531340,2023,6,regular,total,3.186,0.576,0.000
401531380,2023,6,regular,margin,2.608,0.585,1.000
401531380,2023,6,regular,total,4.958,0.617,0.000
401531389,2023,6,regular,margin,4.752,0.622,0.000
401531389,2023,6,regular,total,1.436,0.534,0.000
401531433,2023,6,regular,margin,2.620,0.582,1.000
401531433,2023,6,regular,total,3.666,0.587,1.000
401531884,2023,6,regular,margin,7.568,0.698,1.000
401531884,2023,6,regular,total,9.205,0.710,1.000
401531885,2023,6,regular,margin,0.121,0.528,0.000
401531885,2023,6,regular,total,2.594,0.562,1.000
401531886,2023,6,regular,margin,3.736,0.596,1.000
401531886,2023,6,regular,total,2.696,0.565,0.000
401531887,2023,6,regular,margin,0.654,0.514,1.000
401531887,2023,6,regular,total,2.721,0.564,1.000
401532414,2023,6,regular,margin,5.222,0.655,1.000
401532414,2023,6,regular,total,0.323,0.510,0.000
401532415,2023,6,regular,margin,3.815,0.598,1.000
401532415,2023,6,regular,total,0.714,0.517,0.000
401532416,2023,6,regular,margin,0.552,0.566,0.000
401532416,2023,6,regular,total,4.017,0.597,0.000
401532417,2023,6,regular,margin,3.367,0.577,0.000
401532417,2023,6,regular,total,1.166,0.529,1.000
401532418,2023,6,regular,margin,5.020,0.663,0.000
401532418,2023,6,regular,total,5.102,0.622,1.000
401532590,2023,6,regular,margin,5.838,0.661,1.000
401532590,2023,6,regular,total,0.400,0.510,1.000
401532591,2023,6,regular,margin,1.049,0.503,0.000
401532591,2023,6,regular,total,5.947,0.641,0.500
401532592,2023,6,regular,margin,3.166,0.535,0.500
401532592,2023,6,regular,total,2.499,0.560,0.000
401520312,2023,7,regular,margin,7.172,0.714,0.000
401520312,2023,7,regular,total,2.753,0.566,1.000
401520313,2023,7,regular,margin,1.136,0.532,0.000
401520313,2023,7,regular,total,2.799,0.567,0.500
401520314,2023,7,regular,margin,1.524,0.566,1.000
401520314,2023,7,regular,total,6.907,0.662,0.000
401520315,2023,7,regular,margin,6.165,0.686,0.000
401520315,2023,7,regular,total,0.672,0.513,1.000
401520316,2023,7,regular,margin,2.407,0.550,1.000
401520316,2023,7,regular,total,3.835,0.592,0.000
401520317,2023,7,regular,margin,0.041,0.521,0.000
401520317,2023,7,regular,total,1.771,0.539,1.000
401520318,2023,7,regular,margin,1.967,0.569,0.000
401520318,2023,7,regular,total,1.508,0.537,1.000
401520319,2023,7,regular,margin,4.409,0.646,0.000
401520319,2023,7,regular,total,0.736,0.518,1.000
401520320,2023,7,regular,margin,0.600,0.517,0.000
401520320,2023,7,regular,total,0.046,0.501,1.000
401520321,2023,7,regular,margin,4.746,0.620,0.000
401520321,2023,7,regular,total,3.963,0.595,1.000
401520322,2023,7,regular,margin,1.021,0.517,0.000
401520322,2023,7,regular,total,3.130,0.575,1.000
401520323,2023,7,regular,margin,4.399,0.631,1.000
401520323,2023,7,regular,total,2.215,0.553,0.000
401520324,2023,7,regular,margin,0.346,0.519,1.000
401520324,2023,7,regular,total,7.747,0.681,1.000
401520325,2023,7,regular,margin,1.482,0.553,0.000
401520325,2023,7,regular,total,0.697,0.517,1.000
401520326,2023,7,regular,margin,3.035,0.572,1.000
401520326,2023,7,regular,total,3.912,0.593,0.000
401520327,2023,7,regular,margin,3.248,0.578,1.000
401520327,2023,7,regular,total,0.683,0.517,1.000
401520328,2023,7,regular,margin,2.456,0.612,1.000
401520328,2023,7,regular,total,5.566,0.637,0.000
401524029,2023,7,regular,margin,6.114,0.665,1.000
401524029,2023,7,regular,total,0.389,0.509,1.000
401524030,2023,7,regular,margin,1.185,0.582,1.000
401524030,2023,7,regular,total,0.465,0.511,1.000
401524031,2023,7,regular,margin,4.396,0.613,0.000
401524031,2023,7,regular,total,1.967,0.547,1.000
401524032,2023,7,regular,margin,1.018,0.500,0.000
401524032,2023,7,regular,total,1.295,0.531,1.000
401524033,2023,7,regular,margin,3.601,0.569,1.000
401524033,2023,7,regular,total,7.885,0.683,1.000
401524034,2023,7,regular,margin,2.111,0.556,0.500
401524034,2023,7,regular,total,5.693,0.634,0.000
401525523,2023,7,regular,margin,8.333,0.683,1.000
401525523,2023,7,regular,total,6.637,0.656,0.000
401525524,2023,7,regular,margin,2.736,0.567,0.000
401525524,2023,7,regular,total,2.243,0.554,0.000
401525525,2023,7,regular,margin,1.950,0.589,1.000
401525525,2023,7,regular,total,3.710,0.589,1.000
401525526,2023,7,regular,margin,4.483,0.629,1.000
401525526,2023,7,regular,total,1.921,0.546,1.000
401525527,2023,7,regular,margin,2.122,0.537,0.000
401525527,2023,7,regular,total,4.438,0.606,0.000
401525862,2023,7,regular,margin,0.464,0.508,1.000
401525862,2023,7,regular,total,2.565,0.562,1.000
401525863,2023,7,regular,margin,8.186,0.726,1.000
401525863,2023,7,regular,total,2.333,0.558,0.000
401525864,2023,7,regular,margin,2.898,0.592,1.000
401525864,2023,7,regular,total,4.394,0.604,1.000
401525865,2023,7,regular,margin,4.166,0.583,1.000
401525865,2023,7,regular,total,3.038,0.573,1.000
401525866,2023,7,regular,margin,0.042,0.515,0.000
401525866,2023,7,regular,total,2.441,0.558,1.000
401531371,2023,7,regular,margin,3.535,0.622,0.000
401531371,2023,7,regular,total,1.507,0.536,1.000
401531381,2023,7,regular,margin,3.714,0.631,0.000
401531381,2023,7,regular,total,3.693,0.588,1.000
401531390,2023,7,regular,margin,3.000,0.593,0.000
401531390,2023,7,regular,total,4.407,0.604,1.000
401531405,2023,7,regular,margin,4.281,0.628,0.000
401531405,2023,7,regular,total,4.084,0.598,0.000
401531415,2023,7,regular,margin,4.893,0.650,0.000
401531415,2023,7,regular,total,6.107,0.644,0.000
401531420,2023,7,regular,margin,0.066,0.521,0.000
401531420,2023,7,regular,total,0.323,0.508,0.000
401531888,2023,7,regular,margin,2.750,0.541,0.000
401531888,2023,7,regular,total,0.228,0.506,0.000
401531889,2023,7,regular,margin,2.216,0.539,0.000
401531889,2023,7,regular,total,5.220,0.623,1.000
401531890,2023,7,regular,margin,3.147,0.597,0.000
401531890,2023,7,regular,total,0.805,0.519,0.000
401531891,2023,7,regular,margin,6.178,0.654,1.000
401531891,2023,7,regular,total,6.259,0.647,1.000
401532419,2023,7,regular,margin,3.068,0.563,1.000
401532419,2023,7,regular,total,6.628,0.655,0.000
401532420,2023,7,regular,margin,2.179,0.594,1.000
401532420,2023,7,regular,total,5.101,0.621,0.000
401532421,2023,7,regular,margin,3.703,0.591,0.000
401532421,2023,7,regular,total,8.289,0.691,0.000
401532422,2023,7,regular,margin,3.148,0.534,1.000
401532422,2023,7,regular,total,6.515,0.654,1.000
401532423,2023,7,regular,margin,2.878,0.629,0.000
401532423,2023,7,regular,total,3.833,0.592,1.000
401532424,2023,7,regular,margin,0.150,0.531,1.000
401532424,2023,7,regular,total,4.216,0.601,0.000
401532593,2023,7,regular,margin,3.454,0.534,0.000
401532593,2023,7,regular,total,4.692,0.611,0.000
401532594,2023,7,regular,margin,3.446,0.559,0.000
401532594,2023,7,regular,total,4.629,0.610,1.000
401532595,2023,7,regular,margin,0.657,0.508,0.000
401532595,2023,7,regular,total,1.570,0.537,0.000
401532596,2023,7,regular,margin,1.898,0.526,1.000
401532596,2023,7,regular,total,0.268,0.506,0.000
401532597,2023,7,regular,margin,3.326,0.638,0.000
401532597,2023,7,regular,total,4.563,0.608,1.000
401532598,2023,7,regular,margin,3.536,0.611,1.000
401532598,2023,7,regular,total,0.732,0.515,0.000
401520329,2023,8,regular,margin,5.787,0.697,1.000
401520329,2023,8,regular,total,1.077,0.526,1.000
401520330,2023,8,regular,margin,2.242,0.559,1.000
401520330,2023,8,regular,total,0.600,0.514,0.000
401520331,2023,8,regular,margin,4.484,0.600,0.000
401520331,2023,8,regular,total,5.022,0.620,1.000
401520332,2023,8,regular,margin,2.502,0.585,0.000
401520332,2023,8,regular,total,5.116,0.619,1.000
401520333,2023,8,regular,margin,4.109,0.649,0.000
401520333,2023,8,regular,total,5.538,0.631,1.000
401520334,2023,8,regular,margin,0.000,0.534,1.000
401520334,2023,8,regular,total,9.119,0.709,0.000
401520335,2023,8,regular,margin,3.060,0.601,0.000
401520335,2023,8,regular,total,1.286,0.531,0.000
401520336,2023,8,regular,margin,2.351,0.544,1.000
401520336,2023,8,regular,total,2.727,0.567,1.000
401520337,2023,8,regular,margin,0.766,0.545,0.000
401520337,2023,8,regular,total,9.702,0.721,1.000
401520338,2023,8,regular,margin,3.015,0.556,0.000
401520338,2023,8,regular,total,4.987,0.627,0.000
401520339,2023,8,regular,margin,5.486,0.634,0.000
401520339,2023,8,regular,total,2.829,0.567,0.000
401520340,2023,8,regular,margin,3.123,0.558,0.000
401520340,2023,8,regular,total,3.032,0.573,1.000
401520341,2023,8,regular,margin,2.941,0.626,0.000
401520341,2023,8,regular,total,1.575,0.538,1.000
401520342,2023,8,regular,margin,6.837,0.710,1.000
401520342,2023,8,regular,total,8.841,0.704,0.000
401520343,2023,8,regular,margin,1.231,0.504,1.000
401520343,2023,8,regular,total,4.846,0.615,0.000
401520344,2023,8,regular,margin,0.528,0.503,0.000
401520344,2023,8,regular,total,4.005,0.595,0.000
401524035,2023,8,regular,margin,0.009,0.514,0.000
401524035,2023,8,regular,total,3.874,0.592,0.000
401524036,2023,8,regular,margin,7.048,0.659,0.000
401524036,2023,8,regular,total,2.758,0.566,0.000
401524037,2023,8,regular,margin,4.354,0.644,1.000
401524037,2023,8,regular,total,2.063,0.550,1.000
401524038,2023,8,regular,margin,3.818,0.576,1.000
401524038,2023,8,regular,total,3.698,0.588,1.000
401525528,2023,8,regular,margin,0.405,0.508,1.000
401525528,2023,8,regular,total,0.894,0.522,1.000
401525529,2023,8,regular,margin,3.254,0.608,1.000
401525529,2023,8,regular,total,9.224,0.711,1.000
401525530,2023,8,regular,margin,5.164,0.642,0.000
401525530,2023,8,regular,total,3.092,0.574,1.000
401525531,2023,8,regular,margin,1.686,0.528,1.000
401525531,2023,8,regular,total,1.212,0.529,0.500
401525532,2023,8,regular,margin,3.576,0.610,1.000
401525532,2023,8,regular,total,8.725,0.700,0.000
401525867,2023,8,regular,margin,3.708,0.573,0.000
401525867,2023,8,regular,total,9.310,0.712,0.000
401525868,2023,8,regular,margin,2.232,0.537,1.000
401525868,2023,8,regular,total,2.305,0.556,1.000
401525869,2023,8,regular,margin,4.541,0.577,1.000
401525869,2023,8,regular,total,1.351,0.532,1.000
401525870,2023,8,regular,margin,0.958,0.543,0.000
401525870,2023,8,regular,total,3.640,0.587,1.000
401525871,2023,8,regular,margin,3.777,0.602,0.000
401525871,2023,8,regular,total,5.311,0.625,1.000
401525872,2023,8,regular,margin,0.703,0.521,1.000
401525872,2023,8,regular,total,4.481,0.607,1.000
401531341,2023,8,regular,margin,3.398,0.581,0.000
401531341,2023,8,regular,total,1.564,0.538,0.000
401531372,2023,8,regular,margin,0.579,0.505,0.000
401531372,2023,8,regular,total,7.083,0.665,1.000
401531382,2023,8,regular,margin,1.547,0.595,0.000
401531382,2023,8,regular,total,0.189,0.505,1.000
401531391,2023,8,regular,margin,4.551,0.585,0.000
401531391,2023,8,regular,total,6.346,0.649,1.000
401531397,2023,8,regular,margin,3.878,0.600,0.000
401531397,2023,8,regular,total,2.240,0.553,1.000
401531406,2023,8,regular,margin,2.386,0.546,0.000
401531406,2023,8,regular,total,8.583,0.698,0.000
401531434,2023,8,regular,margin,0.903,0.556,0.500
401531434,2023,8,regular,total,3.981,0.601,0.000
401531892,2023,8,regular,margin,0.861,0.529,1.000
401531892,2023,8,regular,total,2.768,0.566,1.000
401531893,2023,8,regular,margin,3.098,0.609,0.000
401531893,2023,8,regular,total,7.973,0.679,0.000
401531894,2023,8,regular,margin,2.606,0.561,1.000
401531894,2023,8,regular,total,1.062,0.525,0.000
401531895,2023,8,regular,margin,0.582,0.540,1.000
401531895,2023,8,regular,total,3.559,0.585,0.000
401531896,2023,8,regular,margin,0.438,0.537,0.000
401531896,2023,8,regular,total,2.855,0.568,1.000
401531897,2023,8,regular,margin,1.836,0.549,1.000
401531897,2023,8,regular,total,0.328,0.508,0.000
401532425,2023,8,regular,margin,1.103,0.560,1.000
401532425,2023,8,regular,total,3.826,0.593,0.000
401532426,2023,8,regular,margin,4.811,0.651,1.000
401532426,2023,8,regular,total,2.160,0.553,0.000
401532427,2023,8,regular,margin,3.459,0.597,0.000
401532427,2023,8,regular,total,0.427,0.511,0.000
401532428,2023,8,regular,margin,3.293,0.579,1.000
401532428,2023,8,regular,total,0.235,0.505,1.000
401532429,2023,8,regular,margin,1.172,0.502,0.000
401532429,2023,8,regular,total,9.197,0.712,1.000
401532430,2023,8,regular,margin,1.711,0.522,1.000
401532430,2023,8,regular,total,9.327,0.713,0.000
401532599,2023,8,regular,margin,0.740,0.536,1.000
401532599,2023,8,regular,total,1.090,0.526,0.000
401532600,2023,8,regular,margin,0.208,0.518,1.000
401532600,2023,8,regular,total,1.813,0.543,0.000
401532601,2023,8,regular,margin,0.120,0.536,1.000
401532601,2023,8,regular,total,2.892,0.570,0.000
401532602,2023,8,regular,margin,0.422,0.539,0.000
401532602,2023,8,regular,total,0.305,0.507,0.000
401520345,2023,9,regular,margin,3.007,0.581,1.000
401520345,2023,9,regular,total,6.462,0.651,1.000
401520346,2023,9,regular,margin,4.870,0.658,0.000
401520346,2023,9,regular,total,4.169,0.599,0.000
401520347,2023,9,regular,margin,0.702,0.558,0.000
401520347,2023,9,regular,total,7.067,0.665,1.000
401520348,2023,9,regular,margin,2.915,0.551,0.000
401520348,2023,9,regular,total,3.807,0.594,1.000
401520349,2023,9,regular,margin,1.884,0.519,0.000
401520349,2023,9,regular,total,2.961,0.571,0.000
401520350,2023,9,regular,margin,0.509,0.530,0.000
401520350,2023,9,regular,total,9.122,0.709,0.500
401520351,2023,9,regular,margin,2.899,0.591,1.000
401520351,2023,9,regular,total,3.707,0.589,0.000
401520352,2023,9,regular,margin,0.692,0.517,0.000
401520352,2023,9,regular,total,0.404,0.510,1.000
401520353,2023,9,regular,margin,4.397,0.574,1.000
401520353,2023,9,regular,total,5.211,0.623,1.000
401520354,2023,9,regular,margin,1.834,0.533,1.000
401520354,2023,9,regular,total,6.846,0.661,0.000
401520355,2023,9,regular,margin,4.347,0.626,1.000
401520355,2023,9,regular,total,7.318,0.672,1.000
401520356,2023,9,regular,margin,5.964,0.653,1.000
401520356,2023,9,regular,total,6.819,0.659,1.000
401520357,2023,9,regular,margin,0.612,0.501,0.000
401520357,2023,9,regular,total,1.306,0.531,1.000
401520358,2023,9,regular,margin,0.409,0.522,0.000
401520358,2023,9,regular,total,8.923,0.705,1.000
401520359,2023,9,regular,margin,6.139,0.655,1.000
401520359,2023,9,regular,total,2.793,0.567,0.000
401520360,2023,9,regular,margin,0.446,0.511,1.000
401520360,2023,9,regular,total,0.347,0.507,1.000
401524039,2023,9,regular,margin,0.829,0.541,1.000
401524039,2023,9,regular,total,1.617,0.539,1.000
401524040,2023,9,regular,margin,1.851,0.582,1.000
401524040,2023,9,regular,total,0.904,0.521,0.000
401524041,2023,9,regular,margin,0.157,0.536,1.000
401524041,2023,9,regular,total,3.391,0.581,1.000
401524042,2023,9,regular,margin,5.578,0.612,1.000
401524042,2023,9,regular,total,6.147,0.644,0.000
401524043,2023,9,regular,margin,1.003,0.518,0.000
401524043,2023,9,regular,total,1.676,0.540,0.000
401524044,2023,9,regular,margin,4.486,0.639,0.000
401524044,2023,9,regular,total,0.106,0.502,1.000
401525440,2023,9,regular,margin,4.981,0.613,0.000
401525440,2023,9,regular,total,4.651,0.611,1.000
401525533,2023,9,regular,margin,0.324,0.512,1.000
401525533,2023,9,regular,total,2.110,0.551,1.000
401525534,2023,9,regular,margin,2.023,0.587,1.000
401525534,2023,9,regular,total,4.933,0.617,0.000
401525535,2023,9,regular,margin,9.566,0.754,0.000
401525535,2023,9,regular,total,0.232,0.504,1.000
401525536,2023,9,regular,margin,3.189,0.558,0.000
401525536,2023,9,regular,total,3.824,0.591,1.000
401525537,2023,9,regular,margin,0.095,0.517,1.000
401525537,2023,9,regular,total,2.672,0.564,0.000
401525538,2023,9,regular,margin,4.763,0.620,1.000
401525538,2023,9,regular,total,4.939,0.617,1.000
401525873,2023,9,regular,margin,1.275,0.514,1.000
401525873,2023,9,regular,total,3.504,0.584,1.000
401525874,2023,9,regular,margin,4.875,0.583,0.000
401525874,2023,9,regular,total,2.393,0.557,0.000
401525875,2023,9,regular,margin,0.962,0.528,1.000
401525875,2023,9,regular,total,0.738,0.518,1.000
401525876,2023,9,regular,margin,5.245,0.585,1.000
401525876,2023,9,regular,total,2.911,0.570,1.000
401525877,2023,9,regular,margin,0.695,0.509,1.000
401525877,2023,9,regular,total,3.350,0.580,0.000
401525878,2023,9,regular,margin,0.794,0.538,1.000
401525878,2023,9,regular,total,2.806,0.567,0.000
401531342,2023,9,regular,margin,0.570,0.541,1.000
401531342,2023,9,regular,total,3.799,0.590,1.000
401531373,2023,9,regular,margin,0.467,0.522,1.000
401531373,2023,9,regular,total,3.957,0.594,0.000
401531398,2023,9,regular,margin,5.206,0.634,1.000
401531398,2023,9,regular,total,4.083,0.597,1.000
401531407,2023,9,regular,margin,2.000,0.515,1.000
401531407,2023,9,regular,total,2.941,0.571,1.000
401531430,2023,9,regular,margin,4.211,0.582,0.000
401531430,2023,9,regular,total,4.815,0.614,0.000
401531898,2023,9,regular,margin,1.145,0.530,1.000
401531898,2023,9,regular,total,3.371,0.580,1.000
401531899,2023,9,regular,margin,4.004,0.639,1.000
401531899,2023,9,regular,total,4.907,0.617,0.000
401531900,2023,9,regular,margin,6.104,0.646,1.000
401531900,2023,9,regular,total,5.242,0.624,1.000
401531901,2023,9,regular,margin,1.995,0.567,0.000
401531901,2023,9,regular,total,3.107,0.574,1.000
401531902,2023,9,regular,margin,1.652,0.514,0.000
401531902,2023,9,regular,total,0.279,0.507,0.000
401531903,2023,9,regular,margin,2.622,0.547,1.000
401531903,2023,9,regular,total,7.442,0.672,1.000
401531929,2023,9,regular,margin,1.624,0.526,0.000
401531929,2023,9,regular,total,0.697,0.517,0.000
401532431,2023,9,regular,margin,5.338,0.656,0.000
401532431,2023,9,regular,total,0.501,0.513,1.000
401532432,2023,9,regular,margin,3.848,0.658,1.000
401532432,2023,9,regular,total,0.438,0.506,0.000
401532603,2023,9,regular,margin,4.572,0.621,0.000
401532603,2023,9,regular,total,0.155,0.503,1.000
401532604,2023,9,regular,margin,5.080,0.644,1.000
401532604,2023,9,regular,total,1.725,0.542,1.000
401532605,2023,9,regular,margin,3.090,0.545,1.000
401532605,2023,9,regular,total,1.381,0.533,0.000
401532606,2023,9,regular,margin,1.669,0.507,0.000
401532606,2023,9,regular,total,1.158,0.528,0.000
401532607,2023,9,regular,margin,1.163,0.502,1.000
401532607,2023,9,regular,total,2.199,0.553,0.000
401520361,2023,10,regular,margin,3.737,0.600,1.000
401520361,2023,10,regular,total,4.774,0.621,0.000
401520362,2023,10,regular,margin,0.862,0.526,0.000
401520362,2023,10,regular,total,1.194,0.529,1.000
401520363,2023,10,regular,margin,0.984,0.552,1.000
401520363,2023,10,regular,total,1.687,0.541,1.000
401520364,2023,10,regular,margin,1.113,0.543,1.000
401520364,2023,10,regular,total,2.246,0.553,1.000
401520365,2023,10,regular,margin,1.672,0.514,0.000
401520365,2023,10,regular,total,6.829,0.660,0.000
401520366,2023,10,regular,margin,0.158,0.510,0.000
401520366,2023,10,regular,total,2.071,0.549,0.000
401520367,2023,10,regular,margin,1.892,0.501,1.000
401520367,2023,10,regular,total,5.520,0.630,1.000
401520368,2023,10,regular,margin,1.831,0.540,1.000
401520368,2023,10,regular,total,0.379,0.509,0.500
401520369,2023,10,regular,margin,0.241,0.513,1.000
401520369,2023,10,regular,total,11.327,0.754,1.000
401520370,2023,10,regular,margin,3.238,0.605,0.000
401520370,2023,10,regular,total,0.154,0.506,1.000
401520371,2023,10,regular,margin,4.759,0.649,0.000
401520371,2023,10,regular,total,6.116,0.644,0.000
401520372,2023,10,regular,margin,0.282,0.519,0.000
401520372,2023,10,regular,total,3.636,0.586,1.000
401520373,2023,10,regular,margin,0.759,0.510,1.000
401520373,2023,10,regular,total,9.836,0.728,0.000
401520374,2023,10,regular,margin,0.762,0.516,0.500
401520374,2023,10,regular,total,1.910,0.546,1.000
401520375,2023,10,regular,margin,0.237,0.530,0.500
401520375,2023,10,regular,total,3.101,0.576,1.000
401520376,2023,10,regular,margin,5.263,0.644,1.000
401520376,2023,10,regular,total,1.020,0.525,1.000
401520377,2023,10,regular,margin,5.447,0.638,0.000
401520377,2023,10,regular,total,1.633,0.539,0.000
401520378,2023,10,regular,margin,0.078,0.533,1.000
401520378,2023,10,regular,total,0.543,0.513,1.000
401520379,2023,10,regular,margin,0.326,0.500,1.000
401520379,2023,10,regular,total,2.692,0.565,0.000
401524045,2023,10,regular,margin,2.368,0.562,1.000
401524045,2023,10,regular,total,4.241,0.601,0.000
401524046,2023,10,regular,margin,2.816,0.574,1.000
401524046,2023,10,regular,total,1.390,0.533,0.000
401524047,2023,10,regular,margin,3.177,0.566,0.000
401524047,2023,10,regular,total,1.809,0.543,1.000
401524048,2023,10,regular,margin,2.108,0.574,0.000
401524048,2023,10,regular,total,6.318,0.648,0.000
401524049,2023,10,regular,margin,1.198,0.502,0.000
401524049,2023,10,regular,total,1.406,0.537,1.000
401524050,2023,10,regular,margin,4.095,0.609,1.000
401524050,2023,10,regular,total,0.888,0.521,1.000
401525441,2023,10,regular,margin,3.478,0.570,0.000
401525441,2023,10,regular,total,7.073,0.665,1.000
401525539,2023,10,regular,margin,5.074,0.617,0.000
401525539,2023,10,regular,total,7.120,0.667,1.000
401525540,2023,10,regular,margin,3.064,0.594,0.000
401525540,2023,10,regular,total,6.301,0.648,0.000
401525541,2023,10,regular,margin,0.738,0.502,1.000
401525541,2023,10,regular,total,7.659,0.678,0.000
401525542,2023,10,regular,margin,0.557,0.531,0.000
401525542,2023,10,regular,total,1.484,0.536,1.000
401525543,2023,10,regular,margin,2.768,0.595,0.000
401525543,2023,10,regular,total,1.847,0.543,1.000
401525544,2023,10,regular,margin,3.194,0.607,1.000
401525544,2023,10,regular,total,8.210,0.690,0.000
401525879,2023,10,regular,margin,2.385,0.541,0.000
401525879,2023,10,regular,total,2.241,0.554,0.000
401525880,2023,10,regular,margin,0.115,0.516,0.000
401525880,2023,10,regular,total,1.530,0.537,0.000
401525881,2023,10,regular,margin,3.322,0.547,0.000
401525881,2023,10,regular,total,2.827,0.567,1.000
401525882,2023,10,regular,margin,0.512,0.507,0.000
401525882,2023,10,regular,total,0.152,0.504,0.000
401525883,2023,10,regular,margin,0.443,0.515,1.000
401525883,2023,10,regular,total,1.496,0.536,0.000
401525884,2023,10,regular,margin,1.202,0.551,1.000
401525884,2023,10,regular,total,1.986,0.542,1.000
401525885,2023,10,regular,margin,5.418,0.657,0.000
401525885,2023,10,regular,total,5.420,0.628,0.000
401531343,2023,10,regular,margin,2.580,0.595,1.000
401531343,2023,10,regular,total,5.224,0.624,1.000
401531374,2023,10,regular,margin,6.720,0.655,1.000
401531374,2023,10,regular,total,1.463,0.536,0.000
401531383,2023,10,regular,margin,0.546,0.500,0.000
401531383,2023,10,regular,total,1.245,0.530,0.000
401531392,2023,10,regular,margin,0.425,0.527,1.000
401531392,2023,10,regular,total,1.902,0.547,1.000
401531399,2023,10,regular,margin,0.422,0.545,0.000
401531399,2023,10,regular,total,6.106,0.643,1.000
401531425,2023,10,regular,margin,3.010,0.575,0.000
401531425,2023,10,regular,total,2.068,0.550,0.000
401531440,2023,10,regular,margin,3.068,0.570,0.000
401531440,2023,10,regular,total,0.902,0.522,1.000
401531904,2023,10,regular,margin,5.249,0.653,0.000
401531904,2023,10,regular,total,2.006,0.550,0.000
401531905,2023,10,regular,margin,1.135,0.525,1.000
401531905,2023,10,regular,total,3.609,0.586,0.000
401531906,2023,10,regular,margin,4.107,0.630,0.000
401531906,2023,10,regular,total,3.173,0.576,1.000
401531907,2023,10,regular,margin,3.538,0.576,1.000
401531907,2023,10,regular,total,0.720,0.517,0.000
401531908,2023,10,regular,margin,4.763,0.582,0.000
401531908,2023,10,regular,total,1.021,0.524,1.000
401531909,2023,10,regular,margin,0.420,0.507,1.000
401531909,2023,10,regular,total,1.302,0.531,0.000
401531910,2023,10,regular,margin,4.124,0.594,0.000
401531910,2023,10,regular,total,6.296,0.642,0.000
401532433,2023,10,regular,margin,1.068,0.555,1.000
401532433,2023,10,regular,total,3.097,0.574,1.000
401532434,2023,10,regular,margin,4.943,0.644,0.000
401532434,2023,10,regular,total,5.314,0.620,0.000
401532435,2023,10,regular,margin,4.327,0.586,0.000
401532435,2023,10,regular,total,6.907,0.663,1.000
401532436,2023,10,regular,margin,1.273,0.507,1.000
401532436,2023,10,regular,total,9.756,0.727,1.000
401532608,2023,10,regular,margin,0.296,0.527,1.000
401532608,2023,10,regular,total,1.208,0.529,0.000
401532609,2023,10,regular,margin,0.909,0.507,1.000
401532609,2023,10,regular,total,5.805,0.637,0.000
401532610,2023,10,regular,margin,5.088,0.605,0.000
401532610,2023,10,regular,total,2.585,0.562,0.000
401532611,2023,10,regular,margin,5.512,0.644,0.000
401532611,2023,10,regular,total,1.604,0.539,1.000
401532612,2023,10,regular,margin,3.392,0.594,0.000
401532612,2023,10,regular,total,0.547,0.513,0.000
401520380,2023,11,regular,margin,1.771,0.526,1.000
401520380,2023,11,regular,total,2.521,0.561,1.000
401520382,2023,11,regular,margin,1.237,0.566,0.000
401520382,2023,11,regular,total,2.098,0.544,0.000
401520383,2023,11,regular,margin,1.686,0.516,0.000
401520383,2023,11,regular,total,7.754,0.680,1.000
401520384,2023,11,regular,margin,3.290,0.609,1.000
401520384,2023,11,regular,total,8.056,0.697,0.000
401520385,2023,11,regular,margin,5.183,0.623,0.000
401520385,2023,11,regular,total,2.644,0.564,1.000
401520386,2023,11,regular,margin,0.420,0.549,0.000
401520386,2023,11,regular,total,2.416,0.553,1.000
401520387,2023,11,regular,margin,6.704,0.711,1.000
401520387,2023,11,regular,total,5.264,0.619,1.000
401520388,2023,11,regular,margin,2.548,0.569,0.000
401520388,2023,11,regular,total,0.243,0.506,0.000
401520389,2023,11,regular,margin,0.336,0.507,1.000
401520389,2023,11,regular,total,1.560,0.537,0.000
401520390,2023,11,regular,margin,1.444,0.575,0.000
401520390,2023,11,regular,total,5.077,0.620,0.000
401520391,2023,11,regular,margin,2.551,0.558,0.000
401520391,2023,11,regular,total,1.053,0.519,1.000
401520392,2023,11,regular,margin,0.268,0.519,0.000
401520392,2023,11,regular,total,5.380,0.628,0.000
401520393,2023,11,regular,margin,3.266,0.581,0.000
401520393,2023,11,regular,total,1.079,0.521,0.000
401520394,2023,11,regular,margin,2.735,0.605,0.000
401520394,2023,11,regular,total,5.570,0.632,0.000
401520395,2023,11,regular,margin,0.307,0.504,1.000
401520395,2023,11,regular,total,3.695,0.588,1.000
401520396,2023,11,regular,margin,0.782,0.522,0.000
401520396,2023,11,regular,total,4.765,0.613,0.000
401520397,2023,11,regular,margin,3.346,0.581,0.000
401520397,2023,11,regular,total,8.112,0.688,1.000
401520398,2023,11,regular,margin,3.254,0.610,1.000
401520398,2023,11,regular,total,4.361,0.605,0.000
401520399,2023,11,regular,margin,2.342,0.539,0.000
401520399,2023,11,regular,total,7.803,0.680,0.000
401524051,2023,11,regular,margin,0.022,0.516,1.000
401524051,2023,11,regular,total,1.925,0.546,1.000
401524052,2023,11,regular,margin,0.254,0.546,1.000
401524052,2023,11,regular,total,2.586,0.562,1.000
401524053,2023,11,regular,margin,2.247,0.555,1.000
401524053,2023,11,regular,total,6.474,0.651,1.000
401524054,2023,11,regular,margin,5.139,0.626,0.000
401524054,2023,11,regular,total,1.348,0.532,0.000
401524055,2023,11,regular,margin,0.164,0.510,1.000
401524055,2023,11,regular,total,2.703,0.566,0.000
401524056,2023,11,regular,margin,5.253,0.665,1.000
401524056,2023,11,regular,total,0.539,0.514,1.000
401525546,2023,11,regular,margin,3.336,0.569,1.000
401525546,2023,11,regular,total,0.201,0.504,0.000
401525547,2023,11,regular,margin,2.326,0.562,0.000
401525547,2023,11,regular,total,0.732,0.518,1.000
401525548,2023,11,regular,margin,3.373,0.596,0.000
401525548,2023,11,regular,total,1.777,0.543,1.000
401525549,2023,11,regular,margin,6.811,0.704,1.000
401525549,2023,11,regular,total,3.064,0.573,1.000
401525550,2023,11,regular,margin,0.854,0.509,0.000
401525550,2023,11,regular,total,4.037,0.596,0.000
401525551,2023,11,regular,margin,0.843,0.529,0.000
401525551,2023,11,regular,total,5.205,0.624,0.000
401525552,2023,11,regular,margin,1.834,0.568,1.000
401525552,2023,11,regular,total,7.733,0.686,1.000
401525886,2023,11,regular,margin,1.616,0.598,0.000
401525886,2023,11,regular,total,5.658,0.635,1.000
401525887,2023,11,regular,margin,3.464,0.585,0.000
401525887,2023,11,regular,total,1.461,0.541,0.000
401525888,2023,11,regular,margin,0.394,0.517,1.000
401525888,2023,11,regular,total,0.245,0.506,0.000
401525889,2023,11,regular,margin,2.009,0.581,1.000
401525889,2023,11,regular,total,0.451,0.511,0.000
401525890,2023,11,regular,margin,0.809,0.530,0.000
401525890,2023,11,regular,total,0.063,0.502,1.000
401525891,2023,11,regular,margin,3.165,0.593,1.000
401525891,2023,11,regular,total,1.416,0.540,1.000
401525892,2023,11,regular,margin,1.570,0.538,0.000
401525892,2023,11,regular,total,2.806,0.567,1.000
401531344,2023,11,regular,margin,2.862,0.564,1.000
401531344,2023,11,regular,total,0.409,0.503,1.000
401531384,2023,11,regular,margin,1.201,0.569,1.000
401531384,2023,11,regular,total,0.226,0.505,1.000
401531393,2023,11,regular,margin,3.382,0.534,0.000
401531393,2023,11,regular,total,1.428,0.534,1.000
401531400,2023,11,regular,margin,3.675,0.599,0.000
401531400,2023,11,regular,total,7.090,0.660,0.000
401531408,2023,11,regular,margin,3.780,0.564,0.000
401531408,2023,11,regular,total,5.136,0.622,1.000
401531416,2023,11,regular,margin,1.745,0.598,1.000
401531416,2023,11,regular,total,3.830,0.598,0.000
401531437,2023,11,regular,margin,0.245,0.530,1.000
401531437,2023,11,regular,total,0.821,0.520,1.000
401531911,2023,11,regular,margin,3.731,0.555,0.000
401531911,2023,11,regular,total,2.632,0.563,1.000
401531912,2023,11,regular,margin,9.984,0.739,1.000
401531912,2023,11,regular,total,3.189,0.576,1.000
401531913,2023,11,regular,margin,3.481,0.569,1.000
401531913,2023,11,regular,total,0.857,0.521,1.000
401531914,2023,11,regular,margin,3.169,0.593,1.000
401531914,2023,11,regular,total,2.756,0.566,1.000
401531915,2023,11,regular,margin,1.318,0.517,0.000
401531915,2023,11,regular,total,3.083,0.566,0.000
401531916,2023,11,regular,margin,2.491,0.553,0.000
401531916,2023,11,regular,total,1.220,0.529,0.000
401532437,2023,11,regular,margin,0.529,0.512,1.000
401532437,2023,11,regular,total,4.853,0.616,0.000
401532438,2023,11,regular,margin,1.889,0.521,1.000
401532438,2023,11,regular,total,1.497,0.536,1.000
401532439,2023,11,regular,margin,6.169,0.693,0.000
401532439,2023,11,regular,total,1.366,0.531,1.000
401532440,2023,11,regular,margin,5.263,0.627,0.000
401532440,2023,11,regular,total,1.716,0.542,1.000
401532441,2023,11,regular,margin,0.922,0.535,1.000
401532441,2023,11,regular,total,5.886,0.641,0.000
401532442,2023,11,regular,margin,0.716,0.557,0.000
401532442,2023,11,regular,total,10.887,0.744,1.000
401532613,2023,11,regular,margin,5.214,0.604,1.000
401532613,2023,11,regular,total,1.784,0.541,1.000
401532614,2023,11,regular,margin,4.497,0.595,0.000
401532614,2023,11,regular,total,3.048,0.573,1.000
401532615,2023,11,regular,margin,3.387,0.604,0.000
401532615,2023,11,regular,total,5.543,0.625,1.000
401532616,2023,11,regular,margin,2.935,0.542,0.000
401532616,2023,11,regular,total,1.745,0.542,1.000
401532617,2023,11,regular,margin,1.299,0.561,1.000
401532617,2023,11,regular,total,2.265,0.555,0.000
401532618,2023,11,regular,margin,1.914,0.569,1.000
401532618,2023,11,regular,total,5.884,0.633,0.000
401520402,2023,12,regular,margin,4.029,0.570,1.000
401520402,2023,12,regular,total,4.962,0.618,1.000
401520403,2023,12,regular,margin,3.589,0.585,0.000
401520403,2023,12,regular,total,0.983,0.527,1.000
401520404,2023,12,regular,margin,5.212,0.626,1.000
401520404,2023,12,regular,total,3.980,0.593,1.000
401520405,2023,12,regular,margin,0.458,0.539,1.000
401520405,2023,12,regular,total,9.134,0.709,0.000
401520406,2023,12,regular,margin,5.413,0.642,0.000
401520406,2023,12,regular,total,6.915,0.666,0.000
401520407,2023,12,regular,margin,3.688,0.561,1.000
401520407,2023,12,regular,total,4.570,0.608,1.000
401520408,2023,12,regular,margin,2.081,0.523,1.000
401520408,2023,12,regular,total,3.610,0.586,0.000
401520409,2023,12,regular,margin,0.872,0.513,0.000
401520409,2023,12,regular,total,5.108,0.621,1.000
401520410,2023,12,regular,margin,2.132,0.576,0.000
401520410,2023,12,regular,total,0.167,0.503,0.000
401520411,2023,12,regular,margin,0.435,0.536,1.000
401520411,2023,12,regular,total,0.169,0.505,1.000
401520412,2023,12,regular,margin,5.033,0.628,0.000
401520412,2023,12,regular,total,3.656,0.588,1.000
401520413,2023,12,regular,margin,1.317,0.550,1.000
401520413,2023,12,regular,total,0.532,0.513,0.000
401520414,2023,12,regular,margin,1.708,0.563,1.000
401520414,2023,12,regular,total,9.004,0.706,0.000
401520415,2023,12,regular,margin,2.891,0.542,0.000
401520415,2023,12,regular,total,3.935,0.593,1.000
401520416,2023,12,regular,margin,3.273,0.580,1.000
401520416,2023,12,regular,total,2.275,0.554,1.000
401520417,2023,12,regular,margin,1.864,0.568,1.000
401520417,2023,12,regular,total,6.841,0.661,0.000
401520418,2023,12,regular,margin,0.164,0.524,1.000
401520418,2023,12,regular,total,3.018,0.572,0.000
401520419,2023,12,regular,margin,2.419,0.603,0.000
401520419,2023,12,regular,total,1.009,0.524,1.000
401520422,2023,12,regular,margin,2.054,0.592,0.500
401520422,2023,12,regular,total,3.449,0.587,1.000
401520423,2023,12,regular,margin,2.873,0.610,1.000
401520423,2023,12,regular,total,2.762,0.560,0.000
401524057,2023,12,regular,margin,0.994,0.555,0.000
401524057,2023,12,regular,total,2.183,0.552,1.000
401524058,2023,12,regular,margin,5.970,0.635,0.000
401524058,2023,12,regular,total,1.047,0.526,1.000
401524059,2023,12,regular,margin,0.575,0.509,1.000
401524059,2023,12,regular,total,2.498,0.559,0.000
401524060,2023,12,regular,margin,1.800,0.530,1.000
401524060,2023,12,regular,total,1.135,0.527,1.000
401524061,2023,12,regular,margin,2.637,0.591,0.000
401524061,2023,12,regular,total,10.235,0.731,0.000
401524062,2023,12,regular,margin,3.381,0.562,0.000
401524062,2023,12,regular,total,0.043,0.501,1.000
401525442,2023,12,regular,margin,3.135,0.563,0.000
401525442,2023,12,regular,total,3.668,0.588,1.000
401525553,2023,12,regular,margin,2.009,0.576,1.000
401525553,2023,12,regular,total,7.069,0.671,0.000
401525554,2023,12,regular,margin,2.166,0.608,0.000
401525554,2023,12,regular,total,4.371,0.604,0.000
401525555,2023,12,regular,margin,6.199,0.622,0.000
401525555,2023,12,regular,total,3.620,0.587,1.000
401525557,2023,12,regular,margin,1.381,0.554,0.000
401525557,2023,12,regular,total,3.093,0.574,1.000
401525558,2023,12,regular,margin,0.401,0.506,0.000
401525558,2023,12,regular,total,0.136,0.502,0.000
401525559,2023,12,regular,margin,3.267,0.567,1.000
401525559,2023,12,regular,total,3.718,0.590,1.000
401525893,2023,12,regular,margin,1.785,0.525,1.000
401525893,2023,12,regular,total,1.724,0.541,0.000
401525894,2023,12,regular,margin,0.668,0.541,0.000
401525894,2023,12,regular,total,0.525,0.513,1.000
401525895,2023,12,regular,margin,0.434,0.567,0.000
401525895,2023,12,regular,total,3.463,0.584,0.000
401525896,2023,12,regular,margin,2.361,0.506,0.000
401525896,2023,12,regular,total,0.716,0.517,1.000
401525897,2023,12,regular,margin,0.394,0.519,0.000
401525897,2023,12,regular,total,2.095,0.550,1.000
401525898,2023,12,regular,margin,0.908,0.504,1.000
401525898,2023,12,regular,total,2.997,0.571,1.000
401525899,2023,12,regular,margin,4.239,0.587,1.000
401525899,2023,12,regular,total,0.937,0.523,1.000
401531345,2023,12,regular,margin,1.360,0.527,1.000
401531345,2023,12,regular,total,2.455,0.559,1.000
401531375,2023,12,regular,margin,4.180,0.650,0.000
401531375,2023,12,regular,total,0.057,0.502,0.000
401531385,2023,12,regular,margin,0.973,0.523,0.000
401531385,2023,12,regular,total,0.759,0.518,1.000
401531401,2023,12,regular,margin,1.827,0.531,1.000
401531401,2023,12,regular,total,1.219,0.529,1.000
401531409,2023,12,regular,margin,2.887,0.562,1.000
401531409,2023,12,regular,total,5.640,0.633,0.000
401531417,2023,12,regular,margin,3.838,0.586,0.000
401531417,2023,12,regular,total,5.459,0.638,0.000
401531431,2023,12,regular,margin,2.914,0.608,1.000
401531431,2023,12,regular,total,2.130,0.551,1.000
401531917,2023,12,regular,margin,1.354,0.554,1.000
401531917,2023,12,regular,total,0.886,0.521,0.000
401531918,2023,12,regular,margin,3.993,0.635,1.000
401531918,2023,12,regular,total,0.530,0.507,0.000
401531919,2023,12,regular,margin,2.429,0.607,1.000
401531919,2023,12,regular,total,2.757,0.566,0.000
401531920,2023,12,regular,margin,1.182,0.500,1.000
401531920,2023,12,regular,total,6.242,0.647,0.000
401531921,2023,12,regular,margin,1.690,0.551,1.000
401531921,2023,12,regular,total,1.040,0.524,0.000
401532443,2023,12,regular,margin,4.294,0.646,1.000
401532443,2023,12,regular,total,6.374,0.650,1.000
401532444,2023,12,regular,margin,2.055,0.580,0.000
401532444,2023,12,regular,total,4.338,0.603,0.000
401532445,2023,12,regular,margin,2.863,0.550,0.000
401532445,2023,12,regular,total,6.108,0.645,1.000
401532446,2023,12,regular,margin,0.132,0.532,0.000
401532446,2023,12,regular,total,0.879,0.520,0.000
401532447,2023,12,regular,margin,1.997,0.504,1.000
401532447,2023,12,regular,total,3.810,0.594,0.000
401532448,2023,12,regular,margin,0.894,0.511,0.000
401532448,2023,12,regular,total,7.331,0.671,0.000
401532619,2023,12,regular,margin,1.543,0.508,1.000
401532619,2023,12,regular,total,1.006,0.524,0.000
401532620,2023,12,regular,margin,3.485,0.594,0.000
401532620,2023,12,regular,total,3.850,0.592,1.000
401532621,2023,12,regular,margin,4.279,0.629,1.000
401532621,2023,12,regular,total,5.731,0.635,1.000
401532622,2023,12,regular,margin,0.332,0.528,0.000
401532622,2023,12,regular,total,2.613,0.562,1.000
401532623,2023,12,regular,margin,3.365,0.582,1.000
401532623,2023,12,regular,total,0.172,0.503,1.000
401532624,2023,12,regular,margin,1.425,0.541,1.000
401532624,2023,12,regular,total,2.794,0.568,1.000
401520424,2023,13,regular,margin,0.172,0.543,1.000
401520424,2023,13,regular,total,0.174,0.504,1.000
401520425,2023,13,regular,margin,5.021,0.648,1.000
401520425,2023,13,regular,total,4.608,0.635,0.000
401520426,2023,13,regular,margin,0.197,0.536,0.000
401520426,2023,13,regular,total,0.059,0.502,1.000
401520427,2023,13,regular,margin,2.465,0.566,1.000
401520427,2023,13,regular,total,2.167,0.552,1.000
401520428,2023,13,regular,margin,1.016,0.500,0.000
401520428,2023,13,regular,total,3.098,0.568,1.000
401520429,2023,13,regular,margin,2.311,0.536,1.000
401520429,2023,13,regular,total,9.625,0.719,0.000
401520430,2023,13,regular,margin,0.035,0.522,0.000
401520430,2023,13,regular,total,1.581,0.538,1.000
401520431,2023,13,regular,margin,4.659,0.639,1.000
401520431,2023,13,regular,total,3.927,0.600,1.000
401520432,2023,13,regular,margin,2.737,0.624,1.000
401520432,2023,13,regular,total,0.096,0.501,0.000
401520433,2023,13,regular,margin,3.080,0.618,0.000
401520433,2023,13,regular,total,1.525,0.531,0.000
401520434,2023,13,regular,margin,0.026,0.504,0.000
401520434,2023,13,regular,total,0.161,0.503,0.000
401520435,2023,13,regular,margin,2.154,0.585,1.000
401520435,2023,13,regular,total,5.287,0.626,0.000
401520436,2023,13,regular,margin,0.511,0.521,0.000
401520436,2023,13,regular,total,0.281,0.509,0.000
401520437,2023,13,regular,margin,0.637,0.538,1.000
401520437,2023,13,regular,total,2.098,0.549,1.000
401520438,2023,13,regular,margin,0.610,0.534,1.000
401520438,2023,13,regular,total,6.074,0.643,1.000
401520439,2023,13,regular,margin,0.478,0.506,1.000
401520439,2023,13,regular,total,4.288,0.603,1.000
401520440,2023,13,regular,margin,4.040,0.641,1.000
401520440,2023,13,regular,total,2.946,0.571,0.000
401520441,2023,13,regular,margin,4.904,0.680,0.000
401520441,2023,13,regular,total,4.859,0.610,0.000
401520442,2023,13,regular,margin,2.427,0.530,1.000
401520442,2023,13,regular,total,0.985,0.518,1.000
401520443,2023,13,regular,margin,0.903,0.504,1.000
401520443,2023,13,regular,total,4.912,0.622,0.000
401520444,2023,13,regular,margin,3.345,0.571,1.000
401520444,2023,13,regular,total,2.655,0.563,0.000
401524063,2023,13,regular,margin,1.566,0.549,0.000
401524063,2023,13,regular,total,5.054,0.625,1.000
401524064,2023,13,regular,margin,1.495,0.549,0.000
401524064,2023,13,regular,total,1.778,0.537,1.000
401524065,2023,13,regular,margin,2.836,0.546,0.000
401524065,2023,13,regular,total,4.185,0.600,1.000
401524066,2023,13,regular,margin,0.368,0.518,1.000
401524066,2023,13,regular,total,5.762,0.636,0.000
401524067,2023,13,regular,margin,3.669,0.588,1.000
401524067,2023,13,regular,total,11.056,0.747,0.000
401524068,2023,13,regular,margin,0.925,0.532,1.000
401524068,2023,13,regular,total,5.275,0.624,1.000
401525560,2023,13,regular,margin,0.610,0.551,0.000
401525560,2023,13,regular,total,2.524,0.555,1.000
401525561,2023,13,regular,margin,7.261,0.661,1.000
401525561,2023,13,regular,total,6.285,0.654,1.000
401525562,2023,13,regular,margin,3.054,0.580,1.000
401525562,2023,13,regular,total,2.240,0.554,1.000
401525563,2023,13,regular,margin,0.683,0.537,1.000
401525563,2023,13,regular,total,4.423,0.606,1.000
401525564,2023,13,regular,margin,0.067,0.504,0.000
401525564,2023,13,regular,total,1.697,0.541,1.000
401525900,2023,13,regular,margin,0.346,0.540,0.000
401525900,2023,13,regular,total,5.661,0.633,0.000
401525901,2023,13,regular,margin,2.688,0.571,0.000
401525901,2023,13,regular,total,0.032,0.501,1.000
401525902,2023,13,regular,margin,2.092,0.603,1.000
401525902,2023,13,regular,total,5.268,0.624,1.000
401525903,2023,13,regular,margin,2.352,0.506,1.000
401525903,2023,13,regular,total,4.388,0.610,0.000
401525904,2023,13,regular,margin,2.907,0.552,0.000
401525904,2023,13,regular,total,4.030,0.591,1.000
401525905,2023,13,regular,margin,4.448,0.611,1.000
401525905,2023,13,regular,total,1.526,0.537,1.000
401525906,2023,13,regular,margin,2.517,0.574,1.000
401525906,2023,13,regular,total,2.500,0.566,1.000
401531346,2023,13,regular,margin,5.708,0.644,0.000
401531346,2023,13,regular,total,4.186,0.595,1.000
401531376,2023,13,regular,margin,2.138,0.583,0.000
401531376,2023,13,regular,total,1.622,0.538,1.000
401531386,2023,13,regular,margin,2.706,0.587,1.000
401531386,2023,13,regular,total,6.834,0.659,0.000
401531394,2023,13,regular,margin,3.784,0.597,1.000
401531394,2023,13,regular,total,0.068,0.508,0.000
401531410,2023,13,regular,margin,2.261,0.593,0.000
401531410,2023,13,regular,total,3.757,0.595,1.000
401531421,2023,13,regular,margin,1.043,0.500,0.000
401531421,2023,13,regular,total,6.027,0.648,0.000
401531435,2023,13,regular,margin,0.602,0.506,1.000
401531435,2023,13,regular,total,0.110,0.501,0.000
401531922,2023,13,regular,margin,0.576,0.523,0.000
401531922,2023,13,regular,total,0.728,0.517,1.000
401531923,2023,13,regular,margin,0.325,0.527,0.000
401531923,2023,13,regular,total,0.056,0.502,1.000
401531924,2023,13,regular,margin,1.031,0.509,0.000
401531924,2023,13,regular,total,4.398,0.605,1.000
401531925,2023,13,regular,margin,1.395,0.555,0.000
401531925,2023,13,regular,total,3.420,0.582,0.000
401531926,2023,13,regular,margin,2.750,0.559,1.000
401531926,2023,13,regular,total,2.940,0.564,1.000
401531927,2023,13,regular,margin,0.822,0.501,1.000
401531927,2023,13,regular,total,0.137,0.504,1.000
401531928,2023,13,regular,margin,8.721,0.691,0.000
401531928,2023,13,regular,total,1.515,0.530,0.000
401532449,2023,13,regular,margin,0.299,0.524,1.000
401532449,2023,13,regular,total,6.649,0.658,0.000
401532450,2023,13,regular,margin,1.898,0.550,0.000
401532450,2023,13,regular,total,5.617,0.632,0.000
401532451,2023,13,regular,margin,0.284,0.528,0.000
401532451,2023,13,regular,total,2.667,0.564,0.000
401532452,2023,13,regular,margin,2.674,0.572,1.000
401532452,2023,13,regular,total,1.479,0.544,0.000
401532453,2023,13,regular,margin,4.190,0.577,1.000
401532453,2023,13,regular,total,7.481,0.680,1.000
401532454,2023,13,regular,margin,2.440,0.532,0.000
401532454,2023,13,regular,total,2.531,0.562,0.000
401532625,2023,13,regular,margin,2.858,0.561,1.000
401532625,2023,13,regular,total,2.076,0.557,1.000
401532626,2023,13,regular,margin,1.350,0.563,1.000
401532626,2023,13,regular,total,0.311,0.514,0.000
401532627,2023,13,regular,margin,0.199,0.532,1.000
401532627,2023,13,regular,total,0.210,0.500,1.000
401532628,2023,13,regular,margin,0.984,0.508,1.000
401532628,2023,13,regular,total,0.239,0.500,0.000
401532629,2023,13,regular,margin,0.507,0.522,1.000
401532629,2023,13,regular,total,1.666,0.540,1.000
401532630,2023,13,regular,margin,2.137,0.590,0.000
401532630,2023,13,regular,total,3.802,0.598,1.000
401539475,2023,14,regular,margin,0.680,0.550,1.000
401539475,2023,14,regular,total,7.552,0.675,1.000
401539476,2023,14,regular,margin,2.909,0.615,0.000
401539476,2023,14,regular,total,6.942,0.662,0.000
401539477,2023,14,regular,margin,8.249,0.686,1.000
401539477,2023,14,regular,total,5.824,0.637,0.000
401539478,2023,14,regular,margin,10.850,0.774,1.000
401539478,2023,14,regular,total,3.380,0.581,0.000
401539479,2023,14,regular,margin,1.431,0.525,1.000
401539479,2023,14,regular,total,0.208,0.505,0.000
401539480,2023,14,regular,margin,4.279,0.594,0.000
401539480,2023,14,regular,total,0.195,0.503,0.000
401539481,2023,14,regular,margin,3.834,0.637,1.000
401539481,2023,14,regular,total,1.153,0.529,0.000
401539482,2023,14,regular,margin,1.167,0.528,1.000
401539482,2023,14,regular,total,2.525,0.560,0.000
401539483,2023,14,regular,margin,2.273,0.590,1.000
401539483,2023,14,regular,total,2.742,0.565,1.000
401539484,2023,14,regular,margin,0.074,0.521,0.000
401539484,2023,14,regular,total,1.134,0.527,0.000
401520445,2023,15,regular,margin,3.945,0.616,1.000
401520445,2023,15,regular,total,6.012,0.654,0.500
401628319,2024,1,regular,margin,5.927,0.641,0.000
401628319,2024,1,regular,total,3.299,0.580,0.000
401628322,2024,1,regular,margin,5.296,0.628,0.000
401628322,2024,1,regular,total,0.455,0.511,1.000
401628323,2024,1,regular,margin,1.617,0.575,0.000
401628323,2024,1,regular,total,4.772,0.616,0.000
401628324,2024,1,regular,margin,6.049,0.634,0.000
401628324,2024,1,regular,total,3.409,0.583,0.000
401628328,2024,1,regular,margin,11.438,0.770,0.000
401628328,2024,1,regular,total,1.955,0.548,0.000
401628329,2024,1,regular,margin,5.097,0.602,1.000
401628329,2024,1,regular,total,6.900,0.665,0.000
401628331,2024,1,regular,margin,9.288,0.719,0.000
401628331,2024,1,regular,total,6.314,0.651,1.000
401628332,2024,1,regular,margin,5.048,0.602,1.000
401628332,2024,1,regular,total,7.551,0.679,0.000
401628333,2024,1,regular,margin,2.517,0.564,1.000
401628333,2024,1,regular,total,5.710,0.638,1.000
401628334,2024,1,regular,margin,1.473,0.510,0.000
401628334,2024,1,regular,total,6.025,0.645,1.000
401628448,2024,1,regular,margin,0.417,0.502,1.000
401628448,2024,1,regular,total,2.694,0.566,0.000
401628449,2024,1,regular,margin,10.686,0.737,1.000
401628449,2024,1,regular,total,4.541,0.610,0.000
401628451,2024,1,regular,margin,1.975,0.565,1.000
401628451,2024,1,regular,total,7.003,0.667,1.000
401628452,2024,1,regular,margin,3.196,0.562,1.000
401628452,2024,1,regular,total,6.107,0.647,0.000
401628453,2024,1,regular,margin,2.259,0.577,1.000
401628453,2024,1,regular,total,5.939,0.643,0.000
401628454,2024,1,regular,margin,5.067,0.596,0.000
401628454,2024,1,regular,total,1.956,0.541,1.000
401628455,2024,1,regular,margin,14.916,0.855,1.000
401628455,2024,1,regular,total,5.820,0.640,0.000
401628457,2024,1,regular,margin,2.340,0.509,1.000
401628457,2024,1,regular,total,4.259,0.604,0.000
401628459,2024,1,regular,margin,4.271,0.608,1.000
401628459,2024,1,regular,total,4.853,0.617,0.000
401628461,2024,1,regular,margin,6.413,0.642,1.000
401628461,2024,1,regular,total,3.500,0.585,1.000
401629039,2024,1,regular,margin,2.282,0.536,1.000
401629039,2024,1,regular,total,2.123,0.552,0.000
401634300,2024,1,regular,margin,1.053,0.569,1.000
401634300,2024,1,regular,total,1.185,0.529,0.000
401634302,2024,1,regular,margin,5.154,0.604,0.000
401634302,2024,1,regular,total,0.176,0.502,1.000
401634304,2024,1,regular,margin,11.552,0.772,1.000
401634304,2024,1,regular,total,3.897,0.595,1.000
401634305,2024,1,regular,margin,5.021,0.603,0.000
401634305,2024,1,regular,total,0.968,0.524,0.000
401634306,2024,1,regular,margin,2.055,0.542,1.000
401634306,2024,1,regular,total,2.209,0.554,0.000
401635525,2024,1,regular,margin,3.411,0.619,1.000
401635525,2024,1,regular,total,2.255,0.555,1.000
401636608,2024,1,regular,margin,9.798,0.722,1.000
401636608,2024,1,regular,total,1.053,0.526,0.000
401636609,2024,1,regular,margin,1.650,0.529,1.000
401636609,2024,1,regular,total,2.922,0.572,1.000
401636611,2024,1,regular,margin,2.675,0.579,0.000
401636611,2024,1,regular,total,1.175,0.529,0.000
401640998,2024,1,regular,margin,3.697,0.614,1.000
401640998,2024,1,regular,total,1.330,0.533,1.000
401641015,2024,1,regular,margin,19.372,0.882,1.000
401641015,2024,1,regular,total,9.026,0.711,0.000
401641039,2024,1,regular,margin,3.679,0.619,1.000
401641039,2024,1,regular,total,5.401,0.630,0.000
401643696,2024,1,regular,margin,7.918,0.658,1.000
401643696,2024,1,regular,total,3.311,0.581,0.000
401643700,2024,1,regular,margin,6.913,0.676,1.000
401643700,2024,1,regular,total,0.757,0.519,1.000
401643701,2024,1,regular,margin,0.092,0.550,1.000
401643701,2024,1,regular,total,9.017,0.711,1.000
401643774,2024,1,regular,margin,3.939,0.630,0.000
401643774,2024,1,regular,total,6.123,0.641,0.000
401643775,2024,1,regular,margin,4.208,0.616,1.000
401643775,2024,1,regular,total,2.946,0.572,0.000
401644683,2024,1,regular,margin,1.803,0.571,0.000
401644683,2024,1,regular,total,5.986,0.645,0.000
401677077,2024,1,postseason,margin,0.616,0.505,0.000
401677077,2024,1,postseason,total,0.919,0.523,0.000
401677079,2024,1,postseason,margin,1.388,0.512,0.000
401677079,2024,1,postseason,total,0.647,0.515,1.000
401677080,2024,1,postseason,margin,2.831,0.601,0.500
401677080,2024,1,postseason,total,3.366,0.582,0.000
401677081,2024,1,postseason,margin,2.132,0.558,0.000
401677081,2024,1,postseason,total,5.414,0.631,0.000
401677082,2024,1,postseason,margin,0.111,0.540,1.000
401677082,2024,1,postseason,total,3.988,0.596,0.000
401677083,2024,1,postseason,margin,4.344,0.630,1.000
401677083,2024,1,postseason,total,3.673,0.589,1.000
401677084,2024,1,postseason,margin,4.072,0.638,0.000
401677084,2024,1,postseason,total,1.460,0.536,0.000
401677085,2024,1,postseason,margin,16.434,0.867,1.000
401677085,2024,1,postseason,total,5.529,0.633,1.000
401677086,2024,1,postseason,margin,3.270,0.585,0.000
401677086,2024,1,postseason,total,2.473,0.563,1.000
401677087,2024,1,postseason,margin,1.842,0.538,1.000
401677087,2024,1,postseason,total,9.416,0.719,0.000
401677088,2024,1,postseason,margin,1.976,0.607,1.000
401677088,2024,1,postseason,total,1.042,0.525,0.000
401677089,2024,1,postseason,margin,2.768,0.609,1.000
401677089,2024,1,postseason,total,6.716,0.660,0.000
401677090,2024,1,postseason,margin,7.172,0.684,0.000
401677090,2024,1,postseason,total,1.357,0.535,0.000
401677091,2024,1,postseason,margin,0.171,0.522,1.000
401677091,2024,1,postseason,total,1.173,0.528,0.000
401677092,2024,1,postseason,margin,2.550,0.601,1.000
401677092,2024,1,postseason,total,9.825,0.727,1.000
401677093,2024,1,postseason,margin,3.859,0.624,0.000
401677093,2024,1,postseason,total,1.048,0.526,0.000
401677094,2024,1,postseason,margin,6.379,0.676,0.000
401677094,2024,1,postseason,total,3.201,0.578,0.000
401677095,2024,1,postseason,margin,0.599,0.542,0.000
401677095,2024,1,postseason,total,0.465,0.511,1.000
401677096,2024,1,postseason,margin,1.429,0.566,0.000
401677096,2024,1,postseason,total,0.809,0.520,1.000
401677097,2024,1,postseason,margin,1.131,0.507,0.000
401677097,2024,1,postseason,total,1.714,0.542,0.000
401677098,2024,1,postseason,margin,1.210,0.518,1.000
401677098,2024,1,postseason,total,2.350,0.557,1.000
401677099,2024,1,postseason,margin,1.945,0.547,0.000
401677099,2024,1,postseason,total,0.801,0.519,1.000
401677100,2024,1,postseason,margin,5.168,0.657,0.000
401677100,2024,1,postseason,total,4.454,0.606,1.000
401677101,2024,1,postseason,margin,0.781,0.502,0.000
401677101,2024,1,postseason,total,5.016,0.622,1.000
401677102,2024,1,postseason,margin,8.349,0.695,1.000
401677102,2024,1,postseason,total,1.909,0.545,1.000
401677103,2024,1,postseason,margin,0.535,0.514,1.000
401677103,2024,1,postseason,total,0.993,0.525,0.000
401677104,2024,1,postseason,margin,7.625,0.703,1.000
401677104,2024,1,postseason,total,5.189,0.625,0.000
401677105,2024,1,postseason,margin,1.215,0.523,0.000
401677105,2024,1,postseason,total,2.875,0.570,0.000
401677106,2024,1,postseason,margin,5.340,0.645,1.000
401677106,2024,1,postseason,total,0.149,0.504,1.000
401677107,2024,1,postseason,margin,8.900,0.755,0.000
401677107,2024,1,postseason,total,1.154,0.530,0.000
401677108,2024,1,postseason,margin,9.174,0.753,0.000
401677108,2024,1,postseason,total,4.519,0.610,0.000
401677176,2024,1,postseason,margin,3.758,0.600,0.000
401677176,2024,1,postseason,total,1.798,0.544,1.000
401677177,2024,1,postseason,margin,0.547,0.564,0.000
401677177,2024,1,postseason,total,3.054,0.575,1.000
401677178,2024,1,postseason,margin,1.562,0.590,0.000
401677178,2024,1,postseason,total,2.679,0.566,0.000
401677179,2024,1,postseason,margin,1.754,0.513,1.000
401677179,2024,1,postseason,total,9.634,0.723,0.000
401677180,2024,1,postseason,margin,0.020,0.517,1.000
401677180,2024,1,postseason,total,0.921,0.522,0.000
401677181,2024,1,postseason,margin,2.316,0.548,1.000
401677181,2024,1,postseason,total,3.049,0.574,1.000
401677182,2024,1,postseason,margin,4.483,0.620,1.000
401677182,2024,1,postseason,total,3.918,0.595,0.000
401677183,2024,1,postseason,margin,0.106,0.501,0.000
401677183,2024,1,postseason,total,2.738,0.567,0.000
401677184,2024,1,postseason,margin,2.651,0.558,1.000
401677184,2024,1,postseason,total,8.937,0.709,0.000
401677188,2024,1,postseason,margin,1.244,0.526,1.000
401677188,2024,1,postseason,total,0.161,0.506,1.000
401677189,2024,1,postseason,margin,4.396,0.597,1.000
401677189,2024,1,postseason,total,4.902,0.619,1.000
401677190,2024,1,postseason,margin,8.598,0.696,1.000
401677190,2024,1,postseason,total,0.643,0.516,1.000
401677191,2024,1,postseason,margin,1.698,0.569,0.000
401677191,2024,1,postseason,total,4.018,0.597,1.000
401677192,2024,1,postseason,margin,6.756,0.720,0.000
401677192,2024,1,postseason,total,3.677,0.590,1.000
401729867,2024,1,postseason,margin,14.750,0.824,1.000
401729867,2024,1,postseason,total,0.876,0.522,1.000
401628335,2024,2,regular,margin,1.721,0.533,1.000
401628335,2024,2,regular,total,6.041,0.645,1.000
401628336,2024,2,regular,margin,4.244,0.635,1.000
401628336,2024,2,regular,total,5.088,0.623,0.000
401628337,2024,2,regular,margin,2.876,0.585,1.000
401628337,2024,2,regular,total,3.546,0.587,0.000
401628340,2024,2,regular,margin,1.469,0.565,1.000
401628340,2024,2,regular,total,7.301,0.674,0.000
401628342,2024,2,regular,margin,16.759,0.863,0.000
401628342,2024,2,regular,total,7.362,0.675,1.000
401628343,2024,2,regular,margin,4.008,0.612,0.000
401628343,2024,2,regular,total,6.091,0.646,1.000
401628344,2024,2,regular,margin,5.580,0.635,0.000
401628344,2024,2,regular,total,0.656,0.516,0.000
401628345,2024,2,regular,margin,5.056,0.594,1.000
401628345,2024,2,regular,total,5.437,0.631,0.000
401628346,2024,2,regular,margin,3.841,0.626,0.000
401628346,2024,2,regular,total,9.410,0.719,0.000
401628347,2024,2,regular,margin,2.409,0.578,0.000
401628347,2024,2,regular,total,7.136,0.670,1.000
401628462,2024,2,regular,margin,1.304,0.564,1.000
401628462,2024,2,regular,total,5.686,0.637,1.000
401628464,2024,2,regular,margin,1.952,0.551,1.000
401628464,2024,2,regular,total,9.970,0.732,1.000
401628465,2024,2,regular,margin,3.193,0.539,0.000
401628465,2024,2,regular,total,4.456,0.609,1.000
401628467,2024,2,regular,margin,2.277,0.544,1.000
401628467,2024,2,regular,total,2.802,0.568,1.000
401628468,2024,2,regular,margin,9.799,0.741,0.000
401628468,2024,2,regular,total,2.821,0.569,0.000
401628469,2024,2,regular,margin,1.339,0.539,0.000
401628469,2024,2,regular,total,0.403,0.510,1.000
401628470,2024,2,regular,margin,7.106,0.676,1.000
401628470,2024,2,regular,total,1.240,0.530,0.000
401628471,2024,2,regular,margin,5.519,0.628,0.000
401628471,2024,2,regular,total,7.147,0.676,1.000
401628472,2024,2,regular,margin,7.830,0.679,0.000
401628472,2024,2,regular,total,0.324,0.508,1.000
401628473,2024,2,regular,margin,7.663,0.675,1.000
401628473,2024,2,regular,total,4.348,0.606,0.000
401628977,2024,2,regular,margin,4.459,0.594,1.000
401628977,2024,2,regular,total,0.333,0.507,1.000
401629040,2024,2,regular,margin,0.754,0.525,0.000
401629040,2024,2,regular,total,2.858,0.570,1.000
401634765,2024,2,regular,margin,2.006,0.563,1.000
401634765,2024,2,regular,total,0.495,0.512,0.000
401635532,2024,2,regular,margin,4.545,0.606,0.000
401635532,2024,2,regular,total,4.185,0.602,1.000
401635533,2024,2,regular,margin,0.241,0.515,0.000
401635533,2024,2,regular,total,9.069,0.713,1.000
401635534,2024,2,regular,margin,0.865,0.504,0.000
401635534,2024,2,regular,total,5.932,0.642,1.000
401635535,2024,2,regular,margin,13.023,0.789,0.000
401635535,2024,2,regular,total,1.952,0.548,0.000
401635537,2024,2,regular,margin,0.791,0.509,1.000
401635537,2024,2,regular,total,4.641,0.613,1.000
401635538,2024,2,regular,margin,3.244,0.561,1.000
401635538,2024,2,regular,total,8.926,0.708,1.000
401635540,2024,2,regular,margin,8.566,0.685,1.000
401635540,2024,2,regular,total,2.488,0.561,0.000
401635639,2024,2,regular,margin,4.625,0.622,0.500
401635639,2024,2,regular,total,0.570,0.514,0.000
401636616,2024,2,regular,margin,0.797,0.515,1.000
401636616,2024,2,regular,total,5.670,0.637,1.000
401636617,2024,2,regular,margin,5.150,0.620,0.000
401636617,2024,2,regular,total,0.045,0.501,1.000
401636618,2024,2,regular,margin,4.220,0.620,1.000
401636618,2024,2,regular,total,1.643,0.540,0.000
401636859,2024,2,regular,margin,0.011,0.501,0.000
401636859,2024,2,regular,total,8.927,0.709,1.000
401640979,2024,2,regular,margin,0.276,0.543,1.000
401640979,2024,2,regular,total,0.513,0.512,0.000
401640989,2024,2,regular,margin,1.557,0.516,1.000
401640989,2024,2,regular,total,1.356,0.533,0.500
401641016,2024,2,regular,margin,15.233,0.840,0.000
401641016,2024,2,regular,total,7.885,0.687,0.000
401643705,2024,2,regular,margin,0.691,0.515,0.000
401643705,2024,2,regular,total,4.854,0.618,0.000
401643708,2024,2,regular,margin,0.228,0.510,0.000
401643708,2024,2,regular,total,3.220,0.579,0.000
401643709,2024,2,regular,margin,7.905,0.710,0.000
401643709,2024,2,regular,total,1.189,0.529,1.000
401643778,2024,2,regular,margin,1.343,0.551,0.000
401643778,2024,2,regular,total,2.597,0.563,1.000
401643779,2024,2,regular,margin,3.437,0.619,1.000
401643779,2024,2,regular,total,8.808,0.706,1.000
401643780,2024,2,regular,margin,1.544,0.567,1.000
401643780,2024,2,regular,total,2.033,0.550,0.000
401643781,2024,2,regular,margin,7.913,0.698,1.000
401643781,2024,2,regular,total,1.040,0.525,1.000
401643783,2024,2,regular,margin,5.920,0.623,0.000
401643783,2024,2,regular,total,3.641,0.588,0.500
401643784,2024,2,regular,margin,6.176,0.648,0.000
401643784,2024,2,regular,total,1.092,0.527,1.000
401645323,2024,2,regular,margin,3.898,0.616,0.000
401645323,2024,2,regular,total,3.784,0.593,0.000
401645324,2024,2,regular,margin,7.604,0.713,0.000
401645324,2024,2,regular,total,7.700,0.683,1.000
401628350,2024,3,regular,margin,0.815,0.511,0.000
401628350,2024,3,regular,total,4.702,0.614,1.000
401628351,2024,3,regular,margin,5.513,0.615,1.000
401628351,2024,3,regular,total,2.397,0.559,0.000
401628352,2024,3,regular,margin,2.638,0.587,1.000
401628352,2024,3,regular,total,1.584,0.539,0.000
401628353,2024,3,regular,margin,2.691,0.602,0.000
401628353,2024,3,regular,total,8.771,0.706,1.000
401628354,2024,3,regular,margin,2.342,0.537,1.000
401628354,2024,3,regular,total,2.249,0.556,0.000
401628355,2024,3,regular,margin,2.861,0.543,0.000
401628355,2024,3,regular,total,12.019,0.770,1.000
401628356,2024,3,regular,margin,5.280,0.665,1.000
401628356,2024,3,regular,total,2.606,0.564,0.000
401628357,2024,3,regular,margin,1.140,0.517,0.000
401628357,2024,3,regular,total,0.282,0.507,0.000
401628358,2024,3,regular,margin,4.138,0.608,1.000
401628358,2024,3,regular,total,4.215,0.603,1.000
401628359,2024,3,regular,margin,2.331,0.576,1.000
401628359,2024,3,regular,total,4.505,0.610,1.000
401628360,2024,3,regular,margin,14.770,0.843,0.000
401628360,2024,3,regular,total,4.462,0.608,0.000
401628361,2024,3,regular,margin,5.784,0.643,0.000
401628361,2024,3,regular,total,0.652,0.516,0.000
401628362,2024,3,regular,margin,7.516,0.715,1.000
401628362,2024,3,regular,total,10.283,0.737,1.000
401628475,2024,3,regular,margin,1.274,0.513,0.500
401628475,2024,3,regular,total,3.304,0.581,0.000
401628476,2024,3,regular,margin,6.435,0.691,0.000
401628476,2024,3,regular,total,3.477,0.585,1.000
401628477,2024,3,regular,margin,9.136,0.707,1.000
401628477,2024,3,regular,total,8.207,0.694,1.000
401628478,2024,3,regular,margin,10.173,0.717,1.000
401628478,2024,3,regular,total,1.189,0.529,0.000
401628479,2024,3,regular,margin,4.738,0.608,1.000
401628479,2024,3,regular,total,2.720,0.567,0.000
401628481,2024,3,regular,margin,3.643,0.587,0.000
401628481,2024,3,regular,total,3.250,0.580,0.000
401628483,2024,3,regular,margin,3.286,0.571,0.000
401628483,2024,3,regular,total,1.477,0.537,1.000
401628484,2024,3,regular,margin,4.842,0.634,1.000
401628484,2024,3,regular,total,1.457,0.535,1.000
401628978,2024,3,regular,margin,2.181,0.506,1.000
401628978,2024,3,regular,total,1.601,0.540,1.000
401629030,2024,3,regular,margin,0.679,0.527,0.000
401629030,2024,3,regular,total,6.196,0.649,1.000
401629041,2024,3,regular,margin,0.531,0.512,0.000
401629041,2024,3,regular,total,7.342,0.675,0.000
401635541,2024,3,regular,margin,4.246,0.602,0.000
401635541,2024,3,regular,total,0.583,0.514,1.000
401635542,2024,3,regular,margin,2.815,0.601,1.000
401635542,2024,3,regular,total,0.775,0.519,0.000
401635544,2024,3,regular,margin,12.560,0.791,0.000
401635544,2024,3,regular,total,4.441,0.607,0.000
401635546,2024,3,regular,margin,5.775,0.618,1.000
401635546,2024,3,regular,total,5.026,0.622,1.000
401635547,2024,3,regular,margin,1.252,0.535,1.000
401635547,2024,3,regular,total,6.349,0.652,0.000
401635548,2024,3,regular,margin,6.034,0.645,0.000
401635548,2024,3,regular,total,3.054,0.575,1.000
401636860,2024,3,regular,margin,7.110,0.673,0.000
401636860,2024,3,regular,total,7.002,0.668,0.000
401636861,2024,3,regular,margin,2.737,0.618,0.000
401636861,2024,3,regular,total,2.615,0.564,1.000
401636862,2024,3,regular,margin,7.301,0.656,1.000
401636862,2024,3,regular,total,7.020,0.668,0.000
401636863,2024,3,regular,margin,5.248,0.658,1.000
401636863,2024,3,regular,total,6.837,0.663,1.000
401636864,2024,3,regular,margin,5.893,0.613,1.000
401636864,2024,3,regular,total,0.554,0.514,1.000
401636865,2024,3,regular,margin,4.477,0.629,0.000
401636865,2024,3,regular,total,0.874,0.521,1.000
401636866,2024,3,regular,margin,0.647,0.504,0.000
401636866,2024,3,regular,total,2.855,0.570,0.000
401636867,2024,3,regular,margin,3.805,0.574,1.000
401636867,2024,3,regular,total,3.043,0.574,0.000
401636868,2024,3,regular,margin,0.787,0.515,0.000
401636868,2024,3,regular,total,10.122,0.733,0.000
401636869,2024,3,regular,margin,5.790,0.632,0.000
401636869,2024,3,regular,total,4.725,0.614,1.000
401636870,2024,3,regular,margin,4.743,0.590,1.000
401636870,2024,3,regular,total,11.078,0.753,1.000
401636871,2024,3,regular,margin,0.711,0.509,0.000
401636871,2024,3,regular,total,10.094,0.734,1.000
401640980,2024,3,regular,margin,0.504,0.539,0.000
401640980,2024,3,regular,total,6.635,0.659,1.000
401640990,2024,3,regular,margin,3.407,0.563,1.000
401640990,2024,3,regular,total,3.095,0.575,1.000
401640999,2024,3,regular,margin,5.505,0.635,1.000
401640999,2024,3,regular,total,1.199,0.530,1.000
401641017,2024,3,regular,margin,14.047,0.822,0.000
401641017,2024,3,regular,total,5.413,0.631,0.000
401641024,2024,3,regular,margin,6.807,0.711,0.000
401641024,2024,3,regular,total,4.085,0.599,1.000
401641033,2024,3,regular,margin,3.294,0.563,0.000
401641033,2024,3,regular,total,4.112,0.600,0.000
401641040,2024,3,regular,margin,2.929,0.598,0.000
401641040,2024,3,regular,total,4.993,0.621,0.000
401643785,2024,3,regular,margin,0.048,0.510,0.000
401643785,2024,3,regular,total,1.178,0.529,1.000
401643786,2024,3,regular,margin,0.127,0.515,0.000
401643786,2024,3,regular,total,5.185,0.625,0.000
401643789,2024,3,regular,margin,2.088,0.576,0.000
401643789,2024,3,regular,total,0.824,0.520,0.000
401628363,2024,4,regular,margin,4.109,0.621,0.000
401628363,2024,4,regular,total,1.665,0.541,0.000
401628364,2024,4,regular,margin,8.212,0.703,0.000
401628364,2024,4,regular,total,1.241,0.532,1.000
401628365,2024,4,regular,margin,3.825,0.588,1.000
401628365,2024,4,regular,total,1.009,0.525,1.000
401628366,2024,4,regular,margin,7.289,0.674,0.000
401628366,2024,4,regular,total,8.545,0.700,1.000
401628367,2024,4,regular,margin,1.639,0.559,0.000
401628367,2024,4,regular,total,2.373,0.558,0.000
401628368,2024,4,regular,margin,4.198,0.617,0.000
401628368,2024,4,regular,total,1.339,0.533,1.000
401628369,2024,4,regular,margin,2.096,0.574,0.000
401628369,2024,4,regular,total,0.700,0.517,1.000
401628370,2024,4,regular,margin,0.543,0.531,1.000
401628370,2024,4,regular,total,13.483,0.797,1.000
401628371,2024,4,regular,margin,7.486,0.698,0.000
401628371,2024,4,regular,total,2.327,0.557,0.000
401628372,2024,4,regular,margin,4.586,0.598,1.000
401628372,2024,4,regular,total,2.199,0.554,0.000
401628485,2024,4,regular,margin,1.163,0.565,1.000
401628485,2024,4,regular,total,2.602,0.565,1.000
401628486,2024,4,regular,margin,10.970,0.755,0.000
401628486,2024,4,regular,total,0.659,0.517,1.000
401628487,2024,4,regular,margin,2.506,0.583,0.000
401628487,2024,4,regular,total,6.458,0.658,1.000
401628489,2024,4,regular,margin,4.121,0.638,1.000
401628489,2024,4,regular,total,5.301,0.628,1.000
401628490,2024,4,regular,margin,0.223,0.532,1.000
401628490,2024,4,regular,total,2.488,0.562,0.000
401628491,2024,4,regular,margin,5.041,0.650,0.000
401628491,2024,4,regular,total,5.720,0.638,0.000
401628492,2024,4,regular,margin,8.455,0.711,1.000
401628492,2024,4,regular,total,2.539,0.562,0.000
401628493,2024,4,regular,margin,10.133,0.762,0.000
401628493,2024,4,regular,total,2.742,0.567,1.000
401628494,2024,4,regular,margin,1.099,0.504,1.000
401628494,2024,4,regular,total,7.487,0.683,1.000
401628979,2024,4,regular,margin,4.918,0.595,1.000
401628979,2024,4,regular,total,1.425,0.536,0.000
401629031,2024,4,regular,margin,4.869,0.607,0.000
401629031,2024,4,regular,total,4.424,0.608,1.000
401634766,2024,4,regular,margin,4.572,0.641,1.000
401634766,2024,4,regular,total,0.798,0.520,0.000
401635551,2024,4,regular,margin,0.823,0.524,0.000
401635551,2024,4,regular,total,4.694,0.614,0.000
401635552,2024,4,regular,margin,1.189,0.526,0.000
401635552,2024,4,regular,total,9.699,0.725,1.000
401635553,2024,4,regular,margin,3.492,0.593,0.000
401635553,2024,4,regular,total,3.364,0.582,1.000
401635554,2024,4,regular,margin,3.647,0.633,0.000
401635554,2024,4,regular,total,2.026,0.549,1.000
401635555,2024,4,regular,margin,2.048,0.532,0.000
401635555,2024,4,regular,total,5.387,0.630,0.000
401635556,2024,4,regular,margin,1.021,0.557,1.000
401635556,2024,4,regular,total,3.391,0.583,1.000
401635557,2024,4,regular,margin,2.226,0.564,1.000
401635557,2024,4,regular,total,3.294,0.580,0.000
401635558,2024,4,regular,margin,8.444,0.734,0.000
401635558,2024,4,regular,total,3.949,0.596,1.000
401636872,2024,4,regular,margin,1.585,0.591,1.000
401636872,2024,4,regular,total,0.262,0.507,0.000
401636873,2024,4,regular,margin,1.475,0.564,0.000
401636873,2024,4,regular,total,1.910,0.547,0.000
401636874,2024,4,regular,margin,1.074,0.506,0.000
401636874,2024,4,regular,total,1.422,0.535,1.000
401636875,2024,4,regular,margin,7.725,0.668,0.000
401636875,2024,4,regular,total,0.024,0.500,0.000
401636876,2024,4,regular,margin,7.396,0.689,0.000
401636876,2024,4,regular,total,0.271,0.507,0.000
401636877,2024,4,regular,margin,2.230,0.530,1.000
401636877,2024,4,regular,total,4.297,0.604,1.000
401636879,2024,4,regular,margin,2.046,0.569,1.000
401636879,2024,4,regular,total,2.754,0.567,0.000
401640991,2024,4,regular,margin,1.060,0.520,0.000
401640991,2024,4,regular,total,4.760,0.615,0.000
401641000,2024,4,regular,margin,1.662,0.557,0.000
401641000,2024,4,regular,total,2.759,0.567,0.000
401641008,2024,4,regular,margin,1.647,0.520,1.000
401641008,2024,4,regular,total,0.766,0.519,1.000
401641028,2024,4,regular,margin,0.091,0.544,0.000
401641028,2024,4,regular,total,0.838,0.520,1.000
401641034,2024,4,regular,margin,0.315,0.516,0.000
401641034,2024,4,regular,total,4.686,0.614,0.000
401641037,2024,4,regular,margin,3.537,0.587,0.000
401641037,2024,4,regular,total,1.692,0.541,1.000
401643711,2024,4,regular,margin,4.963,0.609,1.000
401643711,2024,4,regular,total,2.591,0.563,1.000
401643714,2024,4,regular,margin,0.501,0.509,0.000
401643714,2024,4,regular,total,4.869,0.617,0.000
401643715,2024,4,regular,margin,1.967,0.568,1.000
401643715,2024,4,regular,total,4.487,0.609,1.000
401643716,2024,4,regular,margin,1.219,0.562,0.000
401643716,2024,4,regular,total,6.625,0.658,1.000
401643717,2024,4,regular,margin,3.060,0.594,1.000
401643717,2024,4,regular,total,2.227,0.555,1.000
401643790,2024,4,regular,margin,3.890,0.549,0.000
401643790,2024,4,regular,total,0.074,0.502,0.000
401643791,2024,4,regular,margin,4.334,0.615,0.000
401643791,2024,4,regular,total,2.847,0.570,1.000
401644735,2024,4,regular,margin,5.530,0.649,1.000
401644735,2024,4,regular,total,1.819,0.545,1.000
401644736,2024,4,regular,margin,2.875,0.581,1.000
401644736,2024,4,regular,total,0.614,0.517,1.000
401645328,2024,4,regular,margin,1.012,0.521,0.000
401645328,2024,4,regular,total,3.847,0.595,1.000
401645329,2024,4,regular,margin,6.315,0.619,0.000
401645329,2024,4,regular,total,1.828,0.545,1.000
401628373,2024,5,regular,margin,0.057,0.515,1.000
401628373,2024,5,regular,total,0.803,0.520,0.000
401628374,2024,5,regular,margin,5.984,0.651,1.000
401628374,2024,5,regular,total,2.413,0.559,1.000
401628375,2024,5,regular,margin,7.450,0.666,1.000
401628375,2024,5,regular,total,6.013,0.645,1.000
401628376,2024,5,regular,margin,0.370,0.509,1.000
401628376,2024,5,regular,total,4.966,0.620,1.000
401628377,2024,5,regular,margin,2.229,0.568,1.000
401628377,2024,5,regular,total,3.467,0.584,1.000
401628378,2024,5,regular,margin,7.802,0.694,1.000
401628378,2024,5,regular,total,1.894,0.546,1.000
401628495,2024,5,regular,margin,1.845,0.531,1.000
401628495,2024,5,regular,total,0.887,0.522,0.000
401628496,2024,5,regular,margin,7.019,0.719,0.000
401628496,2024,5,regular,total,1.586,0.539,1.000
401628497,2024,5,regular,margin,0.096,0.531,1.000
401628497,2024,5,regular,total,6.922,0.668,1.000
401628498,2024,5,regular,margin,4.355,0.572,0.000
401628498,2024,5,regular,total,0.065,0.502,0.000
401628499,2024,5,regular,margin,0.201,0.525,0.000
401628499,2024,5,regular,total,3.858,0.594,0.000
401628500,2024,5,regular,margin,4.706,0.579,1.000
401628500,2024,5,regular,total,0.414,0.510,0.000
401628501,2024,5,regular,margin,0.625,0.504,0.000
401628501,2024,5,regular,total,4.536,0.611,0.000
401628502,2024,5,regular,margin,4.211,0.609,0.000
401628502,2024,5,regular,total,1.579,0.539,1.000
401628980,2024,5,regular,margin,4.899,0.612,1.000
401628980,2024,5,regular,total,5.535,0.634,1.000
401629032,2024,5,regular,margin,4.120,0.619,0.000
401629032,2024,5,regular,total,5.416,0.631,1.000
401629043,2024,5,regular,margin,0.647,0.516,0.000
401629043,2024,5,regular,total,1.106,0.528,0.000
401634767,2024,5,regular,margin,0.639,0.511,1.000
401634767,2024,5,regular,total,1.792,0.544,0.000
401635560,2024,5,regular,margin,2.307,0.511,0.000
401635560,2024,5,regular,total,7.270,0.673,0.000
401635561,2024,5,regular,margin,4.700,0.602,0.000
401635561,2024,5,regular,total,1.838,0.545,0.000
401635562,2024,5,regular,margin,1.555,0.548,1.000
401635562,2024,5,regular,total,2.599,0.564,0.000
401635563,2024,5,regular,margin,0.130,0.512,0.000
401635563,2024,5,regular,total,7.184,0.671,1.000
401635564,2024,5,regular,margin,0.940,0.555,0.500
401635564,2024,5,regular,total,3.516,0.586,0.000
401635659,2024,5,regular,margin,3.388,0.586,1.000
401635659,2024,5,regular,total,2.805,0.568,0.000
401636880,2024,5,regular,margin,6.890,0.672,1.000
401636880,2024,5,regular,total,3.777,0.592,1.000
401636881,2024,5,regular,margin,4.117,0.584,0.000
401636881,2024,5,regular,total,3.661,0.590,0.000
401636882,2024,5,regular,margin,2.273,0.539,1.000
401636882,2024,5,regular,total,1.828,0.545,0.000
401636883,2024,5,regular,margin,6.199,0.667,0.000
401636883,2024,5,regular,total,3.469,0.584,0.000
401636884,2024,5,regular,margin,3.479,0.585,0.500
401636884,2024,5,regular,total,6.353,0.652,0.000
401636885,2024,5,regular,margin,2.073,0.566,1.000
401636885,2024,5,regular,total,3.976,0.597,0.000
401636886,2024,5,regular,margin,3.956,0.555,0.000
401636886,2024,5,regular,total,4.762,0.616,0.000
401640981,2024,5,regular,margin,2.812,0.574,1.000
401640981,2024,5,regular,total,4.219,0.603,0.000
401641025,2024,5,regular,margin,3.517,0.558,1.000
401641025,2024,5,regular,total,2.591,0.563,0.000
401641035,2024,5,regular,margin,8.278,0.730,0.000
401641035,2024,5,regular,total,2.210,0.554,1.000
401641041,2024,5,regular,margin,4.861,0.653,1.000
401641041,2024,5,regular,total,5.516,0.632,0.000
401643718,2024,5,regular,margin,3.984,0.637,1.000
401643718,2024,5,regular,total,9.203,0.717,1.000
401643719,2024,5,regular,margin,4.101,0.615,0.000
401643719,2024,5,regular,total,1.292,0.532,0.000
401643720,2024,5,regular,margin,0.185,0.525,1.000
401643720,2024,5,regular,total,3.344,0.582,1.000
401643721,2024,5,regular,margin,8.200,0.680,1.000
401643721,2024,5,regular,total,1.794,0.545,0.000
401643792,2024,5,regular,margin,0.206,0.531,1.000
401643792,2024,5,regular,total,4.669,0.613,1.000
401643793,2024,5,regular,margin,2.089,0.540,0.000
401643793,2024,5,regular,total,1.421,0.535,1.000
401643794,2024,5,regular,margin,2.154,0.528,1.000
401643794,2024,5,regular,total,1.944,0.548,0.000
401643795,2024,5,regular,margin,1.222,0.563,1.000
401643795,2024,5,regular,total,0.237,0.506,1.000
401643796,2024,5,regular,margin,3.563,0.576,0.000
401643796,2024,5,regular,total,5.633,0.636,0.000
401644738,2024,5,regular,margin,4.488,0.572,1.000
401644738,2024,5,regular,total,5.691,0.637,0.000
401644739,2024,5,regular,margin,4.387,0.614,0.000
401644739,2024,5,regular,total,8.271,0.695,1.000
401645331,2024,5,regular,margin,3.573,0.621,0.000
401645331,2024,5,regular,total,2.072,0.551,1.000
401645332,2024,5,regular,margin,4.222,0.636,0.000
401645332,2024,5,regular,total,0.267,0.506,0.000
401645333,2024,5,regular,margin,3.388,0.611,1.000
401645333,2024,5,regular,total,4.787,0.616,0.000
401645334,2024,5,regular,margin,1.292,0.552,1.000
401645334,2024,5,regular,total,1.683,0.541,1.000
401645336,2024,5,regular,margin,1.747,0.576,0.000
401645336,2024,5,regular,total,2.832,0.569,0.000
401645337,2024,5,regular,margin,0.066,0.528,0.000
401645337,2024,5,regular,total,0.462,0.511,1.000
401628379,2024,6,regular,margin,0.050,0.501,1.000
401628379,2024,6,regular,total,2.787,0.568,1.000
401628380,2024,6,regular,margin,6.964,0.678,1.000
401628380,2024,6,regular,total,2.827,0.569,1.000
401628381,2024,6,regular,margin,0.520,0.507,0.000
401628381,2024,6,regular,total,0.557,0.513,1.000
401628382,2024,6,regular,margin,3.285,0.616,0.000
401628382,2024,6,regular,total,1.282,0.532,0.000
401628383,2024,6,regular,margin,2.012,0.531,0.000
401628383,2024,6,regular,total,1.298,0.532,1.000
401628384,2024,6,regular,margin,5.761,0.679,0.000
401628384,2024,6,regular,total,5.692,0.637,1.000
401628503,2024,6,regular,margin,3.237,0.591,0.000
401628503,2024,6,regular,total,6.317,0.652,1.000
401628504,2024,6,regular,margin,0.305,0.518,1.000
401628504,2024,6,regular,total,4.147,0.601,0.000
401628505,2024,6,regular,margin,3.276,0.568,0.000
401628505,2024,6,regular,total,5.300,0.630,1.000
401628506,2024,6,regular,margin,1.870,0.529,1.000
401628506,2024,6,regular,total,1.542,0.537,1.000
401628507,2024,6,regular,margin,0.126,0.546,1.000
401628507,2024,6,regular,total,2.436,0.560,0.000
401628508,2024,6,regular,margin,2.871,0.596,0.000
401628508,2024,6,regular,total,2.889,0.573,0.000
401628509,2024,6,regular,margin,2.601,0.551,1.000
401628509,2024,6,regular,total,5.214,0.626,1.000
401628510,2024,6,regular,margin,7.792,0.693,1.000
401628510,2024,6,regular,total,0.073,0.503,0.000
401629033,2024,6,regular,margin,3.058,0.576,1.000
401629033,2024,6,regular,total,7.036,0.668,0.500
401629044,2024,6,regular,margin,0.529,0.519,0.500
401629044,2024,6,regular,total,4.008,0.599,1.000
401634779,2024,6,regular,margin,3.636,0.575,0.000
401634779,2024,6,regular,total,1.502,0.537,1.000
401635567,2024,6,regular,margin,1.836,0.527,0.000
401635567,2024,6,regular,total,0.792,0.520,0.000
401635568,2024,6,regular,margin,0.315,0.523,1.000
401635568,2024,6,regular,total,0.173,0.504,0.000
401635569,2024,6,regular,margin,6.764,0.652,1.000
401635569,2024,6,regular,total,6.288,0.651,0.000
401635570,2024,6,regular,margin,4.485,0.646,0.500
401635570,2024,6,regular,total,0.380,0.510,0.000
401635571,2024,6,regular,margin,5.518,0.650,1.000
401635571,2024,6,regular,total,5.409,0.630,1.000
401635572,2024,6,regular,margin,5.313,0.630,0.000
401635572,2024,6,regular,total,2.912,0.571,1.000
401635573,2024,6,regular,margin,4.022,0.631,0.000
401635573,2024,6,regular,total,3.638,0.589,0.000
401635638,2024,6,regular,margin,2.668,0.541,0.000
401635638,2024,6,regular,total,2.866,0.570,1.000
401636887,2024,6,regular,margin,10.200,0.752,1.000
401636887,2024,6,regular,total,5.152,0.624,1.000
401636888,2024,6,regular,margin,0.565,0.506,1.000
401636888,2024,6,regular,total,2.875,0.570,1.000
401636889,2024,6,regular,margin,2.054,0.551,1.000
401636889,2024,6,regular,total,4.562,0.611,1.000
401636890,2024,6,regular,margin,0.933,0.544,0.000
401636890,2024,6,regular,total,6.619,0.658,1.000
401636891,2024,6,regular,margin,5.162,0.625,1.000
401636891,2024,6,regular,total,0.342,0.508,1.000
401641001,2024,6,regular,margin,17.321,0.866,0.000
401641001,2024,6,regular,total,5.024,0.622,1.000
401641029,2024,6,regular,margin,2.958,0.608,0.000
401641029,2024,6,regular,total,0.327,0.507,0.000
401643722,2024,6,regular,margin,4.460,0.646,0.000
401643722,2024,6,regular,total,8.523,0.702,1.000
401643723,2024,6,regular,margin,3.930,0.578,0.000
401643723,2024,6,regular,total,1.561,0.538,0.000
401643724,2024,6,regular,margin,1.057,0.562,1.000
401643724,2024,6,regular,total,1.930,0.548,1.000
401643725,2024,6,regular,margin,1.966,0.569,1.000
401643725,2024,6,regular,total,0.560,0.513,0.000
401643726,2024,6,regular,margin,0.254,0.537,1.000
401643726,2024,6,regular,total,0.213,0.505,0.000
401643797,2024,6,regular,margin,10.712,0.762,0.000
401643797,2024,6,regular,total,0.676,0.516,1.000
401643798,2024,6,regular,margin,3.053,0.550,1.000
401643798,2024,6,regular,total,5.410,0.631,1.000
401643799,2024,6,regular,margin,1.241,0.528,1.000
401643799,2024,6,regular,total,2.932,0.572,1.000
401643800,2024,6,regular,margin,4.421,0.609,1.000
401643800,2024,6,regular,total,5.179,0.625,1.000
401643801,2024,6,regular,margin,1.449,0.560,0.000
401643801,2024,6,regular,total,5.809,0.640,0.000
401643802,2024,6,regular,margin,3.272,0.572,1.000
401643802,2024,6,regular,total,0.912,0.522,0.000
401644684,2024,6,regular,margin,3.853,0.575,1.000
401644684,2024,6,regular,total,1.701,0.543,1.000
401644740,2024,6,regular,margin,1.897,0.527,1.000
401644740,2024,6,regular,total,6.911,0.665,0.000
401644741,2024,6,regular,margin,2.692,0.600,1.000
401644741,2024,6,regular,total,4.176,0.601,0.000
401645338,2024,6,regular,margin,5.958,0.629,0.000
401645338,2024,6,regular,total,5.271,0.627,1.000
401645339,2024,6,regular,margin,6.830,0.676,0.000
401645339,2024,6,regular,total,3.557,0.586,0.000
401645340,2024,6,regular,margin,6.022,0.682,1.000
401645340,2024,6,regular,total,0.473,0.512,1.000
401628385,2024,7,regular,margin,2.383,0.544,1.000
401628385,2024,7,regular,total,7.145,0.670,1.000
401628386,2024,7,regular,margin,7.188,0.678,1.000
401628386,2024,7,regular,total,0.273,0.506,0.000
401628387,2024,7,regular,margin,1.370,0.548,1.000
401628387,2024,7,regular,total,6.418,0.654,0.000
401628388,2024,7,regular,margin,0.741,0.554,1.000
401628388,2024,7,regular,total,10.006,0.731,1.000
401628389,2024,7,regular,margin,4.597,0.588,0.000
401628389,2024,7,regular,total,3.391,0.582,1.000
401628390,2024,7,regular,margin,8.055,0.687,0.000
401628390,2024,7,regular,total,3.315,0.581,0.000
401628391,2024,7,regular,margin,1.556,0.548,1.000
401628391,2024,7,regular,total,0.413,0.510,0.000
401628511,2024,7,regular,margin,6.164,0.642,1.000
401628511,2024,7,regular,total,2.232,0.555,1.000
401628512,2024,7,regular,margin,0.164,0.526,1.000
401628512,2024,7,regular,total,2.790,0.570,1.000
401628513,2024,7,regular,margin,0.565,0.515,1.000
401628513,2024,7,regular,total,4.560,0.611,1.000
401628514,2024,7,regular,margin,0.707,0.555,0.000
401628514,2024,7,regular,total,4.524,0.612,0.000
401628515,2024,7,regular,margin,0.574,0.522,1.000
401628515,2024,7,regular,total,1.443,0.535,0.000
401628516,2024,7,regular,margin,0.833,0.558,1.000
401628516,2024,7,regular,total,1.890,0.546,0.000
401628517,2024,7,regular,margin,1.696,0.532,1.000
401628517,2024,7,regular,total,1.542,0.539,1.000
401628981,2024,7,regular,margin,0.163,0.517,1.000
401628981,2024,7,regular,total,3.307,0.581,1.000
401635574,2024,7,regular,margin,1.472,0.548,0.000
401635574,2024,7,regular,total,7.934,0.687,0.000
401635575,2024,7,regular,margin,2.386,0.586,1.000
401635575,2024,7,regular,total,0.938,0.523,1.000
401635576,2024,7,regular,margin,3.344,0.564,0.000
401635576,2024,7,regular,total,2.205,0.554,0.500
401635577,2024,7,regular,margin,3.579,0.626,0.000
401635577,2024,7,regular,total,3.787,0.592,0.000
401635578,2024,7,regular,margin,0.025,0.535,1.000
401635578,2024,7,regular,total,0.392,0.510,0.000
401636892,2024,7,regular,margin,7.002,0.698,1.000
401636892,2024,7,regular,total,2.938,0.572,0.000
401636893,2024,7,regular,margin,6.414,0.678,1.000
401636893,2024,7,regular,total,3.385,0.583,1.000
401636894,2024,7,regular,margin,0.536,0.550,1.000
401636894,2024,7,regular,total,2.139,0.552,1.000
401636895,2024,7,regular,margin,1.663,0.521,1.000
401636895,2024,7,regular,total,2.417,0.559,1.000
401636896,2024,7,regular,margin,0.075,0.520,0.000
401636896,2024,7,regular,total,0.791,0.519,1.000
401640982,2024,7,regular,margin,3.798,0.603,1.000
401640982,2024,7,regular,total,0.178,0.505,0.000
401641002,2024,7,regular,margin,1.072,0.545,1.000
401641002,2024,7,regular,total,3.126,0.576,1.000
401641009,2024,7,regular,margin,0.164,0.525,0.000
401641009,2024,7,regular,total,4.470,0.609,1.000
401641030,2024,7,regular,margin,2.198,0.546,0.000
401641030,2024,7,regular,total,1.112,0.527,0.000
401643727,2024,7,regular,margin,6.479,0.689,0.000
401643727,2024,7,regular,total,0.532,0.513,1.000
401643728,2024,7,regular,margin,4.696,0.596,0.500
401643728,2024,7,regular,total,0.108,0.503,1.000
401643729,2024,7,regular,margin,4.107,0.582,0.000
401643729,2024,7,regular,total,1.538,0.538,0.000
401643730,2024,7,regular,margin,0.646,0.520,0.000
401643730,2024,7,regular,total,3.359,0.582,1.000
401643731,2024,7,regular,margin,1.579,0.523,0.000
401643731,2024,7,regular,total,2.291,0.557,1.000
401643732,2024,7,regular,margin,2.789,0.554,1.000
401643732,2024,7,regular,total,4.510,0.610,1.000
401643733,2024,7,regular,margin,0.160,0.513,0.000
401643733,2024,7,regular,total,2.095,0.551,0.000
401643803,2024,7,regular,margin,2.495,0.531,1.000
401643803,2024,7,regular,total,3.838,0.593,0.000
401643804,2024,7,regular,margin,0.750,0.534,0.500
401643804,2024,7,regular,total,4.798,0.616,0.000
401643805,2024,7,regular,margin,1.994,0.552,1.000
401643805,2024,7,regular,total,4.450,0.608,0.000
401643806,2024,7,regular,margin,0.470,0.545,0.500
401643806,2024,7,regular,total,0.765,0.519,0.000
401643807,2024,7,regular,margin,3.604,0.568,1.000
401643807,2024,7,regular,total,3.994,0.599,1.000
401643808,2024,7,regular,margin,4.384,0.614,0.000
401643808,2024,7,regular,total,10.080,0.732,1.000
401644685,2024,7,regular,margin,2.133,0.573,0.000
401644685,2024,7,regular,total,0.339,0.509,1.000
401644742,2024,7,regular,margin,1.532,0.513,1.000
401644742,2024,7,regular,total,6.023,0.645,1.000
401644743,2024,7,regular,margin,0.666,0.535,1.000
401644743,2024,7,regular,total,5.618,0.635,1.000
401644744,2024,7,regular,margin,0.323,0.506,0.000
401644744,2024,7,regular,total,1.144,0.529,0.000
401644745,2024,7,regular,margin,2.208,0.524,0.000
401644745,2024,7,regular,total,5.952,0.643,1.000
401644746,2024,7,regular,margin,2.929,0.557,0.000
401644746,2024,7,regular,total,1.013,0.524,0.000
401645341,2024,7,regular,margin,2.796,0.603,0.000
401645341,2024,7,regular,total,1.868,0.546,1.000
401645342,2024,7,regular,margin,7.996,0.671,0.000
401645342,2024,7,regular,total,1.953,0.548,1.000
401645343,2024,7,regular,margin,2.111,0.577,1.000
401645343,2024,7,regular,total,4.904,0.619,1.000
401645344,2024,7,regular,margin,1.713,0.579,1.000
401645344,2024,7,regular,total,4.031,0.598,1.000
401628392,2024,8,regular,margin,3.263,0.564,1.000
401628392,2024,8,regular,total,1.526,0.537,1.000
401628393,2024,8,regular,margin,5.345,0.637,1.000
401628393,2024,8,regular,total,2.117,0.553,1.000
401628394,2024,8,regular,margin,9.970,0.722,1.000
401628394,2024,8,regular,total,0.035,0.501,1.000
401628395,2024,8,regular,margin,3.820,0.573,1.000
401628395,2024,8,regular,total,1.130,0.527,1.000
401628396,2024,8,regular,margin,5.892,0.660,0.000
401628396,2024,8,regular,total,8.914,0.709,1.000
401628397,2024,8,regular,margin,0.619,0.553,1.000
401628397,2024,8,regular,total,0.090,0.502,0.000
401628398,2024,8,regular,margin,2.419,0.535,0.000
401628398,2024,8,regular,total,3.284,0.580,1.000
401628399,2024,8,regular,margin,3.018,0.543,1.000
401628399,2024,8,regular,total,2.960,0.572,0.000
401628518,2024,8,regular,margin,1.383,0.556,1.000
401628518,2024,8,regular,total,4.658,0.614,0.000
401628519,2024,8,regular,margin,0.960,0.538,0.000
401628519,2024,8,regular,total,2.238,0.555,1.000
401628520,2024,8,regular,margin,0.346,0.507,1.000
401628520,2024,8,regular,total,5.194,0.627,1.000
401628521,2024,8,regular,margin,0.144,0.515,1.000
401628521,2024,8,regular,total,0.355,0.509,1.000
401628522,2024,8,regular,margin,1.848,0.576,0.000
401628522,2024,8,regular,total,3.131,0.578,0.000
401628523,2024,8,regular,margin,2.059,0.541,0.000
401628523,2024,8,regular,total,0.188,0.505,1.000
401628524,2024,8,regular,margin,0.939,0.558,1.000
401628524,2024,8,regular,total,3.706,0.591,1.000
401628982,2024,8,regular,margin,0.529,0.515,0.000
401628982,2024,8,regular,total,0.808,0.520,0.000
401629034,2024,8,regular,margin,4.978,0.623,0.000
401629034,2024,8,regular,total,2.214,0.554,0.000
401634768,2024,8,regular,margin,0.557,0.528,0.000
401634768,2024,8,regular,total,3.827,0.594,1.000
401634769,2024,8,regular,margin,2.503,0.544,0.000
401634769,2024,8,regular,total,2.927,0.573,0.000
401635587,2024,8,regular,margin,0.400,0.517,1.000
401635587,2024,8,regular,total,4.827,0.617,1.000
401635588,2024,8,regular,margin,0.417,0.511,0.000
401635588,2024,8,regular,total,0.326,0.508,0.000
401635589,2024,8,regular,margin,0.577,0.519,0.000
401635589,2024,8,regular,total,3.102,0.576,0.000
401635590,2024,8,regular,margin,1.305,0.513,0.000
401635590,2024,8,regular,total,5.577,0.634,0.000
401636897,2024,8,regular,margin,4.876,0.601,1.000
401636897,2024,8,regular,total,0.082,0.502,1.000
401636898,2024,8,regular,margin,0.652,0.560,1.000
401636898,2024,8,regular,total,3.405,0.583,1.000
401636899,2024,8,regular,margin,1.083,0.549,0.000
401636899,2024,8,regular,total,4.755,0.615,0.000
401636900,2024,8,regular,margin,0.567,0.511,0.000
401636900,2024,8,regular,total,0.842,0.520,0.000
401636901,2024,8,regular,margin,0.460,0.539,0.000
401636901,2024,8,regular,total,1.784,0.542,0.000
401636902,2024,8,regular,margin,5.866,0.620,0.000
401636902,2024,8,regular,total,2.467,0.560,1.000
401636903,2024,8,regular,margin,0.799,0.523,1.000
401636903,2024,8,regular,total,3.474,0.585,0.000
401636904,2024,8,regular,margin,2.656,0.566,0.000
401636904,2024,8,regular,total,1.491,0.536,0.000
401640983,2024,8,regular,margin,0.091,0.532,1.000
401640983,2024,8,regular,total,3.871,0.595,1.000
401641010,2024,8,regular,margin,0.628,0.523,1.000
401641010,2024,8,regular,total,5.407,0.631,1.000
401641019,2024,8,regular,margin,9.021,0.756,0.000
401641019,2024,8,regular,total,4.011,0.598,0.000
401641038,2024,8,regular,margin,1.920,0.531,1.000
401641038,2024,8,regular,total,1.538,0.538,0.000
401643734,2024,8,regular,margin,0.964,0.545,0.000
401643734,2024,8,regular,total,2.154,0.554,0.000
401643735,2024,8,regular,margin,1.310,0.551,0.500
401643735,2024,8,regular,total,0.448,0.511,0.000
401643736,2024,8,regular,margin,2.986,0.571,0.000
401643736,2024,8,regular,total,2.990,0.573,1.000
401643737,2024,8,regular,margin,4.828,0.629,0.000
401643737,2024,8,regular,total,2.406,0.559,0.000
401643738,2024,8,regular,margin,4.044,0.612,1.000
401643738,2024,8,regular,total,3.354,0.582,0.000
401643739,2024,8,regular,margin,0.798,0.539,0.000
401643739,2024,8,regular,total,1.346,0.533,1.000
401643809,2024,8,regular,margin,5.294,0.667,0.000
401643809,2024,8,regular,total,3.304,0.580,1.000
401643810,2024,8,regular,margin,1.798,0.575,0.000
401643810,2024,8,regular,total,5.547,0.634,1.000
401643811,2024,8,regular,margin,6.231,0.673,0.000
401643811,2024,8,regular,total,0.545,0.513,1.000
401643812,2024,8,regular,margin,0.234,0.523,1.000
401643812,2024,8,regular,total,0.954,0.523,0.000
401643813,2024,8,regular,margin,4.034,0.639,1.000
401643813,2024,8,regular,total,3.576,0.587,1.000
401643814,2024,8,regular,margin,1.406,0.571,0.000
401643814,2024,8,regular,total,2.088,0.551,0.000
401644686,2024,8,regular,margin,3.059,0.555,1.000
401644686,2024,8,regular,total,0.086,0.500,0.000
401644748,2024,8,regular,margin,2.495,0.547,1.000
401644748,2024,8,regular,total,3.642,0.589,0.000
401644749,2024,8,regular,margin,3.112,0.588,0.000
401644749,2024,8,regular,total,1.048,0.526,1.000
401644750,2024,8,regular,margin,2.879,0.547,1.000
401644750,2024,8,regular,total,3.228,0.579,1.000
401644751,2024,8,regular,margin,2.507,0.568,1.000
401644751,2024,8,regular,total,3.333,0.583,0.000
401645345,2024,8,regular,margin,0.293,0.516,1.000
401645345,2024,8,regular,total,3.136,0.577,1.000
401645346,2024,8,regular,margin,3.249,0.581,1.000
401645346,2024,8,regular,total,4.748,0.615,0.000
401645347,2024,8,regular,margin,8.912,0.714,0.000
401645347,2024,8,regular,total,2.859,0.570,0.000
401645348,2024,8,regular,margin,1.358,0.561,0.000
401645348,2024,8,regular,total,3.779,0.592,1.000
401645349,2024,8,regular,margin,0.534,0.523,1.000
401645349,2024,8,regular,total,1.944,0.548,0.000
401645350,2024,8,regular,margin,0.480,0.523,0.000
401645350,2024,8,regular,total,2.599,0.564,0.000
401645351,2024,8,regular,margin,0.972,0.528,0.000
401645351,2024,8,regular,total,3.150,0.577,0.000
401628400,2024,9,regular,margin,2.861,0.573,0.000
401628400,2024,9,regular,total,3.109,0.576,0.000
401628401,2024,9,regular,margin,0.379,0.530,0.000
401628401,2024,9,regular,total,0.992,0.526,0.000
401628402,2024,9,regular,margin,6.563,0.656,1.000
401628402,2024,9,regular,total,0.521,0.513,0.000
401628403,2024,9,regular,margin,6.183,0.704,0.000
401628403,2024,9,regular,total,0.331,0.508,1.000
401628404,2024,9,regular,margin,3.562,0.571,0.000
401628404,2024,9,regular,total,0.308,0.507,0.000
401628405,2024,9,regular,margin,2.114,0.575,0.000
401628405,2024,9,regular,total,0.619,0.516,0.500
401628525,2024,9,regular,margin,4.312,0.595,0.000
401628525,2024,9,regular,total,4.036,0.598,1.000
401628526,2024,9,regular,margin,6.354,0.645,1.000
401628526,2024,9,regular,total,0.397,0.510,0.000
401628527,2024,9,regular,margin,8.931,0.722,0.000
401628527,2024,9,regular,total,7.299,0.675,1.000
401628528,2024,9,regular,margin,3.312,0.601,0.000
401628528,2024,9,regular,total,2.012,0.550,1.000
401628529,2024,9,regular,margin,2.644,0.544,1.000
401628529,2024,9,regular,total,5.186,0.627,1.000
401628530,2024,9,regular,margin,0.941,0.509,1.000
401628530,2024,9,regular,total,1.485,0.536,1.000
401628531,2024,9,regular,margin,3.597,0.611,0.000
401628531,2024,9,regular,total,1.045,0.526,0.000
401628532,2024,9,regular,margin,0.194,0.512,1.000
401628532,2024,9,regular,total,2.004,0.555,0.000
401628983,2024,9,regular,margin,5.311,0.638,1.000
401628983,2024,9,regular,total,0.225,0.506,1.000
401629035,2024,9,regular,margin,1.461,0.525,1.000
401629035,2024,9,regular,total,1.963,0.549,0.000
401634770,2024,9,regular,margin,0.284,0.514,0.000
401634770,2024,9,regular,total,5.968,0.643,1.000
401634771,2024,9,regular,margin,0.417,0.545,1.000
401634771,2024,9,regular,total,0.851,0.521,0.000
401635594,2024,9,regular,margin,2.380,0.569,0.000
401635594,2024,9,regular,total,1.870,0.546,0.500
401635595,2024,9,regular,margin,1.768,0.570,1.000
401635595,2024,9,regular,total,6.669,0.659,1.000
401635596,2024,9,regular,margin,5.924,0.636,1.000
401635596,2024,9,regular,total,0.666,0.516,1.000
401635597,2024,9,regular,margin,4.871,0.658,0.000
401635597,2024,9,regular,total,1.677,0.541,0.000
401635598,2024,9,regular,margin,1.757,0.571,1.000
401635598,2024,9,regular,total,1.119,0.528,0.000
401635599,2024,9,regular,margin,3.722,0.612,0.500
401635599,2024,9,regular,total,0.963,0.524,0.000
401636905,2024,9,regular,margin,10.847,0.770,1.000
401636905,2024,9,regular,total,1.521,0.538,1.000
401636906,2024,9,regular,margin,5.297,0.663,0.000
401636906,2024,9,regular,total,0.171,0.504,1.000
401636907,2024,9,regular,margin,2.318,0.575,0.000
401636907,2024,9,regular,total,3.780,0.592,0.500
401636908,2024,9,regular,margin,1.780,0.582,1.000
401636908,2024,9,regular,total,1.669,0.546,0.000
401636909,2024,9,regular,margin,0.277,0.539,1.000
401636909,2024,9,regular,total,0.822,0.520,0.500
401636910,2024,9,regular,margin,2.352,0.581,1.000
401636910,2024,9,regular,total,2.718,0.566,0.000
401636911,2024,9,regular,margin,4.029,0.582,1.000
401636911,2024,9,regular,total,0.108,0.502,0.000
401640984,2024,9,regular,margin,1.771,0.574,1.000
401640984,2024,9,regular,total,2.769,0.568,0.000
401640993,2024,9,regular,margin,15.208,0.815,1.000
401640993,2024,9,regular,total,2.803,0.569,1.000
401641003,2024,9,regular,margin,3.109,0.555,0.000
401641003,2024,9,regular,total,2.548,0.562,1.000
401641011,2024,9,regular,margin,0.981,0.511,0.000
401641011,2024,9,regular,total,5.350,0.629,0.000
401643740,2024,9,regular,margin,2.878,0.607,0.000
401643740,2024,9,regular,total,1.322,0.532,0.000
401643741,2024,9,regular,margin,5.275,0.604,1.000
401643741,2024,9,regular,total,4.256,0.603,0.000
401643742,2024,9,regular,margin,1.931,0.564,0.000
401643742,2024,9,regular,total,1.999,0.549,1.000
401643743,2024,9,regular,margin,3.658,0.574,0.000
401643743,2024,9,regular,total,5.762,0.639,1.000
401643744,2024,9,regular,margin,5.722,0.630,1.000
401643744,2024,9,regular,total,3.227,0.579,1.000
401643745,2024,9,regular,margin,6.972,0.675,0.500
401643745,2024,9,regular,total,3.592,0.588,0.000
401643815,2024,9,regular,margin,0.775,0.530,1.000
401643815,2024,9,regular,total,1.957,0.548,1.000
401643816,2024,9,regular,margin,3.509,0.637,1.000
401643816,2024,9,regular,total,2.282,0.556,0.500
401643817,2024,9,regular,margin,1.331,0.554,0.000
401643817,2024,9,regular,total,3.074,0.575,0.000
401643818,2024,9,regular,margin,3.977,0.646,1.000
401643818,2024,9,regular,total,0.266,0.507,1.000
401643819,2024,9,regular,margin,0.025,0.532,0.000
401643819,2024,9,regular,total,1.598,0.540,1.000
401644687,2024,9,regular,margin,3.577,0.562,1.000
401644687,2024,9,regular,total,1.471,0.537,1.000
401644752,2024,9,regular,margin,1.447,0.538,0.000
401644752,2024,9,regular,total,3.870,0.594,0.000
401644753,2024,9,regular,margin,3.098,0.582,1.000
401644753,2024,9,regular,total,2.425,0.558,0.000
401644754,2024,9,regular,margin,3.914,0.622,0.000
401644754,2024,9,regular,total,1.298,0.531,0.000
401644755,2024,9,regular,margin,1.108,0.502,1.000
401644755,2024,9,regular,total,2.809,0.569,1.000
401644756,2024,9,regular,margin,2.409,0.553,0.000
401644756,2024,9,regular,total,1.960,0.548,1.000
401645352,2024,9,regular,margin,0.651,0.560,0.000
401645352,2024,9,regular,total,7.055,0.668,1.000
401645353,2024,9,regular,margin,0.324,0.501,1.000
401645353,2024,9,regular,total,0.100,0.502,0.000
401645354,2024,9,regular,margin,0.465,0.541,0.000
401645354,2024,9,regular,total,2.136,0.552,0.000
401645355,2024,9,regular,margin,3.377,0.615,1.000
401645355,2024,9,regular,total,0.950,0.524,1.000
401628406,2024,10,regular,margin,0.429,0.536,0.000
401628406,2024,10,regular,total,2.181,0.553,0.000
401628407,2024,10,regular,margin,0.775,0.570,1.000
401628407,2024,10,regular,total,1.714,0.543,0.000
401628408,2024,10,regular,margin,3.123,0.596,1.000
401628408,2024,10,regular,total,0.016,0.500,0.000
401628409,2024,10,regular,margin,1.162,0.515,0.000
401628409,2024,10,regular,total,0.115,0.503,0.000
401628411,2024,10,regular,margin,2.778,0.589,1.000
401628411,2024,10,regular,total,6.814,0.663,1.000
401628412,2024,10,regular,margin,2.383,0.558,1.000
401628412,2024,10,regular,total,0.392,0.511,1.000
401628533,2024,10,regular,margin,1.140,0.528,0.000
401628533,2024,10,regular,total,1.015,0.524,1.000
401628534,2024,10,regular,margin,1.764,0.505,0.000
401628534,2024,10,regular,total,0.549,0.513,0.000
401628535,2024,10,regular,margin,1.908,0.529,0.000
401628535,2024,10,regular,total,7.461,0.678,1.000
401628536,2024,10,regular,margin,2.771,0.576,0.000
401628536,2024,10,regular,total,3.340,0.582,1.000
401628537,2024,10,regular,margin,1.716,0.595,1.000
401628537,2024,10,regular,total,6.995,0.668,1.000
401628538,2024,10,regular,margin,9.962,0.740,1.000
401628538,2024,10,regular,total,6.466,0.655,1.000
401628539,2024,10,regular,margin,1.333,0.552,0.000
401628539,2024,10,regular,total,2.070,0.551,0.000
401628540,2024,10,regular,margin,2.955,0.573,0.000
401628540,2024,10,regular,total,2.636,0.564,1.000
401629036,2024,10,regular,margin,0.721,0.550,0.500
401629036,2024,10,regular,total,2.402,0.559,1.000
401635516,2024,10,regular,margin,1.580,0.570,0.000
401635516,2024,10,regular,total,4.735,0.615,1.000
401635600,2024,10,regular,margin,0.113,0.536,1.000
401635600,2024,10,regular,total,0.120,0.503,0.000
401635601,2024,10,regular,margin,3.423,0.571,0.000
401635601,2024,10,regular,total,2.103,0.552,1.000
401635602,2024,10,regular,margin,2.541,0.564,0.000
401635602,2024,10,regular,total,1.538,0.538,0.000
401635604,2024,10,regular,margin,4.606,0.581,0.000
401635604,2024,10,regular,total,0.589,0.515,1.000
401635627,2024,10,regular,margin,0.235,0.538,0.000
401635627,2024,10,regular,total,2.919,0.571,1.000
401636912,2024,10,regular,margin,0.616,0.505,1.000
401636912,2024,10,regular,total,1.346,0.533,0.000
401636913,2024,10,regular,margin,0.850,0.528,1.000
401636913,2024,10,regular,total,0.052,0.502,0.000
401636914,2024,10,regular,margin,1.602,0.543,1.000
401636914,2024,10,regular,total,2.744,0.567,0.000
401636915,2024,10,regular,margin,7.048,0.702,0.000
401636915,2024,10,regular,total,0.462,0.511,0.000
401636916,2024,10,regular,margin,1.913,0.536,1.000
401636916,2024,10,regular,total,0.713,0.517,0.000
401640985,2024,10,regular,margin,4.342,0.584,1.000
401640985,2024,10,regular,total,3.858,0.595,1.000
401640994,2024,10,regular,margin,1.574,0.519,1.000
401640994,2024,10,regular,total,0.169,0.504,1.000
401641012,2024,10,regular,margin,3.114,0.618,1.000
401641012,2024,10,regular,total,3.128,0.577,0.000
401641020,2024,10,regular,margin,8.490,0.693,1.000
401641020,2024,10,regular,total,2.191,0.554,0.000
401641026,2024,10,regular,margin,0.246,0.526,0.000
401641026,2024,10,regular,total,2.232,0.555,0.000
401643746,2024,10,regular,margin,2.062,0.567,0.000
401643746,2024,10,regular,total,5.890,0.643,0.000
401643747,2024,10,regular,margin,5.622,0.634,0.000
401643747,2024,10,regular,total,2.534,0.562,0.000
401643748,2024,10,regular,margin,2.620,0.572,0.000
401643748,2024,10,regular,total,0.354,0.510,1.000
401643749,2024,10,regular,margin,3.896,0.617,1.000
401643749,2024,10,regular,total,1.058,0.525,1.000
401643750,2024,10,regular,margin,6.234,0.703,1.000
401643750,2024,10,regular,total,0.571,0.514,0.000
401643820,2024,10,regular,margin,0.033,0.526,1.000
401643820,2024,10,regular,total,7.637,0.681,1.000
401643821,2024,10,regular,margin,0.590,0.516,0.000
401643821,2024,10,regular,total,1.046,0.526,0.000
401643822,2024,10,regular,margin,0.307,0.526,1.000
401643822,2024,10,regular,total,3.304,0.581,1.000
401643823,2024,10,regular,margin,0.336,0.525,1.000
401643823,2024,10,regular,total,3.223,0.578,0.000
401643824,2024,10,regular,margin,1.634,0.577,1.000
401643824,2024,10,regular,total,2.734,0.567,1.000
401644757,2024,10,regular,margin,0.701,0.529,0.000
401644757,2024,10,regular,total,5.923,0.642,1.000
401644758,2024,10,regular,margin,2.639,0.601,1.000
401644758,2024,10,regular,total,1.096,0.527,1.000
401645356,2024,10,regular,margin,1.223,0.536,0.000
401645356,2024,10,regular,total,1.888,0.546,0.000
401645357,2024,10,regular,margin,0.819,0.512,1.000
401645357,2024,10,regular,total,4.780,0.616,1.000
401645358,2024,10,regular,margin,0.628,0.505,1.000
401645358,2024,10,regular,total,2.932,0.572,1.000
401645359,2024,10,regular,margin,2.572,0.530,0.000
401645359,2024,10,regular,total,1.329,0.533,1.000
401645360,2024,10,regular,margin,5.150,0.641,1.000
401645360,2024,10,regular,total,3.673,0.590,0.000
401628413,2024,11,regular,margin,2.291,0.559,1.000
401628413,2024,11,regular,total,1.535,0.538,1.000
401628414,2024,11,regular,margin,2.922,0.578,1.000
401628414,2024,11,regular,total,0.419,0.510,1.000
401628415,2024,11,regular,margin,5.202,0.669,1.000
401628415,2024,11,regular,total,5.178,0.626,1.000
401628416,2024,11,regular,margin,4.090,0.576,1.000
401628416,2024,11,regular,total,3.119,0.576,1.000
401628417,2024,11,regular,margin,10.794,0.747,0.000
401628417,2024,11,regular,total,5.888,0.642,1.000
401628418,2024,11,regular,margin,1.571,0.520,1.000
401628418,2024,11,regular,total,6.706,0.660,0.000
401628541,2024,11,regular,margin,1.352,0.550,1.000
401628541,2024,11,regular,total,5.211,0.626,0.000
401628542,2024,11,regular,margin,1.179,0.514,0.000
401628542,2024,11,regular,total,5.156,0.625,0.000
401628543,2024,11,regular,margin,1.913,0.532,1.000
401628543,2024,11,regular,total,1.418,0.535,1.000
401628544,2024,11,regular,margin,0.996,0.543,1.000
401628544,2024,11,regular,total,2.212,0.555,1.000
401628545,2024,11,regular,margin,3.890,0.602,0.000
401628545,2024,11,regular,total,3.705,0.590,1.000
401628546,2024,11,regular,margin,0.416,0.514,1.000
401628546,2024,11,regular,total,0.941,0.522,1.000
401628984,2024,11,regular,margin,4.110,0.594,0.000
401628984,2024,11,regular,total,0.007,0.501,1.000
401629037,2024,11,regular,margin,2.762,0.622,0.000
401629037,2024,11,regular,total,4.375,0.606,0.500
401629045,2024,11,regular,margin,1.725,0.563,0.000
401629045,2024,11,regular,total,4.376,0.606,1.000
401634773,2024,11,regular,margin,2.159,0.522,1.000
401634773,2024,11,regular,total,3.026,0.574,0.000
401635606,2024,11,regular,margin,1.654,0.545,0.000
401635606,2024,11,regular,total,1.438,0.535,1.000
401635607,2024,11,regular,margin,2.195,0.581,0.000
401635607,2024,11,regular,total,3.259,0.580,0.000
401635608,2024,11,regular,margin,1.472,0.541,1.000
401635608,2024,11,regular,total,3.301,0.581,0.000
401635609,2024,11,regular,margin,1.249,0.503,0.000
401635609,2024,11,regular,total,5.555,0.634,1.000
401635610,2024,11,regular,margin,2.623,0.519,0.000
401635610,2024,11,regular,total,2.360,0.558,1.000
401636917,2024,11,regular,margin,0.972,0.504,0.000
401636917,2024,11,regular,total,1.053,0.526,1.000
401636918,2024,11,regular,margin,1.171,0.546,1.000
401636918,2024,11,regular,total,2.149,0.552,0.000
401636919,2024,11,regular,margin,3.181,0.583,0.000
401636919,2024,11,regular,total,2.296,0.556,0.000
401636920,2024,11,regular,margin,4.446,0.651,0.000
401636920,2024,11,regular,total,6.093,0.646,1.000
401636921,2024,11,regular,margin,4.121,0.637,0.000
401636921,2024,11,regular,total,4.291,0.604,0.000
401636922,2024,11,regular,margin,1.529,0.523,0.000
401636922,2024,11,regular,total,4.483,0.610,1.000
401640995,2024,11,regular,margin,3.161,0.590,0.000
401640995,2024,11,regular,total,1.815,0.544,1.000
401641004,2024,11,regular,margin,0.330,0.541,1.000
401641004,2024,11,regular,total,0.905,0.522,1.000
401641021,2024,11,regular,margin,5.815,0.676,0.000
401641021,2024,11,regular,total,3.027,0.575,1.000
401641036,2024,11,regular,margin,2.838,0.585,0.000
401641036,2024,11,regular,total,3.722,0.591,1.000
401643751,2024,11,regular,margin,0.526,0.541,1.000
401643751,2024,11,regular,total,2.244,0.557,1.000
401643752,2024,11,regular,margin,1.507,0.563,0.000
401643752,2024,11,regular,total,0.149,0.504,1.000
401643753,2024,11,regular,margin,2.012,0.560,1.000
401643753,2024,11,regular,total,0.314,0.508,1.000
401643754,2024,11,regular,margin,7.432,0.697,0.000
401643754,2024,11,regular,total,0.243,0.506,0.000
401643755,2024,11,regular,margin,1.547,0.536,0.000
401643755,2024,11,regular,total,0.782,0.519,1.000
401643756,2024,11,regular,margin,0.970,0.550,1.000
401643756,2024,11,regular,total,1.233,0.530,0.000
401643825,2024,11,regular,margin,4.362,0.608,1.000
401643825,2024,11,regular,total,1.379,0.534,0.000
401643826,2024,11,regular,margin,1.071,0.514,1.000
401643826,2024,11,regular,total,3.629,0.588,0.000
401643827,2024,11,regular,margin,2.741,0.580,0.000
401643827,2024,11,regular,total,3.726,0.591,0.000
401643828,2024,11,regular,margin,1.098,0.557,0.000
401643828,2024,11,regular,total,1.870,0.545,0.000
401643829,2024,11,regular,margin,2.524,0.567,0.000
401643829,2024,11,regular,total,1.064,0.526,0.000
401644688,2024,11,regular,margin,0.746,0.522,1.000
401644688,2024,11,regular,total,0.949,0.524,0.500
401644760,2024,11,regular,margin,3.870,0.591,1.000
401644760,2024,11,regular,total,5.262,0.627,0.000
401644761,2024,11,regular,margin,4.030,0.575,0.000
401644761,2024,11,regular,total,3.694,0.590,0.000
401644762,2024,11,regular,margin,1.911,0.553,0.000
401644762,2024,11,regular,total,2.308,0.556,0.000
401645361,2024,11,regular,margin,0.674,0.567,0.000
401645361,2024,11,regular,total,0.714,0.518,1.000
401645362,2024,11,regular,margin,4.618,0.590,0.500
401645362,2024,11,regular,total,0.571,0.514,0.000
401645363,2024,11,regular,margin,6.254,0.688,0.000
401645363,2024,11,regular,total,2.664,0.565,1.000
401645364,2024,11,regular,margin,1.030,0.547,1.000
401645364,2024,11,regular,total,5.050,0.622,1.000
401628419,2024,12,regular,margin,2.518,0.561,0.000
401628419,2024,12,regular,total,0.587,0.514,1.000
401628420,2024,12,regular,margin,1.077,0.545,1.000
401628420,2024,12,regular,total,0.826,0.520,0.000
401628421,2024,12,regular,margin,2.342,0.605,0.000
401628421,2024,12,regular,total,3.722,0.591,1.000
401628423,2024,12,regular,margin,1.741,0.582,1.000
401628423,2024,12,regular,total,7.302,0.674,1.000
401628424,2024,12,regular,margin,1.857,0.543,1.000
401628424,2024,12,regular,total,0.915,0.523,0.000
401628426,2024,12,regular,margin,5.294,0.629,0.000
401628426,2024,12,regular,total,0.654,0.515,0.000
401628547,2024,12,regular,margin,2.575,0.588,1.000
401628547,2024,12,regular,total,2.148,0.552,0.000
401628548,2024,12,regular,margin,0.597,0.543,1.000
401628548,2024,12,regular,total,0.102,0.502,1.000
401628549,2024,12,regular,margin,3.358,0.575,1.000
401628549,2024,12,regular,total,1.852,0.545,1.000
401628550,2024,12,regular,margin,5.774,0.643,1.000
401628550,2024,12,regular,total,0.821,0.519,1.000
401628551,2024,12,regular,margin,3.579,0.595,1.000
401628551,2024,12,regular,total,1.532,0.537,1.000
401628552,2024,12,regular,margin,3.099,0.572,0.000
401628552,2024,12,regular,total,1.336,0.532,0.000
401628553,2024,12,regular,margin,1.559,0.563,0.000
401628553,2024,12,regular,total,0.536,0.514,1.000
401628985,2024,12,regular,margin,3.609,0.608,0.000
401628985,2024,12,regular,total,1.508,0.537,0.000
401629046,2024,12,regular,margin,4.050,0.583,1.000
401629046,2024,12,regular,total,1.480,0.536,0.000
401635517,2024,12,regular,margin,3.333,0.564,1.000
401635517,2024,12,regular,total,2.241,0.555,0.000
401635580,2024,12,regular,margin,3.143,0.572,1.000
401635580,2024,12,regular,total,4.042,0.598,1.000
401635581,2024,12,regular,margin,1.600,0.578,1.000
401635581,2024,12,regular,total,0.983,0.524,0.000
401635582,2024,12,regular,margin,3.777,0.614,1.000
401635582,2024,12,regular,total,5.894,0.642,0.000
401635583,2024,12,regular,margin,3.100,0.544,0.000
401635583,2024,12,regular,total,0.859,0.521,1.000
401636923,2024,12,regular,margin,3.724,0.582,0.000
401636923,2024,12,regular,total,0.254,0.505,1.000
401636924,2024,12,regular,margin,0.983,0.546,0.000
401636924,2024,12,regular,total,0.836,0.521,0.000
401636925,2024,12,regular,margin,4.506,0.621,0.000
401636925,2024,12,regular,total,2.219,0.556,1.000
401636926,2024,12,regular,margin,0.867,0.508,0.000
401636926,2024,12,regular,total,2.900,0.570,1.000
401636927,2024,12,regular,margin,0.663,0.567,1.000
401636927,2024,12,regular,total,4.360,0.606,0.000
401636929,2024,12,regular,margin,5.666,0.645,0.000
401636929,2024,12,regular,total,1.922,0.547,1.000
401640986,2024,12,regular,margin,0.492,0.527,1.000
401640986,2024,12,regular,total,1.236,0.530,1.000
401641013,2024,12,regular,margin,0.768,0.507,1.000
401641013,2024,12,regular,total,0.389,0.510,0.000
401641022,2024,12,regular,margin,15.525,0.839,1.000
401641022,2024,12,regular,total,3.534,0.587,0.000
401643757,2024,12,regular,margin,0.727,0.521,0.000
401643757,2024,12,regular,total,2.803,0.569,0.000
401643758,2024,12,regular,margin,1.799,0.552,0.000
401643758,2024,12,regular,total,2.962,0.572,0.000
401643759,2024,12,regular,margin,0.206,0.537,0.000
401643759,2024,12,regular,total,2.863,0.570,0.000
401643760,2024,12,regular,margin,1.839,0.548,0.000
401643760,2024,12,regular,total,2.023,0.549,0.000
401643761,2024,12,regular,margin,4.711,0.583,0.000
401643761,2024,12,regular,total,4.989,0.621,0.000
401643762,2024,12,regular,margin,5.537,0.635,1.000
401643762,2024,12,regular,total,0.177,0.504,0.000
401643830,2024,12,regular,margin,0.033,0.533,1.000
401643830,2024,12,regular,total,1.996,0.549,0.000
401643831,2024,12,regular,margin,0.504,0.508,0.000
401643831,2024,12,regular,total,0.064,0.502,0.000
401643832,2024,12,regular,margin,1.541,0.589,0.000
401643832,2024,12,regular,total,1.554,0.538,0.000
401643833,2024,12,regular,margin,3.650,0.586,1.000
401643833,2024,12,regular,total,0.193,0.505,1.000
401643834,2024,12,regular,margin,2.678,0.555,0.000
401643834,2024,12,regular,total,3.793,0.592,1.000
401643835,2024,12,regular,margin,5.136,0.601,0.000
401643835,2024,12,regular,total,6.126,0.647,0.000
401644689,2024,12,regular,margin,3.798,0.594,1.000
401644689,2024,12,regular,total,3.796,0.593,0.000
401644763,2024,12,regular,margin,0.958,0.502,1.000
401644763,2024,12,regular,total,3.369,0.582,1.000
401644764,2024,12,regular,margin,1.374,0.564,0.000
401644764,2024,12,regular,total,0.873,0.521,1.000
401644765,2024,12,regular,margin,0.360,0.500,0.000
401644765,2024,12,regular,total,3.779,0.592,0.000
401644766,2024,12,regular,margin,0.909,0.521,0.000
401644766,2024,12,regular,total,1.723,0.544,1.000
401644767,2024,12,regular,margin,0.251,0.528,0.000
401644767,2024,12,regular,total,1.659,0.541,0.000
401645365,2024,12,regular,margin,4.597,0.598,1.000
401645365,2024,12,regular,total,1.387,0.534,0.000
401645366,2024,12,regular,margin,1.801,0.527,0.000
401645366,2024,12,regular,total,1.510,0.537,0.000
401645367,2024,12,regular,margin,1.247,0.525,0.000
401645367,2024,12,regular,total,3.169,0.577,1.000
401645368,2024,12,regular,margin,2.760,0.552,1.000
401645368,2024,12,regular,total,1.890,0.546,1.000
401645369,2024,12,regular,margin,1.458,0.518,0.000
401645369,2024,12,regular,total,3.945,0.596,0.000
401645370,2024,12,regular,margin,0.456,0.540,0.000
401645370,2024,12,regular,total,2.915,0.572,0.000
401628427,2024,13,regular,margin,4.882,0.606,1.000
401628427,2024,13,regular,total,0.006,0.501,1.000
401628428,2024,13,regular,margin,0.061,0.503,0.000
401628428,2024,13,regular,total,1.795,0.545,1.000
401628429,2024,13,regular,margin,2.948,0.582,1.000
401628429,2024,13,regular,total,2.380,0.558,1.000
401628430,2024,13,regular,margin,3.501,0.592,1.000
401628430,2024,13,regular,total,1.951,0.548,0.000
401628431,2024,13,regular,margin,0.618,0.511,1.000
401628431,2024,13,regular,total,0.656,0.516,1.000
401628432,2024,13,regular,margin,0.342,0.538,0.000
401628432,2024,13,regular,total,0.430,0.511,1.000
401628433,2024,13,regular,margin,0.184,0.504,0.000
401628433,2024,13,regular,total,5.281,0.628,0.000
401628435,2024,13,regular,margin,7.391,0.698,0.000
401628435,2024,13,regular,total,2.845,0.569,0.000
401628436,2024,13,regular,margin,0.366,0.500,0.000
401628436,2024,13,regular,total,0.710,0.516,1.000
401628554,2024,13,regular,margin,1.154,0.515,1.000
401628554,2024,13,regular,total,1.741,0.549,1.000
401628555,2024,13,regular,margin,0.049,0.537,0.000
401628555,2024,13,regular,total,0.043,0.501,1.000
401628556,2024,13,regular,margin,4.260,0.575,1.000
401628556,2024,13,regular,total,10.786,0.747,1.000
401628557,2024,13,regular,margin,2.789,0.612,0.000
401628557,2024,13,regular,total,6.682,0.663,1.000
401628558,2024,13,regular,margin,2.884,0.584,1.000
401628558,2024,13,regular,total,1.138,0.528,0.000
401628559,2024,13,regular,margin,0.212,0.534,1.000
401628559,2024,13,regular,total,1.009,0.526,1.000
401628560,2024,13,regular,margin,3.836,0.584,0.000
401628560,2024,13,regular,total,1.203,0.532,1.000
401628561,2024,13,regular,margin,1.819,0.514,1.000
401628561,2024,13,regular,total,0.492,0.512,0.000
401628572,2024,13,regular,margin,0.349,0.539,1.000
401628572,2024,13,regular,total,0.642,0.516,0.000
401634772,2024,13,regular,margin,0.659,0.532,1.000
401634772,2024,13,regular,total,0.518,0.513,1.000
401635518,2024,13,regular,margin,0.541,0.518,1.000
401635518,2024,13,regular,total,2.670,0.565,1.000
401635612,2024,13,regular,margin,0.569,0.511,0.000
401635612,2024,13,regular,total,5.843,0.641,1.000
401635613,2024,13,regular,margin,1.446,0.548,1.000
401635613,2024,13,regular,total,0.998,0.525,0.000
401635615,2024,13,regular,margin,0.564,0.516,0.000
401635615,2024,13,regular,total,5.221,0.627,1.000
401635617,2024,13,regular,margin,0.745,0.569,0.000
401635617,2024,13,regular,total,0.911,0.522,1.000
401635618,2024,13,regular,margin,1.004,0.504,0.000
401635618,2024,13,regular,total,3.707,0.590,1.000
401635619,2024,13,regular,margin,0.466,0.524,0.000
401635619,2024,13,regular,total,3.907,0.595,0.000
401636930,2024,13,regular,margin,1.886,0.576,0.000
401636930,2024,13,regular,total,3.070,0.575,1.000
401636931,2024,13,regular,margin,0.066,0.536,0.000
401636931,2024,13,regular,total,1.942,0.548,0.000
401636932,2024,13,regular,margin,0.607,0.507,0.000
401636932,2024,13,regular,total,2.091,0.551,1.000
401636933,2024,13,regular,margin,0.694,0.568,0.000
401636933,2024,13,regular,total,2.583,0.563,0.000
401636934,2024,13,regular,margin,2.170,0.584,0.000
401636934,2024,13,regular,total,2.402,0.559,0.000
401636935,2024,13,regular,margin,1.193,0.503,0.000
401636935,2024,13,regular,total,6.050,0.645,0.000
401636936,2024,13,regular,margin,1.347,0.520,0.000
401636936,2024,13,regular,total,2.485,0.562,1.000
401636937,2024,13,regular,margin,2.229,0.575,1.000
401636937,2024,13,regular,total,0.731,0.518,1.000
401640959,2024,13,regular,margin,3.443,0.584,1.000
401640959,2024,13,regular,total,1.200,0.528,0.000
401640987,2024,13,regular,margin,5.344,0.674,1.000
401640987,2024,13,regular,total,6.594,0.658,1.000
401640996,2024,13,regular,margin,0.492,0.529,1.000
401640996,2024,13,regular,total,1.031,0.525,0.000
401641005,2024,13,regular,margin,2.013,0.535,1.000
401641005,2024,13,regular,total,0.091,0.502,1.000
401641027,2024,13,regular,margin,3.888,0.573,0.000
401641027,2024,13,regular,total,0.400,0.510,1.000
401643763,2024,13,regular,margin,0.538,0.507,0.000
401643763,2024,13,regular,total,2.949,0.573,0.000
401643764,2024,13,regular,margin,2.678,0.548,1.000
401643764,2024,13,regular,total,1.859,0.546,0.000
401643765,2024,13,regular,margin,0.952,0.552,0.000
401643765,2024,13,regular,total,3.697,0.591,1.000
401643766,2024,13,regular,margin,1.245,0.554,0.000
401643766,2024,13,regular,total,0.574,0.514,1.000
401643767,2024,13,regular,margin,1.067,0.524,0.000
401643767,2024,13,regular,total,2.747,0.567,1.000
401643836,2024,13,regular,margin,2.296,0.524,0.000
401643836,2024,13,regular,total,1.299,0.532,0.000
401643837,2024,13,regular,margin,0.132,0.523,0.000
401643837,2024,13,regular,total,0.075,0.502,0.000
401643838,2024,13,regular,margin,1.397,0.539,1.000
401643838,2024,13,regular,total,0.640,0.516,1.000
401643839,2024,13,regular,margin,2.366,0.558,1.000
401643839,2024,13,regular,total,2.749,0.567,0.000
401643840,2024,13,regular,margin,3.570,0.545,1.000
401643840,2024,13,regular,total,1.780,0.544,1.000
401643841,2024,13,regular,margin,6.244,0.628,1.000
401643841,2024,13,regular,total,1.249,0.530,1.000
401643842,2024,13,regular,margin,4.636,0.601,1.000
401643842,2024,13,regular,total,6.001,0.644,0.000
401644690,2024,13,regular,margin,2.890,0.598,1.000
401644690,2024,13,regular,total,3.117,0.573,1.000
401644769,2024,13,regular,margin,3.901,0.636,0.000
401644769,2024,13,regular,total,8.409,0.698,1.000
401644770,2024,13,regular,margin,0.728,0.540,1.000
401644770,2024,13,regular,total,4.259,0.603,0.000
401644772,2024,13,regular,margin,1.258,0.548,0.000
401644772,2024,13,regular,total,7.003,0.667,1.000
401644773,2024,13,regular,margin,0.330,0.527,0.000
401644773,2024,13,regular,total,4.258,0.604,0.000
401644774,2024,13,regular,margin,2.634,0.577,0.000
401644774,2024,13,regular,total,0.522,0.513,1.000
401645371,2024,13,regular,margin,3.219,0.600,0.000
401645371,2024,13,regular,total,3.776,0.592,1.000
401645372,2024,13,regular,margin,0.287,0.513,0.000
401645372,2024,13,regular,total,7.082,0.669,1.000
401645373,2024,13,regular,margin,3.128,0.615,1.000
401645373,2024,13,regular,total,4.349,0.600,1.000
401645374,2024,13,regular,margin,1.576,0.533,0.000
401645374,2024,13,regular,total,5.400,0.630,1.000
401645375,2024,13,regular,margin,0.726,0.526,1.000
401645375,2024,13,regular,total,1.472,0.536,0.000
401628437,2024,14,regular,margin,5.049,0.603,1.000
401628437,2024,14,regular,total,1.909,0.547,0.000
401628438,2024,14,regular,margin,5.789,0.634,0.000
401628438,2024,14,regular,total,2.696,0.567,0.000
401628439,2024,14,regular,margin,0.050,0.508,0.000
401628439,2024,14,regular,total,1.594,0.540,1.000
401628440,2024,14,regular,margin,1.544,0.575,0.000
401628440,2024,14,regular,total,0.235,0.506,1.000
401628441,2024,14,regular,margin,4.539,0.632,0.000
401628441,2024,14,regular,total,3.045,0.575,1.000
401628442,2024,14,regular,margin,0.019,0.524,0.000
401628442,2024,14,regular,total,5.486,0.632,1.000
401628443,2024,14,regular,margin,4.604,0.615,1.000
401628443,2024,14,regular,total,2.125,0.552,0.000
401628444,2024,14,regular,margin,1.177,0.509,1.000
401628444,2024,14,regular,total,6.912,0.665,0.000
401628445,2024,14,regular,margin,3.325,0.553,1.000
401628445,2024,14,regular,total,4.046,0.598,0.000
401628446,2024,14,regular,margin,1.353,0.509,1.000
401628446,2024,14,regular,total,1.928,0.548,1.000
401628562,2024,14,regular,margin,4.471,0.614,0.500
401628562,2024,14,regular,total,5.550,0.635,0.000
401628563,2024,14,regular,margin,1.020,0.563,0.000
401628563,2024,14,regular,total,4.258,0.604,1.000
401628564,2024,14,regular,margin,0.645,0.507,0.000
401628564,2024,14,regular,total,0.258,0.506,1.000
401628565,2024,14,regular,margin,4.814,0.604,0.000
401628565,2024,14,regular,total,0.582,0.515,1.000
401628566,2024,14,regular,margin,4.006,0.586,1.000
401628566,2024,14,regular,total,2.322,0.559,0.000
401628567,2024,14,regular,margin,3.033,0.561,1.000
401628567,2024,14,regular,total,1.012,0.526,1.000
401628568,2024,14,regular,margin,2.815,0.583,0.000
401628568,2024,14,regular,total,5.558,0.635,0.000
401628569,2024,14,regular,margin,1.308,0.529,0.000
401628569,2024,14,regular,total,0.681,0.516,0.000
401628570,2024,14,regular,margin,2.151,0.509,0.000
401628570,2024,14,regular,total,1.462,0.537,0.000
401628571,2024,14,regular,margin,3.141,0.547,1.000
401628571,2024,14,regular,total,2.349,0.558,1.000
401629038,2024,14,regular,margin,1.115,0.557,1.000
401629038,2024,14,regular,total,3.748,0.591,1.000
401635620,2024,14,regular,margin,0.526,0.541,0.000
401635620,2024,14,regular,total,1.430,0.535,1.000
401635621,2024,14,regular,margin,0.820,0.509,1.000
401635621,2024,14,regular,total,3.107,0.576,0.000
401635622,2024,14,regular,margin,1.779,0.509,1.000
401635622,2024,14,regular,total,0.426,0.511,0.000
401635623,2024,14,regular,margin,1.077,0.510,0.000
401635623,2024,14,regular,total,2.221,0.554,0.000
401635624,2024,14,regular,margin,2.828,0.591,0.000
401635624,2024,14,regular,total,5.172,0.625,1.000
401635625,2024,14,regular,margin,3.055,0.558,0.000
401635625,2024,14,regular,total,0.680,0.516,0.000
401635640,2024,14,regular,margin,6.461,0.640,1.000
401635640,2024,14,regular,total,6.039,0.645,1.000
401636938,2024,14,regular,margin,1.818,0.560,0.000
401636938,2024,14,regular,total,1.618,0.540,1.000
401636939,2024,14,regular,margin,4.014,0.638,1.000
401636939,2024,14,regular,total,3.779,0.592,0.000
401636940,2024,14,regular,margin,1.617,0.509,0.000
401636940,2024,14,regular,total,1.137,0.528,1.000
401636941,2024,14,regular,margin,0.755,0.511,0.000
401636941,2024,14,regular,total,1.589,0.539,0.500
401636942,2024,14,regular,margin,0.573,0.502,0.500
401636942,2024,14,regular,total,2.441,0.562,1.000
401636943,2024,14,regular,margin,0.395,0.509,0.000
401636943,2024,14,regular,total,3.762,0.591,1.000
401636944,2024,14,regular,margin,1.262,0.552,1.000
401636944,2024,14,regular,total,2.490,0.561,0.000
401636945,2024,14,regular,margin,0.375,0.530,1.000
401636945,2024,14,regular,total,0.027,0.501,1.000
401640988,2024,14,regular,margin,0.341,0.536,0.000
401640988,2024,14,regular,total,3.037,0.573,0.000
401640997,2024,14,regular,margin,0.816,0.520,1.000
401640997,2024,14,regular,total,0.940,0.522,1.000
401641006,2024,14,regular,margin,0.584,0.502,0.000
401641006,2024,14,regular,total,1.195,0.529,1.000
401641014,2024,14,regular,margin,4.258,0.649,0.000
401641014,2024,14,regular,total,5.908,0.643,0.000
401641031,2024,14,regular,margin,2.373,0.588,1.000
401641031,2024,14,regular,total,4.521,0.610,1.000
401643768,2024,14,regular,margin,5.496,0.665,0.000
401643768,2024,14,regular,total,0.797,0.521,1.000
401643769,2024,14,regular,margin,1.645,0.548,0.000
401643769,2024,14,regular,total,1.066,0.526,0.000
401643770,2024,14,regular,margin,0.338,0.526,1.000
401643770,2024,14,regular,total,2.239,0.555,1.000
401643771,2024,14,regular,margin,7.648,0.706,1.000
401643771,2024,14,regular,total,1.330,0.533,0.000
401643772,2024,14,regular,margin,0.663,0.513,0.000
401643772,2024,14,regular,total,2.369,0.558,0.000
401643773,2024,14,regular,margin,4.574,0.614,1.000
401643773,2024,14,regular,total,0.897,0.522,0.000
401643843,2024,14,regular,margin,1.100,0.527,0.000
401643843,2024,14,regular,total,7.603,0.680,0.000
401643844,2024,14,regular,margin,1.470,0.558,1.000
401643844,2024,14,regular,total,1.473,0.536,1.000
401643845,2024,14,regular,margin,0.697,0.531,0.000
401643845,2024,14,regular,total,3.276,0.580,1.000
401643846,2024,14,regular,margin,1.669,0.516,0.000
401643846,2024,14,regular,total,3.906,0.595,1.000
401643847,2024,14,regular,margin,1.799,0.571,0.000
401643847,2024,14,regular,total,3.566,0.587,0.000
401643848,2024,14,regular,margin,4.937,0.586,1.000
401643848,2024,14,regular,total,3.026,0.574,1.000
401643849,2024,14,regular,margin,0.600,0.510,0.000
401643849,2024,14,regular,total,1.886,0.547,1.000
401644691,2024,14,regular,margin,0.890,0.527,1.000
401644691,2024,14,regular,total,0.156,0.508,1.000
401644775,2024,14,regular,margin,0.591,0.544,1.000
401644775,2024,14,regular,total,2.114,0.552,0.000
401644776,2024,14,regular,margin,4.856,0.604,0.000
401644776,2024,14,regular,total,7.778,0.684,0.000
401644777,2024,14,regular,margin,0.315,0.515,1.000
401644777,2024,14,regular,total,0.800,0.520,1.000
401644779,2024,14,regular,margin,0.255,0.510,0.000
401644779,2024,14,regular,total,3.427,0.585,0.500
401644780,2024,14,regular,margin,0.181,0.519,0.000
401644780,2024,14,regular,total,1.838,0.545,0.000
401645376,2024,14,regular,margin,0.091,0.515,1.000
401645376,2024,14,regular,total,1.057,0.526,1.000
401645377,2024,14,regular,margin,0.321,0.524,1.000
401645377,2024,14,regular,total,2.200,0.554,0.000
401645378,2024,14,regular,margin,2.377,0.548,0.000
401645378,2024,14,regular,total,0.419,0.510,0.500
401645379,2024,14,regular,margin,2.320,0.532,1.000
401645379,2024,14,regular,total,1.350,0.533,0.500
401645380,2024,14,regular,margin,1.511,0.523,1.000
401645380,2024,14,regular,total,0.281,0.507,1.000
401645381,2024,14,regular,margin,2.705,0.601,1.000
401645381,2024,14,regular,total,0.187,0.505,1.000
401645382,2024,14,regular,margin,0.756,0.504,1.000
401645382,2024,14,regular,total,0.607,0.515,0.000
401673462,2024,15,regular,margin,0.306,0.520,1.000
401673462,2024,15,regular,total,1.039,0.524,0.000
401673463,2024,15,regular,margin,0.024,0.520,0.000
401673463,2024,15,regular,total,0.080,0.502,1.000
401673464,2024,15,regular,margin,2.419,0.590,0.000
401673464,2024,15,regular,total,1.766,0.543,0.000
401673465,2024,15,regular,margin,0.548,0.523,1.000
401673465,2024,15,regular,total,1.040,0.526,1.000
401673466,2024,15,regular,margin,0.800,0.507,0.000
401673466,2024,15,regular,total,0.360,0.509,0.000
401673467,2024,15,regular,margin,1.793,0.527,1.000
401673467,2024,15,regular,total,4.563,0.608,1.000
401673468,2024,15,regular,margin,1.064,0.500,0.000
401673468,2024,15,regular,total,2.880,0.570,0.000
401673469,2024,15,regular,margin,0.234,0.509,1.000
401673469,2024,15,regular,total,0.279,0.507,0.000
401673470,2024,15,regular,margin,0.398,0.512,1.000
401673470,2024,15,regular,total,1.931,0.547,0.000
401645383,2024,16,regular,margin,0.859,0.537,1.000
401645383,2024,16,regular,total,2.171,0.556,1.000
401752665,2025,1,regular,margin,4.282,0.608,0.000
401752665,2025,1,regular,total,7.196,0.672,1.000
401752667,2025,1,regular,margin,2.736,0.576,0.000
401752667,2025,1,regular,total,0.972,0.524,0.000
401752669,2025,1,regular,margin,12.201,0.782,1.000
401752669,2025,1,regular,total,4.033,0.599,1.000
401752670,2025,1,regular,margin,2.749,0.600,1.000
401752670,2025,1,regular,total,4.682,0.614,0.000
401752671,2025,1,regular,margin,1.997,0.565,1.000
401752671,2025,1,regular,total,2.961,0.573,0.000
401752672,2025,1,regular,margin,8.016,0.690,0.000
401752672,2025,1,regular,total,6.077,0.647,0.000
401752673,2025,1,regular,margin,4.057,0.605,0.000
401752673,2025,1,regular,total,2.098,0.552,1.000
401752676,2025,1,regular,margin,1.666,0.542,0.000
401752676,2025,1,regular,total,2.545,0.563,1.000
401752677,2025,1,regular,margin,3.489,0.603,1.000
401752677,2025,1,regular,total,4.764,0.616,0.000
401752678,2025,1,regular,margin,7.492,0.662,1.000
401752678,2025,1,regular,total,2.111,0.552,0.000
401752680,2025,1,regular,margin,0.789,0.566,0.000
401752680,2025,1,regular,total,0.401,0.510,1.000
401752793,2025,1,regular,margin,2.824,0.561,1.000
401752793,2025,1,regular,total,7.922,0.689,0.000
401752794,2025,1,regular,margin,3.810,0.601,1.000
401752794,2025,1,regular,total,0.348,0.508,0.000
401752796,2025,1,regular,margin,1.407,0.555,1.000
401752796,2025,1,regular,total,0.933,0.523,1.000
401752797,2025,1,regular,margin,4.882,0.623,0.000
401752797,2025,1,regular,total,5.007,0.622,1.000
401752798,2025,1,regular,margin,21.635,0.913,0.000
401752798,2025,1,regular,total,5.189,0.626,0.000
401752800,2025,1,regular,margin,6.396,0.673,0.000
401752800,2025,1,regular,total,0.314,0.508,1.000
401752801,2025,1,regular,margin,1.884,0.537,0.000
401752801,2025,1,regular,total,7.374,0.676,0.000
401752802,2025,1,regular,margin,9.755,0.725,1.000
401752802,2025,1,regular,total,4.300,0.605,0.000
401752803,2025,1,regular,margin,1.992,0.538,1.000
401752803,2025,1,regular,total,5.779,0.640,0.000
401752805,2025,1,regular,margin,8.960,0.702,1.000
401752805,2025,1,regular,total,2.583,0.564,1.000
401752806,2025,1,regular,margin,5.612,0.618,1.000
401752806,2025,1,regular,total,0.748,0.518,1.000
401752807,2025,1,regular,margin,14.124,0.829,1.000
401752807,2025,1,regular,total,2.185,0.554,0.000
401752808,2025,1,regular,margin,3.523,0.583,1.000
401752808,2025,1,regular,total,5.145,0.625,1.000
401752936,2025,1,regular,margin,1.067,0.525,0.000
401752936,2025,1,regular,total,6.056,0.646,1.000
401754373,2025,1,regular,margin,1.455,0.536,0.000
401754373,2025,1,regular,total,3.295,0.581,1.000
401754374,2025,1,regular,margin,2.353,0.570,0.000
401754374,2025,1,regular,total,3.026,0.575,0.000
401754375,2025,1,regular,margin,5.865,0.674,0.000
401754375,2025,1,regular,total,3.977,0.597,0.000
401754516,2025,1,regular,margin,3.649,0.573,0.000
401754516,2025,1,regular,total,3.585,0.588,0.000
401754522,2025,1,regular,margin,1.296,0.533,0.000
401754522,2025,1,regular,total,5.389,0.631,1.000
401754523,2025,1,regular,margin,2.199,0.519,1.000
401754523,2025,1,regular,total,0.094,0.502,1.000
401754616,2025,1,regular,margin,7.539,0.686,0.000
401754616,2025,1,regular,total,1.539,0.538,0.500
401756846,2025,1,regular,margin,0.776,0.521,1.000
401756846,2025,1,regular,total,0.415,0.511,0.000
401756847,2025,1,regular,margin,4.057,0.609,0.000
401756847,2025,1,regular,total,1.855,0.546,0.000
401756848,2025,1,regular,margin,8.263,0.674,1.000
401756848,2025,1,regular,total,5.375,0.630,0.000
401756849,2025,1,regular,margin,5.876,0.653,0.000
401756849,2025,1,regular,total,3.150,0.577,1.000
401757218,2025,1,regular,margin,3.440,0.613,0.000
401757218,2025,1,regular,total,8.959,0.710,0.000
401757224,2025,1,regular,margin,7.460,0.715,0.000
401757224,2025,1,regular,total,8.721,0.705,1.000
401757225,2025,1,regular,margin,0.075,0.527,0.000
401757225,2025,1,regular,total,0.873,0.522,0.000
401760358,2025,1,regular,margin,4.299,0.622,1.000
401760358,2025,1,regular,total,3.067,0.576,0.000
401760361,2025,1,regular,margin,2.904,0.555,0.000
401760361,2025,1,regular,total,0.133,0.503,0.000
401761589,2025,1,regular,margin,4.516,0.569,1.000
401761589,2025,1,regular,total,5.843,0.636,0.000
401761592,2025,1,regular,margin,5.625,0.615,0.000
401761592,2025,1,regular,total,5.549,0.635,0.000
401761594,2025,1,regular,margin,2.894,0.580,0.000
401761594,2025,1,regular,total,3.252,0.580,0.000
401762456,2025,1,regular,margin,2.865,0.570,1.000
401762456,2025,1,regular,total,8.187,0.694,1.000
401762522,2025,1,regular,margin,2.246,0.532,0.000
401762522,2025,1,regular,total,4.086,0.600,1.000
401762789,2025,1,regular,margin,1.392,0.561,0.000
401762789,2025,1,regular,total,4.819,0.618,0.000
401762791,2025,1,regular,margin,6.818,0.665,1.000
401762791,2025,1,regular,total,8.357,0.698,0.000
401769070,2025,1,postseason,margin,1.598,0.594,1.000
401769070,2025,1,postseason,total,0.140,0.507,0.000
401769071,2025,1,postseason,margin,0.098,0.514,0.000
401769071,2025,1,postseason,total,3.329,0.582,0.000
401769072,2025,1,postseason,margin,1.333,0.513,0.000
401769072,2025,1,postseason,total,4.591,0.612,0.000
401769073,2025,1,postseason,margin,4.055,0.620,1.000
401769073,2025,1,postseason,total,0.863,0.521,0.000
401769074,2025,1,postseason,margin,0.899,0.521,1.000
401769074,2025,1,postseason,total,0.484,0.512,1.000
401769075,2025,1,postseason,margin,0.569,0.532,0.000
401769075,2025,1,postseason,total,0.504,0.512,0.000
401769076,2025,1,postseason,margin,2.156,0.511,0.000
401769076,2025,1,postseason,total,0.174,0.505,1.000
401778302,2025,1,postseason,margin,1.312,0.567,0.000
401778302,2025,1,postseason,total,5.796,0.640,1.000
401778303,2025,1,postseason,margin,5.675,0.647,0.000
401778303,2025,1,postseason,total,1.759,0.544,0.000
401778304,2025,1,postseason,margin,4.177,0.580,0.000
401778304,2025,1,postseason,total,5.975,0.644,0.000
401778305,2025,1,postseason,margin,1.690,0.535,0.000
401778305,2025,1,postseason,total,0.426,0.511,0.000
401778306,2025,1,postseason,margin,0.372,0.535,0.000
401778306,2025,1,postseason,total,3.205,0.578,1.000
401778307,2025,1,postseason,margin,1.198,0.555,0.000
401778307,2025,1,postseason,total,2.809,0.569,1.000
401778308,2025,1,postseason,margin,7.644,0.674,1.000
401778308,2025,1,postseason,total,0.507,0.513,1.000
401778309,2025,1,postseason,margin,6.947,0.711,1.000
401778309,2025,1,postseason,total,0.395,0.508,0.000
401778310,2025,1,postseason,margin,6.112,0.654,1.000
401778310,2025,1,postseason,total,5.450,0.632,1.000
401778311,2025,1,postseason,margin,4.101,0.623,1.000
401778311,2025,1,postseason,total,9.167,0.715,1.000
401778312,2025,1,postseason,margin,1.495,0.522,0.000
401778312,2025,1,postseason,total,3.894,0.595,1.000
401778313,2025,1,postseason,margin,2.158,0.557,0.000
401778313,2025,1,postseason,total,0.823,0.519,1.000
401778314,2025,1,postseason,margin,4.757,0.640,1.000
401778314,2025,1,postseason,total,1.931,0.549,0.000
401778315,2025,1,postseason,margin,1.259,0.501,1.000
401778315,2025,1,postseason,total,3.156,0.577,0.000
401778316,2025,1,postseason,margin,6.359,0.671,1.000
401778316,2025,1,postseason,total,6.865,0.665,0.000
401778317,2025,1,postseason,margin,5.172,0.612,1.000
401778317,2025,1,postseason,total,4.436,0.609,0.000
401778318,2025,1,postseason,margin,8.976,0.768,0.000
401778318,2025,1,postseason,total,3.730,0.593,1.000
401778319,2025,1,postseason,margin,3.647,0.570,1.000
401778319,2025,1,postseason,total,3.461,0.585,1.000
401778320,2025,1,postseason,margin,4.079,0.625,0.000
401778320,2025,1,postseason,total,1.724,0.545,0.000
401778321,2025,1,postseason,margin,0.340,0.559,1.000
401778321,2025,1,postseason,total,2.549,0.563,1.000
401778322,2025,1,postseason,margin,1.920,0.526,0.000
401778322,2025,1,postseason,total,2.292,0.558,0.000
401778323,2025,1,postseason,margin,6.592,0.655,0.000
401778323,2025,1,postseason,total,1.127,0.526,0.000
401778324,2025,1,postseason,margin,10.011,0.773,0.000
401778324,2025,1,postseason,total,1.016,0.525,1.000
401778325,2025,1,postseason,margin,1.401,0.569,1.000
401778325,2025,1,postseason,total,4.962,0.621,0.000
401778326,2025,1,postseason,margin,1.787,0.528,0.000
401778326,2025,1,postseason,total,4.583,0.612,1.000
401778327,2025,1,postseason,margin,3.321,0.553,0.000
401778327,2025,1,postseason,total,1.157,0.528,0.000
401778328,2025,1,postseason,margin,2.056,0.556,1.000
401778328,2025,1,postseason,total,1.870,0.547,1.000
401778329,2025,1,postseason,margin,4.588,0.641,1.000
401778329,2025,1,postseason,total,5.269,0.628,1.000
401778330,2025,1,postseason,margin,1.180,0.557,0.000
401778330,2025,1,postseason,total,3.334,0.581,0.000
401778331,2025,1,postseason,margin,0.104,0.503,0.000
401778331,2025,1,postseason,total,3.311,0.581,1.000
401778332,2025,1,postseason,margin,2.948,0.559,0.000
401778332,2025,1,postseason,total,1.452,0.536,1.000
401778333,2025,1,postseason,margin,11.118,0.807,0.000
401778333,2025,1,postseason,total,5.700,0.638,1.000
401778334,2025,1,postseason,margin,2.025,0.554,1.000
401778334,2025,1,postseason,total,3.180,0.578,1.000
401779840,2025,1,postseason,margin,0.863,0.506,1.000
401779840,2025,1,postseason,total,2.625,0.566,1.000
401779841,2025,1,postseason,margin,3.237,0.585,1.000
401779841,2025,1,postseason,total,4.478,0.610,0.000
401779842,2025,1,postseason,margin,0.081,0.514,1.000
401779842,2025,1,postseason,total,3.752,0.592,1.000
401779843,2025,1,postseason,margin,6.591,0.642,1.000
401779843,2025,1,postseason,total,6.026,0.646,1.000
401831583,2025,1,postseason,margin,1.368,0.555,1.000
401831583,2025,1,postseason,total,4.050,0.599,1.000
401838053,2025,1,postseason,margin,1.614,0.525,0.000
401838053,2025,1,postseason,total,4.414,0.607,0.000
401752681,2025,2,regular,margin,7.294,0.683,0.000
401752681,2025,2,regular,total,2.970,0.567,1.000
401752682,2025,2,regular,margin,10.551,0.733,0.000
401752682,2025,2,regular,total,6.858,0.659,0.000
401752683,2025,2,regular,margin,12.534,0.797,1.000
401752683,2025,2,regular,total,0.156,0.504,0.000
401752684,2025,2,regular,margin,5.215,0.623,1.000
401752684,2025,2,regular,total,2.830,0.576,1.000
401752686,2025,2,regular,margin,4.080,0.561,0.000
401752686,2025,2,regular,total,0.809,0.520,1.000
401752687,2025,2,regular,margin,11.007,0.761,1.000
401752687,2025,2,regular,total,2.659,0.566,0.000
401752688,2025,2,regular,margin,0.988,0.541,1.000
401752688,2025,2,regular,total,2.106,0.552,1.000
401752689,2025,2,regular,margin,0.715,0.530,0.000
401752689,2025,2,regular,total,0.726,0.512,1.000
401752690,2025,2,regular,margin,0.836,0.503,0.000
401752690,2025,2,regular,total,6.174,0.649,0.000
401752693,2025,2,regular,margin,9.349,0.726,1.000
401752693,2025,2,regular,total,2.236,0.555,1.000
401752694,2025,2,regular,margin,9.421,0.723,1.000
401752694,2025,2,regular,total,0.327,0.508,0.000
401752695,2025,2,regular,margin,1.134,0.546,0.000
401752695,2025,2,regular,total,6.878,0.665,1.000
401752810,2025,2,regular,margin,11.760,0.776,0.000
401752810,2025,2,regular,total,0.797,0.519,0.000
401752811,2025,2,regular,margin,9.354,0.725,1.000
401752811,2025,2,regular,total,1.890,0.547,0.000
401752812,2025,2,regular,margin,7.810,0.700,0.000
401752812,2025,2,regular,total,5.223,0.626,0.000
401752814,2025,2,regular,margin,4.000,0.585,0.000
401752814,2025,2,regular,total,3.471,0.585,0.000
401752816,2025,2,regular,margin,3.187,0.602,1.000
401752816,2025,2,regular,total,5.163,0.626,1.000
401752818,2025,2,regular,margin,6.145,0.661,0.000
401752818,2025,2,regular,total,2.628,0.565,1.000
401752820,2025,2,regular,margin,7.398,0.676,0.000
401752820,2025,2,regular,total,5.058,0.623,1.000
401752822,2025,2,regular,margin,1.656,0.544,0.500
401752822,2025,2,regular,total,4.385,0.602,0.000
401752823,2025,2,regular,margin,0.253,0.505,1.000
401752823,2025,2,regular,total,0.556,0.514,0.000
401752824,2025,2,regular,margin,9.186,0.709,0.000
401752824,2025,2,regular,total,1.593,0.539,1.000
401752825,2025,2,regular,margin,1.844,0.544,0.000
401752825,2025,2,regular,total,0.534,0.507,1.000
401752826,2025,2,regular,margin,7.364,0.669,1.000
401752826,2025,2,regular,total,5.239,0.628,0.000
401752937,2025,2,regular,margin,1.544,0.529,1.000
401752937,2025,2,regular,total,7.197,0.672,1.000
401752948,2025,2,regular,margin,9.190,0.722,1.000
401752948,2025,2,regular,total,10.183,0.736,1.000
401754524,2025,2,regular,margin,0.377,0.535,1.000
401754524,2025,2,regular,total,0.895,0.516,0.000
401754525,2025,2,regular,margin,4.698,0.637,0.000
401754525,2025,2,regular,total,7.513,0.679,0.000
401754526,2025,2,regular,margin,5.966,0.621,0.000
401754526,2025,2,regular,total,8.408,0.699,0.000
401754527,2025,2,regular,margin,4.358,0.595,0.000
401754527,2025,2,regular,total,5.524,0.634,0.000
401754528,2025,2,regular,margin,5.263,0.642,1.000
401754528,2025,2,regular,total,3.319,0.575,1.000
401754529,2025,2,regular,margin,3.979,0.591,0.000
401754529,2025,2,regular,total,3.281,0.581,1.000
401754618,2025,2,regular,margin,0.883,0.575,1.000
401754618,2025,2,regular,total,2.073,0.551,0.000
401754637,2025,2,regular,margin,8.606,0.707,1.000
401754637,2025,2,regular,total,2.486,0.561,0.000
401756880,2025,2,regular,margin,2.348,0.545,1.000
401756880,2025,2,regular,total,5.687,0.638,1.000
401756881,2025,2,regular,margin,13.444,0.790,0.000
401756881,2025,2,regular,total,3.982,0.598,0.000
401756882,2025,2,regular,margin,1.211,0.512,1.000
401756882,2025,2,regular,total,0.102,0.502,1.000
401756883,2025,2,regular,margin,4.434,0.642,1.000
401756883,2025,2,regular,total,3.825,0.594,1.000
401756884,2025,2,regular,margin,4.376,0.611,0.000
401756884,2025,2,regular,total,9.537,0.724,1.000
401756885,2025,2,regular,margin,22.831,0.931,0.500
401756885,2025,2,regular,total,2.009,0.543,0.000
401757227,2025,2,regular,margin,6.300,0.675,1.000
401757227,2025,2,regular,total,4.561,0.611,1.000
401757228,2025,2,regular,margin,3.560,0.640,1.000
401757228,2025,2,regular,total,4.536,0.611,0.000
401757229,2025,2,regular,margin,1.201,0.570,1.000
401757229,2025,2,regular,total,6.237,0.650,0.000
401757230,2025,2,regular,margin,2.817,0.625,0.000
401757230,2025,2,regular,total,4.150,0.602,1.000
401757232,2025,2,regular,margin,0.783,0.564,0.000
401757232,2025,2,regular,total,0.862,0.521,0.000
401761598,2025,2,regular,margin,3.378,0.583,0.000
401761598,2025,2,regular,total,2.080,0.551,0.000
401761601,2025,2,regular,margin,9.488,0.730,1.000
401761601,2025,2,regular,total,1.783,0.544,1.000
401761603,2025,2,regular,margin,2.239,0.580,1.000
401761603,2025,2,regular,total,3.085,0.576,0.000
401762458,2025,2,regular,margin,6.821,0.657,1.000
401762458,2025,2,regular,total,2.063,0.545,0.000
401762461,2025,2,regular,margin,11.636,0.783,1.000
401762461,2025,2,regular,total,0.504,0.506,1.000
401752696,2025,3,regular,margin,3.118,0.572,0.000
401752696,2025,3,regular,total,5.915,0.643,1.000
401752697,2025,3,regular,margin,9.825,0.712,1.000
401752697,2025,3,regular,total,0.886,0.522,1.000
401752698,2025,3,regular,margin,7.216,0.652,1.000
401752698,2025,3,regular,total,5.608,0.636,1.000
401752699,2025,3,regular,margin,1.298,0.513,1.000
401752699,2025,3,regular,total,0.021,0.501,0.000
401752700,2025,3,regular,margin,6.109,0.625,1.000
401752700,2025,3,regular,total,2.546,0.563,0.000
401752702,2025,3,regular,margin,10.505,0.722,0.000
401752702,2025,3,regular,total,6.098,0.647,1.000
401752703,2025,3,regular,margin,5.903,0.608,0.000
401752703,2025,3,regular,total,1.850,0.546,0.000
401752704,2025,3,regular,margin,3.982,0.596,0.000
401752704,2025,3,regular,total,3.931,0.596,0.000
401752705,2025,3,regular,margin,1.254,0.566,1.000
401752705,2025,3,regular,total,6.437,0.655,1.000
401752706,2025,3,regular,margin,8.305,0.715,1.000
401752706,2025,3,regular,total,3.548,0.586,1.000
401752707,2025,3,regular,margin,0.812,0.508,0.000
401752707,2025,3,regular,total,4.286,0.605,1.000
401752827,2025,3,regular,margin,3.886,0.593,1.000
401752827,2025,3,regular,total,3.080,0.575,1.000
401752829,2025,3,regular,margin,8.208,0.673,0.000
401752829,2025,3,regular,total,1.474,0.537,0.000
401752830,2025,3,regular,margin,2.961,0.572,0.000
401752830,2025,3,regular,total,5.582,0.636,1.000
401752831,2025,3,regular,margin,1.139,0.503,1.000
401752831,2025,3,regular,total,0.168,0.504,1.000
401752832,2025,3,regular,margin,3.363,0.557,1.000
401752832,2025,3,regular,total,3.607,0.588,1.000
401752837,2025,3,regular,margin,0.735,0.523,1.000
401752837,2025,3,regular,total,4.280,0.605,0.000
401752839,2025,3,regular,margin,4.258,0.578,0.000
401752839,2025,3,regular,total,5.848,0.642,1.000
401752840,2025,3,regular,margin,2.208,0.572,1.000
401752840,2025,3,regular,total,6.289,0.653,1.000
401752938,2025,3,regular,margin,7.003,0.656,0.000
401752938,2025,3,regular,total,0.363,0.509,0.000
401752949,2025,3,regular,margin,10.564,0.752,0.000
401752949,2025,3,regular,total,2.927,0.572,1.000
401754531,2025,3,regular,margin,1.371,0.583,0.000
401754531,2025,3,regular,total,0.797,0.519,0.000
401754533,2025,3,regular,margin,7.431,0.686,1.000
401754533,2025,3,regular,total,11.017,0.753,1.000
401754534,2025,3,regular,margin,5.718,0.656,1.000
401754534,2025,3,regular,total,0.297,0.508,1.000
401754535,2025,3,regular,margin,5.441,0.633,0.000
401754535,2025,3,regular,total,1.429,0.535,0.000
401754536,2025,3,regular,margin,3.581,0.574,0.000
401754536,2025,3,regular,total,2.648,0.565,1.000
401754615,2025,3,regular,margin,13.807,0.795,1.000
401754615,2025,3,regular,total,0.965,0.524,1.000
401754623,2025,3,regular,margin,0.054,0.515,1.000
401754623,2025,3,regular,total,2.429,0.560,0.000
401754638,2025,3,regular,margin,3.036,0.608,1.000
401754638,2025,3,regular,total,0.126,0.503,0.500
401756888,2025,3,regular,margin,0.390,0.502,0.000
401756888,2025,3,regular,total,3.188,0.578,1.000
401756889,2025,3,regular,margin,9.306,0.721,0.000
401756889,2025,3,regular,total,5.366,0.630,1.000
401756890,2025,3,regular,margin,4.870,0.601,1.000
401756890,2025,3,regular,total,0.112,0.503,0.000
401756893,2025,3,regular,margin,4.946,0.647,0.000
401756893,2025,3,regular,total,3.096,0.577,1.000
401756895,2025,3,regular,margin,12.816,0.778,0.000
401756895,2025,3,regular,total,0.680,0.516,1.000
401757168,2025,3,regular,margin,7.343,0.720,1.000
401757168,2025,3,regular,total,1.293,0.532,0.000
401757233,2025,3,regular,margin,1.247,0.513,0.000
401757233,2025,3,regular,total,3.123,0.576,0.000
401757234,2025,3,regular,margin,2.572,0.566,0.000
401757234,2025,3,regular,total,0.924,0.523,0.000
401757256,2025,3,regular,margin,0.222,0.514,1.000
401757256,2025,3,regular,total,2.989,0.574,0.000
401757257,2025,3,regular,margin,0.370,0.540,0.000
401757257,2025,3,regular,total,8.207,0.695,1.000
401757258,2025,3,regular,margin,2.191,0.582,1.000
401757258,2025,3,regular,total,7.197,0.672,0.000
401760368,2025,3,regular,margin,4.501,0.642,1.000
401760368,2025,3,regular,total,5.055,0.623,1.000
401761604,2025,3,regular,margin,6.423,0.686,0.000
401761604,2025,3,regular,total,0.813,0.520,0.000
401761607,2025,3,regular,margin,4.985,0.603,0.000
401761607,2025,3,regular,total,2.016,0.550,1.000
401761608,2025,3,regular,margin,0.145,0.527,0.000
401761608,2025,3,regular,total,2.433,0.560,0.000
401762463,2025,3,regular,margin,0.208,0.509,1.000
401762463,2025,3,regular,total,1.679,0.541,0.500
401762465,2025,3,regular,margin,0.938,0.525,0.000
401762465,2025,3,regular,total,3.214,0.579,1.000
401762817,2025,3,regular,margin,10.241,0.714,1.000
401762817,2025,3,regular,total,6.993,0.668,1.000
401752708,2025,4,regular,margin,3.263,0.615,1.000
401752708,2025,4,regular,total,2.542,0.562,0.000
401752709,2025,4,regular,margin,0.482,0.530,0.000
401752709,2025,4,regular,total,0.048,0.502,0.000
401752711,2025,4,regular,margin,3.825,0.585,1.000
401752711,2025,4,regular,total,4.959,0.621,1.000
401752712,2025,4,regular,margin,13.222,0.792,0.000
401752712,2025,4,regular,total,2.207,0.555,0.000
401752713,2025,4,regular,margin,3.013,0.608,1.000
401752713,2025,4,regular,total,3.762,0.592,1.000
401752714,2025,4,regular,margin,1.180,0.543,0.000
401752714,2025,4,regular,total,1.123,0.528,0.000
401752715,2025,4,regular,margin,9.798,0.731,1.000
401752715,2025,4,regular,total,4.942,0.620,0.000
401752716,2025,4,regular,margin,1.116,0.506,1.000
401752716,2025,4,regular,total,1.618,0.540,1.000
401752723,2025,4,regular,margin,8.270,0.716,0.000
401752723,2025,4,regular,total,2.029,0.550,0.000
401752841,2025,4,regular,margin,3.609,0.586,0.500
401752841,2025,4,regular,total,1.433,0.535,1.000
401752842,2025,4,regular,margin,11.365,0.748,0.000
401752842,2025,4,regular,total,2.400,0.559,1.000
401752843,2025,4,regular,margin,3.940,0.628,0.000
401752843,2025,4,regular,total,0.230,0.506,1.000
401752844,2025,4,regular,margin,1.339,0.532,0.000
401752844,2025,4,regular,total,4.791,0.617,1.000
401752845,2025,4,regular,margin,3.929,0.638,1.000
401752845,2025,4,regular,total,2.405,0.560,0.000
401752846,2025,4,regular,margin,3.366,0.593,0.000
401752846,2025,4,regular,total,3.682,0.591,1.000
401752847,2025,4,regular,margin,0.831,0.531,0.000
401752847,2025,4,regular,total,1.718,0.542,1.000
401752848,2025,4,regular,margin,4.556,0.603,0.000
401752848,2025,4,regular,total,0.060,0.501,0.000
401754537,2025,4,regular,margin,5.428,0.634,1.000
401754537,2025,4,regular,total,2.408,0.559,1.000
401754538,2025,4,regular,margin,5.313,0.633,0.000
401754538,2025,4,regular,total,2.672,0.566,0.000
401754539,2025,4,regular,margin,7.980,0.692,0.000
401754539,2025,4,regular,total,4.415,0.608,1.000
401754540,2025,4,regular,margin,1.030,0.525,0.000
401754540,2025,4,regular,total,6.535,0.657,0.000
401754541,2025,4,regular,margin,19.707,0.905,0.000
401754541,2025,4,regular,total,1.683,0.541,0.000
401754542,2025,4,regular,margin,4.911,0.612,1.000
401754542,2025,4,regular,total,0.289,0.507,1.000
401754636,2025,4,regular,margin,1.473,0.550,0.000
401754636,2025,4,regular,total,5.425,0.631,1.000
401754640,2025,4,regular,margin,0.241,0.535,0.000
401754640,2025,4,regular,total,2.203,0.555,0.000
401754642,2025,4,regular,margin,4.064,0.575,1.000
401754642,2025,4,regular,total,0.513,0.513,1.000
401756896,2025,4,regular,margin,2.355,0.561,1.000
401756896,2025,4,regular,total,2.231,0.555,1.000
401756897,2025,4,regular,margin,1.842,0.538,1.000
401756897,2025,4,regular,total,1.329,0.534,1.000
401756898,2025,4,regular,margin,0.679,0.501,1.000
401756898,2025,4,regular,total,0.243,0.506,0.000
401756899,2025,4,regular,margin,3.194,0.597,0.000
401756899,2025,4,regular,total,1.656,0.541,1.000
401756900,2025,4,regular,margin,0.755,0.551,1.000
401756900,2025,4,regular,total,6.044,0.646,0.000
401756901,2025,4,regular,margin,1.403,0.559,1.000
401756901,2025,4,regular,total,1.720,0.542,1.000
401757169,2025,4,regular,margin,2.795,0.551,1.000
401757169,2025,4,regular,total,1.047,0.526,1.000
401757259,2025,4,regular,margin,6.525,0.681,1.000
401757259,2025,4,regular,total,0.417,0.510,1.000
401757261,2025,4,regular,margin,4.447,0.580,0.000
401757261,2025,4,regular,total,3.434,0.584,1.000
401757262,2025,4,regular,margin,2.462,0.610,0.000
401757262,2025,4,regular,total,5.972,0.645,0.000
401757263,2025,4,regular,margin,4.357,0.605,1.000
401757263,2025,4,regular,total,2.842,0.570,0.000
401757264,2025,4,regular,margin,1.689,0.544,1.000
401757264,2025,4,regular,total,5.930,0.644,1.000
401757267,2025,4,regular,margin,3.196,0.564,0.000
401757267,2025,4,regular,total,5.687,0.638,1.000
401757268,2025,4,regular,margin,1.242,0.578,0.000
401757268,2025,4,regular,total,0.080,0.502,1.000
401760372,2025,4,regular,margin,2.931,0.603,0.000
401760372,2025,4,regular,total,4.209,0.603,1.000
401760373,2025,4,regular,margin,3.432,0.611,1.000
401760373,2025,4,regular,total,2.138,0.553,0.000
401760374,2025,4,regular,margin,3.227,0.584,0.000
401760374,2025,4,regular,total,3.110,0.577,0.000
401760376,2025,4,regular,margin,4.675,0.625,0.000
401760376,2025,4,regular,total,0.468,0.512,1.000
401761610,2025,4,regular,margin,0.228,0.505,1.000
401761610,2025,4,regular,total,6.506,0.657,1.000
401761611,2025,4,regular,margin,0.706,0.505,0.000
401761611,2025,4,regular,total,4.778,0.616,1.000
401761613,2025,4,regular,margin,3.426,0.603,1.000
401761613,2025,4,regular,total,6.369,0.654,0.000
401762468,2025,4,regular,margin,0.664,0.524,0.000
401762468,2025,4,regular,total,5.943,0.644,1.000
401762469,2025,4,regular,margin,2.753,0.567,0.000
401762469,2025,4,regular,total,6.089,0.647,1.000
401762820,2025,4,regular,margin,3.643,0.598,1.000
401762820,2025,4,regular,total,2.642,0.565,0.000
401752717,2025,5,regular,margin,1.375,0.558,0.000
401752717,2025,5,regular,total,0.944,0.523,0.000
401752718,2025,5,regular,margin,1.392,0.516,1.000
401752718,2025,5,regular,total,4.690,0.614,0.000
401752719,2025,5,regular,margin,4.398,0.629,1.000
401752719,2025,5,regular,total,6.054,0.646,1.000
401752720,2025,5,regular,margin,0.467,0.562,1.000
401752720,2025,5,regular,total,0.254,0.506,0.000
401752721,2025,5,regular,margin,6.784,0.675,1.000
401752721,2025,5,regular,total,0.223,0.506,0.000
401752722,2025,5,regular,margin,0.191,0.521,0.000
401752722,2025,5,regular,total,2.428,0.560,1.000
401752724,2025,5,regular,margin,0.379,0.523,1.000
401752724,2025,5,regular,total,2.075,0.551,0.000
401752725,2025,5,regular,margin,0.730,0.504,0.000
401752725,2025,5,regular,total,2.355,0.558,1.000
401752849,2025,5,regular,margin,1.936,0.573,1.000
401752849,2025,5,regular,total,1.395,0.534,0.000
401752850,2025,5,regular,margin,2.721,0.550,0.000
401752850,2025,5,regular,total,2.283,0.556,0.000
401752851,2025,5,regular,margin,0.153,0.510,1.000
401752851,2025,5,regular,total,0.208,0.504,1.000
401752852,2025,5,regular,margin,0.280,0.519,0.000
401752852,2025,5,regular,total,0.238,0.506,1.000
401752853,2025,5,regular,margin,4.838,0.650,1.000
401752853,2025,5,regular,total,1.375,0.535,0.000
401752854,2025,5,regular,margin,4.484,0.635,1.000
401752854,2025,5,regular,total,0.734,0.518,1.000
401752939,2025,5,regular,margin,2.158,0.580,1.000
401752939,2025,5,regular,total,5.355,0.630,1.000
401752950,2025,5,regular,margin,0.923,0.502,1.000
401752950,2025,5,regular,total,6.503,0.657,0.000
401754543,2025,5,regular,margin,5.353,0.664,1.000
401754543,2025,5,regular,total,2.371,0.558,0.000
401754544,2025,5,regular,margin,1.883,0.562,1.000
401754544,2025,5,regular,total,0.301,0.508,0.000
401754545,2025,5,regular,margin,11.215,0.785,0.000
401754545,2025,5,regular,total,1.140,0.528,0.000
401754546,2025,5,regular,margin,2.925,0.579,1.000
401754546,2025,5,regular,total,0.599,0.515,1.000
401754547,2025,5,regular,margin,1.095,0.510,1.000
401754547,2025,5,regular,total,3.396,0.583,1.000
401754548,2025,5,regular,margin,3.418,0.619,1.000
401754548,2025,5,regular,total,0.577,0.514,0.000
401754549,2025,5,regular,margin,1.534,0.536,0.000
401754549,2025,5,regular,total,2.310,0.557,1.000
401756902,2025,5,regular,margin,3.506,0.590,0.500
401756902,2025,5,regular,total,2.771,0.568,1.000
401756903,2025,5,regular,margin,2.931,0.592,1.000
401756903,2025,5,regular,total,1.070,0.527,0.000
401756904,2025,5,regular,margin,1.590,0.516,1.000
401756904,2025,5,regular,total,0.856,0.520,0.000
401756905,2025,5,regular,margin,2.579,0.549,0.000
401756905,2025,5,regular,total,2.688,0.566,0.000
401756906,2025,5,regular,margin,2.542,0.579,0.000
401756906,2025,5,regular,total,0.648,0.517,1.000
401756907,2025,5,regular,margin,6.707,0.646,1.000
401756907,2025,5,regular,total,4.815,0.617,1.000
401756908,2025,5,regular,margin,6.828,0.675,0.000
401756908,2025,5,regular,total,2.688,0.567,1.000
401757170,2025,5,regular,margin,2.308,0.575,0.500
401757170,2025,5,regular,total,3.074,0.576,0.000
401757269,2025,5,regular,margin,4.645,0.639,0.000
401757269,2025,5,regular,total,2.143,0.553,1.000
401757270,2025,5,regular,margin,6.836,0.697,0.000
401757270,2025,5,regular,total,1.607,0.539,1.000
401757271,2025,5,regular,margin,3.886,0.614,1.000
401757271,2025,5,regular,total,0.175,0.505,0.000
401757272,2025,5,regular,margin,1.235,0.504,0.000
401757272,2025,5,regular,total,2.691,0.567,0.000
401757273,2025,5,regular,margin,5.166,0.662,0.000
401757273,2025,5,regular,total,4.078,0.600,1.000
401757274,2025,5,regular,margin,7.280,0.673,0.000
401757274,2025,5,regular,total,0.016,0.501,1.000
401760378,2025,5,regular,margin,3.770,0.624,1.000
401760378,2025,5,regular,total,2.147,0.553,1.000
401760379,2025,5,regular,margin,6.837,0.662,0.000
401760379,2025,5,regular,total,0.449,0.511,0.000
401760380,2025,5,regular,margin,2.961,0.583,0.000
401760380,2025,5,regular,total,3.791,0.594,0.000
401761614,2025,5,regular,margin,3.485,0.599,0.000
401761614,2025,5,regular,total,2.363,0.558,0.000
401761615,2025,5,regular,margin,3.254,0.580,1.000
401761615,2025,5,regular,total,6.755,0.662,1.000
401761616,2025,5,regular,margin,1.587,0.523,0.000
401761616,2025,5,regular,total,1.645,0.541,0.000
401761617,2025,5,regular,margin,3.427,0.597,0.000
401761617,2025,5,regular,total,0.903,0.522,0.000
401762471,2025,5,regular,margin,1.507,0.562,0.000
401762471,2025,5,regular,total,1.970,0.548,1.000
401762472,2025,5,regular,margin,0.017,0.503,0.000
401762472,2025,5,regular,total,6.599,0.659,0.000
401762473,2025,5,regular,margin,4.210,0.605,0.000
401762473,2025,5,regular,total,5.426,0.632,0.000
401762474,2025,5,regular,margin,3.433,0.592,0.000
401762474,2025,5,regular,total,1.063,0.526,0.000
401762824,2025,5,regular,margin,1.119,0.518,0.000
401762824,2025,5,regular,total,1.342,0.533,0.000
401762825,2025,5,regular,margin,3.315,0.540,1.000
401762825,2025,5,regular,total,0.267,0.506,0.000
401762826,2025,5,regular,margin,5.795,0.643,0.000
401762826,2025,5,regular,total,2.724,0.567,0.000
401752726,2025,6,regular,margin,2.863,0.576,0.000
401752726,2025,6,regular,total,0.480,0.512,1.000
401752727,2025,6,regular,margin,1.852,0.518,0.000
401752727,2025,6,regular,total,1.260,0.533,1.000
401752728,2025,6,regular,margin,1.768,0.527,0.000
401752728,2025,6,regular,total,4.436,0.608,0.500
401752729,2025,6,regular,margin,9.132,0.738,1.000
401752729,2025,6,regular,total,0.631,0.516,0.000
401752730,2025,6,regular,margin,5.950,0.648,0.000
401752730,2025,6,regular,total,0.661,0.516,1.000
401752855,2025,6,regular,margin,2.437,0.539,1.000
401752855,2025,6,regular,total,1.704,0.543,1.000
401752856,2025,6,regular,margin,5.521,0.639,1.000
401752856,2025,6,regular,total,5.254,0.628,0.000
401752857,2025,6,regular,margin,3.975,0.622,1.000
401752857,2025,6,regular,total,0.045,0.501,1.000
401752858,2025,6,regular,margin,2.785,0.587,0.000
401752858,2025,6,regular,total,2.139,0.554,1.000
401752859,2025,6,regular,margin,4.590,0.598,0.000
401752859,2025,6,regular,total,0.076,0.500,1.000
401752860,2025,6,regular,margin,0.314,0.505,1.000
401752860,2025,6,regular,total,1.720,0.543,1.000
401752861,2025,6,regular,margin,1.376,0.569,0.000
401752861,2025,6,regular,total,0.322,0.508,0.000
401752940,2025,6,regular,margin,0.048,0.519,1.000
401752940,2025,6,regular,total,4.406,0.608,0.000
401754550,2025,6,regular,margin,1.431,0.549,0.000
401754550,2025,6,regular,total,7.181,0.672,1.000
401754551,2025,6,regular,margin,0.755,0.555,0.000
401754551,2025,6,regular,total,2.462,0.560,0.000
401754552,2025,6,regular,margin,5.527,0.632,0.000
401754552,2025,6,regular,total,3.658,0.590,1.000
401754553,2025,6,regular,margin,4.465,0.576,1.000
401754553,2025,6,regular,total,1.687,0.542,0.000
401754554,2025,6,regular,margin,0.806,0.507,0.000
401754554,2025,6,regular,total,1.068,0.526,1.000
401754555,2025,6,regular,margin,5.939,0.647,1.000
401754555,2025,6,regular,total,0.625,0.516,0.000
401754556,2025,6,regular,margin,3.078,0.553,0.000
401754556,2025,6,regular,total,2.317,0.557,1.000
401756909,2025,6,regular,margin,1.523,0.519,1.000
401756909,2025,6,regular,total,3.218,0.580,1.000
401756910,2025,6,regular,margin,8.574,0.703,0.000
401756910,2025,6,regular,total,1.530,0.538,1.000
401756911,2025,6,regular,margin,0.761,0.545,1.000
401756911,2025,6,regular,total,0.065,0.502,1.000
401756912,2025,6,regular,margin,3.827,0.580,0.000
401756912,2025,6,regular,total,3.026,0.574,0.000
401756913,2025,6,regular,margin,6.228,0.661,0.000
401756913,2025,6,regular,total,6.040,0.646,0.000
401756914,2025,6,regular,margin,2.236,0.559,0.000
401756914,2025,6,regular,total,3.426,0.584,1.000
401756915,2025,6,regular,margin,2.236,0.590,0.000
401756915,2025,6,regular,total,0.531,0.513,1.000
401757165,2025,6,regular,margin,2.519,0.556,1.000
401757165,2025,6,regular,total,3.380,0.583,1.000
401757171,2025,6,regular,margin,5.255,0.604,1.000
401757171,2025,6,regular,total,2.503,0.562,1.000
401757275,2025,6,regular,margin,2.881,0.575,1.000
401757275,2025,6,regular,total,3.011,0.574,0.000
401757276,2025,6,regular,margin,2.628,0.584,0.000
401757276,2025,6,regular,total,5.021,0.622,1.000
401760381,2025,6,regular,margin,0.328,0.508,0.000
401760381,2025,6,regular,total,6.947,0.667,1.000
401760382,2025,6,regular,margin,0.268,0.518,0.000
401760382,2025,6,regular,total,3.467,0.587,1.000
401760383,2025,6,regular,margin,0.096,0.515,1.000
401760383,2025,6,regular,total,2.263,0.557,0.000
401760384,2025,6,regular,margin,1.716,0.560,1.000
401760384,2025,6,regular,total,2.935,0.572,0.000
401760385,2025,6,regular,margin,4.531,0.644,0.000
401760385,2025,6,regular,total,1.441,0.536,0.000
401761618,2025,6,regular,margin,3.224,0.558,1.000
401761618,2025,6,regular,total,3.394,0.583,0.000
401761619,2025,6,regular,margin,5.648,0.636,0.000
401761619,2025,6,regular,total,0.233,0.506,1.000
401761620,2025,6,regular,margin,3.589,0.595,1.000
401761620,2025,6,regular,total,5.517,0.634,1.000
401761621,2025,6,regular,margin,6.189,0.653,1.000
401761621,2025,6,regular,total,3.863,0.595,1.000
401762475,2025,6,regular,margin,5.669,0.623,0.500
401762475,2025,6,regular,total,1.207,0.530,0.000
401762476,2025,6,regular,margin,2.872,0.590,0.000
401762476,2025,6,regular,total,0.786,0.519,1.000
401762477,2025,6,regular,margin,0.956,0.550,1.000
401762477,2025,6,regular,total,1.854,0.545,1.000
401762478,2025,6,regular,margin,0.257,0.529,1.000
401762478,2025,6,regular,total,0.333,0.508,1.000
401762479,2025,6,regular,margin,0.209,0.523,1.000
401762479,2025,6,regular,total,0.697,0.517,1.000
401762829,2025,6,regular,margin,3.931,0.633,1.000
401762829,2025,6,regular,total,3.071,0.576,1.000
401762830,2025,6,regular,margin,2.368,0.563,1.000
401762830,2025,6,regular,total,1.936,0.547,1.000
401762831,2025,6,regular,margin,0.931,0.552,1.000
401762831,2025,6,regular,total,0.691,0.517,1.000
401762832,2025,6,regular,margin,2.379,0.569,0.000
401762832,2025,6,regular,total,3.168,0.578,0.000
401762873,2025,6,regular,margin,6.714,0.703,0.000
401762873,2025,6,regular,total,1.685,0.545,1.000
401752731,2025,7,regular,margin,1.195,0.500,0.000
401752731,2025,7,regular,total,4.329,0.606,0.000
401752732,2025,7,regular,margin,2.458,0.607,0.000
401752732,2025,7,regular,total,1.774,0.545,0.000
401752733,2025,7,regular,margin,6.664,0.663,1.000
401752733,2025,7,regular,total,1.785,0.544,1.000
401752734,2025,7,regular,margin,3.824,0.579,0.500
401752734,2025,7,regular,total,3.065,0.575,1.000
401752735,2025,7,regular,margin,0.643,0.517,1.000
401752735,2025,7,regular,total,1.169,0.529,1.000
401752736,2025,7,regular,margin,1.506,0.520,0.000
401752736,2025,7,regular,total,1.381,0.535,0.000
401752737,2025,7,regular,margin,0.107,0.527,0.000
401752737,2025,7,regular,total,1.165,0.529,1.000
401752862,2025,7,regular,margin,2.220,0.585,0.000
401752862,2025,7,regular,total,3.900,0.595,1.000
401752863,2025,7,regular,margin,0.821,0.509,1.000
401752863,2025,7,regular,total,2.445,0.560,0.000
401752864,2025,7,regular,margin,1.272,0.580,1.000
401752864,2025,7,regular,total,0.425,0.511,0.000
401752865,2025,7,regular,margin,1.961,0.547,0.000
401752865,2025,7,regular,total,3.398,0.583,1.000
401752866,2025,7,regular,margin,3.280,0.554,1.000
401752866,2025,7,regular,total,3.041,0.575,0.000
401752867,2025,7,regular,margin,3.077,0.612,1.000
401752867,2025,7,regular,total,2.758,0.568,1.000
401752868,2025,7,regular,margin,1.419,0.533,1.000
401752868,2025,7,regular,total,1.174,0.529,1.000
401752869,2025,7,regular,margin,1.358,0.563,0.000
401752869,2025,7,regular,total,4.874,0.621,0.000
401752870,2025,7,regular,margin,1.945,0.580,1.000
401752870,2025,7,regular,total,1.693,0.542,0.000
401754558,2025,7,regular,margin,1.574,0.543,0.000
401754558,2025,7,regular,total,1.862,0.546,0.000
401754559,2025,7,regular,margin,5.896,0.684,1.000
401754559,2025,7,regular,total,1.558,0.538,1.000
401754560,2025,7,regular,margin,4.626,0.627,0.000
401754560,2025,7,regular,total,0.936,0.523,0.000
401754561,2025,7,regular,margin,1.057,0.509,0.000
401754561,2025,7,regular,total,0.758,0.519,0.000
401754562,2025,7,regular,margin,1.879,0.525,0.000
401754562,2025,7,regular,total,2.754,0.568,1.000
401754563,2025,7,regular,margin,0.959,0.517,1.000
401754563,2025,7,regular,total,5.968,0.644,1.000
401756916,2025,7,regular,margin,1.179,0.533,1.000
401756916,2025,7,regular,total,2.074,0.552,1.000
401756917,2025,7,regular,margin,4.620,0.654,1.000
401756917,2025,7,regular,total,0.926,0.523,1.000
401756918,2025,7,regular,margin,0.709,0.535,1.000
401756918,2025,7,regular,total,0.069,0.501,1.000
401756919,2025,7,regular,margin,0.497,0.505,1.000
401756919,2025,7,regular,total,1.074,0.527,1.000
401756920,2025,7,regular,margin,4.571,0.621,0.000
401756920,2025,7,regular,total,8.509,0.701,1.000
401756921,2025,7,regular,margin,3.602,0.595,0.000
401756921,2025,7,regular,total,1.894,0.547,0.000
401756922,2025,7,regular,margin,7.007,0.704,0.000
401756922,2025,7,regular,total,2.523,0.563,1.000
401757277,2025,7,regular,margin,0.005,0.508,0.000
401757277,2025,7,regular,total,2.107,0.553,0.000
401757278,2025,7,regular,margin,2.189,0.539,0.000
401757278,2025,7,regular,total,0.457,0.511,1.000
401757279,2025,7,regular,margin,3.625,0.559,0.000
401757279,2025,7,regular,total,1.267,0.531,1.000
401757280,2025,7,regular,margin,7.089,0.648,0.000
401757280,2025,7,regular,total,2.323,0.558,0.000
401760386,2025,7,regular,margin,0.011,0.531,1.000
401760386,2025,7,regular,total,1.617,0.540,0.000
401760387,2025,7,regular,margin,2.675,0.557,1.000
401760387,2025,7,regular,total,2.678,0.566,0.000
401760388,2025,7,regular,margin,1.712,0.566,1.000
401760388,2025,7,regular,total,0.753,0.519,1.000
401760389,2025,7,regular,margin,0.788,0.528,1.000
401760389,2025,7,regular,total,2.536,0.562,1.000
401760390,2025,7,regular,margin,0.987,0.542,0.000
401760390,2025,7,regular,total,3.704,0.592,1.000
401760391,2025,7,regular,margin,1.115,0.536,1.000
401760391,2025,7,regular,total,1.143,0.528,0.000
401761622,2025,7,regular,margin,4.619,0.630,0.500
401761622,2025,7,regular,total,0.394,0.510,0.000
401761623,2025,7,regular,margin,6.274,0.671,1.000
401761623,2025,7,regular,total,8.249,0.695,0.000
401761624,2025,7,regular,margin,0.753,0.501,1.000
401761624,2025,7,regular,total,3.910,0.596,1.000
401761625,2025,7,regular,margin,5.967,0.645,1.000
401761625,2025,7,regular,total,7.375,0.676,0.000
401761626,2025,7,regular,margin,7.049,0.680,1.000
401761626,2025,7,regular,total,1.414,0.535,1.000
401761627,2025,7,regular,margin,1.013,0.573,1.000
401761627,2025,7,regular,total,1.244,0.531,1.000
401762480,2025,7,regular,margin,0.773,0.550,0.500
401762480,2025,7,regular,total,2.041,0.550,1.000
401762481,2025,7,regular,margin,0.159,0.522,0.000
401762481,2025,7,regular,total,0.734,0.518,0.000
401762482,2025,7,regular,margin,0.897,0.549,0.000
401762482,2025,7,regular,total,3.738,0.591,0.000
401762483,2025,7,regular,margin,0.151,0.503,0.000
401762483,2025,7,regular,total,4.678,0.614,0.000
401762484,2025,7,regular,margin,3.710,0.626,1.000
401762484,2025,7,regular,total,0.447,0.511,1.000
401762485,2025,7,regular,margin,2.837,0.548,1.000
401762485,2025,7,regular,total,1.990,0.549,1.000
401762833,2025,7,regular,margin,0.031,0.524,0.000
401762833,2025,7,regular,total,2.684,0.566,0.000
401762834,2025,7,regular,margin,3.235,0.613,0.000
401762834,2025,7,regular,total,0.614,0.517,0.000
401762835,2025,7,regular,margin,0.978,0.509,1.000
401762835,2025,7,regular,total,6.461,0.656,1.000
401762836,2025,7,regular,margin,0.332,0.516,1.000
401762836,2025,7,regular,total,0.512,0.513,0.000
401762837,2025,7,regular,margin,2.165,0.571,1.000
401762837,2025,7,regular,total,5.806,0.641,0.000
401752738,2025,8,regular,margin,1.503,0.505,0.000
401752738,2025,8,regular,total,0.002,0.500,0.000
401752739,2025,8,regular,margin,1.073,0.578,1.000
401752739,2025,8,regular,total,0.336,0.508,1.000
401752740,2025,8,regular,margin,2.335,0.568,0.000
401752740,2025,8,regular,total,5.721,0.639,0.000
401752741,2025,8,regular,margin,1.894,0.577,1.000
401752741,2025,8,regular,total,0.586,0.514,1.000
401752742,2025,8,regular,margin,0.776,0.568,0.000
401752742,2025,8,regular,total,1.525,0.537,0.000
401752743,2025,8,regular,margin,0.736,0.526,1.000
401752743,2025,8,regular,total,3.202,0.579,0.000
401752744,2025,8,regular,margin,3.210,0.615,0.000
401752744,2025,8,regular,total,2.243,0.556,0.000
401752745,2025,8,regular,margin,0.685,0.501,0.000
401752745,2025,8,regular,total,2.048,0.551,1.000
401752871,2025,8,regular,margin,2.149,0.593,1.000
401752871,2025,8,regular,total,0.174,0.504,1.000
401752872,2025,8,regular,margin,0.996,0.559,1.000
401752872,2025,8,regular,total,3.738,0.592,0.000
401752873,2025,8,regular,margin,0.799,0.546,0.000
401752873,2025,8,regular,total,0.602,0.514,1.000
401752874,2025,8,regular,margin,1.236,0.508,1.000
401752874,2025,8,regular,total,2.580,0.564,0.000
401752875,2025,8,regular,margin,0.726,0.516,0.000
401752875,2025,8,regular,total,9.085,0.714,1.000
401752876,2025,8,regular,margin,3.632,0.582,0.000
401752876,2025,8,regular,total,2.732,0.567,0.000
401752877,2025,8,regular,margin,4.205,0.589,0.000
401752877,2025,8,regular,total,0.687,0.519,0.000
401752878,2025,8,regular,margin,1.378,0.505,1.000
401752878,2025,8,regular,total,4.192,0.603,1.000
401752879,2025,8,regular,margin,5.299,0.658,1.000
401752879,2025,8,regular,total,1.690,0.541,1.000
401752951,2025,8,regular,margin,5.349,0.628,1.000
401752951,2025,8,regular,total,2.076,0.551,0.000
401754371,2025,8,regular,margin,1.002,0.573,1.000
401754371,2025,8,regular,total,3.948,0.597,0.000
401754564,2025,8,regular,margin,0.692,0.517,1.000
401754564,2025,8,regular,total,2.566,0.563,0.000
401754565,2025,8,regular,margin,1.224,0.507,0.000
401754565,2025,8,regular,total,4.501,0.610,1.000
401754566,2025,8,regular,margin,1.277,0.557,1.000
401754566,2025,8,regular,total,3.409,0.584,1.000
401754567,2025,8,regular,margin,5.734,0.635,1.000
401754567,2025,8,regular,total,0.366,0.509,0.000
401754568,2025,8,regular,margin,6.235,0.682,0.000
401754568,2025,8,regular,total,4.208,0.603,0.000
401754569,2025,8,regular,margin,0.718,0.519,1.000
401754569,2025,8,regular,total,0.084,0.502,0.000
401756923,2025,8,regular,margin,0.726,0.566,1.000
401756923,2025,8,regular,total,1.769,0.544,0.000
401756924,2025,8,regular,margin,2.744,0.604,1.000
401756924,2025,8,regular,total,2.041,0.551,0.000
401756925,2025,8,regular,margin,4.290,0.612,1.000
401756925,2025,8,regular,total,4.062,0.600,1.000
401756926,2025,8,regular,margin,7.923,0.660,0.000
401756926,2025,8,regular,total,0.539,0.513,0.000
401756927,2025,8,regular,margin,3.013,0.550,1.000
401756927,2025,8,regular,total,0.319,0.508,0.000
401756928,2025,8,regular,margin,2.609,0.555,1.000
401756928,2025,8,regular,total,4.320,0.606,1.000
401757281,2025,8,regular,margin,3.808,0.567,0.000
401757281,2025,8,regular,total,0.777,0.519,1.000
401757282,2025,8,regular,margin,1.151,0.566,1.000
401757282,2025,8,regular,total,0.732,0.519,1.000
401757283,2025,8,regular,margin,0.655,0.534,1.000
401757283,2025,8,regular,total,3.974,0.597,1.000
401757284,2025,8,regular,margin,0.564,0.550,0.000
401757284,2025,8,regular,total,2.116,0.553,1.000
401760392,2025,8,regular,margin,0.506,0.538,1.000
401760392,2025,8,regular,total,0.685,0.517,1.000
401760393,2025,8,regular,margin,0.037,0.510,0.000
401760393,2025,8,regular,total,0.271,0.507,0.000
401760394,2025,8,regular,margin,1.242,0.551,0.000
401760394,2025,8,regular,total,0.819,0.520,0.000
401760395,2025,8,regular,margin,4.705,0.630,1.000
401760395,2025,8,regular,total,4.292,0.605,0.000
401760396,2025,8,regular,margin,0.222,0.502,1.000
401760396,2025,8,regular,total,0.103,0.503,0.000
401761628,2025,8,regular,margin,2.055,0.596,1.000
401761628,2025,8,regular,total,1.176,0.529,1.000
401761629,2025,8,regular,margin,0.857,0.559,1.000
401761629,2025,8,regular,total,6.634,0.660,1.000
401761630,2025,8,regular,margin,2.905,0.560,1.000
401761630,2025,8,regular,total,1.865,0.546,1.000
401761631,2025,8,regular,margin,0.993,0.523,1.000
401761631,2025,8,regular,total,0.601,0.516,1.000
401761632,2025,8,regular,margin,4.631,0.631,1.000
401761632,2025,8,regular,total,0.513,0.513,1.000
401761633,2025,8,regular,margin,4.936,0.595,1.000
401761633,2025,8,regular,total,6.691,0.661,1.000
401761668,2025,8,regular,margin,7.165,0.705,0.000
401761668,2025,8,regular,total,3.406,0.584,0.000
401762486,2025,8,regular,margin,1.684,0.533,1.000
401762486,2025,8,regular,total,1.399,0.534,0.000
401762487,2025,8,regular,margin,1.513,0.500,1.000
401762487,2025,8,regular,total,0.772,0.519,0.000
401762488,2025,8,regular,margin,1.685,0.577,1.000
401762488,2025,8,regular,total,1.469,0.535,1.000
401762489,2025,8,regular,margin,0.606,0.542,0.000
401762489,2025,8,regular,total,6.170,0.649,1.000
401762490,2025,8,regular,margin,1.750,0.518,0.000
401762490,2025,8,regular,total,5.050,0.623,1.000
401762491,2025,8,regular,margin,3.870,0.620,0.000
401762491,2025,8,regular,total,5.282,0.628,1.000
401762838,2025,8,regular,margin,6.282,0.663,1.000
401762838,2025,8,regular,total,2.463,0.562,1.000
401762839,2025,8,regular,margin,5.306,0.632,0.000
401762839,2025,8,regular,total,5.774,0.640,0.000
401762840,2025,8,regular,margin,0.842,0.502,0.000
401762840,2025,8,regular,total,2.817,0.570,1.000
401762841,2025,8,regular,margin,4.493,0.632,0.000
401762841,2025,8,regular,total,4.145,0.602,1.000
401762842,2025,8,regular,margin,5.089,0.612,0.000
401762842,2025,8,regular,total,5.496,0.633,1.000
401762843,2025,8,regular,margin,4.053,0.647,0.000
401762843,2025,8,regular,total,2.138,0.550,0.000
401752746,2025,9,regular,margin,2.369,0.541,1.000
401752746,2025,9,regular,total,2.030,0.550,0.000
401752747,2025,9,regular,margin,1.478,0.588,0.000
401752747,2025,9,regular,total,3.283,0.581,1.000
401752748,2025,9,regular,margin,1.985,0.559,0.000
401752748,2025,9,regular,total,0.752,0.518,0.000
401752749,2025,9,regular,margin,0.656,0.526,1.000
401752749,2025,9,regular,total,0.639,0.516,1.000
401752750,2025,9,regular,margin,3.183,0.598,1.000
401752750,2025,9,regular,total,0.927,0.523,1.000
401752751,2025,9,regular,margin,0.816,0.546,1.000
401752751,2025,9,regular,total,0.082,0.503,1.000
401752752,2025,9,regular,margin,0.603,0.518,0.000
401752752,2025,9,regular,total,4.763,0.616,0.000
401752880,2025,9,regular,margin,0.530,0.538,0.000
401752880,2025,9,regular,total,0.570,0.514,1.000
401752881,2025,9,regular,margin,0.604,0.515,1.000
401752881,2025,9,regular,total,2.962,0.573,1.000
401752882,2025,9,regular,margin,3.517,0.549,1.000
401752882,2025,9,regular,total,2.487,0.564,1.000
401752883,2025,9,regular,margin,0.634,0.513,0.500
401752883,2025,9,regular,total,0.942,0.524,1.000
401752884,2025,9,regular,margin,3.166,0.561,1.000
401752884,2025,9,regular,total,2.746,0.567,1.000
401752885,2025,9,regular,margin,5.423,0.610,0.000
401752885,2025,9,regular,total,3.982,0.597,0.000
401752886,2025,9,regular,margin,7.653,0.697,1.000
401752886,2025,9,regular,total,0.455,0.512,0.000
401752942,2025,9,regular,margin,2.922,0.552,0.000
401752942,2025,9,regular,total,2.603,0.564,0.000
401752952,2025,9,regular,margin,1.466,0.546,1.000
401752952,2025,9,regular,total,3.588,0.589,0.000
401754372,2025,9,regular,margin,1.562,0.555,0.000
401754372,2025,9,regular,total,2.181,0.554,1.000
401754570,2025,9,regular,margin,4.224,0.591,1.000
401754570,2025,9,regular,total,1.652,0.541,1.000
401754571,2025,9,regular,margin,5.676,0.643,0.000
401754571,2025,9,regular,total,0.657,0.516,1.000
401754572,2025,9,regular,margin,6.397,0.660,0.000
401754572,2025,9,regular,total,1.227,0.531,1.000
401754573,2025,9,regular,margin,2.143,0.580,1.000
401754573,2025,9,regular,total,3.802,0.593,0.000
401754574,2025,9,regular,margin,2.501,0.542,1.000
401754574,2025,9,regular,total,4.063,0.599,1.000
401756929,2025,9,regular,margin,0.284,0.540,1.000
401756929,2025,9,regular,total,3.732,0.592,0.000
401756930,2025,9,regular,margin,1.329,0.558,0.000
401756930,2025,9,regular,total,3.626,0.589,1.000
401756931,2025,9,regular,margin,1.575,0.521,1.000
401756931,2025,9,regular,total,0.757,0.518,0.000
401756932,2025,9,regular,margin,3.498,0.612,1.000
401756932,2025,9,regular,total,0.101,0.503,1.000
401756933,2025,9,regular,margin,6.366,0.660,0.000
401756933,2025,9,regular,total,3.010,0.574,0.000
401756934,2025,9,regular,margin,3.677,0.604,0.000
401756934,2025,9,regular,total,1.046,0.525,0.000
401756935,2025,9,regular,margin,0.486,0.508,0.000
401756935,2025,9,regular,total,4.673,0.614,0.000
401757172,2025,9,regular,margin,4.286,0.582,0.000
401757172,2025,9,regular,total,3.443,0.585,1.000
401757285,2025,9,regular,margin,3.843,0.615,0.000
401757285,2025,9,regular,total,0.667,0.516,0.000
401757286,2025,9,regular,margin,1.009,0.505,0.000
401757286,2025,9,regular,total,2.468,0.561,1.000
401757287,2025,9,regular,margin,2.535,0.523,0.000
401757287,2025,9,regular,total,1.064,0.526,0.000
401757288,2025,9,regular,margin,1.212,0.532,1.000
401757288,2025,9,regular,total,0.961,0.524,0.000
401760397,2025,9,regular,margin,2.845,0.553,0.500
401760397,2025,9,regular,total,0.675,0.517,0.000
401760398,2025,9,regular,margin,5.195,0.650,0.000
401760398,2025,9,regular,total,0.847,0.522,0.000
401760399,2025,9,regular,margin,0.593,0.501,0.000
401760399,2025,9,regular,total,4.132,0.601,0.000
401760400,2025,9,regular,margin,2.488,0.565,0.000
401760400,2025,9,regular,total,2.222,0.555,0.000
401761634,2025,9,regular,margin,0.410,0.510,0.000
401761634,2025,9,regular,total,1.859,0.546,1.000
401761635,2025,9,regular,margin,6.139,0.659,1.000
401761635,2025,9,regular,total,0.112,0.503,0.000
401761636,2025,9,regular,margin,1.417,0.545,1.000
401761636,2025,9,regular,total,1.666,0.541,1.000
401761637,2025,9,regular,margin,0.597,0.522,0.000
401761637,2025,9,regular,total,4.299,0.605,1.000
401761638,2025,9,regular,margin,0.875,0.508,0.000
401761638,2025,9,regular,total,5.116,0.625,1.000
401762492,2025,9,regular,margin,1.708,0.521,0.000
401762492,2025,9,regular,total,5.274,0.628,1.000
401762493,2025,9,regular,margin,0.558,0.529,1.000
401762493,2025,9,regular,total,4.586,0.612,0.000
401762494,2025,9,regular,margin,4.694,0.652,1.000
401762494,2025,9,regular,total,1.258,0.531,1.000
401762495,2025,9,regular,margin,1.280,0.501,0.000
401762495,2025,9,regular,total,3.691,0.591,1.000
401762844,2025,9,regular,margin,4.034,0.576,0.000
401762844,2025,9,regular,total,1.977,0.549,0.000
401762845,2025,9,regular,margin,0.786,0.509,1.000
401762845,2025,9,regular,total,2.462,0.562,0.000
401762846,2025,9,regular,margin,2.974,0.626,1.000
401762846,2025,9,regular,total,5.619,0.636,0.000
401762847,2025,9,regular,margin,2.316,0.550,0.000
401762847,2025,9,regular,total,2.819,0.570,1.000
401762848,2025,9,regular,margin,4.774,0.640,1.000
401762848,2025,9,regular,total,2.785,0.568,1.000
401762874,2025,9,regular,margin,0.069,0.522,1.000
401762874,2025,9,regular,total,2.979,0.575,1.000
401752753,2025,10,regular,margin,1.197,0.548,1.000
401752753,2025,10,regular,total,3.147,0.577,0.000
401752754,2025,10,regular,margin,1.247,0.562,1.000
401752754,2025,10,regular,total,3.611,0.589,0.000
401752755,2025,10,regular,margin,3.411,0.557,0.000
401752755,2025,10,regular,total,2.873,0.570,1.000
401752756,2025,10,regular,margin,2.427,0.572,0.000
401752756,2025,10,regular,total,0.548,0.513,1.000
401752757,2025,10,regular,margin,0.163,0.507,1.000
401752757,2025,10,regular,total,5.359,0.630,1.000
401752758,2025,10,regular,margin,1.822,0.522,0.000
401752758,2025,10,regular,total,4.414,0.608,1.000
401752887,2025,10,regular,margin,3.754,0.576,0.000
401752887,2025,10,regular,total,1.344,0.533,0.000
401752888,2025,10,regular,margin,0.766,0.506,1.000
401752888,2025,10,regular,total,4.501,0.610,0.000
401752889,2025,10,regular,margin,2.531,0.561,0.000
401752889,2025,10,regular,total,3.682,0.591,1.000
401752890,2025,10,regular,margin,2.161,0.536,1.000
401752890,2025,10,regular,total,1.339,0.534,0.000
401752891,2025,10,regular,margin,3.505,0.600,0.000
401752891,2025,10,regular,total,3.617,0.589,1.000
401752892,2025,10,regular,margin,1.896,0.516,0.000
401752892,2025,10,regular,total,0.203,0.505,0.000
401752943,2025,10,regular,margin,3.832,0.563,0.000
401752943,2025,10,regular,total,3.519,0.587,0.000
401754575,2025,10,regular,margin,4.214,0.625,0.000
401754575,2025,10,regular,total,3.828,0.594,0.000
401754576,2025,10,regular,margin,1.109,0.547,0.000
401754576,2025,10,regular,total,4.224,0.603,0.000
401754577,2025,10,regular,margin,3.134,0.554,0.000
401754577,2025,10,regular,total,1.309,0.532,1.000
401754578,2025,10,regular,margin,6.676,0.685,0.000
401754578,2025,10,regular,total,2.798,0.569,0.000
401754579,2025,10,regular,margin,0.733,0.513,1.000
401754579,2025,10,regular,total,1.102,0.527,0.000
401754580,2025,10,regular,margin,2.751,0.607,0.000
401754580,2025,10,regular,total,3.767,0.592,0.000
401754581,2025,10,regular,margin,3.924,0.645,1.000
401754581,2025,10,regular,total,1.565,0.539,0.000
401754582,2025,10,regular,margin,1.376,0.537,0.000
401754582,2025,10,regular,total,3.238,0.580,1.000
401754583,2025,10,regular,margin,3.371,0.579,1.000
401754583,2025,10,regular,total,0.103,0.502,1.000
401756936,2025,10,regular,margin,0.062,0.505,0.000
401756936,2025,10,regular,total,0.977,0.524,0.000
401756937,2025,10,regular,margin,4.418,0.647,0.000
401756937,2025,10,regular,total,1.183,0.529,1.000
401756938,2025,10,regular,margin,1.050,0.535,1.000
401756938,2025,10,regular,total,2.688,0.566,1.000
401756939,2025,10,regular,margin,4.813,0.671,1.000
401756939,2025,10,regular,total,0.405,0.511,0.000
401756940,2025,10,regular,margin,4.027,0.592,1.000
401756940,2025,10,regular,total,2.241,0.555,1.000
401756941,2025,10,regular,margin,5.152,0.679,0.000
401756941,2025,10,regular,total,4.981,0.621,1.000
401756942,2025,10,regular,margin,1.039,0.561,0.000
401756942,2025,10,regular,total,2.081,0.551,0.000
401757173,2025,10,regular,margin,1.541,0.503,1.000
401757173,2025,10,regular,total,0.603,0.515,1.000
401757289,2025,10,regular,margin,5.914,0.668,0.000
401757289,2025,10,regular,total,3.152,0.577,0.500
401757290,2025,10,regular,margin,1.456,0.527,0.000
401757290,2025,10,regular,total,5.309,0.629,1.000
401757291,2025,10,regular,margin,6.283,0.656,1.000
401757291,2025,10,regular,total,1.127,0.527,1.000
401757292,2025,10,regular,margin,0.850,0.553,1.000
401757292,2025,10,regular,total,2.985,0.573,0.000
401757293,2025,10,regular,margin,2.197,0.580,0.000
401757293,2025,10,regular,total,0.540,0.514,1.000
401757294,2025,10,regular,margin,0.555,0.533,0.000
401757294,2025,10,regular,total,0.317,0.508,1.000
401760401,2025,10,regular,margin,0.039,0.507,0.000
401760401,2025,10,regular,total,4.815,0.617,0.000
401760402,2025,10,regular,margin,0.167,0.512,0.000
401760402,2025,10,regular,total,1.531,0.538,0.000
401760403,2025,10,regular,margin,2.343,0.540,0.000
401760403,2025,10,regular,total,1.992,0.549,1.000
401760404,2025,10,regular,margin,0.735,0.507,1.000
401760404,2025,10,regular,total,2.553,0.563,1.000
401760405,2025,10,regular,margin,0.078,0.533,0.000
401760405,2025,10,regular,total,0.936,0.525,0.000
401761639,2025,10,regular,margin,2.685,0.618,0.000
401761639,2025,10,regular,total,1.894,0.547,1.000
401761640,2025,10,regular,margin,1.684,0.577,1.000
401761640,2025,10,regular,total,5.053,0.623,1.000
401761641,2025,10,regular,margin,4.019,0.583,0.000
401761641,2025,10,regular,total,0.114,0.503,1.000
401761642,2025,10,regular,margin,0.497,0.512,1.000
401761642,2025,10,regular,total,2.551,0.563,1.000
401761643,2025,10,regular,margin,1.861,0.501,0.000
401761643,2025,10,regular,total,1.016,0.525,0.000
401762443,2025,10,regular,margin,3.397,0.606,1.000
401762443,2025,10,regular,total,1.562,0.539,1.000
401762497,2025,10,regular,margin,4.000,0.605,1.000
401762497,2025,10,regular,total,2.800,0.569,1.000
401762498,2025,10,regular,margin,3.371,0.609,0.000
401762498,2025,10,regular,total,3.099,0.576,0.000
401762499,2025,10,regular,margin,1.895,0.534,1.000
401762499,2025,10,regular,total,1.785,0.544,1.000
401762849,2025,10,regular,margin,2.009,0.533,1.000
401762849,2025,10,regular,total,3.402,0.584,0.000
401762850,2025,10,regular,margin,1.735,0.531,0.000
401762850,2025,10,regular,total,0.823,0.519,0.000
401752759,2025,11,regular,margin,1.655,0.513,1.000
401752759,2025,11,regular,total,0.500,0.513,0.000
401752760,2025,11,regular,margin,1.828,0.580,1.000
401752760,2025,11,regular,total,0.944,0.524,1.000
401752762,2025,11,regular,margin,1.332,0.507,1.000
401752762,2025,11,regular,total,3.100,0.576,1.000
401752763,2025,11,regular,margin,4.270,0.642,0.000
401752763,2025,11,regular,total,6.968,0.667,1.000
401752764,2025,11,regular,margin,0.392,0.504,0.000
401752764,2025,11,regular,total,2.126,0.553,1.000
401752893,2025,11,regular,margin,2.714,0.574,1.000
401752893,2025,11,regular,total,5.502,0.633,1.000
401752894,2025,11,regular,margin,0.309,0.525,1.000
401752894,2025,11,regular,total,0.902,0.522,1.000
401752895,2025,11,regular,margin,9.103,0.706,1.000
401752895,2025,11,regular,total,5.700,0.638,1.000
401752896,2025,11,regular,margin,1.355,0.525,1.000
401752896,2025,11,regular,total,4.846,0.618,0.000
401752897,2025,11,regular,margin,4.140,0.601,1.000
401752897,2025,11,regular,total,2.896,0.570,1.000
401752898,2025,11,regular,margin,1.487,0.570,1.000
401752898,2025,11,regular,total,6.979,0.668,0.000
401752899,2025,11,regular,margin,3.857,0.637,1.000
401752899,2025,11,regular,total,1.603,0.541,0.000
401752944,2025,11,regular,margin,4.617,0.600,1.000
401752944,2025,11,regular,total,2.168,0.554,0.000
401754584,2025,11,regular,margin,3.341,0.553,1.000
401754584,2025,11,regular,total,1.174,0.529,0.000
401754585,2025,11,regular,margin,2.536,0.558,1.000
401754585,2025,11,regular,total,5.394,0.631,1.000
401754586,2025,11,regular,margin,1.985,0.567,1.000
401754586,2025,11,regular,total,2.975,0.573,0.000
401754587,2025,11,regular,margin,6.309,0.657,1.000
401754587,2025,11,regular,total,2.983,0.574,1.000
401754588,2025,11,regular,margin,4.001,0.649,1.000
401754588,2025,11,regular,total,3.526,0.588,0.000
401754589,2025,11,regular,margin,2.129,0.525,0.000
401754589,2025,11,regular,total,4.828,0.618,0.000
401754590,2025,11,regular,margin,2.181,0.606,1.000
401754590,2025,11,regular,total,1.859,0.546,0.000
401756943,2025,11,regular,margin,0.069,0.515,1.000
401756943,2025,11,regular,total,0.832,0.521,0.000
401756944,2025,11,regular,margin,0.731,0.567,1.000
401756944,2025,11,regular,total,2.187,0.554,1.000
401756945,2025,11,regular,margin,5.042,0.633,0.000
401756945,2025,11,regular,total,1.762,0.538,0.000
401756946,2025,11,regular,margin,0.929,0.541,0.000
401756946,2025,11,regular,total,1.527,0.538,1.000
401756947,2025,11,regular,margin,5.250,0.646,0.000
401756947,2025,11,regular,total,4.699,0.615,0.000
401757166,2025,11,regular,margin,5.950,0.648,0.000
401757166,2025,11,regular,total,3.165,0.577,0.000
401757295,2025,11,regular,margin,1.394,0.559,1.000
401757295,2025,11,regular,total,2.281,0.556,0.000
401757296,2025,11,regular,margin,1.603,0.558,0.000
401757296,2025,11,regular,total,0.526,0.513,1.000
401757297,2025,11,regular,margin,1.031,0.519,1.000
401757297,2025,11,regular,total,5.958,0.644,1.000
401757298,2025,11,regular,margin,6.515,0.690,1.000
401757298,2025,11,regular,total,1.351,0.534,0.000
401757299,2025,11,regular,margin,2.598,0.615,1.000
401757299,2025,11,regular,total,0.666,0.516,1.000
401760406,2025,11,regular,margin,1.831,0.562,1.000
401760406,2025,11,regular,total,4.198,0.603,1.000
401760407,2025,11,regular,margin,5.690,0.664,0.000
401760407,2025,11,regular,total,0.626,0.515,1.000
401760408,2025,11,regular,margin,1.359,0.553,1.000
401760408,2025,11,regular,total,4.636,0.613,0.000
401760409,2025,11,regular,margin,2.347,0.593,0.000
401760409,2025,11,regular,total,1.926,0.548,1.000
401761644,2025,11,regular,margin,0.149,0.530,1.000
401761644,2025,11,regular,total,2.447,0.560,0.000
401761645,2025,11,regular,margin,2.895,0.543,1.000
401761645,2025,11,regular,total,2.325,0.557,1.000
401761646,2025,11,regular,margin,2.196,0.559,1.000
401761646,2025,11,regular,total,5.328,0.629,1.000
401761647,2025,11,regular,margin,5.877,0.666,1.000
401761647,2025,11,regular,total,0.353,0.509,1.000
401761648,2025,11,regular,margin,4.131,0.639,1.000
401761648,2025,11,regular,total,1.492,0.537,0.000
401762500,2025,11,regular,margin,4.459,0.624,0.000
401762500,2025,11,regular,total,1.270,0.531,0.000
401762501,2025,11,regular,margin,5.525,0.636,0.000
401762501,2025,11,regular,total,0.780,0.519,1.000
401762502,2025,11,regular,margin,1.665,0.529,0.000
401762502,2025,11,regular,total,4.010,0.598,0.000
401762503,2025,11,regular,margin,0.713,0.511,1.000
401762503,2025,11,regular,total,1.552,0.539,0.000
401762504,2025,11,regular,margin,1.550,0.519,1.000
401762504,2025,11,regular,total,1.227,0.530,0.000
401762505,2025,11,regular,margin,0.139,0.523,0.000
401762505,2025,11,regular,total,2.172,0.554,1.000
401762851,2025,11,regular,margin,2.691,0.586,0.000
401762851,2025,11,regular,total,1.175,0.529,1.000
401762852,2025,11,regular,margin,2.076,0.573,1.000
401762852,2025,11,regular,total,0.238,0.506,0.000
401762853,2025,11,regular,margin,1.764,0.542,1.000
401762853,2025,11,regular,total,4.148,0.602,0.000
401762854,2025,11,regular,margin,4.273,0.619,0.000
401762854,2025,11,regular,total,1.700,0.544,1.000
401762855,2025,11,regular,margin,2.565,0.563,1.000
401762855,2025,11,regular,total,3.473,0.585,0.000
401752765,2025,12,regular,margin,1.270,0.522,0.000
401752765,2025,12,regular,total,1.546,0.539,0.000
401752766,2025,12,regular,margin,2.363,0.536,1.000
401752766,2025,12,regular,total,2.785,0.569,0.000
401752768,2025,12,regular,margin,3.749,0.570,0.000
401752768,2025,12,regular,total,2.705,0.566,1.000
401752769,2025,12,regular,margin,2.375,0.528,0.000
401752769,2025,12,regular,total,1.638,0.540,0.000
401752770,2025,12,regular,margin,0.224,0.543,0.000
401752770,2025,12,regular,total,5.403,0.631,1.000
401752771,2025,12,regular,margin,9.559,0.736,1.000
401752771,2025,12,regular,total,1.862,0.546,0.000
401752772,2025,12,regular,margin,2.866,0.565,1.000
401752772,2025,12,regular,total,1.980,0.549,1.000
401752900,2025,12,regular,margin,4.910,0.630,0.000
401752900,2025,12,regular,total,0.640,0.515,0.000
401752901,2025,12,regular,margin,4.582,0.604,1.000
401752901,2025,12,regular,total,0.303,0.509,0.000
401752902,2025,12,regular,margin,1.690,0.559,0.000
401752902,2025,12,regular,total,0.255,0.506,0.000
401752903,2025,12,regular,margin,4.952,0.594,1.000
401752903,2025,12,regular,total,4.918,0.620,0.000
401752904,2025,12,regular,margin,5.218,0.610,0.000
401752904,2025,12,regular,total,0.436,0.512,1.000
401752905,2025,12,regular,margin,1.451,0.570,1.000
401752905,2025,12,regular,total,1.755,0.541,0.000
401752906,2025,12,regular,margin,4.514,0.608,0.000
401752906,2025,12,regular,total,1.627,0.540,0.000
401752907,2025,12,regular,margin,3.607,0.606,1.000
401752907,2025,12,regular,total,3.761,0.592,0.000
401752945,2025,12,regular,margin,3.974,0.585,0.000
401752945,2025,12,regular,total,2.336,0.558,0.000
401752953,2025,12,regular,margin,3.673,0.629,0.000
401752953,2025,12,regular,total,2.867,0.572,0.000
401754591,2025,12,regular,margin,0.902,0.506,1.000
401754591,2025,12,regular,total,3.429,0.584,0.000
401754592,2025,12,regular,margin,4.316,0.591,1.000
401754592,2025,12,regular,total,3.938,0.596,0.000
401754593,2025,12,regular,margin,1.351,0.552,1.000
401754593,2025,12,regular,total,1.614,0.540,1.000
401754594,2025,12,regular,margin,2.997,0.586,0.000
401754594,2025,12,regular,total,0.321,0.508,0.000
401754595,2025,12,regular,margin,0.710,0.508,0.000
401754595,2025,12,regular,total,1.074,0.527,0.000
401754596,2025,12,regular,margin,1.958,0.528,1.000
401754596,2025,12,regular,total,4.776,0.619,1.000
401754597,2025,12,regular,margin,2.018,0.562,0.000
401754597,2025,12,regular,total,1.201,0.530,0.000
401756948,2025,12,regular,margin,2.778,0.543,0.000
401756948,2025,12,regular,total,4.797,0.617,1.000
401756949,2025,12,regular,margin,0.615,0.544,0.000
401756949,2025,12,regular,total,0.389,0.510,0.000
401756950,2025,12,regular,margin,1.999,0.549,1.000
401756950,2025,12,regular,total,1.910,0.547,1.000
401756951,2025,12,regular,margin,3.015,0.592,1.000
401756951,2025,12,regular,total,1.546,0.538,1.000
401756952,2025,12,regular,margin,1.245,0.556,0.000
401756952,2025,12,regular,total,7.196,0.672,0.000
401756953,2025,12,regular,margin,5.329,0.628,0.000
401756953,2025,12,regular,total,0.593,0.515,1.000
401757174,2025,12,regular,margin,0.894,0.526,0.000
401757174,2025,12,regular,total,3.339,0.582,1.000
401757300,2025,12,regular,margin,1.899,0.575,1.000
401757300,2025,12,regular,total,0.057,0.501,1.000
401757301,2025,12,regular,margin,0.174,0.506,0.000
401757301,2025,12,regular,total,2.217,0.555,1.000
401757302,2025,12,regular,margin,5.332,0.669,1.000
401757302,2025,12,regular,total,1.887,0.546,0.000
401757303,2025,12,regular,margin,1.563,0.541,0.000
401757303,2025,12,regular,total,0.657,0.517,1.000
401757304,2025,12,regular,margin,1.656,0.532,1.000
401757304,2025,12,regular,total,1.692,0.541,0.000
401760410,2025,12,regular,margin,3.987,0.586,0.000
401760410,2025,12,regular,total,6.179,0.650,0.000
401760411,2025,12,regular,margin,6.854,0.682,1.000
401760411,2025,12,regular,total,0.150,0.503,1.000
401760412,2025,12,regular,margin,1.576,0.540,1.000
401760412,2025,12,regular,total,2.455,0.562,0.000
401760413,2025,12,regular,margin,2.773,0.599,1.000
401760413,2025,12,regular,total,1.809,0.545,1.000
401760414,2025,12,regular,margin,0.130,0.530,1.000
401760414,2025,12,regular,total,0.325,0.508,0.000
401761649,2025,12,regular,margin,4.040,0.632,0.000
401761649,2025,12,regular,total,0.688,0.517,0.000
401761650,2025,12,regular,margin,0.128,0.506,0.000
401761650,2025,12,regular,total,1.191,0.529,1.000
401761651,2025,12,regular,margin,1.041,0.555,0.000
401761651,2025,12,regular,total,4.674,0.614,0.000
401761652,2025,12,regular,margin,3.542,0.573,0.000
401761652,2025,12,regular,total,0.103,0.502,0.000
401761653,2025,12,regular,margin,3.495,0.557,1.000
401761653,2025,12,regular,total,2.666,0.566,0.000
401761654,2025,12,regular,margin,1.635,0.538,0.000
401761654,2025,12,regular,total,0.461,0.511,1.000
401762506,2025,12,regular,margin,1.539,0.530,0.000
401762506,2025,12,regular,total,2.057,0.551,0.000
401762507,2025,12,regular,margin,1.056,0.543,1.000
401762507,2025,12,regular,total,3.198,0.579,0.000
401762508,2025,12,regular,margin,3.447,0.590,0.000
401762508,2025,12,regular,total,0.012,0.500,1.000
401762509,2025,12,regular,margin,2.452,0.555,1.000
401762509,2025,12,regular,total,0.078,0.502,0.000
401762510,2025,12,regular,margin,0.743,0.526,1.000
401762510,2025,12,regular,total,1.951,0.548,0.000
401762856,2025,12,regular,margin,1.927,0.599,1.000
401762856,2025,12,regular,total,1.825,0.545,1.000
401762857,2025,12,regular,margin,2.661,0.553,0.000
401762857,2025,12,regular,total,2.060,0.550,1.000
401762858,2025,12,regular,margin,2.400,0.543,0.000
401762858,2025,12,regular,total,3.063,0.576,1.000
401762859,2025,12,regular,margin,1.730,0.522,1.000
401762859,2025,12,regular,total,1.212,0.531,1.000
401762860,2025,12,regular,margin,1.331,0.557,0.000
401762860,2025,12,regular,total,5.751,0.640,0.000
401762861,2025,12,regular,margin,0.471,0.510,0.000
401762861,2025,12,regular,total,2.183,0.554,0.000
401752775,2025,13,regular,margin,0.720,0.518,0.000
401752775,2025,13,regular,total,0.542,0.513,0.000
401752776,2025,13,regular,margin,0.175,0.517,0.000
401752776,2025,13,regular,total,0.778,0.519,1.000
401752777,2025,13,regular,margin,5.009,0.619,1.000
401752777,2025,13,regular,total,4.410,0.607,1.000
401752778,2025,13,regular,margin,2.019,0.527,1.000
401752778,2025,13,regular,total,6.415,0.655,0.000
401752779,2025,13,regular,margin,3.103,0.563,0.000
401752779,2025,13,regular,total,3.576,0.588,1.000
401752780,2025,13,regular,margin,1.416,0.507,0.000
401752780,2025,13,regular,total,0.505,0.512,0.000
401752782,2025,13,regular,margin,1.022,0.504,0.000
401752782,2025,13,regular,total,1.674,0.541,1.000
401752908,2025,13,regular,margin,1.490,0.509,1.000
401752908,2025,13,regular,total,5.788,0.640,1.000
401752909,2025,13,regular,margin,2.089,0.583,1.000
401752909,2025,13,regular,total,0.423,0.508,0.000
401752910,2025,13,regular,margin,0.362,0.526,0.000
401752910,2025,13,regular,total,0.450,0.511,1.000
401752911,2025,13,regular,margin,3.086,0.614,0.000
401752911,2025,13,regular,total,2.489,0.561,0.000
401752912,2025,13,regular,margin,0.841,0.513,0.000
401752912,2025,13,regular,total,2.675,0.566,1.000
401752913,2025,13,regular,margin,1.511,0.551,0.000
401752913,2025,13,regular,total,1.859,0.547,0.000
401752914,2025,13,regular,margin,4.456,0.620,0.000
401752914,2025,13,regular,total,1.232,0.531,1.000
401752915,2025,13,regular,margin,4.737,0.669,1.000
401752915,2025,13,regular,total,1.707,0.544,0.000
401752954,2025,13,regular,margin,4.580,0.627,1.000
401752954,2025,13,regular,total,1.959,0.549,0.000
401754598,2025,13,regular,margin,2.106,0.572,1.000
401754598,2025,13,regular,total,0.653,0.516,1.000
401754599,2025,13,regular,margin,3.647,0.625,1.000
401754599,2025,13,regular,total,4.703,0.615,0.000
401754600,2025,13,regular,margin,2.458,0.598,0.500
401754600,2025,13,regular,total,1.905,0.547,1.000
401754601,2025,13,regular,margin,2.180,0.536,1.000
401754601,2025,13,regular,total,0.860,0.521,1.000
401754602,2025,13,regular,margin,2.698,0.545,1.000
401754602,2025,13,regular,total,2.550,0.563,0.000
401754603,2025,13,regular,margin,0.138,0.518,0.000
401754603,2025,13,regular,total,1.394,0.535,1.000
401754604,2025,13,regular,margin,7.565,0.697,0.000
401754604,2025,13,regular,total,0.331,0.508,0.000
401754606,2025,13,regular,margin,2.532,0.562,0.000
401754606,2025,13,regular,total,3.271,0.581,1.000
401756954,2025,13,regular,margin,1.708,0.558,0.000
401756954,2025,13,regular,total,0.386,0.510,0.000
401756955,2025,13,regular,margin,2.795,0.573,1.000
401756955,2025,13,regular,total,1.876,0.546,1.000
401756956,2025,13,regular,margin,0.872,0.556,0.000
401756956,2025,13,regular,total,2.443,0.561,1.000
401756957,2025,13,regular,margin,0.655,0.525,0.000
401756957,2025,13,regular,total,1.573,0.539,0.000
401756958,2025,13,regular,margin,1.568,0.516,1.000
401756958,2025,13,regular,total,4.458,0.608,1.000
401756959,2025,13,regular,margin,0.020,0.501,0.000
401756959,2025,13,regular,total,1.559,0.539,0.000
401756960,2025,13,regular,margin,3.079,0.576,1.000
401756960,2025,13,regular,total,1.709,0.542,1.000
401757175,2025,13,regular,margin,0.109,0.524,1.000
401757175,2025,13,regular,total,1.858,0.546,0.000
401757305,2025,13,regular,margin,2.544,0.546,0.000
401757305,2025,13,regular,total,1.441,0.536,0.000
401757306,2025,13,regular,margin,6.001,0.666,0.000
401757306,2025,13,regular,total,4.361,0.606,0.000
401757307,2025,13,regular,margin,5.468,0.647,1.000
401757307,2025,13,regular,total,5.329,0.630,1.000
401757308,2025,13,regular,margin,2.335,0.574,0.000
401757308,2025,13,regular,total,1.582,0.539,0.000
401757309,2025,13,regular,margin,0.741,0.545,1.000
401757309,2025,13,regular,total,6.301,0.652,1.000
401760415,2025,13,regular,margin,5.035,0.662,0.000
401760415,2025,13,regular,total,2.099,0.552,0.000
401760416,2025,13,regular,margin,1.639,0.537,0.000
401760416,2025,13,regular,total,4.429,0.609,1.000
401760417,2025,13,regular,margin,2.312,0.576,0.000
401760417,2025,13,regular,total,3.287,0.581,0.000
401760418,2025,13,regular,margin,1.359,0.516,0.000
401760418,2025,13,regular,total,0.189,0.505,0.000
401760419,2025,13,regular,margin,1.517,0.554,1.000
401760419,2025,13,regular,total,1.768,0.546,0.000
401760420,2025,13,regular,margin,4.403,0.586,1.000
401760420,2025,13,regular,total,0.784,0.520,0.000
401761655,2025,13,regular,margin,1.068,0.508,1.000
401761655,2025,13,regular,total,0.165,0.504,0.000
401761656,2025,13,regular,margin,1.025,0.560,1.000
401761656,2025,13,regular,total,2.573,0.563,0.000
401761657,2025,13,regular,margin,3.774,0.629,0.000
401761657,2025,13,regular,total,3.581,0.588,1.000
401761658,2025,13,regular,margin,3.958,0.600,1.000
401761658,2025,13,regular,total,0.251,0.506,1.000
401761659,2025,13,regular,margin,1.248,0.502,1.000
401761659,2025,13,regular,total,1.358,0.533,1.000
401761660,2025,13,regular,margin,2.329,0.535,1.000
401761660,2025,13,regular,total,1.299,0.532,0.000
401762511,2025,13,regular,margin,0.841,0.510,0.000
401762511,2025,13,regular,total,3.694,0.590,1.000
401762512,2025,13,regular,margin,0.532,0.517,1.000
401762512,2025,13,regular,total,2.482,0.562,1.000
401762513,2025,13,regular,margin,0.522,0.517,1.000
401762513,2025,13,regular,total,2.448,0.560,0.000
401762514,2025,13,regular,margin,0.890,0.535,1.000
401762514,2025,13,regular,total,4.094,0.600,1.000
401762515,2025,13,regular,margin,0.792,0.571,0.000
401762515,2025,13,regular,total,0.193,0.505,1.000
401762862,2025,13,regular,margin,1.982,0.571,0.000
401762862,2025,13,regular,total,2.487,0.562,0.000
401762863,2025,13,regular,margin,4.845,0.624,1.000
401762863,2025,13,regular,total,2.023,0.550,0.000
401762864,2025,13,regular,margin,5.663,0.685,0.000
401762864,2025,13,regular,total,0.940,0.519,0.000
401762865,2025,13,regular,margin,0.322,0.506,0.000
401762865,2025,13,regular,total,8.416,0.700,1.000
401762866,2025,13,regular,margin,2.221,0.608,0.000
401762866,2025,13,regular,total,3.222,0.579,0.000
401762867,2025,13,regular,margin,6.397,0.664,1.000
401762867,2025,13,regular,total,0.068,0.503,1.000
401752783,2025,14,regular,margin,2.064,0.585,0.000
401752783,2025,14,regular,total,4.616,0.613,0.000
401752784,2025,14,regular,margin,0.756,0.513,0.500
401752784,2025,14,regular,total,0.878,0.521,1.000
401752785,2025,14,regular,margin,1.555,0.549,1.000
401752785,2025,14,regular,total,2.667,0.565,0.000
401752786,2025,14,regular,margin,1.163,0.508,1.000
401752786,2025,14,regular,total,4.214,0.603,1.000
401752787,2025,14,regular,margin,3.517,0.599,1.000
401752787,2025,14,regular,total,4.053,0.600,0.000
401752788,2025,14,regular,margin,3.640,0.542,1.000
401752788,2025,14,regular,total,2.499,0.562,0.000
401752789,2025,14,regular,margin,2.663,0.604,1.000
401752789,2025,14,regular,total,0.949,0.528,0.000
401752790,2025,14,regular,margin,1.168,0.550,0.000
401752790,2025,14,regular,total,4.799,0.617,0.000
401752791,2025,14,regular,margin,0.413,0.508,0.000
401752791,2025,14,regular,total,1.001,0.525,1.000
401752792,2025,14,regular,margin,1.156,0.528,1.000
401752792,2025,14,regular,total,2.542,0.563,0.000
401752916,2025,14,regular,margin,0.149,0.518,0.000
401752916,2025,14,regular,total,4.346,0.608,1.000
401752917,2025,14,regular,margin,0.789,0.503,1.000
401752917,2025,14,regular,total,3.215,0.579,0.000
401752918,2025,14,regular,margin,1.281,0.532,1.000
401752918,2025,14,regular,total,2.346,0.561,0.000
401752919,2025,14,regular,margin,1.513,0.551,0.000
401752919,2025,14,regular,total,1.670,0.541,1.000
401752920,2025,14,regular,margin,0.976,0.528,1.000
401752920,2025,14,regular,total,0.167,0.504,0.000
401752921,2025,14,regular,margin,1.634,0.519,1.000
401752921,2025,14,regular,total,2.692,0.567,0.000
401752922,2025,14,regular,margin,0.609,0.547,0.500
401752922,2025,14,regular,total,1.941,0.549,0.000
401752923,2025,14,regular,margin,0.628,0.542,0.000
401752923,2025,14,regular,total,0.222,0.505,0.000
401752924,2025,14,regular,margin,2.971,0.566,0.000
401752924,2025,14,regular,total,1.410,0.535,0.000
401752946,2025,14,regular,margin,1.710,0.544,1.000
401752946,2025,14,regular,total,1.719,0.544,0.000
401754608,2025,14,regular,margin,3.838,0.614,0.000
401754608,2025,14,regular,total,4.277,0.604,0.000
401754609,2025,14,regular,margin,3.650,0.596,0.000
401754609,2025,14,regular,total,0.340,0.509,1.000
401754610,2025,14,regular,margin,0.289,0.512,1.000
401754610,2025,14,regular,total,1.582,0.539,1.000
401754611,2025,14,regular,margin,1.002,0.544,0.000
401754611,2025,14,regular,total,7.980,0.689,0.000
401754612,2025,14,regular,margin,2.090,0.525,1.000
401754612,2025,14,regular,total,0.290,0.508,1.000
401754613,2025,14,regular,margin,1.510,0.503,0.000
401754613,2025,14,regular,total,1.615,0.540,0.000
401754614,2025,14,regular,margin,6.336,0.661,1.000
401754614,2025,14,regular,total,0.382,0.510,1.000
401756961,2025,14,regular,margin,3.689,0.599,0.000
401756961,2025,14,regular,total,2.591,0.564,0.000
401756962,2025,14,regular,margin,0.607,0.534,0.000
401756962,2025,14,regular,total,3.106,0.576,0.000
401756963,2025,14,regular,margin,0.540,0.507,0.000
401756963,2025,14,regular,total,0.436,0.510,0.000
401756964,2025,14,regular,margin,4.292,0.579,0.500
401756964,2025,14,regular,total,1.696,0.542,1.000
401756965,2025,14,regular,margin,0.958,0.515,1.000
401756965,2025,14,regular,total,6.946,0.667,0.000
401756966,2025,14,regular,margin,2.008,0.555,0.000
401756966,2025,14,regular,total,1.285,0.532,0.000
401756967,2025,14,regular,margin,0.547,0.511,1.000
401756967,2025,14,regular,total,2.887,0.571,0.000
401756968,2025,14,regular,margin,2.925,0.553,0.000
401756968,2025,14,regular,total,4.790,0.617,0.000
401757310,2025,14,regular,margin,0.714,0.545,0.000
401757310,2025,14,regular,total,2.759,0.568,1.000
401757311,2025,14,regular,margin,1.577,0.578,0.000
401757311,2025,14,regular,total,0.120,0.503,0.000
401757312,2025,14,regular,margin,0.188,0.513,1.000
401757312,2025,14,regular,total,2.373,0.558,0.000
401757313,2025,14,regular,margin,5.725,0.644,0.000
401757313,2025,14,regular,total,0.900,0.522,0.000
401757314,2025,14,regular,margin,1.173,0.511,1.000
401757314,2025,14,regular,total,4.006,0.599,1.000
401757315,2025,14,regular,margin,0.616,0.509,1.000
401757315,2025,14,regular,total,2.925,0.572,1.000
401760421,2025,14,regular,margin,1.902,0.548,0.000
401760421,2025,14,regular,total,5.445,0.632,1.000
401760422,2025,14,regular,margin,2.626,0.559,0.000
401760422,2025,14,regular,total,3.557,0.587,0.000
401760423,2025,14,regular,margin,2.016,0.517,1.000
401760423,2025,14,regular,total,5.939,0.644,1.000
401760424,2025,14,regular,margin,1.196,0.575,0.000
401760424,2025,14,regular,total,2.326,0.558,0.000
401760425,2025,14,regular,margin,0.938,0.575,0.000
401760425,2025,14,regular,total,2.682,0.566,1.000
401760426,2025,14,regular,margin,0.195,0.502,1.000
401760426,2025,14,regular,total,1.406,0.537,0.000
401761661,2025,14,regular,margin,2.889,0.582,1.000
401761661,2025,14,regular,total,1.073,0.527,1.000
401761662,2025,14,regular,margin,4.711,0.591,0.000
401761662,2025,14,regular,total,3.763,0.592,1.000
401761663,2025,14,regular,margin,2.228,0.596,1.000
401761663,2025,14,regular,total,1.244,0.531,0.000
401761664,2025,14,regular,margin,5.692,0.639,1.000
401761664,2025,14,regular,total,2.542,0.562,1.000
401761665,2025,14,regular,margin,3.401,0.560,0.000
401761665,2025,14,regular,total,3.847,0.595,1.000
401761666,2025,14,regular,margin,4.781,0.653,1.000
401761666,2025,14,regular,total,2.866,0.571,0.000
401761667,2025,14,regular,margin,2.449,0.593,0.000
401761667,2025,14,regular,total,2.618,0.564,0.000
401762441,2025,14,regular,margin,0.984,0.517,1.000
401762441,2025,14,regular,total,0.417,0.510,0.000
401762442,2025,14,regular,margin,0.077,0.531,1.000
401762442,2025,14,regular,total,0.894,0.522,0.000
401762516,2025,14,regular,margin,3.899,0.575,0.000
401762516,2025,14,regular,total,1.582,0.539,1.000
401762517,2025,14,regular,margin,3.840,0.628,1.000
401762517,2025,14,regular,total,1.069,0.526,0.000
401762518,2025,14,regular,margin,6.618,0.667,1.000
401762518,2025,14,regular,total,1.298,0.532,1.000
401762519,2025,14,regular,margin,1.894,0.583,0.000
401762519,2025,14,regular,total,2.652,0.565,1.000
401762520,2025,14,regular,margin,0.848,0.513,0.000
401762520,2025,14,regular,total,1.777,0.544,0.000
401762868,2025,14,regular,margin,2.862,0.578,0.000
401762868,2025,14,regular,total,3.622,0.590,1.000
401762869,2025,14,regular,margin,6.573,0.699,0.500
401762869,2025,14,regular,total,0.118,0.502,0.000
401762870,2025,14,regular,margin,1.393,0.570,1.000
401762870,2025,14,regular,total,1.566,0.540,1.000
401762871,2025,14,regular,margin,3.562,0.573,0.000
401762871,2025,14,regular,total,4.115,0.601,1.000
401762872,2025,14,regular,margin,1.130,0.554,0.000
401762872,2025,14,regular,total,0.439,0.512,0.000
401762875,2025,14,regular,margin,1.374,0.524,0.000
401762875,2025,14,regular,total,4.021,0.600,1.000
401777324,2025,15,regular,margin,1.823,0.538,0.000
401777324,2025,15,regular,total,2.267,0.556,1.000
401777325,2025,15,regular,margin,4.740,0.637,0.000
401777325,2025,15,regular,total,2.618,0.564,1.000
401777326,2025,15,regular,margin,0.686,0.534,0.000
401777326,2025,15,regular,total,1.248,0.531,1.000
401777327,2025,15,regular,margin,3.433,0.607,0.000
401777327,2025,15,regular,total,1.003,0.525,0.000
401777328,2025,15,regular,margin,0.912,0.549,1.000
401777328,2025,15,regular,total,1.892,0.547,1.000
401777329,2025,15,regular,margin,2.406,0.545,0.000
401777329,2025,15,regular,total,0.249,0.511,1.000
401777351,2025,15,regular,margin,2.870,0.583,0.000
401777351,2025,15,regular,total,0.071,0.502,0.000
401777352,2025,15,regular,margin,3.744,0.586,1.000
401777352,2025,15,regular,total,3.432,0.585,0.000
401777353,2025,15,regular,margin,3.087,0.606,1.000
401777353,2025,15,regular,total,0.605,0.522,0.000
401762521,2025,16,regular,margin,1.389,0.552,1.000
401762521,2025,16,regular,total,4.111,0.609,0.000
