draft_group_id,player_id,name,position,team,salary,game,game_start,status,disabled,captured_at
153768,345,Dolphins,DST,MIA,2000,KC @ MIA,2026-09-27T17:00:00.0000000Z,,False,2026-09-24T14:50:53+00:00
153768,352,Jets,DST,NYJ,2100,NYJ @ DET,2026-09-27T17:00:00.0000000Z,,False,2026-09-24T14:50:53+00:00
153768,357,Chargers,DST,LAC,2200,LAC @ BUF,2026-09-27T17:00:00.0000000Z,,False,2026-09-24T14:50:53+00:00
153768,332,Broncos,DST,DEN,2300,LAR @ DEN,2026-09-28T00:20:00.0000000Z,,False,2026-09-24T14:50:53+00:00
153768,355,Cardinals,DST,ARI,2300,ARI @ SF,2026-09-27T20:05:00.0000000Z,,False,2026-09-24T14:50:53+00:00
153768,363,Commanders,DST,WAS,2300,SEA @ WAS,2026-09-27T17:00:00.0000000Z,,False,2026-09-24T14:50:53+00:00
153768,323,Falcons,DST,ATL,2400,ATL @ GB,2026-09-25T00:15:00.0000000Z,,False,2026-09-24T14:50:53+00:00
153768,331,Cowboys,DST,DAL,2400,BAL @ DAL,2026-09-27T20:25:00.0000000Z,,False,2026-09-24T14:50:53+00:00
153768,336,Titans,DST,TEN,2400,TEN @ NYG,2026-09-27T17:00:00.0000000Z,,False,2026-09-24T14:50:53+00:00
153768,326,Bears,DST,CHI,2500,PHI @ CHI,2026-09-29T00:15:00.0000000Z,,False,2026-09-24T14:50:53+00:00
153768,329,Browns,DST,CLE,2500,CAR @ CLE,2026-09-27T17:00:00.0000000Z,,False,2026-09-24T14:50:53+00:00
153768,338,Colts,DST,IND,2500,HOU @ IND,2026-09-27T17:00:00.0000000Z,,False,2026-09-24T14:50:53+00:00
153768,341,Raiders,DST,LV,2600,LV @ NO,2026-09-27T20:25:00.0000000Z,,False,2026-09-24T14:50:53+00:00
153768,362,Buccaneers,DST,TB,2600,MIN @ TB,2026-09-27T20:05:00.0000000Z,,False,2026-09-24T14:50:53+00:00
153768,348,Patriots,DST,NE,2700,NE @ JAX,2026-09-27T17:00:00.0000000Z,,False,2026-09-24T14:50:53+00:00
153768,356,Steelers,DST,PIT,2700,CIN @ PIT,2026-09-27T17:00:00.0000000Z,,False,2026-09-24T14:50:53+00:00
153768,324,Bills,DST,BUF,2800,LAC @ BUF,2026-09-27T17:00:00.0000000Z,,False,2026-09-24T14:50:53+00:00
153768,366,Ravens,DST,BAL,2800,BAL @ DAL,2026-09-27T20:25:00.0000000Z,,False,2026-09-24T14:50:53+00:00
153768,327,Bengals,DST,CIN,2900,CIN @ PIT,2026-09-27T17:00:00.0000000Z,,False,2026-09-24T14:50:53+00:00
153768,365,Jaguars,DST,JAX,2900,NE @ JAX,2026-09-27T17:00:00.0000000Z,,False,2026-09-24T14:50:53+00:00
153768,364,Panthers,DST,CAR,3000,CAR @ CLE,2026-09-27T17:00:00.0000000Z,,False,2026-09-24T14:50:53+00:00
153768,343,Rams,DST,LAR,3100,LAR @ DEN,2026-09-28T00:20:00.0000000Z,,False,2026-09-24T14:50:53+00:00
153768,347,Vikings,DST,MIN,3100,MIN @ TB,2026-09-27T20:05:00.0000000Z,,False,2026-09-24T14:50:53+00:00
153768,325,Texans,DST,HOU,3200,HOU @ IND,2026-09-27T17:00:00.0000000Z,,False,2026-09-24T14:50:53+00:00
153768,354,Eagles,DST,PHI,3200,PHI @ CHI,2026-09-29T00:15:00.0000000Z,,False,2026-09-24T14:50:53+00:00
153768,350,Saints,DST,NO,3300,LV @ NO,2026-09-27T20:25:00.0000000Z,,False,2026-09-24T14:50:53+00:00
153768,351,Giants,DST,NYG,3400,TEN @ NYG,2026-09-27T17:00:00.0000000Z,,False,2026-09-24T14:50:53+00:00
153768,334,Lions,DST,DET,3500,NYJ @ DET,2026-09-27T17:00:00.0000000Z,,False,2026-09-24T14:50:53+00:00
153768,335,Packers,DST,GB,3500,ATL @ GB,2026-09-25T00:15:00.0000000Z,,False,2026-09-24T14:50:53+00:00
153768,359,49ers,DST,SF,3600,ARI @ SF,2026-09-27T20:05:00.0000000Z,,False,2026-09-24T14:50:53+00:00
153768,339,Chiefs,DST,KC,3700,KC @ MIA,2026-09-27T17:00:00.0000000Z,,False,2026-09-24T14:50:53+00:00
153768,361,Seahawks,DST,SEA,3800,SEA @ WAS,2026-09-27T17:00:00.0000000Z,,False,2026-09-24T14:50:53+00:00
153768,273278,Josh Johnson,QB,CIN,4000,CIN @ PIT,2026-09-27T17:00:00.0000000Z,,False,2026-09-24T14:50:53+00:00
153768,322858,Andy Dalton,QB,PHI,4000,PHI @ CHI,2026-09-29T00:15:00.0000000Z,,False,2026-09-24T14:50:53+00:00
153768,338280,Case Keenum,QB,CHI,4000,PHI @ CHI,2026-09-29T00:15:00.0000000Z,,False,2026-09-24T14:50:53+00:00
153768,399579,Tyrod Taylor,QB,GB,4000,ATL @ GB,2026-09-25T00:15:00.0000000Z,,False,2026-09-24T14:50:53+00:00
153768,691536,Jameis Winston,QB,NYG,4000,TEN @ NYG,2026-09-27T17:00:00.0000000Z,,False,2026-09-24T14:50:53+00:00
153768,694117,Cooper Rush,QB,ATL,4000,ATL @ GB,2026-09-25T00:15:00.0000000Z,,False,2026-09-24T14:50:53+00:00
153768,728169,Mitchell Trubisky,QB,TEN,4000,TEN @ NYG,2026-09-27T17:00:00.0000000Z,,False,2026-09-24T14:50:53+00:00
153768,741262,Joshua Dobbs,QB,DET,4000,NYJ @ DET,2026-09-27T17:00:00.0000000Z,,False,2026-09-24T14:50:53+00:00
153768,748309,Nick Mullens,QB,JAX,4000,NE @ JAX,2026-09-27T17:00:00.0000000Z,,False,2026-09-24T14:50:53+00:00
153768,822350,Kyle Allen,QB,BUF,4000,LAC @ BUF,2026-09-27T17:00:00.0000000Z,,False,2026-09-24T14:50:53+00:00
153768,823220,Mason Rudolph,QB,PIT,4000,CIN @ PIT,2026-09-27T17:00:00.0000000Z,,False,2026-09-24T14:50:53+00:00
153768,831007,Easton Stick,QB,TB,4000,MIN @ TB,2026-09-27T20:05:00.0000000Z,,False,2026-09-24T14:50:53+00:00
153768,865868,Jarrett Stidham,QB,DEN,4000,LAR @ DEN,2026-09-28T00:20:00.0000000Z,,False,2026-09-24T14:50:53+00:00
153768,867303,Gardner Minshew II,QB,ARI,4000,ARI @ SF,2026-09-27T20:05:00.0000000Z,,False,2026-09-24T14:50:53+00:00
153768,911619,Shane Buechele,QB,BUF,4000,LAC @ BUF,2026-09-27T17:00:00.0000000Z,,False,2026-09-24T14:50:53+00:00
153768,913163,Tyler Huntley,QB,BAL,4000,BAL @ DAL,2026-09-27T20:25:00.0000000Z,,False,2026-09-24T14:50:53+00:00
153768,913829,Skylar Thompson,QB,BAL,4000,BAL @ DAL,2026-09-27T20:25:00.0000000Z,IR,False,2026-09-24T14:50:53+00:00
153768,973945,Mac Jones,QB,SF,4000,ARI @ SF,2026-09-27T20:05:00.0000000Z,,False,2026-09-24T14:50:53+00:00
153768,975829,Sam Ehlinger,QB,DEN,4000,LAR @ DEN,2026-09-28T00:20:00.0000000Z,,False,2026-09-24T14:50:53+00:00
153768,976924,Kenny Pickett,QB,CAR,4000,CAR @ CLE,2026-09-27T17:00:00.0000000Z,,False,2026-09-24T14:50:53+00:00
153768,976966,Hendon Hooker,QB,TEN,4000,TEN @ NYG,2026-09-27T17:00:00.0000000Z,,False,2026-09-24T14:50:53+00:00
153768,1049254,Jake Haener,QB,NYG,4000,TEN @ NYG,2026-09-27T17:00:00.0000000Z,,False,2026-09-24T14:50:53+00:00
153768,1058090,Bailey Zappe,QB,NYJ,4000,NYJ @ DET,2026-09-27T17:00:00.0000000Z,,False,2026-09-24T14:50:53+00:00
153768,1060311,Davis Mills,QB,HOU,4000,HOU @ IND,2026-09-27T17:00:00.0000000Z,,False,2026-09-24T14:50:53+00:00
153768,1060671,Tommy DeVito,QB,NE,4000,NE @ JAX,2026-09-27T17:00:00.0000000Z,,False,2026-09-24T14:50:53+00:00
153768,1066811,Aidan O'Connell,QB,LV,4000,LV @ NO,2026-09-27T20:25:00.0000000Z,Q,False,2026-09-24T14:50:53+00:00
153768,1067089,Sean Clifford,QB,CIN,4000,CIN @ PIT,2026-09-27T17:00:00.0000000Z,,False,2026-09-24T14:50:53+00:00
153768,1069763,Stetson Bennett IV,QB,LAR,4000,LAR @ DEN,2026-09-28T00:20:00.0000000Z,,False,2026-09-24T14:50:53+00:00
153768,1108052,Zach Wilson,QB,NO,4000,LV @ NO,2026-09-27T20:25:00.0000000Z,,False,2026-09-24T14:50:53+00:00
153768,1109711,Sam Hartman,QB,WAS,4000,SEA @ WAS,2026-09-27T17:00:00.0000000Z,,False,2026-09-24T14:50:53+00:00
153768,1110681,Justin Fields,QB,KC,4000,KC @ MIA,2026-09-27T17:00:00.0000000Z,,False,2026-09-24T14:50:53+00:00
153768,1112338,Joe Milton III,QB,DAL,4000,BAL @ DAL,2026-09-27T20:25:00.0000000Z,,False,2026-09-24T14:50:53+00:00
153768,1116663,Will Levis,QB,NYJ,4000,NYJ @ DET,2026-09-27T17:00:00.0000000Z,,False,2026-09-24T14:50:53+00:00
153768,1123521,Tanner McKee,QB,PHI,4000,PHI @ CHI,2026-09-29T00:15:00.0000000Z,,False,2026-09-24T14:50:53+00:00
153768,1130975,Trey Lance,QB,LAC,4000,LAC @ BUF,2026-09-27T17:00:00.0000000Z,,False,2026-09-24T14:50:53+00:00
153768,1161818,Kedon Slovis,QB,GB,4000,ATL @ GB,2026-09-25T00:15:00.0000000Z,,False,2026-09-24T14:50:53+00:00
153768,1164951,Graham Mertz,QB,HOU,4000,HOU @ IND,2026-09-27T17:00:00.0000000Z,IR,False,2026-09-24T14:50:53+00:00
153768,1165333,Dillon Gabriel,QB,CLE,4000,CAR @ CLE,2026-09-27T17:00:00.0000000Z,IR,False,2026-09-24T14:50:53+00:00
153768,1166989,Kurtis Rourke,QB,SF,4000,ARI @ SF,2026-09-27T20:05:00.0000000Z,,False,2026-09-24T14:50:53+00:00
153768,1168245,Sam Howell,QB,DAL,4000,BAL @ DAL,2026-09-27T20:25:00.0000000Z,,False,2026-09-24T14:50:53+00:00
153768,1169299,Joe Fagnano,QB,BAL,4000,BAL @ DAL,2026-09-27T20:25:00.0000000Z,,False,2026-09-24T14:50:53+00:00
153768,1169329,Max Brosmer,QB,MIN,4000,MIN @ TB,2026-09-27T20:05:00.0000000Z,,False,2026-09-24T14:50:53+00:00
153768,1174752,Spencer Rattler,QB,NO,4000,LV @ NO,2026-09-27T20:25:00.0000000Z,,False,2026-09-24T14:50:53+00:00
153768,1213340,Carson Beck,QB,ARI,4000,ARI @ SF,2026-09-27T20:05:00.0000000Z,,False,2026-09-24T14:50:53+00:00
153768,1213386,Brady Cook,QB,MIA,4000,KC @ MIA,2026-09-27T17:00:00.0000000Z,,False,2026-09-24T14:50:53+00:00
153768,1213782,Will Howard,QB,PIT,4000,CIN @ PIT,2026-09-27T17:00:00.0000000Z,,False,2026-09-24T14:50:53+00:00
153768,1213928,DJ Uiagalelei,QB,LAC,4000,LAC @ BUF,2026-09-27T17:00:00.0000000Z,,False,2026-09-24T14:50:53+00:00
153768,1214336,Haynes King,QB,CAR,4000,CAR @ CLE,2026-09-27T17:00:00.0000000Z,,False,2026-09-24T14:50:53+00:00
153768,1215022,Anthony Richardson Sr.,QB,IND,4000,HOU @ IND,2026-09-27T17:00:00.0000000Z,,False,2026-09-24T14:50:53+00:00
153768,1225681,Jalon Daniels,QB,TB,4000,MIN @ TB,2026-09-27T20:05:00.0000000Z,,False,2026-09-24T14:50:53+00:00
153768,1286037,Garrett Nussmeier,QB,KC,4000,KC @ MIA,2026-09-27T17:00:00.0000000Z,,False,2026-09-24T14:50:53+00:00
153768,1286214,Luke Altmyer,QB,DET,4000,NYJ @ DET,2026-09-27T17:00:00.0000000Z,,False,2026-09-24T14:50:53+00:00
153768,1286262,Miller Moss,QB,CHI,4000,PHI @ CHI,2026-09-29T00:15:00.0000000Z,,False,2026-09-24T14:50:53+00:00
153768,1286388,Behren Morton,QB,NE,4000,NE @ JAX,2026-09-27T17:00:00.0000000Z,,False,2026-09-24T14:50:53+00:00
153768,1287826,Kyle McCord,QB,MIA,4000,KC @ MIA,2026-09-27T17:00:00.0000000Z,,False,2026-09-24T14:50:53+00:00
153768,1287925,Athan Kaliakmanis,QB,WAS,4000,SEA @ WAS,2026-09-27T17:00:00.0000000Z,,False,2026-09-24T14:50:53+00:00
153768,1288113,Taylen Green,QB,CLE,4000,CAR @ CLE,2026-09-27T17:00:00.0000000Z,,False,2026-09-24T14:50:53+00:00
153768,1290102,Jalen Milroe,QB,SEA,4000,SEA @ WAS,2026-09-27T17:00:00.0000000Z,,False,2026-09-24T14:50:53+00:00
153768,1290165,Riley Leonard,QB,IND,4000,HOU @ IND,2026-09-27T17:00:00.0000000Z,,False,2026-09-24T14:50:53+00:00
153768,1324519,Matthew Caldwell,QB,LAR,4000,LAR @ DEN,2026-09-28T00:20:00.0000000Z,IR,False,2026-09-24T14:50:53+00:00
153768,1324976,Cole Payton,QB,PHI,4000,PHI @ CHI,2026-09-29T00:15:00.0000000Z,,False,2026-09-24T14:50:53+00:00
153768,1333868,Quinn Ewers,QB,JAX,4000,NE @ JAX,2026-09-27T17:00:00.0000000Z,,False,2026-09-24T14:50:53+00:00
153768,1378287,Cade Klubnik,QB,NYJ,4000,NYJ @ DET,2026-09-27T17:00:00.0000000Z,,False,2026-09-24T14:50:53+00:00
153768,1378917,Ty Simpson,QB,LAR,4000,LAR @ DEN,2026-09-28T00:20:00.0000000Z,,False,2026-09-24T14:50:53+00:00
153768,1379258,Drew Allar,QB,PIT,4000,CIN @ PIT,2026-09-27T17:00:00.0000000Z,,False,2026-09-24T14:50:53+00:00
153768,1448305,Joey Aguilar,QB,JAX,4000,NE @ JAX,2026-09-27T17:00:00.0000000Z,,False,2026-09-24T14:50:53+00:00
153768,1287599,J.J. McCarthy,QB,MIN,4100,MIN @ TB,2026-09-27T20:05:00.0000000Z,,False,2026-09-24T14:50:53+00:00
153768,1272321,Shedeur Sanders,QB,CLE,4200,CAR @ CLE,2026-09-27T17:00:00.0000000Z,,False,2026-09-24T14:50:53+00:00
153768,1637700,Jack Strand,QB,ATL,4200,ATL @ GB,2026-09-25T00:15:00.0000000Z,,False,2026-09-24T14:50:53+00:00
153768,1400786,Fernando Mendoza,QB,LV,4300,LV @ NO,2026-09-27T20:25:00.0000000Z,,False,2026-09-24T14:50:53+00:00
153768,216342,Joe Flacco,QB,CIN,4400,CIN @ PIT,2026-09-27T17:00:00.0000000Z,,False,2026-09-24T14:50:53+00:00
153768,1444140,Tyson Bagent,QB,CHI,4400,PHI @ CHI,2026-09-29T00:15:00.0000000Z,Q,False,2026-09-24T14:50:53+00:00
153768,607843,Marcus Mariota,QB,WAS,4500,SEA @ WAS,2026-09-27T17:00:00.0000000Z,,False,2026-09-24T14:50:53+00:00
153768,613866,Carson Wentz,QB,MIN,4600,MIN @ TB,2026-09-27T20:05:00.0000000Z,,False,2026-09-24T14:50:53+00:00
153768,828743,Deshaun Watson,QB,CLE,4700,CAR @ CLE,2026-09-27T17:00:00.0000000Z,,False,2026-09-24T14:50:53+00:00
153768,973947,Tua Tagovailoa,QB,ATL,4700,ATL @ GB,2026-09-25T00:15:00.0000000Z,,False,2026-09-24T14:50:53+00:00
153768,1107478,Michael Penix Jr.,QB,ATL,4700,ATL @ GB,2026-09-25T00:15:00.0000000Z,,False,2026-09-24T14:50:53+00:00
153768,403308,Kirk Cousins,QB,LV,4800,LV @ NO,2026-09-27T20:25:00.0000000Z,,False,2026-09-24T14:50:53+00:00
153768,607047,Jacoby Brissett,QB,ARI,4800,ARI @ SF,2026-09-27T20:05:00.0000000Z,,False,2026-09-24T14:50:53+00:00
153768,513856,Geno Smith,QB,NYJ,4900,NYJ @ DET,2026-09-27T17:00:00.0000000Z,,False,2026-09-24T14:50:53+00:00
153768,976323,Malik Willis,QB,MIA,4900,KC @ MIA,2026-09-27T17:00:00.0000000Z,,False,2026-09-24T14:50:53+00:00
153768,213957,Aaron Rodgers,QB,PIT,5000,CIN @ PIT,2026-09-27T17:00:00.0000000Z,,False,2026-09-24T14:50:53+00:00
153768,879981,Daniel Jones,QB,IND,5000,HOU @ IND,2026-09-27T17:00:00.0000000Z,,False,2026-09-24T14:50:53+00:00
153768,879799,Kyler Murray,QB,MIN,5100,MIN @ TB,2026-09-27T20:05:00.0000000Z,,False,2026-09-24T14:50:53+00:00
153768,1228691,Cam Ward,QB,TEN,5100,TEN @ NYG,2026-09-27T17:00:00.0000000Z,,False,2026-09-24T14:50:53+00:00
153768,882345,Drew Lock,QB,SEA,5200,SEA @ WAS,2026-09-27T17:00:00.0000000Z,,False,2026-09-24T14:50:53+00:00
153768,748070,Baker Mayfield,QB,TB,5300,MIN @ TB,2026-09-27T20:05:00.0000000Z,,False,2026-09-24T14:50:53+00:00
153768,880026,Sam Darnold,QB,SEA,5400,SEA @ WAS,2026-09-27T17:00:00.0000000Z,Q,False,2026-09-24T14:50:53+00:00
153768,1110306,Tyler Shough,QB,NO,5400,LV @ NO,2026-09-27T20:25:00.0000000Z,,False,2026-09-24T14:50:53+00:00
153768,1161899,Bo Nix,QB,DEN,5500,LAR @ DEN,2026-09-28T00:20:00.0000000Z,,False,2026-09-24T14:50:53+00:00
153768,1214084,C.J. Stroud,QB,HOU,5500,HOU @ IND,2026-09-27T17:00:00.0000000Z,,False,2026-09-24T14:50:53+00:00
153768,1213257,Bryce Young,QB,CAR,5600,CAR @ CLE,2026-09-27T17:00:00.0000000Z,,False,2026-09-24T14:50:53+00:00
153768,912137,Jordan Love,QB,GB,5700,ATL @ GB,2026-09-25T00:15:00.0000000Z,,False,2026-09-24T14:50:53+00:00
153768,1110711,Trevor Lawrence,QB,JAX,5700,NE @ JAX,2026-09-27T17:00:00.0000000Z,,False,2026-09-24T14:50:53+00:00
153768,910562,Justin Herbert,QB,LAC,5800,LAC @ BUF,2026-09-27T17:00:00.0000000Z,,False,2026-09-24T14:50:53+00:00
153768,323205,Matthew Stafford,QB,LAR,5900,LAR @ DEN,2026-09-28T00:20:00.0000000Z,,False,2026-09-24T14:50:53+00:00
153768,1286260,Jaxson Dart,QB,NYG,5900,TEN @ NYG,2026-09-27T17:00:00.0000000Z,OUT,False,2026-09-24T14:50:53+00:00
153768,1161228,Jayden Daniels,QB,WAS,6000,SEA @ WAS,2026-09-27T17:00:00.0000000Z,OUT,False,2026-09-24T14:50:53+00:00
153768,1286803,Drake Maye,QB,NE,6100,NE @ JAX,2026-09-27T17:00:00.0000000Z,,False,2026-09-24T14:50:53+00:00
153768,839031,Patrick Mahomes,QB,KC,6200,KC @ MIA,2026-09-27T17:00:00.0000000Z,,False,2026-09-24T14:50:53+00:00
153768,727837,Jared Goff,QB,DET,6300,NYJ @ DET,2026-09-27T17:00:00.0000000Z,,False,2026-09-24T14:50:53+00:00
153768,1286445,Caleb Williams,QB,CHI,6400,PHI @ CHI,2026-09-29T00:15:00.0000000Z,D,False,2026-09-24T14:50:53+00:00
153768,1121761,Brock Purdy,QB,SF,6500,ARI @ SF,2026-09-27T20:05:00.0000000Z,,False,2026-09-24T14:50:53+00:00
153768,878785,Joe Burrow,QB,CIN,6600,CIN @ PIT,2026-09-27T17:00:00.0000000Z,,False,2026-09-24T14:50:53+00:00
153768,591816,Dak Prescott,QB,DAL,6700,BAL @ DAL,2026-09-27T20:25:00.0000000Z,,False,2026-09-24T14:50:53+00:00
153768,913271,Jalen Hurts,QB,PHI,6800,PHI @ CHI,2026-09-29T00:15:00.0000000Z,,False,2026-09-24T14:50:53+00:00
153768,877745,Lamar Jackson,QB,BAL,7500,BAL @ DAL,2026-09-27T20:25:00.0000000Z,,False,2026-09-24T14:50:53+00:00
153768,868199,Josh Allen,QB,BUF,8000,LAC @ BUF,2026-09-27T17:00:00.0000000Z,,False,2026-09-24T14:50:53+00:00
153768,501150,Kyle Juszczyk,RB,SF,4000,ARI @ SF,2026-09-27T20:05:00.0000000Z,,False,2026-09-24T14:50:53+00:00
153768,556483,Michael Burton,RB,CLE,4000,CAR @ CLE,2026-09-27T17:00:00.0000000Z,,False,2026-09-24T14:50:53+00:00
153768,590796,Ameer Abdullah,RB,JAX,4000,NE @ JAX,2026-09-27T17:00:00.0000000Z,,False,2026-09-24T14:50:53+00:00
153768,658389,Patrick Ricard,RB,NYG,4000,TEN @ NYG,2026-09-27T17:00:00.0000000Z,,False,2026-09-24T14:50:53+00:00
153768,703015,Dare Ogunbowale,RB,LV,4000,LV @ NO,2026-09-27T20:25:00.0000000Z,,False,2026-09-24T14:50:53+00:00
153768,742390,James Conner,RB,ARI,4000,ARI @ SF,2026-09-27T20:05:00.0000000Z,IR,False,2026-09-24T14:50:53+00:00
153768,824428,Andrew Beck,RB,NYJ,4000,NYJ @ DET,2026-09-27T17:00:00.0000000Z,,False,2026-09-24T14:50:53+00:00
153768,837594,Jeremy McNichols,RB,WAS,4000,SEA @ WAS,2026-09-27T17:00:00.0000000Z,IR,False,2026-09-24T14:50:53+00:00
153768,877784,Ty Johnson,RB,BUF,4000,LAC @ BUF,2026-09-27T17:00:00.0000000Z,,False,2026-09-24T14:50:53+00:00
153768,880322,Alec Ingold,RB,LAC,4000,LAC @ BUF,2026-09-27T17:00:00.0000000Z,,False,2026-09-24T14:50:53+00:00
153768,885540,Adam Prentice,RB,DEN,4000,LAR @ DEN,2026-09-28T00:20:00.0000000Z,,False,2026-09-24T14:50:53+00:00
153768,912553,Jonathan Ward,RB,BAL,4000,BAL @ DAL,2026-09-27T20:25:00.0000000Z,,False,2026-09-24T14:50:53+00:00
153768,915066,Reggie Gilliam,RB,NE,4000,NE @ JAX,2026-09-27T17:00:00.0000000Z,Q,False,2026-09-24T14:50:53+00:00
153768,919304,Velus Jones Jr.,RB,SEA,4000,SEA @ WAS,2026-09-27T17:00:00.0000000Z,,False,2026-09-24T14:50:53+00:00
153768,922451,Brittain Brown,RB,CHI,4000,PHI @ CHI,2026-09-29T00:15:00.0000000Z,IR,False,2026-09-24T14:50:53+00:00
153768,922484,Travis Homer,RB,PIT,4000,CIN @ PIT,2026-09-27T17:00:00.0000000Z,,False,2026-09-24T14:50:53+00:00
153768,935104,Khalil Herbert,RB,ATL,4000,ATL @ GB,2026-09-25T00:15:00.0000000Z,,False,2026-09-24T14:50:53+00:00
153768,946748,Kene Nwangwu,RB,NYJ,4000,NYJ @ DET,2026-09-27T17:00:00.0000000Z,Q,False,2026-09-24T14:50:53+00:00
153768,975028,Malik Davis,RB,DAL,4000,BAL @ DAL,2026-09-27T20:25:00.0000000Z,IR,False,2026-09-24T14:50:53+00:00
153768,976236,Trey Sermon,RB,ATL,4000,ATL @ GB,2026-09-25T00:15:00.0000000Z,IR,False,2026-09-24T14:50:53+00:00
153768,976329,Michael Carter,RB,TEN,4000,TEN @ NYG,2026-09-27T17:00:00.0000000Z,,False,2026-09-24T14:50:53+00:00
153768,976804,Ronnie Rivers,RB,LAR,4000,LAR @ DEN,2026-09-28T00:20:00.0000000Z,IR,False,2026-09-24T14:50:53+00:00
153768,1049246,Salvon Ahmed,RB,CHI,4000,PHI @ CHI,2026-09-29T00:15:00.0000000Z,,False,2026-09-24T14:50:53+00:00
153768,1050335,Pierre Strong Jr.,RB,GB,4000,ATL @ GB,2026-09-25T00:15:00.0000000Z,Q,False,2026-09-24T14:50:53+00:00
153768,1057457,Connor Heyward,RB,LV,4000,LV @ NO,2026-09-27T20:25:00.0000000Z,,False,2026-09-24T14:50:53+00:00
153768,1057725,Carlos Washington Jr.,RB,MIA,4000,KC @ MIA,2026-09-27T17:00:00.0000000Z,,False,2026-09-24T14:50:53+00:00
153768,1059576,Ty Chandler,RB,NO,4000,LV @ NO,2026-09-27T20:25:00.0000000Z,IR,False,2026-09-24T14:50:53+00:00
153768,1060545,AJ Dillon,RB,CAR,4000,CAR @ CLE,2026-09-27T17:00:00.0000000Z,,False,2026-09-24T14:50:53+00:00
153768,1064955,Brady Russell,RB,SEA,4000,SEA @ WAS,2026-09-27T17:00:00.0000000Z,Q,False,2026-09-24T14:50:53+00:00
153768,1067309,Zavier Scott,RB,CHI,4000,PHI @ CHI,2026-09-29T00:15:00.0000000Z,,False,2026-09-24T14:50:53+00:00
153768,1106832,Isiah Pacheco,RB,DET,4000,NYJ @ DET,2026-09-27T17:00:00.0000000Z,IR,False,2026-09-24T14:50:53+00:00
153768,1108998,Dameon Pierce,RB,PHI,4000,PHI @ CHI,2026-09-29T00:15:00.0000000Z,,False,2026-09-24T14:50:53+00:00
153768,1110697,Zamir White,RB,NO,4000,LV @ NO,2026-09-27T20:25:00.0000000Z,,False,2026-09-24T14:50:53+00:00
153768,1116001,Jordan Mason,RB,MIN,4000,MIN @ TB,2026-09-27T20:05:00.0000000Z,IR,False,2026-09-24T14:50:53+00:00
153768,1122182,Dylan Laube,RB,LV,4000,LV @ NO,2026-09-27T20:25:00.0000000Z,,False,2026-09-24T14:50:53+00:00
153768,1125737,Jerome Ford,RB,MIN,4000,MIN @ TB,2026-09-27T20:05:00.0000000Z,,False,2026-09-24T14:50:53+00:00
153768,1125846,Julius Chestnut,RB,TEN,4000,TEN @ NYG,2026-09-27T17:00:00.0000000Z,,False,2026-09-24T14:50:53+00:00
153768,1126338,Isaac Guerendo,RB,SF,4000,ARI @ SF,2026-09-27T20:05:00.0000000Z,OUT,False,2026-09-24T14:50:53+00:00
153768,1128295,British Brooks,RB,HOU,4000,HOU @ IND,2026-09-27T17:00:00.0000000Z,,False,2026-09-24T14:50:53+00:00
153768,1130245,Ben VanSumeren,RB,KC,4000,KC @ MIA,2026-09-27T17:00:00.0000000Z,,False,2026-09-24T14:50:53+00:00
153768,1130595,Scott Matlock,RB,LAC,4000,LAC @ BUF,2026-09-27T17:00:00.0000000Z,IR,False,2026-09-24T14:50:53+00:00
153768,1130976,Hunter Luepke,RB,DAL,4000,BAL @ DAL,2026-09-27T20:25:00.0000000Z,,False,2026-09-24T14:50:53+00:00
153768,1131457,Jacob Saylors,RB,DET,4000,NYJ @ DET,2026-09-27T17:00:00.0000000Z,,False,2026-09-24T14:50:53+00:00
153768,1140248,Cody Schrader,RB,DEN,4000,LAR @ DEN,2026-09-28T00:20:00.0000000Z,,False,2026-09-24T14:50:53+00:00
153768,1161798,Eric Gray,RB,CLE,4000,CAR @ CLE,2026-09-27T17:00:00.0000000Z,,False,2026-09-24T14:50:53+00:00
153768,1163265,Roschon Johnson,RB,CHI,4000,PHI @ CHI,2026-09-29T00:15:00.0000000Z,,False,2026-09-24T14:50:53+00:00
153768,1163866,Bam Knight,RB,ARI,4000,ARI @ SF,2026-09-27T20:05:00.0000000Z,,False,2026-09-24T14:50:53+00:00
153768,1164137,Jawhar Jordan,RB,HOU,4000,HOU @ IND,2026-09-27T17:00:00.0000000Z,,False,2026-09-24T14:50:53+00:00
153768,1164530,Zach Charbonnet,RB,SEA,4000,SEA @ WAS,2026-09-27T17:00:00.0000000Z,OUT,False,2026-09-24T14:50:53+00:00
153768,1166235,Sincere McCormick,RB,SF,4000,ARI @ SF,2026-09-27T20:05:00.0000000Z,,False,2026-09-24T14:50:53+00:00
153768,1166480,Lew Nichols,RB,PIT,4000,CIN @ PIT,2026-09-27T17:00:00.0000000Z,,False,2026-09-24T14:50:53+00:00
153768,1167356,Craig Reynolds,RB,WAS,4000,SEA @ WAS,2026-09-27T17:00:00.0000000Z,,False,2026-09-24T14:50:53+00:00
153768,1168918,Tyler Goodson,RB,DAL,4000,BAL @ DAL,2026-09-27T20:25:00.0000000Z,,False,2026-09-24T14:50:53+00:00
153768,1172990,Josh Williams,RB,TB,4000,MIN @ TB,2026-09-27T20:05:00.0000000Z,,False,2026-09-24T14:50:53+00:00
153768,1173174,Jordan Waters,RB,LAR,4000,LAR @ DEN,2026-09-28T00:20:00.0000000Z,,False,2026-09-24T14:50:53+00:00
153768,1173266,Evan Hull,RB,ARI,4000,ARI @ SF,2026-09-27T20:05:00.0000000Z,,False,2026-09-24T14:50:53+00:00
153768,1173480,Jacardia Wright,RB,SEA,4000,SEA @ WAS,2026-09-27T17:00:00.0000000Z,,False,2026-09-24T14:50:53+00:00
153768,1213345,Kendall Milton,RB,CIN,4000,CIN @ PIT,2026-09-27T17:00:00.0000000Z,,False,2026-09-24T14:50:53+00:00
153768,1213478,Chip Trayanum,RB,NYJ,4000,NYJ @ DET,2026-09-27T17:00:00.0000000Z,IR,False,2026-09-24T14:50:53+00:00
153768,1214132,Nate Carter,RB,KC,4000,KC @ MIA,2026-09-27T17:00:00.0000000Z,,False,2026-09-24T14:50:53+00:00
153768,1214249,Israel Abanikanda,RB,DAL,4000,BAL @ DAL,2026-09-27T20:25:00.0000000Z,,False,2026-09-24T14:50:53+00:00
153768,1214289,Ahmani Marshall,RB,CAR,4000,CAR @ CLE,2026-09-27T17:00:00.0000000Z,,False,2026-09-24T14:50:53+00:00
153768,1214824,Kimani Vidal,RB,LAC,4000,LAC @ BUF,2026-09-27T17:00:00.0000000Z,,False,2026-09-24T14:50:53+00:00
153768,1215306,Noah Whittington,RB,HOU,4000,HOU @ IND,2026-09-27T17:00:00.0000000Z,,False,2026-09-24T14:50:53+00:00
153768,1215658,Lan Larison,RB,NE,4000,NE @ JAX,2026-09-27T17:00:00.0000000Z,,False,2026-09-24T14:50:53+00:00
153768,1215974,Chris Collier,RB,LV,4000,LV @ NO,2026-09-27T20:25:00.0000000Z,IR,False,2026-09-24T14:50:53+00:00
153768,1228633,Sean Tucker,RB,TB,4000,MIN @ TB,2026-09-27T20:05:00.0000000Z,,False,2026-09-24T14:50:53+00:00
153768,1228730,Tahj Brooks,RB,CIN,4000,CIN @ PIT,2026-09-27T17:00:00.0000000Z,,False,2026-09-24T14:50:53+00:00
153768,1229055,Kentrel Bullock,RB,CIN,4000,CIN @ PIT,2026-09-27T17:00:00.0000000Z,,False,2026-09-24T14:50:53+00:00
153768,1229133,Rasheen Ali,RB,BAL,4000,BAL @ DAL,2026-09-27T20:25:00.0000000Z,,False,2026-09-24T14:50:53+00:00
153768,1229673,Kalel Mullings,RB,TEN,4000,TEN @ NYG,2026-09-27T17:00:00.0000000Z,,False,2026-09-24T14:50:53+00:00
153768,1232898,Jabari Small,RB,DET,4000,NYJ @ DET,2026-09-27T17:00:00.0000000Z,,False,2026-09-24T14:50:53+00:00
153768,1233127,Frank Gore Jr.,RB,BUF,4000,LAC @ BUF,2026-09-27T17:00:00.0000000Z,,False,2026-09-24T14:50:53+00:00
153768,1233297,Anderson Castle,RB,IND,4000,HOU @ IND,2026-09-27T17:00:00.0000000Z,,False,2026-09-24T14:50:53+00:00
153768,1244224,Riley Nowakowski,RB,PIT,4000,CIN @ PIT,2026-09-27T17:00:00.0000000Z,,False,2026-09-24T14:50:53+00:00
153768,1248031,Trey Benson,RB,ARI,4000,ARI @ SF,2026-09-27T20:05:00.0000000Z,IR,False,2026-09-24T14:50:53+00:00
153768,1270459,Damon Bankston,RB,GB,4000,ATL @ GB,2026-09-25T00:15:00.0000000Z,,False,2026-09-24T14:50:53+00:00
153768,1271609,Isaiah Davis,RB,NYJ,4000,NYJ @ DET,2026-09-27T17:00:00.0000000Z,,False,2026-09-24T14:50:53+00:00
153768,1271738,Jaleel McLaughlin,RB,CLE,4000,CAR @ CLE,2026-09-27T17:00:00.0000000Z,,False,2026-09-24T14:50:53+00:00
153768,1277947,J'Mari Taylor,RB,JAX,4000,NE @ JAX,2026-09-27T17:00:00.0000000Z,,False,2026-09-24T14:50:53+00:00
153768,1285958,Robbie Ouzts,RB,SEA,4000,SEA @ WAS,2026-09-27T17:00:00.0000000Z,IR,False,2026-09-24T14:50:53+00:00
153768,1286050,Corey Kiner,RB,NE,4000,NE @ JAX,2026-09-27T17:00:00.0000000Z,,False,2026-09-24T14:50:53+00:00
153768,1286513,Jaylen Wright,RB,MIA,4000,KC @ MIA,2026-09-27T17:00:00.0000000Z,Q,False,2026-09-24T14:50:53+00:00
153768,1286701,Gregory Desrosiers,RB,LAC,4000,LAC @ BUF,2026-09-27T17:00:00.0000000Z,,False,2026-09-24T14:50:53+00:00
153768,1287641,Phil Mafah,RB,NYG,4000,TEN @ NYG,2026-09-27T17:00:00.0000000Z,,False,2026-09-24T14:50:53+00:00
153768,1287778,Anthony Tyus III,RB,CAR,4000,CAR @ CLE,2026-09-27T17:00:00.0000000Z,,False,2026-09-24T14:50:53+00:00
153768,1288074,Myles Montgomery,RB,NE,4000,NE @ JAX,2026-09-27T17:00:00.0000000Z,IR,False,2026-09-24T14:50:53+00:00
153768,1289436,Al-Jay Henderson,RB,NYJ,4000,NYJ @ DET,2026-09-27T17:00:00.0000000Z,,False,2026-09-24T14:50:53+00:00
153768,1303569,DJ Giddens,RB,IND,4000,HOU @ IND,2026-09-27T17:00:00.0000000Z,,False,2026-09-24T14:50:53+00:00
153768,1313668,Brashard Smith,RB,KC,4000,KC @ MIA,2026-09-27T17:00:00.0000000Z,,False,2026-09-24T14:50:53+00:00
153768,1317230,Roman Hemby,RB,LV,4000,LV @ NO,2026-09-27T20:25:00.0000000Z,,False,2026-09-24T14:50:53+00:00
153768,1317287,Brock Lampe,RB,BUF,4000,LAC @ BUF,2026-09-27T17:00:00.0000000Z,,False,2026-09-24T14:50:53+00:00
153768,1319185,Jarquez Hunter,RB,MIA,4000,KC @ MIA,2026-09-27T17:00:00.0000000Z,,False,2026-09-24T14:50:53+00:00
153768,1319219,Carson Steele,RB,PHI,4000,PHI @ CHI,2026-09-29T00:15:00.0000000Z,,False,2026-09-24T14:50:53+00:00
153768,1321291,Audric Estime,RB,NO,4000,LV @ NO,2026-09-27T20:25:00.0000000Z,Q,False,2026-09-24T14:50:53+00:00
153768,1325562,Max Bredeson,RB,MIN,4000,MIN @ TB,2026-09-27T20:05:00.0000000Z,,False,2026-09-24T14:50:53+00:00
153768,1327875,DJ Herman,RB,MIA,4000,KC @ MIA,2026-09-27T17:00:00.0000000Z,,False,2026-09-24T14:50:53+00:00
153768,1329289,Cash Jones,RB,ATL,4000,ATL @ GB,2026-09-25T00:15:00.0000000Z,,False,2026-09-24T14:50:53+00:00
153768,1332922,Amar Johnson,RB,LAC,4000,LAC @ BUF,2026-09-27T17:00:00.0000000Z,,False,2026-09-24T14:50:53+00:00
153768,1377757,Jaydn Ott,RB,KC,4000,KC @ MIA,2026-09-27T17:00:00.0000000Z,,False,2026-09-24T14:50:53+00:00
153768,1377766,Ollie Gordon II,RB,MIA,4000,KC @ MIA,2026-09-27T17:00:00.0000000Z,,False,2026-09-24T14:50:53+00:00
153768,1378284,Adam Randall,RB,BAL,4000,BAL @ DAL,2026-09-27T20:25:00.0000000Z,IR,False,2026-09-24T14:50:53+00:00
153768,1378840,LeQuint Allen Jr.,RB,JAX,4000,NE @ JAX,2026-09-27T17:00:00.0000000Z,Q,False,2026-09-24T14:50:53+00:00
153768,1378898,Jaydon Blue,RB,PHI,4000,PHI @ CHI,2026-09-29T00:15:00.0000000Z,,False,2026-09-24T14:50:53+00:00
153768,1379264,Nick Singleton,RB,TEN,4000,TEN @ NYG,2026-09-27T17:00:00.0000000Z,,False,2026-09-24T14:50:53+00:00
153768,1381444,Dean Connors,RB,LAR,4000,LAR @ DEN,2026-09-28T00:20:00.0000000Z,,False,2026-09-24T14:50:53+00:00
153768,1394803,Trevor Etienne,RB,CAR,4000,CAR @ CLE,2026-09-27T17:00:00.0000000Z,IR,False,2026-09-24T14:50:53+00:00
153768,1395681,CJ Donaldson,RB,NO,4000,LV @ NO,2026-09-27T20:25:00.0000000Z,,False,2026-09-24T14:50:53+00:00
153768,1395874,Eli Heidenreich,RB,PIT,4000,CIN @ PIT,2026-09-27T17:00:00.0000000Z,,False,2026-09-24T14:50:53+00:00
153768,1399910,Dylan Sampson,RB,CLE,4000,CAR @ CLE,2026-09-27T17:00:00.0000000Z,IR,False,2026-09-24T14:50:53+00:00
153768,1400657,Jordan James,RB,SF,4000,ARI @ SF,2026-09-27T20:05:00.0000000Z,,False,2026-09-24T14:50:53+00:00
153768,1443998,Robert Henry Jr.,RB,WAS,4000,SEA @ WAS,2026-09-27T17:00:00.0000000Z,,False,2026-09-24T14:50:53+00:00
153768,1445256,Davon Booth,RB,IND,4000,HOU @ IND,2026-09-27T17:00:00.0000000Z,,False,2026-09-24T14:50:53+00:00
153768,1665835,Grant Finley,RB,NYG,4000,TEN @ NYG,2026-09-27T17:00:00.0000000Z,,False,2026-09-24T14:50:53+00:00
153768,820734,Samaje Perine,RB,CIN,4100,CIN @ PIT,2026-09-27T17:00:00.0000000Z,,False,2026-09-24T14:50:53+00:00
153768,1109708,Tyrone Tracy Jr.,RB,NYG,4100,TEN @ NYG,2026-09-27T17:00:00.0000000Z,,False,2026-09-24T14:50:53+00:00
153768,1213794,Seth McGowan,RB,IND,4100,HOU @ IND,2026-09-27T17:00:00.0000000Z,,False,2026-09-24T14:50:53+00:00
153768,1289428,Mike Washington Jr.,RB,LV,4100,LV @ NO,2026-09-27T20:25:00.0000000Z,,False,2026-09-24T14:50:53+00:00
153768,916466,Devin Singletary,RB,NYG,4200,TEN @ NYG,2026-09-27T17:00:00.0000000Z,,False,2026-09-24T14:50:53+00:00
153768,923109,Justice Hill,RB,BAL,4200,BAL @ DAL,2026-09-27T20:25:00.0000000Z,,False,2026-09-24T14:50:53+00:00
153768,976309,DeeJay Dallas,RB,MIN,4200,MIN @ TB,2026-09-27T20:05:00.0000000Z,Q,False,2026-09-24T14:50:53+00:00
153768,1116817,Emari Demercado,RB,DAL,4200,BAL @ DAL,2026-09-27T20:25:00.0000000Z,,False,2026-09-24T14:50:53+00:00
153768,1124338,Tyler Badie,RB,DEN,4200,LAR @ DEN,2026-09-28T00:20:00.0000000Z,,False,2026-09-24T14:50:53+00:00
153768,1213867,Kendre Miller,RB,NO,4300,LV @ NO,2026-09-27T20:25:00.0000000Z,,False,2026-09-24T14:50:53+00:00
153768,1222789,Keaton Mitchell,RB,LAC,4300,LAC @ BUF,2026-09-27T17:00:00.0000000Z,,False,2026-09-24T14:50:53+00:00
153768,1379259,Kaytron Allen,RB,WAS,4300,SEA @ WAS,2026-09-27T17:00:00.0000000Z,Q,False,2026-09-24T14:50:53+00:00
153768,1381164,Sione Vaki,RB,DET,4300,NYJ @ DET,2026-09-27T17:00:00.0000000Z,,False,2026-09-24T14:50:53+00:00
153768,1381902,Kaleb Johnson,RB,GB,4300,ATL @ GB,2026-09-25T00:15:00.0000000Z,,False,2026-09-24T14:50:53+00:00
153768,1165229,Ray Davis,RB,BUF,4400,LAC @ BUF,2026-09-27T17:00:00.0000000Z,,False,2026-09-24T14:50:53+00:00
153768,1325231,Braelon Allen,RB,NYJ,4400,NYJ @ DET,2026-09-27T17:00:00.0000000Z,,False,2026-09-24T14:50:53+00:00
153768,1379251,Emmett Johnson,RB,KC,4400,KC @ MIA,2026-09-27T17:00:00.0000000Z,,False,2026-09-24T14:50:53+00:00
153768,1390910,Demond Claiborne,RB,MIN,4400,MIN @ TB,2026-09-27T20:05:00.0000000Z,,False,2026-09-24T14:50:53+00:00
153768,1180625,George Holani,RB,SEA,4500,SEA @ WAS,2026-09-27T17:00:00.0000000Z,Q,False,2026-09-24T14:50:53+00:00
153768,1285895,Raheim Sanders,RB,CLE,4500,CAR @ CLE,2026-09-27T17:00:00.0000000Z,,False,2026-09-24T14:50:53+00:00
153768,1287636,Will Shipley,RB,PHI,4500,PHI @ CHI,2026-09-29T00:15:00.0000000Z,,False,2026-09-24T14:50:53+00:00
153768,1113403,Chris Rodriguez Jr.,RB,JAX,4600,NE @ JAX,2026-09-27T17:00:00.0000000Z,,False,2026-09-24T14:50:53+00:00
153768,1229540,Blake Corum,RB,LAR,4600,LAR @ DEN,2026-09-28T00:20:00.0000000Z,,False,2026-09-24T14:50:53+00:00
153768,1326601,Jonathon Brooks,RB,CAR,4600,CAR @ CLE,2026-09-27T17:00:00.0000000Z,IR,False,2026-09-24T14:50:53+00:00
153768,933480,Rico Dowdle,RB,PIT,4700,CIN @ PIT,2026-09-27T17:00:00.0000000Z,Q,False,2026-09-24T14:50:53+00:00
153768,973964,Najee Harris,RB,NYG,4700,TEN @ NYG,2026-09-27T17:00:00.0000000Z,,False,2026-09-24T14:50:53+00:00
153768,973966,Brian Robinson Jr.,RB,ATL,4700,ATL @ GB,2026-09-25T00:15:00.0000000Z,,False,2026-09-24T14:50:53+00:00
153768,750846,Alvin Kamara,RB,NO,4800,LV @ NO,2026-09-27T20:25:00.0000000Z,,False,2026-09-24T14:50:53+00:00
153768,1127065,Chris Brooks,RB,GB,4800,ATL @ GB,2026-09-25T00:15:00.0000000Z,,False,2026-09-24T14:50:53+00:00
153768,1130705,Kenny Gainwell,RB,TB,4800,MIN @ TB,2026-09-27T20:05:00.0000000Z,,False,2026-09-24T14:50:53+00:00
153768,1215772,Kaelon Black,RB,SF,4800,ARI @ SF,2026-09-27T20:05:00.0000000Z,,False,2026-09-24T14:50:53+00:00
153768,1169430,Tyjae Spears,RB,TEN,4900,TEN @ NYG,2026-09-27T17:00:00.0000000Z,Q,False,2026-09-24T14:50:53+00:00
153768,1447759,Emanuel Wilson,RB,SEA,4900,SEA @ WAS,2026-09-27T17:00:00.0000000Z,,False,2026-09-24T14:50:53+00:00
153768,1131198,Tyler Allgeier,RB,ARI,5000,ARI @ SF,2026-09-27T20:05:00.0000000Z,,False,2026-09-24T14:50:53+00:00
153768,1215035,Tank Bigsby,RB,PHI,5000,PHI @ CHI,2026-09-29T00:15:00.0000000Z,,False,2026-09-24T14:50:53+00:00
153768,1231652,Woody Marks,RB,HOU,5000,HOU @ IND,2026-09-27T17:00:00.0000000Z,,False,2026-09-24T14:50:53+00:00
153768,1229343,Rachaad White,RB,WAS,5100,SEA @ WAS,2026-09-27T17:00:00.0000000Z,,False,2026-09-24T14:50:53+00:00
153768,1380594,Jonah Coleman,RB,DEN,5100,LAR @ DEN,2026-09-28T00:20:00.0000000Z,Q,False,2026-09-24T14:50:53+00:00
153768,1172401,RJ Harvey,RB,DEN,5200,LAR @ DEN,2026-09-28T00:20:00.0000000Z,Q,False,2026-09-24T14:50:53+00:00
153768,1250886,Kyle Monangai,RB,CHI,5200,PHI @ CHI,2026-09-29T00:15:00.0000000Z,Q,False,2026-09-24T14:50:53+00:00
153768,1287837,TreVeyon Henderson,RB,NE,5200,NE @ JAX,2026-09-27T17:00:00.0000000Z,,False,2026-09-24T14:50:53+00:00
153768,1191186,Jacory Croskey-Merritt,RB,WAS,5300,SEA @ WAS,2026-09-27T17:00:00.0000000Z,,False,2026-09-24T14:50:53+00:00
153768,1213414,MarShawn Lloyd,RB,GB,5300,ATL @ GB,2026-09-25T00:15:00.0000000Z,,False,2026-09-24T14:50:53+00:00
153768,1383791,Jadarian Price,RB,SEA,5300,SEA @ WAS,2026-09-27T17:00:00.0000000Z,Q,False,2026-09-24T14:50:53+00:00
153768,880398,Tony Pollard,RB,TEN,5400,TEN @ NYG,2026-09-27T17:00:00.0000000Z,Q,False,2026-09-24T14:50:53+00:00
153768,976513,J.K. Dobbins,RB,DEN,5400,LAR @ DEN,2026-09-28T00:20:00.0000000Z,Q,False,2026-09-24T14:50:53+00:00
153768,1174682,Rhamondre Stevenson,RB,NE,5400,NE @ JAX,2026-09-27T17:00:00.0000000Z,,False,2026-09-24T14:50:53+00:00
153768,1383807,Quinshon Judkins,RB,CLE,5500,CAR @ CLE,2026-09-27T17:00:00.0000000Z,,False,2026-09-24T14:50:53+00:00
153768,1451501,Jeremiyah Love,RB,ARI,5500,ARI @ SF,2026-09-27T20:05:00.0000000Z,,False,2026-09-24T14:50:53+00:00
153768,1327169,Bhayshul Tuten,RB,JAX,5600,NE @ JAX,2026-09-27T17:00:00.0000000Z,,False,2026-09-24T14:50:53+00:00
153768,1176443,Jaylen Warren,RB,PIT,5700,CIN @ PIT,2026-09-27T17:00:00.0000000Z,Q,False,2026-09-24T14:50:53+00:00
153768,978577,Travis Etienne Jr.,RB,NO,5800,LV @ NO,2026-09-27T20:25:00.0000000Z,Q,False,2026-09-24T14:50:53+00:00
153768,741314,Aaron Jones Sr.,RB,MIN,5900,MIN @ TB,2026-09-27T20:05:00.0000000Z,Q,False,2026-09-24T14:50:53+00:00
153768,946739,David Montgomery,RB,HOU,6000,HOU @ IND,2026-09-27T17:00:00.0000000Z,,False,2026-09-24T14:50:53+00:00
153768,1062047,Chuba Hubbard,RB,CAR,6100,CAR @ CLE,2026-09-27T17:00:00.0000000Z,,False,2026-09-24T14:50:53+00:00
153768,1167361,Kyren Williams,RB,LAR,6100,LAR @ DEN,2026-09-28T00:20:00.0000000Z,,False,2026-09-24T14:50:53+00:00
153768,1069808,D'Andre Swift,RB,CHI,6200,PHI @ CHI,2026-09-29T00:15:00.0000000Z,,False,2026-09-24T14:50:53+00:00
153768,1280316,Cam Skattebo,RB,NYG,6200,TEN @ NYG,2026-09-27T17:00:00.0000000Z,,False,2026-09-24T14:50:53+00:00
153768,944416,Josh Jacobs,RB,GB,6300,ATL @ GB,2026-09-25T00:15:00.0000000Z,OUT,False,2026-09-24T14:50:53+00:00
153768,1287923,Bucky Irving,RB,TB,6300,MIN @ TB,2026-09-27T20:05:00.0000000Z,,False,2026-09-24T14:50:53+00:00
153768,1162537,Breece Hall,RB,NYJ,6400,NYJ @ DET,2026-09-27T17:00:00.0000000Z,,False,2026-09-24T14:50:53+00:00
153768,1231820,De'Von Achane,RB,MIA,6500,KC @ MIA,2026-09-27T17:00:00.0000000Z,,False,2026-09-24T14:50:53+00:00
153768,1123379,Chase Brown,RB,CIN,6600,CIN @ PIT,2026-09-27T17:00:00.0000000Z,,False,2026-09-24T14:50:53+00:00
153768,1107881,Javonte Williams,RB,DAL,6700,BAL @ DAL,2026-09-27T20:25:00.0000000Z,,False,2026-09-24T14:50:53+00:00
153768,1398572,Omarion Hampton,RB,LAC,6800,LAC @ BUF,2026-09-27T17:00:00.0000000Z,,False,2026-09-24T14:50:53+00:00
153768,1131012,James Cook III,RB,BUF,6900,LAC @ BUF,2026-09-27T17:00:00.0000000Z,,False,2026-09-24T14:50:53+00:00
153768,883302,Saquon Barkley,RB,PHI,7000,PHI @ CHI,2026-09-29T00:15:00.0000000Z,,False,2026-09-24T14:50:53+00:00
153768,1379646,Ashton Jeanty,RB,LV,7100,LV @ NO,2026-09-27T20:25:00.0000000Z,,False,2026-09-24T14:50:53+00:00
153768,1164402,Kenneth Walker III,RB,KC,7400,KC @ MIA,2026-09-27T17:00:00.0000000Z,,False,2026-09-24T14:50:53+00:00
153768,1065406,Jonathan Taylor,RB,IND,7600,HOU @ IND,2026-09-27T17:00:00.0000000Z,,False,2026-09-24T14:50:53+00:00
153768,732145,Derrick Henry,RB,BAL,7700,BAL @ DAL,2026-09-27T20:25:00.0000000Z,,False,2026-09-24T14:50:53+00:00
153768,830517,Christian McCaffrey,RB,SF,8300,ARI @ SF,2026-09-27T20:05:00.0000000Z,,False,2026-09-24T14:50:53+00:00
153768,1228244,Bijan Robinson,RB,ATL,8700,ATL @ GB,2026-09-25T00:15:00.0000000Z,,False,2026-09-24T14:50:53+00:00
153768,1214154,Jahmyr Gibbs,RB,DET,8800,NYJ @ DET,2026-09-27T17:00:00.0000000Z,,False,2026-09-24T14:50:53+00:00
153768,300580,Andrew DePaola,TE,MIN,2500,MIN @ TB,2026-09-27T20:05:00.0000000Z,,False,2026-09-24T14:50:53+00:00
153768,472623,James Winchester,TE,KC,2500,KC @ MIA,2026-09-27T17:00:00.0000000Z,,False,2026-09-24T14:50:53+00:00
153768,553024,Tyler Ott,TE,WAS,2500,SEA @ WAS,2026-09-27T17:00:00.0000000Z,,False,2026-09-24T14:50:53+00:00
153768,563293,Chris Manhertz,TE,NYG,2500,TEN @ NYG,2026-09-27T17:00:00.0000000Z,,False,2026-09-24T14:50:53+00:00
153768,606488,Nick Vannett,TE,BAL,2500,BAL @ DAL,2026-09-27T20:25:00.0000000Z,,False,2026-09-24T14:50:53+00:00
153768,606799,Zach Wood,TE,NO,2500,LV @ NO,2026-09-27T20:25:00.0000000Z,IR,False,2026-09-24T14:50:53+00:00
153768,660151,Robert Tonyan,TE,PIT,2500,CIN @ PIT,2026-09-27T17:00:00.0000000Z,,False,2026-09-24T14:50:53+00:00
153768,689689,Pharaoh Brown,TE,IND,2500,HOU @ IND,2026-09-27T17:00:00.0000000Z,,False,2026-09-24T14:50:53+00:00
153768,694931,Eric Saubert,TE,SEA,2500,SEA @ WAS,2026-09-27T17:00:00.0000000Z,,False,2026-09-24T14:50:53+00:00
153768,712506,Mo Alie-Cox,TE,IND,2500,HOU @ IND,2026-09-27T17:00:00.0000000Z,,False,2026-09-24T14:50:53+00:00
153768,739424,Austin Hooper,TE,ATL,2500,ATL @ GB,2026-09-25T00:15:00.0000000Z,,False,2026-09-24T14:50:53+00:00
153768,749968,Durham Smythe,TE,BAL,2500,BAL @ DAL,2026-09-27T20:25:00.0000000Z,,False,2026-09-24T14:50:53+00:00
153768,838318,Chris Myarick,TE,LV,2500,LV @ NO,2026-09-27T20:25:00.0000000Z,,False,2026-09-24T14:50:53+00:00
153768,843733,Mitchell Fraboni,TE,DEN,2500,LAR @ DEN,2026-09-28T00:20:00.0000000Z,,False,2026-09-24T14:50:53+00:00
153768,861278,Tyler Conklin,TE,DET,2500,NYJ @ DET,2026-09-27T17:00:00.0000000Z,,False,2026-09-24T14:50:53+00:00
153768,865573,Foster Moreau,TE,HOU,2500,HOU @ IND,2026-09-27T17:00:00.0000000Z,,False,2026-09-24T14:50:53+00:00
153768,866149,Josiah Deguara,TE,PHI,2500,PHI @ CHI,2026-09-29T00:15:00.0000000Z,,False,2026-09-24T14:50:53+00:00
153768,875444,Adam Trautman,TE,DEN,2500,LAR @ DEN,2026-09-28T00:20:00.0000000Z,,False,2026-09-24T14:50:53+00:00
153768,881697,Stephen Carlson,TE,CHI,2500,PHI @ CHI,2026-09-29T00:15:00.0000000Z,,False,2026-09-24T14:50:53+00:00
153768,881779,Josh Oliver,TE,MIN,2500,MIN @ TB,2026-09-27T20:05:00.0000000Z,,False,2026-09-24T14:50:53+00:00
153768,910377,Feleipe Franks,TE,CAR,2500,CAR @ CLE,2026-09-27T17:00:00.0000000Z,,False,2026-09-24T14:50:53+00:00
153768,911239,Ko Kieft,TE,TB,2500,MIN @ TB,2026-09-27T20:05:00.0000000Z,,False,2026-09-24T14:50:53+00:00
153768,911985,Jack Stoll,TE,SF,2500,ARI @ SF,2026-09-27T20:05:00.0000000Z,,False,2026-09-24T14:50:53+00:00
153768,921050,Kylen Granson,TE,TEN,2500,TEN @ NYG,2026-09-27T17:00:00.0000000Z,,False,2026-09-24T14:50:53+00:00
153768,922040,Charlie Woerner,TE,ATL,2500,ATL @ GB,2026-09-25T00:15:00.0000000Z,,False,2026-09-24T14:50:53+00:00
153768,943093,Ian Thomas,TE,LV,2500,LV @ NO,2026-09-27T20:25:00.0000000Z,,False,2026-09-24T14:50:53+00:00
153768,944038,John Bates,TE,WAS,2500,SEA @ WAS,2026-09-27T17:00:00.0000000Z,,False,2026-09-24T14:50:53+00:00
153768,946541,Luke Farrell,TE,SF,2500,ARI @ SF,2026-09-27T20:05:00.0000000Z,,False,2026-09-24T14:50:53+00:00
153768,975503,Jelani Woods,TE,NYJ,2500,NYJ @ DET,2026-09-27T17:00:00.0000000Z,,False,2026-09-24T14:50:53+00:00
153768,976221,Grant Calcaterra,TE,PHI,2500,PHI @ CHI,2026-09-29T00:15:00.0000000Z,IR,False,2026-09-24T14:50:53+00:00
153768,978120,Brock Wright,TE,DET,2500,NYJ @ DET,2026-09-27T17:00:00.0000000Z,,False,2026-09-24T14:50:53+00:00
153768,1049792,Nick Muse,TE,ATL,2500,ATL @ GB,2026-09-25T00:15:00.0000000Z,,False,2026-09-24T14:50:53+00:00
153768,1051781,E.J. Jenkins,TE,PHI,2500,PHI @ CHI,2026-09-29T00:15:00.0000000Z,,False,2026-09-24T14:50:53+00:00
153768,1056865,Stone Smartt,TE,NO,2500,LV @ NO,2026-09-27T20:25:00.0000000Z,,False,2026-09-24T14:50:53+00:00
153768,1058648,Charlie Kolar,TE,LAC,2500,LAC @ BUF,2026-09-27T17:00:00.0000000Z,OUT,False,2026-09-24T14:50:53+00:00
153768,1059585,Princeton Fant,TE,DAL,2500,BAL @ DAL,2026-09-27T20:25:00.0000000Z,IR,False,2026-09-24T14:50:53+00:00
153768,1059680,Quintin Morris,TE,JAX,2500,NE @ JAX,2026-09-27T17:00:00.0000000Z,,False,2026-09-24T14:50:53+00:00
153768,1060550,Hunter Long,TE,ARI,2500,ARI @ SF,2026-09-27T20:05:00.0000000Z,,False,2026-09-24T14:50:53+00:00
153768,1061591,Cal Adomitis,TE,NO,2500,LV @ NO,2026-09-27T20:25:00.0000000Z,,False,2026-09-24T14:50:53+00:00
153768,1068872,Jake Tonges,TE,SF,2500,ARI @ SF,2026-09-27T20:05:00.0000000Z,IR,False,2026-09-24T14:50:53+00:00
153768,1107037,Josh Whyle,TE,GB,2500,ATL @ GB,2026-09-25T00:15:00.0000000Z,,False,2026-09-24T14:50:53+00:00
153768,1107232,Colson Yankoff,TE,WAS,2500,SEA @ WAS,2026-09-27T17:00:00.0000000Z,,False,2026-09-24T14:50:53+00:00
153768,1107326,Thomas Yassmin,TE,GB,2500,ATL @ GB,2026-09-25T00:15:00.0000000Z,IR,False,2026-09-24T14:50:53+00:00
153768,1108202,Brevyn Spann-Ford,TE,DAL,2500,BAL @ DAL,2026-09-27T20:25:00.0000000Z,,False,2026-09-24T14:50:53+00:00
153768,1108526,Thomas Odukoya,TE,KC,2500,KC @ MIA,2026-09-27T17:00:00.0000000Z,,False,2026-09-24T14:50:53+00:00
153768,1109731,Blake Whiteheart,TE,CLE,2500,CAR @ CLE,2026-09-27T17:00:00.0000000Z,,False,2026-09-24T14:50:53+00:00
153768,1112357,Shawn Bowman,TE,ARI,2500,ARI @ SF,2026-09-27T20:05:00.0000000Z,,False,2026-09-24T14:50:53+00:00
153768,1115394,Tanner Hudson,TE,CIN,2500,CIN @ PIT,2026-09-27T17:00:00.0000000Z,,False,2026-09-24T14:50:53+00:00
153768,1120499,Evan Deckers,TE,TB,2500,MIN @ TB,2026-09-27T20:05:00.0000000Z,,False,2026-09-24T14:50:53+00:00
153768,1121863,Jack Westover,TE,WAS,2500,SEA @ WAS,2026-09-27T17:00:00.0000000Z,,False,2026-09-24T14:50:53+00:00
153768,1121871,Brevin Jordan,TE,HOU,2500,HOU @ IND,2026-09-27T17:00:00.0000000Z,,False,2026-09-24T14:50:53+00:00
153768,1121873,Will Mallory,TE,IND,2500,HOU @ IND,2026-09-27T17:00:00.0000000Z,IR,False,2026-09-24T14:50:53+00:00
153768,1122035,Daniel Bellinger,TE,TEN,2500,TEN @ NYG,2026-09-27T17:00:00.0000000Z,,False,2026-09-24T14:50:53+00:00
153768,1122323,Lucas Krull,TE,DEN,2500,LAR @ DEN,2026-09-28T00:20:00.0000000Z,,False,2026-09-24T14:50:53+00:00
153768,1122596,Jeremy Ruckert,TE,NYJ,2500,NYJ @ DET,2026-09-27T17:00:00.0000000Z,,False,2026-09-24T14:50:53+00:00
153768,1122692,Cole Turner,TE,MIA,2500,KC @ MIA,2026-09-27T17:00:00.0000000Z,IR,False,2026-09-24T14:50:53+00:00
153768,1123364,Joel Wilson,TE,TEN,2500,TEN @ NYG,2026-09-27T17:00:00.0000000Z,,False,2026-09-24T14:50:53+00:00
153768,1123630,Julian Hill,TE,NE,2500,NE @ JAX,2026-09-27T17:00:00.0000000Z,IR,False,2026-09-24T14:50:53+00:00
153768,1123712,James Mitchell,TE,DAL,2500,BAL @ DAL,2026-09-27T20:25:00.0000000Z,,False,2026-09-24T14:50:53+00:00
153768,1124199,David Martin-Robinson,TE,TEN,2500,TEN @ NYG,2026-09-27T17:00:00.0000000Z,,False,2026-09-24T14:50:53+00:00
153768,1124355,Messiah Swinson,TE,CLE,2500,CAR @ CLE,2026-09-27T17:00:00.0000000Z,,False,2026-09-24T14:50:53+00:00
153768,1125589,Brayden Willis,TE,SF,2500,ARI @ SF,2026-09-27T20:05:00.0000000Z,,False,2026-09-24T14:50:53+00:00
153768,1125739,Cameron Latu,TE,NE,2500,NE @ JAX,2026-09-27T17:00:00.0000000Z,,False,2026-09-24T14:50:53+00:00
153768,1128538,Teagan Quitoriano,TE,ARI,2500,ARI @ SF,2026-09-27T20:05:00.0000000Z,,False,2026-09-24T14:50:53+00:00
153768,1130004,Qadir Ismail,TE,CHI,2500,PHI @ CHI,2026-09-29T00:15:00.0000000Z,,False,2026-09-24T14:50:53+00:00
153768,1130242,Luke Schoonmaker,TE,DAL,2500,BAL @ DAL,2026-09-27T20:25:00.0000000Z,,False,2026-09-24T14:50:53+00:00
153768,1130260,Payne Durham,TE,TB,2500,MIN @ TB,2026-09-27T20:05:00.0000000Z,,False,2026-09-24T14:50:53+00:00
153768,1130555,Tommy Tremble,TE,CAR,2500,CAR @ CLE,2026-09-27T17:00:00.0000000Z,,False,2026-09-24T14:50:53+00:00
153768,1132517,Nate Adkins,TE,DEN,2500,LAR @ DEN,2026-09-28T00:20:00.0000000Z,,False,2026-09-24T14:50:53+00:00
153768,1161664,Davis Allen,TE,LAR,2500,LAR @ DEN,2026-09-28T00:20:00.0000000Z,,False,2026-09-24T14:50:53+00:00
153768,1161853,Elijah Higgins,TE,ARI,2500,ARI @ SF,2026-09-27T20:05:00.0000000Z,,False,2026-09-24T14:50:53+00:00
153768,1163272,Jared Wiley,TE,KC,2500,KC @ MIA,2026-09-27T17:00:00.0000000Z,,False,2026-09-24T14:50:53+00:00
153768,1164533,Erick All Jr.,TE,CIN,2500,CIN @ PIT,2026-09-27T17:00:00.0000000Z,,False,2026-09-24T14:50:53+00:00
153768,1164736,Nick Kallerup,TE,SEA,2500,SEA @ WAS,2026-09-27T17:00:00.0000000Z,,False,2026-09-24T14:50:53+00:00
153768,1166045,Nikola Kalinic,TE,CHI,2500,PHI @ CHI,2026-09-29T00:15:00.0000000Z,IR,False,2026-09-24T14:50:53+00:00
153768,1168753,Patrick Herbert,TE,LAC,2500,LAC @ BUF,2026-09-27T17:00:00.0000000Z,,False,2026-09-24T14:50:53+00:00
153768,1172752,Treyton Welch,TE,NO,2500,LV @ NO,2026-09-27T20:25:00.0000000Z,,False,2026-09-24T14:50:53+00:00
153768,1173254,Thomas Gordon,TE,DET,2500,NYJ @ DET,2026-09-27T17:00:00.0000000Z,,False,2026-09-24T14:50:53+00:00
153768,1175182,Cade Stover,TE,HOU,2500,HOU @ IND,2026-09-27T17:00:00.0000000Z,,False,2026-09-24T14:50:53+00:00
153768,1179790,Luke Musgrave,TE,GB,2500,ATL @ GB,2026-09-25T00:15:00.0000000Z,OUT,False,2026-09-24T14:50:53+00:00
153768,1180294,Hayden Rucci,TE,LAC,2500,LAC @ BUF,2026-09-27T17:00:00.0000000Z,,False,2026-09-24T14:50:53+00:00
153768,1181739,William Wagner,TE,CIN,2500,CIN @ PIT,2026-09-27T17:00:00.0000000Z,,False,2026-09-24T14:50:53+00:00
153768,1182649,Jackson Hawes,TE,BUF,2500,LAC @ BUF,2026-09-27T17:00:00.0000000Z,,False,2026-09-24T14:50:53+00:00
153768,1212622,Carson Towt,TE,IND,2500,HOU @ IND,2026-09-27T17:00:00.0000000Z,IR,False,2026-09-24T14:50:53+00:00
153768,1213730,Mark Redman,TE,GB,2500,ATL @ GB,2026-09-25T00:15:00.0000000Z,,False,2026-09-24T14:50:53+00:00
153768,1214003,Nate Boerkircher,TE,JAX,2500,NE @ JAX,2026-09-27T17:00:00.0000000Z,,False,2026-09-24T14:50:53+00:00
153768,1216808,Ben Yurosek,TE,MIN,2500,MIN @ TB,2026-09-27T20:05:00.0000000Z,IR,False,2026-09-24T14:50:53+00:00
153768,1228551,Drake Dabney,TE,GB,2500,ATL @ GB,2026-09-25T00:15:00.0000000Z,,False,2026-09-24T14:50:53+00:00
153768,1229489,Tip Reiman,TE,ARI,2500,ARI @ SF,2026-09-27T20:05:00.0000000Z,OUT,False,2026-09-24T14:50:53+00:00
153768,1229542,Dan Villari,TE,LAR,2500,LAR @ DEN,2026-09-28T00:20:00.0000000Z,,False,2026-09-24T14:50:53+00:00
153768,1229693,Matt Hibner,TE,BAL,2500,BAL @ DAL,2026-09-27T20:25:00.0000000Z,,False,2026-09-24T14:50:53+00:00
153768,1229749,Patrick Gurd,TE,LV,2500,LV @ NO,2026-09-27T20:25:00.0000000Z,,False,2026-09-24T14:50:53+00:00
153768,1229756,Joe Royer,TE,CLE,2500,CAR @ CLE,2026-09-27T17:00:00.0000000Z,OUT,False,2026-09-24T14:50:53+00:00
153768,1231431,Caleb Lohner,TE,DEN,2500,LAR @ DEN,2026-09-28T00:20:00.0000000Z,IR,False,2026-09-24T14:50:53+00:00
153768,1247543,Ben Mann,TE,NYG,2500,TEN @ NYG,2026-09-27T17:00:00.0000000Z,,False,2026-09-24T14:50:53+00:00
153768,1251513,Cam Grandy,TE,MIN,2500,MIN @ TB,2026-09-27T20:05:00.0000000Z,,False,2026-09-24T14:50:53+00:00
153768,1271740,Drew Ogletree,TE,IND,2500,HOU @ IND,2026-09-27T17:00:00.0000000Z,,False,2026-09-24T14:50:53+00:00
153768,1285915,Jackson Meeks,TE,DET,2500,NYJ @ DET,2026-09-27T17:00:00.0000000Z,,False,2026-09-24T14:50:53+00:00
153768,1286065,Eli Stowers,TE,PHI,2500,PHI @ CHI,2026-09-29T00:15:00.0000000Z,IR,False,2026-09-24T14:50:53+00:00
153768,1286173,Moliki Matavao,TE,NO,2500,LV @ NO,2026-09-27T20:25:00.0000000Z,IR,False,2026-09-24T14:50:53+00:00
153768,1286282,Lake McRee,TE,PIT,2500,CIN @ PIT,2026-09-27T17:00:00.0000000Z,,False,2026-09-24T14:50:53+00:00
153768,1286401,DJ Rogers,TE,DAL,2500,BAL @ DAL,2026-09-27T20:25:00.0000000Z,IR,False,2026-09-24T14:50:53+00:00
153768,1286840,Elijah Arroyo,TE,SEA,2500,SEA @ WAS,2026-09-27T17:00:00.0000000Z,,False,2026-09-24T14:50:53+00:00
153768,1287258,Gavin Bartholomew,TE,MIN,2500,MIN @ TB,2026-09-27T20:05:00.0000000Z,,False,2026-09-24T14:50:53+00:00
153768,1287588,CJ Dippre,TE,TB,2500,MIN @ TB,2026-09-27T20:05:00.0000000Z,,False,2026-09-24T14:50:53+00:00
153768,1287639,Jake Briningstool,TE,KC,2500,KC @ MIA,2026-09-27T17:00:00.0000000Z,,False,2026-09-24T14:50:53+00:00
153768,1287655,Thomas Fidone II,TE,NYG,2500,TEN @ NYG,2026-09-27T17:00:00.0000000Z,,False,2026-09-24T14:50:53+00:00
153768,1287920,Jameson Geers,TE,ARI,2500,ARI @ SF,2026-09-27T20:05:00.0000000Z,IR,False,2026-09-24T14:50:53+00:00
153768,1288387,John Michael Gyllenborg,TE,KC,2500,KC @ MIA,2026-09-27T17:00:00.0000000Z,IR,False,2026-09-24T14:50:53+00:00
153768,1289220,Zaire Mitchell-Paden,TE,HOU,2500,HOU @ IND,2026-09-27T17:00:00.0000000Z,,False,2026-09-24T14:50:53+00:00
153768,1289471,Mitchell Evans,TE,CAR,2500,CAR @ CLE,2026-09-27T17:00:00.0000000Z,,False,2026-09-24T14:50:53+00:00
153768,1290014,Seydou Traore,TE,MIA,2500,KC @ MIA,2026-09-27T17:00:00.0000000Z,,False,2026-09-24T14:50:53+00:00
153768,1310628,Khalil Dinkins,TE,SF,2500,ARI @ SF,2026-09-27T20:05:00.0000000Z,,False,2026-09-24T14:50:53+00:00
153768,1317191,Tre Watson,TE,MIA,2500,KC @ MIA,2026-09-27T17:00:00.0000000Z,,False,2026-09-24T14:50:53+00:00
153768,1319948,Josh Cuevas,TE,BAL,2500,BAL @ DAL,2026-09-27T20:25:00.0000000Z,,False,2026-09-24T14:50:53+00:00
153768,1321090,Tanner Arkin,TE,NE,2500,NE @ JAX,2026-09-27T17:00:00.0000000Z,,False,2026-09-24T14:50:53+00:00
153768,1322367,Will Kacmarek,TE,MIA,2500,KC @ MIA,2026-09-27T17:00:00.0000000Z,,False,2026-09-24T14:50:53+00:00
153768,1322662,Rocco Underwood,TE,PHI,2500,PHI @ CHI,2026-09-29T00:15:00.0000000Z,,False,2026-09-24T14:50:53+00:00
153768,1323708,Michael Trigg,TE,DAL,2500,BAL @ DAL,2026-09-27T20:25:00.0000000Z,,False,2026-09-24T14:50:53+00:00
153768,1323906,Keleki Latu,TE,BUF,2500,LAC @ BUF,2026-09-27T17:00:00.0000000Z,,False,2026-09-24T14:50:53+00:00
153768,1326555,Bauer Sharp,TE,TB,2500,MIN @ TB,2026-09-27T20:05:00.0000000Z,,False,2026-09-24T14:50:53+00:00
153768,1326628,Ja'Tavion Sanders,TE,CAR,2500,CAR @ CLE,2026-09-27T17:00:00.0000000Z,,False,2026-09-24T14:50:53+00:00
153768,1378156,Sam Roush,TE,CHI,2500,PHI @ CHI,2026-09-29T00:15:00.0000000Z,,False,2026-09-24T14:50:53+00:00
153768,1379995,Evan Svoboda,TE,LAC,2500,LAC @ BUF,2026-09-27T17:00:00.0000000Z,,False,2026-09-24T14:50:53+00:00
153768,1380368,Tanner Koziol,TE,JAX,2500,NE @ JAX,2026-09-27T17:00:00.0000000Z,,False,2026-09-24T14:50:53+00:00
153768,1380773,Kenny Fletcher Jr.,TE,IND,2500,HOU @ IND,2026-09-27T17:00:00.0000000Z,,False,2026-09-24T14:50:53+00:00
153768,1381105,Oscar Delp,TE,NO,2500,LV @ NO,2026-09-27T20:25:00.0000000Z,,False,2026-09-24T14:50:53+00:00
153768,1381263,Mason Taylor,TE,NYJ,2500,NYJ @ DET,2026-09-27T17:00:00.0000000Z,D,False,2026-09-24T14:50:53+00:00
153768,1381307,Jaren Kanak,TE,TEN,2500,TEN @ NYG,2026-09-27T17:00:00.0000000Z,IR,False,2026-09-24T14:50:53+00:00
153768,1384626,Carsen Ryan,TE,CLE,2500,CAR @ CLE,2026-09-27T17:00:00.0000000Z,,False,2026-09-24T14:50:53+00:00
153768,1400852,Jack Endries,TE,CIN,2500,CIN @ PIT,2026-09-27T17:00:00.0000000Z,,False,2026-09-24T14:50:53+00:00
153768,1401683,Max Klare,TE,LAR,2500,LAR @ DEN,2026-09-28T00:20:00.0000000Z,,False,2026-09-24T14:50:53+00:00
153768,1403373,Jack Velling,TE,ATL,2500,ATL @ GB,2026-09-25T00:15:00.0000000Z,,False,2026-09-24T14:50:53+00:00
153768,1404295,Ty Pezza,TE,BAL,2500,BAL @ DAL,2026-09-27T20:25:00.0000000Z,,False,2026-09-24T14:50:53+00:00
153768,1405857,Marlin Klein,TE,HOU,2500,HOU @ IND,2026-09-27T17:00:00.0000000Z,,False,2026-09-24T14:50:53+00:00
153768,1405928,Justin Joly,TE,MIA,2500,KC @ MIA,2026-09-27T17:00:00.0000000Z,,False,2026-09-24T14:50:53+00:00
153768,1443955,Hayden Large,TE,CHI,2500,PHI @ CHI,2026-09-29T00:15:00.0000000Z,IR,False,2026-09-24T14:50:53+00:00
153768,1461173,Dallen Bentley,TE,DEN,2500,LAR @ DEN,2026-09-28T00:20:00.0000000Z,,False,2026-09-24T14:50:53+00:00
153768,1468632,Carter Runyon,TE,LV,2500,LV @ NO,2026-09-27T20:25:00.0000000Z,IR,False,2026-09-24T14:50:53+00:00
153768,740704,Johnny Mundt,TE,PHI,2600,PHI @ CHI,2026-09-29T00:15:00.0000000Z,,False,2026-09-24T14:50:53+00:00
153768,837824,Drew Sample,TE,CIN,2600,CIN @ PIT,2026-09-27T17:00:00.0000000Z,,False,2026-09-24T14:50:53+00:00
153768,1228920,Ben Sinnott,TE,WAS,2600,SEA @ WAS,2026-09-27T17:00:00.0000000Z,,False,2026-09-24T14:50:53+00:00
153768,832098,David Njoku,TE,LAC,2700,LAC @ BUF,2026-09-27T17:00:00.0000000Z,IR,False,2026-09-24T14:50:53+00:00
153768,1214414,Theo Johnson,TE,NYG,2700,TEN @ NYG,2026-09-27T17:00:00.0000000Z,,False,2026-09-24T14:50:53+00:00
153768,1286179,Terrance Ferguson,TE,LAR,2700,LAR @ DEN,2026-09-28T00:20:00.0000000Z,Q,False,2026-09-24T14:50:53+00:00
153768,743749,Jonnu Smith,TE,GB,2800,ATL @ GB,2026-09-25T00:15:00.0000000Z,,False,2026-09-24T14:50:53+00:00
153768,884083,Dawson Knox,TE,BUF,2800,LAC @ BUF,2026-09-27T17:00:00.0000000Z,,False,2026-09-24T14:50:53+00:00
153768,1218658,Darnell Washington,TE,PIT,2800,CIN @ PIT,2026-09-27T17:00:00.0000000Z,,False,2026-09-24T14:50:53+00:00
153768,604176,Tyler Higbee,TE,LAR,2900,LAR @ DEN,2026-09-28T00:20:00.0000000Z,,False,2026-09-24T14:50:53+00:00
153768,1286438,Gunnar Helm,TE,TEN,2900,TEN @ NYG,2026-09-27T17:00:00.0000000Z,,False,2026-09-24T14:50:53+00:00
153768,1403969,Eli Raridon,TE,NE,2900,NE @ JAX,2026-09-27T17:00:00.0000000Z,Q,False,2026-09-24T14:50:53+00:00
153768,1056981,Noah Gray,TE,KC,3000,KC @ MIA,2026-09-27T17:00:00.0000000Z,,False,2026-09-24T14:50:53+00:00
153768,1066765,Cole Kmet,TE,CHI,3000,PHI @ CHI,2026-09-29T00:15:00.0000000Z,,False,2026-09-24T14:50:53+00:00
153768,1128085,Greg Dulcich,TE,MIA,3000,KC @ MIA,2026-09-27T17:00:00.0000000Z,,False,2026-09-24T14:50:53+00:00
153768,503177,Zach Ertz,TE,PHI,3100,PHI @ CHI,2026-09-29T00:15:00.0000000Z,,False,2026-09-24T14:50:53+00:00
153768,749185,Evan Engram,TE,DEN,3100,LAR @ DEN,2026-09-28T00:20:00.0000000Z,,False,2026-09-24T14:50:53+00:00
153768,1049263,Cade Otton,TE,TB,3100,MIN @ TB,2026-09-27T20:05:00.0000000Z,,False,2026-09-24T14:50:53+00:00
153768,1229503,AJ Barner,TE,SEA,3100,SEA @ WAS,2026-09-27T17:00:00.0000000Z,,False,2026-09-24T14:50:53+00:00
153768,923911,Noah Fant,TE,NO,3200,LV @ NO,2026-09-27T20:25:00.0000000Z,,False,2026-09-24T14:50:53+00:00
153768,923915,T.J. Hockenson,TE,MIN,3200,MIN @ TB,2026-09-27T20:05:00.0000000Z,,False,2026-09-24T14:50:53+00:00
153768,1060312,Colby Parkinson,TE,LAR,3200,LAR @ DEN,2026-09-28T00:20:00.0000000Z,Q,False,2026-09-24T14:50:53+00:00
153768,836152,Mike Gesicki,TE,CIN,3300,CIN @ PIT,2026-09-27T17:00:00.0000000Z,,False,2026-09-24T14:50:53+00:00
153768,1232592,Michael Mayer,TE,LV,3300,LV @ NO,2026-09-27T20:25:00.0000000Z,,False,2026-09-24T14:50:53+00:00
153768,600191,Darren Waller,TE,CAR,3400,CAR @ CLE,2026-09-27T17:00:00.0000000Z,,False,2026-09-24T14:50:53+00:00
153768,1164940,Brenton Strange,TE,JAX,3400,NE @ JAX,2026-09-27T17:00:00.0000000Z,,False,2026-09-24T14:50:53+00:00
153768,1325624,Oronde Gadsden II,TE,LAC,3500,LAC @ BUF,2026-09-27T17:00:00.0000000Z,,False,2026-09-24T14:50:53+00:00
153768,1444547,Kenyon Sadiq,TE,NYJ,3500,NYJ @ DET,2026-09-27T17:00:00.0000000Z,,False,2026-09-24T14:50:53+00:00
153768,1106374,Chig Okonkwo,TE,WAS,3600,SEA @ WAS,2026-09-27T17:00:00.0000000Z,Q,False,2026-09-24T14:50:53+00:00
153768,884609,Juwan Johnson,TE,NO,3700,LV @ NO,2026-09-27T20:25:00.0000000Z,,False,2026-09-24T14:50:53+00:00
153768,1116662,Pat Freiermuth,TE,PIT,3800,CIN @ PIT,2026-09-27T17:00:00.0000000Z,,False,2026-09-24T14:50:53+00:00
153768,744425,Hunter Henry,TE,NE,3900,NE @ JAX,2026-09-27T17:00:00.0000000Z,,False,2026-09-24T14:50:53+00:00
153768,1394752,Harold Fannin Jr.,TE,CLE,4000,CAR @ CLE,2026-09-27T17:00:00.0000000Z,,False,2026-09-24T14:50:53+00:00
153768,1065361,Jake Ferguson,TE,DAL,4100,BAL @ DAL,2026-09-27T20:25:00.0000000Z,,False,2026-09-24T14:50:53+00:00
153768,830523,Dalton Schultz,TE,HOU,4200,HOU @ IND,2026-09-27T17:00:00.0000000Z,,False,2026-09-24T14:50:53+00:00
153768,1123026,Kyle Pitts Sr.,TE,ATL,4200,ATL @ GB,2026-09-25T00:15:00.0000000Z,,False,2026-09-24T14:50:53+00:00
153768,1168926,Sam LaPorta,TE,DET,4300,NYJ @ DET,2026-09-27T17:00:00.0000000Z,,False,2026-09-24T14:50:53+00:00
153768,820699,Mark Andrews,TE,BAL,4400,BAL @ DAL,2026-09-27T20:25:00.0000000Z,,False,2026-09-24T14:50:53+00:00
153768,448240,Travis Kelce,TE,KC,4500,KC @ MIA,2026-09-27T17:00:00.0000000Z,,False,2026-09-24T14:50:53+00:00
153768,791365,Dallas Goedert,TE,PHI,4600,PHI @ CHI,2026-09-29T00:15:00.0000000Z,D,False,2026-09-24T14:50:53+00:00
153768,1125111,Isaiah Likely,TE,NYG,4700,TEN @ NYG,2026-09-27T17:00:00.0000000Z,,False,2026-09-24T14:50:53+00:00
153768,733672,George Kittle,TE,SF,4800,ARI @ SF,2026-09-27T20:05:00.0000000Z,,False,2026-09-24T14:50:53+00:00
153768,1181874,Tucker Kraft,TE,GB,4900,ATL @ GB,2026-09-25T00:15:00.0000000Z,,False,2026-09-24T14:50:53+00:00
153768,1378821,Colston Loveland,TE,CHI,5000,PHI @ CHI,2026-09-29T00:15:00.0000000Z,,False,2026-09-24T14:50:53+00:00
153768,1229083,Tyler Warren,TE,IND,5300,HOU @ IND,2026-09-27T17:00:00.0000000Z,,False,2026-09-24T14:50:53+00:00
153768,1135513,Dalton Kincaid,TE,BUF,5500,LAC @ BUF,2026-09-27T17:00:00.0000000Z,,False,2026-09-24T14:50:53+00:00
153768,1285917,Brock Bowers,TE,LV,6600,LV @ NO,2026-09-27T20:25:00.0000000Z,Q,False,2026-09-24T14:50:53+00:00
153768,1108161,Trey McBride,TE,ARI,6700,ARI @ SF,2026-09-27T20:05:00.0000000Z,,False,2026-09-24T14:50:53+00:00
153768,691278,Sterling Shepard,WR,NYJ,3000,NYJ @ DET,2026-09-27T17:00:00.0000000Z,,False,2026-09-24T14:50:53+00:00
153768,742382,Marquez Valdes-Scantling,WR,LAC,3000,LAC @ BUF,2026-09-27T17:00:00.0000000Z,,False,2026-09-24T14:50:53+00:00
153768,749681,River Cracraft,WR,WAS,3000,SEA @ WAS,2026-09-27T17:00:00.0000000Z,Q,False,2026-09-24T14:50:53+00:00
153768,757521,KhaDarel Hodge,WR,SF,3000,ARI @ SF,2026-09-27T20:05:00.0000000Z,,False,2026-09-24T14:50:53+00:00
153768,820866,Braxton Berrios,WR,NYG,3000,TEN @ NYG,2026-09-27T17:00:00.0000000Z,,False,2026-09-24T14:50:53+00:00
153768,835861,Trent Sherfield Sr.,WR,BUF,3000,LAC @ BUF,2026-09-27T17:00:00.0000000Z,,False,2026-09-24T14:50:53+00:00
153768,837087,Tom Kennedy,WR,DET,3000,NYJ @ DET,2026-09-27T17:00:00.0000000Z,,False,2026-09-24T14:50:53+00:00
153768,838179,Tim Patrick,WR,NYJ,3000,NYJ @ DET,2026-09-27T17:00:00.0000000Z,IR,False,2026-09-24T14:50:53+00:00
153768,865801,Christian Kirk,WR,SF,3000,ARI @ SF,2026-09-27T20:05:00.0000000Z,IR,False,2026-09-24T14:50:53+00:00
153768,865958,KaVontae Turpin,WR,DAL,3000,BAL @ DAL,2026-09-27T20:25:00.0000000Z,,False,2026-09-24T14:50:53+00:00
153768,866578,Scotty Miller,WR,CHI,3000,PHI @ CHI,2026-09-29T00:15:00.0000000Z,,False,2026-09-24T14:50:53+00:00
153768,866973,David Sills V,WR,TB,3000,MIN @ TB,2026-09-27T20:05:00.0000000Z,IR,False,2026-09-24T14:50:53+00:00
153768,877654,Gary Jennings,WR,LAC,3000,LAC @ BUF,2026-09-27T17:00:00.0000000Z,,False,2026-09-24T14:50:53+00:00
153768,881058,K.J. Osborn,WR,TEN,3000,TEN @ NYG,2026-09-27T17:00:00.0000000Z,,False,2026-09-24T14:50:53+00:00
153768,881670,Lucky Jackson,WR,DET,3000,NYJ @ DET,2026-09-27T17:00:00.0000000Z,,False,2026-09-24T14:50:53+00:00
153768,882718,Britain Covey,WR,PHI,3000,PHI @ CHI,2026-09-29T00:15:00.0000000Z,,False,2026-09-24T14:50:53+00:00
153768,883259,Nick Westbrook-Ikhine,WR,IND,3000,HOU @ IND,2026-09-27T17:00:00.0000000Z,,False,2026-09-24T14:50:53+00:00
153768,883312,Irvin Charles,WR,SEA,3000,SEA @ WAS,2026-09-27T17:00:00.0000000Z,IR,False,2026-09-24T14:50:53+00:00
153768,883976,Olamide Zaccheaus,WR,ATL,3000,ATL @ GB,2026-09-25T00:15:00.0000000Z,,False,2026-09-24T14:50:53+00:00
153768,884080,Van Jefferson,WR,WAS,3000,SEA @ WAS,2026-09-27T17:00:00.0000000Z,,False,2026-09-24T14:50:53+00:00
153768,884315,Alex Bachman,WR,LAR,3000,LAR @ DEN,2026-09-28T00:20:00.0000000Z,,False,2026-09-24T14:50:53+00:00
153768,910852,Greg Dortch,WR,BUF,3000,LAC @ BUF,2026-09-27T17:00:00.0000000Z,,False,2026-09-24T14:50:53+00:00
153768,911236,Tyler Johnson,WR,NYJ,3000,NYJ @ DET,2026-09-27T17:00:00.0000000Z,,False,2026-09-24T14:50:53+00:00
153768,920482,Michael Bandy,WR,DEN,3000,LAR @ DEN,2026-09-28T00:20:00.0000000Z,,False,2026-09-24T14:50:53+00:00
153768,920756,Devin Duvernay,WR,ARI,3000,ARI @ SF,2026-09-27T20:05:00.0000000Z,,False,2026-09-24T14:50:53+00:00
153768,920758,Lil'Jordan Humphrey,WR,DEN,3000,LAR @ DEN,2026-09-28T00:20:00.0000000Z,,False,2026-09-24T14:50:53+00:00
153768,920944,Ben Skowronek,WR,PIT,3000,CIN @ PIT,2026-09-27T17:00:00.0000000Z,,False,2026-09-24T14:50:53+00:00
153768,921460,Brandon Johnson,WR,PIT,3000,CIN @ PIT,2026-09-27T17:00:00.0000000Z,,False,2026-09-24T14:50:53+00:00
153768,944826,A.J. Brown,WR,NE,3000,NE @ JAX,2026-09-27T17:00:00.0000000Z,IR,False,2026-09-24T14:50:53+00:00
153768,973949,Tyrell Shavers,WR,BUF,3000,LAC @ BUF,2026-09-27T17:00:00.0000000Z,OUT,False,2026-09-24T14:50:53+00:00
153768,976066,Jalen Reagor,WR,MIA,3000,KC @ MIA,2026-09-27T17:00:00.0000000Z,,False,2026-09-24T14:50:53+00:00
153768,1049915,David Moore,WR,CAR,3000,CAR @ CLE,2026-09-27T17:00:00.0000000Z,,False,2026-09-24T14:50:53+00:00
153768,1056660,Austin Trammell,WR,JAX,3000,NE @ JAX,2026-09-27T17:00:00.0000000Z,,False,2026-09-24T14:50:53+00:00
153768,1056747,Tim Jones,WR,JAX,3000,NE @ JAX,2026-09-27T17:00:00.0000000Z,,False,2026-09-24T14:50:53+00:00
153768,1058726,Julian Hicks,WR,SEA,3000,SEA @ WAS,2026-09-27T17:00:00.0000000Z,,False,2026-09-24T14:50:53+00:00
153768,1059220,Brandon Smith,WR,PIT,3000,CIN @ PIT,2026-09-27T17:00:00.0000000Z,,False,2026-09-24T14:50:53+00:00
153768,1062546,Tylan Wallace,WR,CLE,3000,CAR @ CLE,2026-09-27T17:00:00.0000000Z,,False,2026-09-24T14:50:53+00:00
153768,1062765,Calvin Austin III,WR,NYG,3000,TEN @ NYG,2026-09-27T17:00:00.0000000Z,IR,False,2026-09-24T14:50:53+00:00
153768,1063397,D.J. Montgomery,WR,IND,3000,HOU @ IND,2026-09-27T17:00:00.0000000Z,IR,False,2026-09-24T14:50:53+00:00
153768,1065052,Tay Martin,WR,DET,3000,NYJ @ DET,2026-09-27T17:00:00.0000000Z,,False,2026-09-24T14:50:53+00:00
153768,1066424,Jalen Tolbert,WR,MIA,3000,KC @ MIA,2026-09-27T17:00:00.0000000Z,,False,2026-09-24T14:50:53+00:00
153768,1067132,Charlie Jones,WR,NYG,3000,TEN @ NYG,2026-09-27T17:00:00.0000000Z,,False,2026-09-24T14:50:53+00:00
153768,1106382,Jeshaun Jones,WR,MIN,3000,MIN @ TB,2026-09-27T20:05:00.0000000Z,OUT,False,2026-09-24T14:50:53+00:00
153768,1107034,Brandon Aiyuk,WR,SF,3000,ARI @ SF,2026-09-27T20:05:00.0000000Z,OUT,False,2026-09-24T14:50:53+00:00
153768,1108534,Dylan Drummond,WR,ATL,3000,ATL @ GB,2026-09-25T00:15:00.0000000Z,,False,2026-09-24T14:50:53+00:00
153768,1113398,Bryce Oliver,WR,HOU,3000,HOU @ IND,2026-09-27T17:00:00.0000000Z,,False,2026-09-24T14:50:53+00:00
153768,1113477,Derius Davis,WR,LAC,3000,LAC @ BUF,2026-09-27T17:00:00.0000000Z,,False,2026-09-24T14:50:53+00:00
153768,1120347,Chris Blair,WR,ATL,3000,ATL @ GB,2026-09-25T00:15:00.0000000Z,,False,2026-09-24T14:50:53+00:00
153768,1121050,Jake Bobo,WR,SEA,3000,SEA @ WAS,2026-09-27T17:00:00.0000000Z,IR,False,2026-09-24T14:50:53+00:00
153768,1121887,Justin Shorter,WR,LV,3000,LV @ NO,2026-09-27T20:25:00.0000000Z,IR,False,2026-09-24T14:50:53+00:00
153768,1123496,Simi Fehoko,WR,ARI,3000,ARI @ SF,2026-09-27T20:05:00.0000000Z,,False,2026-09-24T14:50:53+00:00
153768,1123525,Brycen Tremayne,WR,CAR,3000,CAR @ CLE,2026-09-27T17:00:00.0000000Z,,False,2026-09-24T14:50:53+00:00
153768,1124664,Cedric Tillman,WR,NO,3000,LV @ NO,2026-09-27T20:25:00.0000000Z,,False,2026-09-24T14:50:53+00:00
153768,1124851,Andrei Iosivas,WR,CIN,3000,CIN @ PIT,2026-09-27T17:00:00.0000000Z,OUT,False,2026-09-24T14:50:53+00:00
153768,1127080,Nikko Remigio,WR,KC,3000,KC @ MIA,2026-09-27T17:00:00.0000000Z,,False,2026-09-24T14:50:53+00:00
153768,1128222,Tank Dell,WR,HOU,3000,HOU @ IND,2026-09-27T17:00:00.0000000Z,IR,False,2026-09-24T14:50:53+00:00
153768,1128783,Elijah Moore,WR,PHI,3000,PHI @ CHI,2026-09-29T00:15:00.0000000Z,,False,2026-09-24T14:50:53+00:00
153768,1130213,Ronnie Bell,WR,LV,3000,LV @ NO,2026-09-27T20:25:00.0000000Z,,False,2026-09-24T14:50:53+00:00
153768,1130526,Kevin Austin Jr.,WR,NO,3000,LV @ NO,2026-09-27T20:25:00.0000000Z,,False,2026-09-24T14:50:53+00:00
153768,1130833,Deven Thompkins,WR,LV,3000,LV @ NO,2026-09-27T20:25:00.0000000Z,,False,2026-09-24T14:50:53+00:00
153768,1133320,Dohnte Meyers,WR,CIN,3000,CIN @ PIT,2026-09-27T17:00:00.0000000Z,,False,2026-09-24T14:50:53+00:00
153768,1137635,Xavier Smith,WR,LAR,3000,LAR @ DEN,2026-09-28T00:20:00.0000000Z,,False,2026-09-24T14:50:53+00:00
153768,1160348,John Metchie III,WR,CAR,3000,CAR @ CLE,2026-09-27T17:00:00.0000000Z,,False,2026-09-24T14:50:53+00:00
153768,1161416,Ricky Pearsall,WR,SF,3000,ARI @ SF,2026-09-27T20:05:00.0000000Z,IR,False,2026-09-24T14:50:53+00:00
153768,1161661,Anthony Gould,WR,IND,3000,HOU @ IND,2026-09-27T17:00:00.0000000Z,,False,2026-09-24T14:50:53+00:00
153768,1161739,Trey Palmer,WR,NO,3000,LV @ NO,2026-09-27T20:25:00.0000000Z,,False,2026-09-24T14:50:53+00:00
153768,1162602,Theo Wease Jr.,WR,LAC,3000,LAC @ BUF,2026-09-27T17:00:00.0000000Z,,False,2026-09-24T14:50:53+00:00
153768,1164846,Luke McCaffrey,WR,WAS,3000,SEA @ WAS,2026-09-27T17:00:00.0000000Z,,False,2026-09-24T14:50:53+00:00
153768,1168410,Gunner Olszewski,WR,NYG,3000,TEN @ NYG,2026-09-27T17:00:00.0000000Z,IR,False,2026-09-24T14:50:53+00:00
153768,1169263,Chandler Brayboy,WR,NE,3000,NE @ JAX,2026-09-27T17:00:00.0000000Z,,False,2026-09-24T14:50:53+00:00
153768,1170916,Jalen Moreno-Cropper,WR,NO,3000,LV @ NO,2026-09-27T20:25:00.0000000Z,,False,2026-09-24T14:50:53+00:00
153768,1170921,Josh Kelly,WR,HOU,3000,HOU @ IND,2026-09-27T17:00:00.0000000Z,,False,2026-09-24T14:50:53+00:00
153768,1172024,Treylon Burks,WR,WAS,3000,SEA @ WAS,2026-09-27T17:00:00.0000000Z,,False,2026-09-24T14:50:53+00:00
153768,1172080,Bub Means,WR,CLE,3000,CAR @ CLE,2026-09-27T17:00:00.0000000Z,,False,2026-09-24T14:50:53+00:00
153768,1172746,Isaiah Neyor,WR,GB,3000,ATL @ GB,2026-09-25T00:15:00.0000000Z,,False,2026-09-24T14:50:53+00:00
153768,1176431,Casey Washington,WR,CAR,3000,CAR @ CLE,2026-09-27T17:00:00.0000000Z,,False,2026-09-24T14:50:53+00:00
153768,1176782,Jonathan Mingo,WR,DAL,3000,BAL @ DAL,2026-09-27T20:25:00.0000000Z,,False,2026-09-24T14:50:53+00:00
153768,1177970,Xavier Gipson,WR,PHI,3000,PHI @ CHI,2026-09-29T00:15:00.0000000Z,,False,2026-09-24T14:50:53+00:00
153768,1180329,Dalen Cambre,WR,NYG,3000,TEN @ NYG,2026-09-27T17:00:00.0000000Z,,False,2026-09-24T14:50:53+00:00
153768,1180557,Kyrese Rowan,WR,NO,3000,LV @ NO,2026-09-27T20:25:00.0000000Z,,False,2026-09-24T14:50:53+00:00
153768,1182695,Mason Tipton,WR,NO,3000,LV @ NO,2026-09-27T20:25:00.0000000Z,OUT,False,2026-09-24T14:50:53+00:00
153768,1183008,Jeremiah Webb,WR,NE,3000,NE @ JAX,2026-09-27T17:00:00.0000000Z,IR,False,2026-09-24T14:50:53+00:00
153768,1213388,Ja'Mori Maclin,WR,BUF,3000,LAC @ BUF,2026-09-27T17:00:00.0000000Z,,False,2026-09-24T14:50:53+00:00
153768,1213442,Jimmy Holiday,WR,KC,3000,KC @ MIA,2026-09-27T17:00:00.0000000Z,IR,False,2026-09-24T14:50:53+00:00
153768,1213486,Johnny Wilson,WR,PHI,3000,PHI @ CHI,2026-09-29T00:15:00.0000000Z,IR,False,2026-09-24T14:50:53+00:00
153768,1213872,Savion Williams,WR,GB,3000,ATL @ GB,2026-09-25T00:15:00.0000000Z,IR,False,2026-09-24T14:50:53+00:00
153768,1213897,Garrett Greene,WR,TB,3000,MIN @ TB,2026-09-27T20:05:00.0000000Z,,False,2026-09-24T14:50:53+00:00
153768,1213929,E.J. Williams Jr.,WR,CAR,3000,CAR @ CLE,2026-09-27T17:00:00.0000000Z,,False,2026-09-24T14:50:53+00:00
153768,1214183,Xavier Restrepo,WR,TEN,3000,TEN @ NYG,2026-09-27T17:00:00.0000000Z,,False,2026-09-24T14:50:53+00:00
153768,1214405,KeAndre Lambert-Smith,WR,LAC,3000,LAC @ BUF,2026-09-27T17:00:00.0000000Z,IR,False,2026-09-24T14:50:53+00:00
153768,1214689,Jaylin Lane,WR,WAS,3000,SEA @ WAS,2026-09-27T17:00:00.0000000Z,Q,False,2026-09-24T14:50:53+00:00
153768,1214733,Corey Rucker,WR,LV,3000,LV @ NO,2026-09-27T20:25:00.0000000Z,IR,False,2026-09-24T14:50:53+00:00
153768,1214837,Tez Johnson,WR,TB,3000,MIN @ TB,2026-09-27T20:05:00.0000000Z,,False,2026-09-24T14:50:53+00:00
153768,1215078,Stephen Gosnell,WR,BUF,3000,LAC @ BUF,2026-09-27T17:00:00.0000000Z,,False,2026-09-24T14:50:53+00:00
153768,1215102,Chimere Dike,WR,TEN,3000,TEN @ NYG,2026-09-27T17:00:00.0000000Z,,False,2026-09-24T14:50:53+00:00
153768,1215291,Malachi Corley,WR,CLE,3000,CAR @ CLE,2026-09-27T17:00:00.0000000Z,,False,2026-09-24T14:50:53+00:00
153768,1215305,Mitch Tinsley,WR,HOU,3000,HOU @ IND,2026-09-27T17:00:00.0000000Z,,False,2026-09-24T14:50:53+00:00
153768,1215329,Will Sheppard,WR,MIA,3000,KC @ MIA,2026-09-27T17:00:00.0000000Z,,False,2026-09-24T14:50:53+00:00
153768,1215379,Xavier Guillory,WR,BAL,3000,BAL @ DAL,2026-09-27T20:25:00.0000000Z,,False,2026-09-24T14:50:53+00:00
153768,1215789,Antwane Wells Jr.,WR,ATL,3000,ATL @ GB,2026-09-25T00:15:00.0000000Z,,False,2026-09-24T14:50:53+00:00
153768,1216288,Efton Chism III,WR,NE,3000,NE @ JAX,2026-09-27T17:00:00.0000000Z,,False,2026-09-24T14:50:53+00:00
153768,1218653,Arian Smith,WR,NYJ,3000,NYJ @ DET,2026-09-27T17:00:00.0000000Z,IR,False,2026-09-24T14:50:53+00:00
153768,1222614,Anthony Smith,WR,DAL,3000,BAL @ DAL,2026-09-27T20:25:00.0000000Z,,False,2026-09-24T14:50:53+00:00
153768,1223301,Jalen Brooks,WR,ARI,3000,ARI @ SF,2026-09-27T20:05:00.0000000Z,,False,2026-09-24T14:50:53+00:00
153768,1223393,Tory Horton,WR,SEA,3000,SEA @ WAS,2026-09-27T17:00:00.0000000Z,,False,2026-09-24T14:50:53+00:00
153768,1226616,CJ Daniels,WR,LAR,3000,LAR @ DEN,2026-09-28T00:20:00.0000000Z,,False,2026-09-24T14:50:53+00:00
153768,1226657,Trayvon Rudolph,WR,MIN,3000,MIN @ TB,2026-09-27T20:05:00.0000000Z,,False,2026-09-24T14:50:53+00:00
153768,1228631,Trebor Pena,WR,JAX,3000,NE @ JAX,2026-09-27T17:00:00.0000000Z,,False,2026-09-24T14:50:53+00:00
153768,1228728,Myles Price,WR,MIN,3000,MIN @ TB,2026-09-27T20:05:00.0000000Z,,False,2026-09-24T14:50:53+00:00
153768,1229386,Brennan Presley,WR,LAR,3000,LAR @ DEN,2026-09-28T00:20:00.0000000Z,,False,2026-09-24T14:50:53+00:00
153768,1229846,Ricky White III,WR,SEA,3000,SEA @ WAS,2026-09-27T17:00:00.0000000Z,,False,2026-09-24T14:50:53+00:00
153768,1229869,Montorie Foster Jr.,WR,SEA,3000,SEA @ WAS,2026-09-27T17:00:00.0000000Z,,False,2026-09-24T14:50:53+00:00
153768,1231033,LaJohntay Wester,WR,BAL,3000,BAL @ DAL,2026-09-27T20:25:00.0000000Z,,False,2026-09-24T14:50:53+00:00
153768,1232057,Ke'Shawn Williams,WR,CIN,3000,CIN @ PIT,2026-09-27T17:00:00.0000000Z,,False,2026-09-24T14:50:53+00:00
153768,1232892,Jalin Hyatt,WR,NYG,3000,TEN @ NYG,2026-09-27T17:00:00.0000000Z,,False,2026-09-24T14:50:53+00:00
153768,1272873,Michael Briscoe,WR,MIN,3000,MIN @ TB,2026-09-27T20:05:00.0000000Z,,False,2026-09-24T14:50:53+00:00
153768,1274492,Jayden Higgins,WR,HOU,3000,HOU @ IND,2026-09-27T17:00:00.0000000Z,IR,False,2026-09-24T14:50:53+00:00
153768,1286164,Dont'e Thornton Jr.,WR,LV,3000,LV @ NO,2026-09-27T20:25:00.0000000Z,IR,False,2026-09-24T14:50:53+00:00
153768,1286417,JP Richardson,WR,CHI,3000,PHI @ CHI,2026-09-29T00:15:00.0000000Z,,False,2026-09-24T14:50:53+00:00
153768,1286480,Dominic Lovett,WR,DET,3000,NYJ @ DET,2026-09-27T17:00:00.0000000Z,,False,2026-09-24T14:50:53+00:00
153768,1286652,Lewis Bond,WR,HOU,3000,HOU @ IND,2026-09-27T17:00:00.0000000Z,,False,2026-09-24T14:50:53+00:00
153768,1286662,Jordan Moore,WR,CIN,3000,CIN @ PIT,2026-09-27T17:00:00.0000000Z,,False,2026-09-24T14:50:53+00:00
153768,1286818,De'Zhaun Stribling,WR,SF,3000,ARI @ SF,2026-09-27T20:05:00.0000000Z,IR,False,2026-09-24T14:50:53+00:00
153768,1286854,Malik McClain,WR,NYJ,3000,NYJ @ DET,2026-09-27T17:00:00.0000000Z,,False,2026-09-24T14:50:53+00:00
153768,1287587,Tai Felton,WR,MIN,3000,MIN @ TB,2026-09-27T20:05:00.0000000Z,,False,2026-09-24T14:50:53+00:00
153768,1287705,Beaux Collins,WR,ATL,3000,ATL @ GB,2026-09-25T00:15:00.0000000Z,IR,False,2026-09-24T14:50:53+00:00
153768,1287810,Harrison Wallace III,WR,ARI,3000,ARI @ SF,2026-09-27T20:05:00.0000000Z,,False,2026-09-24T14:50:53+00:00
153768,1288045,Will Pauling,WR,SF,3000,ARI @ SF,2026-09-27T20:05:00.0000000Z,,False,2026-09-24T14:50:53+00:00
153768,1289332,Konata Mumpfield,WR,LAR,3000,LAR @ DEN,2026-09-28T00:20:00.0000000Z,,False,2026-09-24T14:50:53+00:00
153768,1290418,Dean Patterson IV,WR,TB,3000,MIN @ TB,2026-09-27T20:05:00.0000000Z,,False,2026-09-24T14:50:53+00:00
153768,1296464,Quincy Skinner Jr.,WR,GB,3000,ATL @ GB,2026-09-25T00:15:00.0000000Z,,False,2026-09-24T14:50:53+00:00
153768,1321260,Jaden Bradley,WR,WAS,3000,SEA @ WAS,2026-09-27T17:00:00.0000000Z,,False,2026-09-24T14:50:53+00:00
153768,1322238,Daniel Sobkowicz,WR,HOU,3000,HOU @ IND,2026-09-27T17:00:00.0000000Z,,False,2026-09-24T14:50:53+00:00
153768,1322393,Jimmy Horn Jr.,WR,CLE,3000,CAR @ CLE,2026-09-27T17:00:00.0000000Z,,False,2026-09-24T14:50:53+00:00
153768,1322612,Ja'seem Reed,WR,CAR,3000,CAR @ CLE,2026-09-27T17:00:00.0000000Z,,False,2026-09-24T14:50:53+00:00
153768,1323007,Gage Larvadain,WR,BAL,3000,BAL @ DAL,2026-09-27T20:25:00.0000000Z,,False,2026-09-24T14:50:53+00:00
153768,1323916,J. Michael Sturdivant,WR,GB,3000,ATL @ GB,2026-09-25T00:15:00.0000000Z,,False,2026-09-24T14:50:53+00:00
153768,1325016,Bryce Lance,WR,NO,3000,LV @ NO,2026-09-27T20:25:00.0000000Z,,False,2026-09-24T14:50:53+00:00
153768,1325234,Skyler Bell,WR,BUF,3000,LAC @ BUF,2026-09-27T17:00:00.0000000Z,,False,2026-09-24T14:50:53+00:00
153768,1325475,Josh Cameron,WR,JAX,3000,NE @ JAX,2026-09-27T17:00:00.0000000Z,,False,2026-09-24T14:50:53+00:00
153768,1339352,Jeff Caldwell,WR,KC,3000,KC @ MIA,2026-09-27T17:00:00.0000000Z,IR,False,2026-09-24T14:50:53+00:00
153768,1378660,Dane Key,WR,DEN,3000,LAR @ DEN,2026-09-28T00:20:00.0000000Z,,False,2026-09-24T14:50:53+00:00
153768,1378910,Kendrick Law,WR,DET,3000,NYJ @ DET,2026-09-27T17:00:00.0000000Z,IR,False,2026-09-24T14:50:53+00:00
153768,1379261,Omari Evans,WR,KC,3000,KC @ MIA,2026-09-27T17:00:00.0000000Z,,False,2026-09-24T14:50:53+00:00
153768,1379331,Jordan Hudson,WR,DAL,3000,BAL @ DAL,2026-09-27T20:25:00.0000000Z,,False,2026-09-24T14:50:53+00:00
153768,1381092,CJ Williams,WR,JAX,3000,NE @ JAX,2026-09-27T17:00:00.0000000Z,,False,2026-09-24T14:50:53+00:00
153768,1382993,Jamaal Pritchett,WR,NYJ,3000,NYJ @ DET,2026-09-27T17:00:00.0000000Z,,False,2026-09-24T14:50:53+00:00
153768,1383993,Kaden Wetjen,WR,PIT,3000,CIN @ PIT,2026-09-27T17:00:00.0000000Z,,False,2026-09-24T14:50:53+00:00
153768,1384869,Dareke Young,WR,LV,3000,LV @ NO,2026-09-27T20:25:00.0000000Z,Q,False,2026-09-24T14:50:53+00:00
153768,1386002,Kaden Davis,WR,CHI,3000,PHI @ CHI,2026-09-29T00:15:00.0000000Z,,False,2026-09-24T14:50:53+00:00
153768,1389217,Camden Brown,WR,DAL,3000,BAL @ DAL,2026-09-27T20:25:00.0000000Z,,False,2026-09-24T14:50:53+00:00
153768,1390913,Wesley Grimes,WR,SF,3000,ARI @ SF,2026-09-27T20:05:00.0000000Z,,False,2026-09-24T14:50:53+00:00
153768,1390939,Reggie Virgil,WR,ARI,3000,ARI @ SF,2026-09-27T20:05:00.0000000Z,,False,2026-09-24T14:50:53+00:00
153768,1394692,Jordyn Tyson,WR,NO,3000,LV @ NO,2026-09-27T20:25:00.0000000Z,IR,False,2026-09-24T14:50:53+00:00
153768,1394825,Omar Cooper Jr.,WR,NYJ,3000,NYJ @ DET,2026-09-27T17:00:00.0000000Z,IR,False,2026-09-24T14:50:53+00:00
153768,1395843,Barion Brown,WR,NO,3000,LV @ NO,2026-09-27T20:25:00.0000000Z,Q,False,2026-09-24T14:50:53+00:00
153768,1396942,Dillon Bell,WR,MIN,3000,MIN @ TB,2026-09-27T20:05:00.0000000Z,,False,2026-09-24T14:50:53+00:00
153768,1398153,Zavion Thomas,WR,CHI,3000,PHI @ CHI,2026-09-29T00:15:00.0000000Z,,False,2026-09-24T14:50:53+00:00
153768,1398503,Isaiah Bond,WR,CLE,3000,CAR @ CLE,2026-09-27T17:00:00.0000000Z,,False,2026-09-24T14:50:53+00:00
153768,1398511,Emmanuel Henderson Jr.,WR,SEA,3000,SEA @ WAS,2026-09-27T17:00:00.0000000Z,,False,2026-09-24T14:50:53+00:00
153768,1399132,Brenen Thompson,WR,LAC,3000,LAC @ BUF,2026-09-27T17:00:00.0000000Z,Q,False,2026-09-24T14:50:53+00:00
153768,1399272,Kevin Coleman Jr.,WR,MIA,3000,KC @ MIA,2026-09-27T17:00:00.0000000Z,,False,2026-09-24T14:50:53+00:00
153768,1400788,Chris Brazzell II,WR,CAR,3000,CAR @ CLE,2026-09-27T17:00:00.0000000Z,IR,False,2026-09-24T14:50:53+00:00
153768,1401629,Vinny Anthony II,WR,ATL,3000,ATL @ GB,2026-09-25T00:15:00.0000000Z,,False,2026-09-24T14:50:53+00:00
153768,1402692,Noah Thomas,WR,CIN,3000,CIN @ PIT,2026-09-27T17:00:00.0000000Z,,False,2026-09-24T14:50:53+00:00
153768,1403491,Jalen Royals,WR,KC,3000,KC @ MIA,2026-09-27T17:00:00.0000000Z,,False,2026-09-24T14:50:53+00:00
153768,1405106,Andrew Armstrong,WR,KC,3000,KC @ MIA,2026-09-27T17:00:00.0000000Z,,False,2026-09-24T14:50:53+00:00
153768,1406878,Colbie Young,WR,CIN,3000,CIN @ PIT,2026-09-27T17:00:00.0000000Z,,False,2026-09-24T14:50:53+00:00
153768,1407491,Tyren Montgomery,WR,TEN,3000,TEN @ NYG,2026-09-27T17:00:00.0000000Z,,False,2026-09-24T14:50:53+00:00
153768,1412326,Kameron Johnson,WR,TB,3000,MIN @ TB,2026-09-27T20:05:00.0000000Z,,False,2026-09-24T14:50:53+00:00
153768,1441191,Malik Benson,WR,LV,3000,LV @ NO,2026-09-27T20:25:00.0000000Z,,False,2026-09-24T14:50:53+00:00
153768,1446502,Eric Rivers Jr.,WR,TB,3000,MIN @ TB,2026-09-27T20:05:00.0000000Z,,False,2026-09-24T14:50:53+00:00
153768,1452585,Michael Wortham,WR,JAX,3000,NE @ JAX,2026-09-27T17:00:00.0000000Z,,False,2026-09-24T14:50:53+00:00
153768,1458888,Ja'Kobi Lane,WR,BAL,3000,BAL @ DAL,2026-09-27T20:25:00.0000000Z,IR,False,2026-09-24T14:50:53+00:00
153768,1510975,Cole Burgess,WR,PIT,3000,CIN @ PIT,2026-09-27T17:00:00.0000000Z,IR,False,2026-09-24T14:50:53+00:00
153768,1521285,Ted Hurst III,WR,TB,3000,MIN @ TB,2026-09-27T20:05:00.0000000Z,,False,2026-09-24T14:50:53+00:00
153768,1522347,Kolbe Katsis,WR,DEN,3000,LAR @ DEN,2026-09-28T00:20:00.0000000Z,,False,2026-09-24T14:50:53+00:00
153768,1585808,Cameron Dorner,WR,NE,3000,NE @ JAX,2026-09-27T17:00:00.0000000Z,,False,2026-09-24T14:50:53+00:00
153768,1637701,Kyle Dixon,WR,NE,3000,NE @ JAX,2026-09-27T17:00:00.0000000Z,,False,2026-09-24T14:50:53+00:00
153768,606551,Chris Moore,WR,BAL,3100,BAL @ DAL,2026-09-27T20:25:00.0000000Z,Q,False,2026-09-24T14:50:53+00:00
153768,748554,Laquon Treadwell,WR,IND,3100,HOU @ IND,2026-09-27T17:00:00.0000000Z,,False,2026-09-24T14:50:53+00:00
153768,1068803,Bo Melton,WR,GB,3100,ATL @ GB,2026-09-25T00:15:00.0000000Z,,False,2026-09-24T14:50:53+00:00
153768,1121878,Jahan Dotson,WR,ATL,3100,ATL @ GB,2026-09-25T00:15:00.0000000Z,,False,2026-09-24T14:50:53+00:00
153768,1176733,Jared Wayne,WR,HOU,3100,HOU @ IND,2026-09-27T17:00:00.0000000Z,,False,2026-09-24T14:50:53+00:00
153768,1222835,Jordan Watkins,WR,SF,3100,ARI @ SF,2026-09-27T20:05:00.0000000Z,,False,2026-09-24T14:50:53+00:00
153768,1223318,Darius Cooper,WR,PHI,3100,PHI @ CHI,2026-09-29T00:15:00.0000000Z,,False,2026-09-24T14:50:53+00:00
153768,1399275,Travis Hunter,WR,JAX,3100,NE @ JAX,2026-09-27T17:00:00.0000000Z,,False,2026-09-24T14:50:53+00:00
153768,1057484,Cody White,WR,LV,3200,LV @ NO,2026-09-27T20:25:00.0000000Z,,False,2026-09-24T14:50:53+00:00
153768,1107878,Dyami Brown,WR,WAS,3200,SEA @ WAS,2026-09-27T17:00:00.0000000Z,,False,2026-09-24T14:50:53+00:00
153768,1118668,Ryan Miller,WR,MIA,3200,KC @ MIA,2026-09-27T17:00:00.0000000Z,Q,False,2026-09-24T14:50:53+00:00
153768,1163273,Jordan Whittington,WR,LAR,3200,LAR @ DEN,2026-09-28T00:20:00.0000000Z,Q,False,2026-09-24T14:50:53+00:00
153768,1166036,Ashton Dulin,WR,IND,3200,HOU @ IND,2026-09-27T17:00:00.0000000Z,Q,False,2026-09-24T14:50:53+00:00
153768,1176730,Skyy Moore,WR,GB,3200,ATL @ GB,2026-09-25T00:15:00.0000000Z,,False,2026-09-24T14:50:53+00:00
153768,589984,Odell Beckham Jr.,WR,NYG,3300,TEN @ NYG,2026-09-27T17:00:00.0000000Z,,False,2026-09-24T14:50:53+00:00
153768,976220,Hollywood Brown,WR,PHI,3300,PHI @ CHI,2026-09-29T00:15:00.0000000Z,,False,2026-09-24T14:50:53+00:00
153768,1110301,Tyquan Thornton,WR,KC,3300,KC @ MIA,2026-09-27T17:00:00.0000000Z,,False,2026-09-24T14:50:53+00:00
153768,1176432,Isaiah Williams,WR,NYJ,3300,NYJ @ DET,2026-09-27T17:00:00.0000000Z,,False,2026-09-24T14:50:53+00:00
153768,1181861,Jacob Cowing,WR,SF,3300,ARI @ SF,2026-09-27T20:05:00.0000000Z,,False,2026-09-24T14:50:53+00:00
153768,1287798,Deion Burks,WR,IND,3300,HOU @ IND,2026-09-27T17:00:00.0000000Z,,False,2026-09-24T14:50:53+00:00
153768,1395319,Elic Ayomanor,WR,TEN,3300,TEN @ NYG,2026-09-27T17:00:00.0000000Z,,False,2026-09-24T14:50:53+00:00
153768,1441110,Zachariah Branch,WR,ATL,3300,ATL @ GB,2026-09-25T00:15:00.0000000Z,,False,2026-09-24T14:50:53+00:00
153768,1465213,Jahdae Walker,WR,CHI,3300,PHI @ CHI,2026-09-29T00:15:00.0000000Z,,False,2026-09-24T14:50:53+00:00
153768,1227157,Kyle Williams,WR,NE,3400,NE @ JAX,2026-09-27T17:00:00.0000000Z,,False,2026-09-24T14:50:53+00:00
153768,1229669,Roman Wilson,WR,PIT,3400,CIN @ PIT,2026-09-27T17:00:00.0000000Z,,False,2026-09-24T14:50:53+00:00
153768,1389700,Chris Bell,WR,MIA,3400,KC @ MIA,2026-09-27T17:00:00.0000000Z,Q,False,2026-09-24T14:50:53+00:00
153768,1392584,Elijah Sarratt,WR,BAL,3400,BAL @ DAL,2026-09-27T20:25:00.0000000Z,,False,2026-09-24T14:50:53+00:00
153768,1441362,Isaac TeSlaa,WR,DET,3400,NYJ @ DET,2026-09-27T17:00:00.0000000Z,,False,2026-09-24T14:50:53+00:00
153768,607864,Brandin Cooks,WR,SF,3500,ARI @ SF,2026-09-27T20:05:00.0000000Z,,False,2026-09-24T14:50:53+00:00
153768,880557,Darius Slayton,WR,IND,3500,HOU @ IND,2026-09-27T17:00:00.0000000Z,,False,2026-09-24T14:50:53+00:00
153768,1059612,Joshua Palmer,WR,BUF,3500,LAC @ BUF,2026-09-27T17:00:00.0000000Z,,False,2026-09-24T14:50:53+00:00
153768,1180321,Xavier Legette,WR,CAR,3500,CAR @ CLE,2026-09-27T17:00:00.0000000Z,,False,2026-09-24T14:50:53+00:00
153768,1277914,Devontez Walker,WR,BAL,3500,BAL @ DAL,2026-09-27T20:25:00.0000000Z,,False,2026-09-24T14:50:53+00:00
153768,1286046,Jack Bech,WR,LV,3500,LV @ NO,2026-09-27T20:25:00.0000000Z,,False,2026-09-24T14:50:53+00:00
153768,1286176,Troy Franklin,WR,DEN,3500,LAR @ DEN,2026-09-28T00:20:00.0000000Z,,False,2026-09-24T14:50:53+00:00
153768,867009,Jauan Jennings,WR,MIN,3600,MIN @ TB,2026-09-27T20:05:00.0000000Z,,False,2026-09-24T14:50:53+00:00
153768,1286370,Jaylin Noel,WR,HOU,3600,HOU @ IND,2026-09-27T17:00:00.0000000Z,,False,2026-09-24T14:50:53+00:00
153768,1382670,Cyrus Allen,WR,KC,3600,KC @ MIA,2026-09-27T17:00:00.0000000Z,,False,2026-09-24T14:50:53+00:00
153768,754412,Kendrick Bourne,WR,ARI,3700,ARI @ SF,2026-09-27T20:05:00.0000000Z,,False,2026-09-24T14:50:53+00:00
153768,1106760,Tutu Atwell,WR,LAR,3700,LAR @ DEN,2026-09-28T00:20:00.0000000Z,,False,2026-09-24T14:50:53+00:00
153768,1126817,Jalen Nailor,WR,LV,3700,LV @ NO,2026-09-27T20:25:00.0000000Z,,False,2026-09-24T14:50:53+00:00
153768,1175693,DeMario Douglas,WR,NE,3700,NE @ JAX,2026-09-27T17:00:00.0000000Z,,False,2026-09-24T14:50:53+00:00
153768,1213799,Marvin Mims Jr.,WR,DEN,3700,LAR @ DEN,2026-09-28T00:20:00.0000000Z,Q,False,2026-09-24T14:50:53+00:00
153768,692660,Kalif Raymond,WR,CHI,3800,PHI @ CHI,2026-09-29T00:15:00.0000000Z,,False,2026-09-24T14:50:53+00:00
153768,727279,Demarcus Robinson,WR,SF,3800,ARI @ SF,2026-09-27T20:05:00.0000000Z,OUT,False,2026-09-24T14:50:53+00:00
153768,973935,Jerry Jeudy,WR,CLE,3800,CAR @ CLE,2026-09-27T17:00:00.0000000Z,,False,2026-09-24T14:50:53+00:00
153768,1393832,Ryan Flournoy,WR,DAL,3800,BAL @ DAL,2026-09-27T20:25:00.0000000Z,,False,2026-09-24T14:50:53+00:00
153768,1214633,Tre' Harris,WR,LAC,3900,LAC @ BUF,2026-09-27T17:00:00.0000000Z,,False,2026-09-24T14:50:53+00:00
153768,1380613,Germie Bernard,WR,PIT,3900,CIN @ PIT,2026-09-27T17:00:00.0000000Z,,False,2026-09-24T14:50:53+00:00
153768,1394798,Caleb Douglas,WR,MIA,3900,KC @ MIA,2026-09-27T17:00:00.0000000Z,Q,False,2026-09-24T14:50:53+00:00
153768,698227,Cooper Kupp,WR,SEA,4000,SEA @ WAS,2026-09-27T17:00:00.0000000Z,Q,False,2026-09-24T14:50:53+00:00
153768,884013,Calvin Ridley,WR,TEN,4000,TEN @ NYG,2026-09-27T17:00:00.0000000Z,,False,2026-09-24T14:50:53+00:00
153768,1213636,Xavier Hutchinson,WR,HOU,4000,HOU @ IND,2026-09-27T17:00:00.0000000Z,,False,2026-09-24T14:50:53+00:00
153768,1305866,Pat Bryant,WR,DEN,4000,LAR @ DEN,2026-09-28T00:20:00.0000000Z,,False,2026-09-24T14:50:53+00:00
153768,912027,Darnell Mooney,WR,NYG,4100,TEN @ NYG,2026-09-27T17:00:00.0000000Z,,False,2026-09-24T14:50:53+00:00
153768,1172428,Dontayvion Wicks,WR,PHI,4100,PHI @ CHI,2026-09-29T00:15:00.0000000Z,,False,2026-09-24T14:50:53+00:00
153768,1213726,Jalen McMillan,WR,TB,4100,MIN @ TB,2026-09-27T20:05:00.0000000Z,,False,2026-09-24T14:50:53+00:00
153768,1378290,Antonio Williams,WR,WAS,4100,SEA @ WAS,2026-09-27T17:00:00.0000000Z,,False,2026-09-24T14:50:53+00:00
153768,702808,Mack Hollins,WR,NE,4200,NE @ JAX,2026-09-27T17:00:00.0000000Z,,False,2026-09-24T14:50:53+00:00
153768,923412,Rashid Shaheed,WR,SEA,4200,SEA @ WAS,2026-09-27T17:00:00.0000000Z,,False,2026-09-24T14:50:53+00:00
153768,1123398,Jayden Reed,WR,GB,4200,ATL @ GB,2026-09-25T00:15:00.0000000Z,OUT,False,2026-09-24T14:50:53+00:00
153768,1173255,Malik Washington,WR,MIA,4200,KC @ MIA,2026-09-27T17:00:00.0000000Z,,False,2026-09-24T14:50:53+00:00
153768,1285908,Adonai Mitchell,WR,NYJ,4300,NYJ @ DET,2026-09-27T17:00:00.0000000Z,,False,2026-09-24T14:50:53+00:00
153768,1322431,Keon Coleman,WR,BUF,4300,LAC @ BUF,2026-09-27T17:00:00.0000000Z,Q,False,2026-09-24T14:50:53+00:00
153768,1441120,Makai Lemon,WR,PHI,4300,PHI @ CHI,2026-09-29T00:15:00.0000000Z,,False,2026-09-24T14:50:53+00:00
153768,1441576,KC Concepcion Jr.,WR,CLE,4300,CAR @ CLE,2026-09-27T17:00:00.0000000Z,,False,2026-09-24T14:50:53+00:00
153768,1164788,Devaughn Vele,WR,NO,4400,LV @ NO,2026-09-27T20:25:00.0000000Z,,False,2026-09-24T14:50:53+00:00
153768,1319589,Malachi Fields,WR,NYG,4400,TEN @ NYG,2026-09-27T17:00:00.0000000Z,,False,2026-09-24T14:50:53+00:00
153768,1326638,Xavier Worthy,WR,KC,4400,KC @ MIA,2026-09-27T17:00:00.0000000Z,,False,2026-09-24T14:50:53+00:00
153768,1164875,Wan'Dale Robinson,WR,TEN,4500,TEN @ NYG,2026-09-27T17:00:00.0000000Z,,False,2026-09-24T14:50:53+00:00
153768,1213362,Kayshon Boutte,WR,HOU,4500,HOU @ IND,2026-09-27T17:00:00.0000000Z,,False,2026-09-24T14:50:53+00:00
153768,1379904,Denzel Boston,WR,CLE,4500,CAR @ CLE,2026-09-27T17:00:00.0000000Z,,False,2026-09-24T14:50:53+00:00
153768,557210,Keenan Allen,WR,IND,4600,HOU @ IND,2026-09-27T17:00:00.0000000Z,,False,2026-09-24T14:50:53+00:00
153768,1286064,Brian Thomas Jr.,WR,JAX,4600,NE @ JAX,2026-09-27T17:00:00.0000000Z,,False,2026-09-24T14:50:53+00:00
153768,911348,Michael Pittman Jr.,WR,PIT,4700,CIN @ PIT,2026-09-27T17:00:00.0000000Z,Q,False,2026-09-24T14:50:53+00:00
153768,1108208,Rashod Bateman,WR,BAL,4700,BAL @ DAL,2026-09-27T20:25:00.0000000Z,,False,2026-09-24T14:50:53+00:00
153768,1287828,Marvin Harrison Jr.,WR,ARI,4700,ARI @ SF,2026-09-27T20:05:00.0000000Z,,False,2026-09-24T14:50:53+00:00
153768,880151,Jakobi Meyers,WR,JAX,4800,NE @ JAX,2026-09-27T17:00:00.0000000Z,Q,False,2026-09-24T14:50:53+00:00
153768,1130603,Khalil Shakir,WR,BUF,4800,LAC @ BUF,2026-09-27T17:00:00.0000000Z,,False,2026-09-24T14:50:53+00:00
153768,1213865,Quentin Johnston,WR,LAC,4900,LAC @ BUF,2026-09-27T17:00:00.0000000Z,,False,2026-09-24T14:50:53+00:00
153768,1214250,Jordan Addison,WR,MIN,4900,MIN @ TB,2026-09-27T20:05:00.0000000Z,,False,2026-09-24T14:50:53+00:00
153768,1379267,Matthew Golden,WR,GB,4900,ATL @ GB,2026-09-25T00:15:00.0000000Z,,False,2026-09-24T14:50:53+00:00
153768,1164979,Tre Tucker,WR,LV,5000,LV @ NO,2026-09-27T20:25:00.0000000Z,,False,2026-09-24T14:50:53+00:00
153768,1441839,Carnell Tate,WR,TEN,5000,TEN @ NYG,2026-09-27T17:00:00.0000000Z,,False,2026-09-24T14:50:53+00:00
153768,836116,Terry McLaurin,WR,WAS,5100,SEA @ WAS,2026-09-27T17:00:00.0000000Z,,False,2026-09-24T14:50:53+00:00
153768,1122653,Romeo Doubs,WR,NE,5100,NE @ JAX,2026-09-27T17:00:00.0000000Z,,False,2026-09-24T14:50:53+00:00
153768,838878,Courtland Sutton,WR,DEN,5200,LAR @ DEN,2026-09-28T00:20:00.0000000Z,,False,2026-09-24T14:50:53+00:00
153768,1123529,Michael Wilson,WR,ARI,5200,ARI @ SF,2026-09-27T20:05:00.0000000Z,,False,2026-09-24T14:50:53+00:00
153768,835127,Chris Godwin Jr.,WR,TB,5300,MIN @ TB,2026-09-27T20:05:00.0000000Z,,False,2026-09-24T14:50:53+00:00
153768,835749,Deebo Samuel Sr.,WR,SF,5300,ARI @ SF,2026-09-27T20:05:00.0000000Z,,False,2026-09-24T14:50:53+00:00
153768,1213727,Rome Odunze,WR,CHI,5300,PHI @ CHI,2026-09-29T00:15:00.0000000Z,,False,2026-09-24T14:50:53+00:00
153768,945633,DK Metcalf,WR,PIT,5400,CIN @ PIT,2026-09-27T17:00:00.0000000Z,,False,2026-09-24T14:50:53+00:00
153768,1175184,Jameson Williams,WR,DET,5400,NYJ @ DET,2026-09-27T17:00:00.0000000Z,,False,2026-09-24T14:50:53+00:00
153768,694041,Stefon Diggs,WR,WAS,5500,SEA @ WAS,2026-09-27T17:00:00.0000000Z,,False,2026-09-24T14:50:53+00:00
153768,1218753,Jalen Coker,WR,CAR,5500,CAR @ CLE,2026-09-27T17:00:00.0000000Z,Q,False,2026-09-24T14:50:53+00:00
153768,1107027,Alec Pierce,WR,IND,5600,HOU @ IND,2026-09-27T17:00:00.0000000Z,OUT,False,2026-09-24T14:50:53+00:00
153768,1377732,Luther Burden III,WR,CHI,5600,PHI @ CHI,2026-09-29T00:15:00.0000000Z,,False,2026-09-24T14:50:53+00:00
153768,1178741,Drake London,WR,ATL,5700,ATL @ GB,2026-09-25T00:15:00.0000000Z,,False,2026-09-24T14:50:53+00:00
153768,1215077,Josh Downs,WR,IND,5700,HOU @ IND,2026-09-27T17:00:00.0000000Z,,False,2026-09-24T14:50:53+00:00
153768,877790,DJ Moore,WR,BUF,5800,LAC @ BUF,2026-09-27T17:00:00.0000000Z,Q,False,2026-09-24T14:50:53+00:00
153768,1218643,Ladd McConkey,WR,LAC,5900,LAC @ BUF,2026-09-27T17:00:00.0000000Z,,False,2026-09-24T14:50:53+00:00
153768,1229074,Parker Washington,WR,JAX,6000,NE @ JAX,2026-09-27T17:00:00.0000000Z,,False,2026-09-24T14:50:53+00:00
153768,1380576,Tetairoa McMillan,WR,CAR,6000,CAR @ CLE,2026-09-27T17:00:00.0000000Z,,False,2026-09-24T14:50:53+00:00
153768,978579,Tee Higgins,WR,CIN,6100,CIN @ PIT,2026-09-27T17:00:00.0000000Z,,False,2026-09-24T14:50:53+00:00
153768,611417,Davante Adams,WR,LAR,6200,LAR @ DEN,2026-09-28T00:20:00.0000000Z,,False,2026-09-24T14:50:53+00:00
153768,1287825,Emeka Egbuka,WR,TB,6200,MIN @ TB,2026-09-27T20:05:00.0000000Z,,False,2026-09-24T14:50:53+00:00
153768,1164889,Garrett Wilson,WR,NYJ,6300,NYJ @ DET,2026-09-27T17:00:00.0000000Z,,False,2026-09-24T14:50:53+00:00
153768,1067918,Christian Watson,WR,GB,6400,ATL @ GB,2026-09-25T00:15:00.0000000Z,,False,2026-09-24T14:50:53+00:00
153768,1173538,Rashee Rice,WR,KC,6400,KC @ MIA,2026-09-27T17:00:00.0000000Z,,False,2026-09-24T14:50:53+00:00
153768,1286059,Malik Nabers,WR,NYG,6500,TEN @ NYG,2026-09-27T17:00:00.0000000Z,Q,False,2026-09-24T14:50:53+00:00
153768,1172053,George Pickens,WR,DAL,6600,BAL @ DAL,2026-09-27T20:25:00.0000000Z,,False,2026-09-24T14:50:53+00:00
153768,1125749,Jaylen Waddle,WR,DEN,6700,LAR @ DEN,2026-09-28T00:20:00.0000000Z,,False,2026-09-24T14:50:53+00:00
153768,593587,Mike Evans,WR,SF,6800,ARI @ SF,2026-09-27T20:05:00.0000000Z,Q,False,2026-09-24T14:50:53+00:00
153768,1177053,Zay Flowers,WR,BAL,6900,BAL @ DAL,2026-09-27T20:25:00.0000000Z,Q,False,2026-09-24T14:50:53+00:00
153768,1074698,Nico Collins,WR,HOU,7000,HOU @ IND,2026-09-27T17:00:00.0000000Z,Q,False,2026-09-24T14:50:53+00:00
153768,1060262,DeVonta Smith,WR,PHI,7100,PHI @ CHI,2026-09-29T00:15:00.0000000Z,,False,2026-09-24T14:50:53+00:00
153768,1122592,Chris Olave,WR,NO,7200,LV @ NO,2026-09-27T20:25:00.0000000Z,,False,2026-09-24T14:50:53+00:00
153768,1069535,Justin Jefferson,WR,MIN,7500,MIN @ TB,2026-09-27T20:05:00.0000000Z,,False,2026-09-24T14:50:53+00:00
153768,1162128,Puka Nacua,WR,LAR,7700,LAR @ DEN,2026-09-28T00:20:00.0000000Z,Q,False,2026-09-24T14:50:53+00:00
153768,1062020,CeeDee Lamb,WR,DAL,7800,BAL @ DAL,2026-09-27T20:25:00.0000000Z,,False,2026-09-24T14:50:53+00:00
153768,1127106,Amon-Ra St. Brown,WR,DET,7900,NYJ @ DET,2026-09-27T17:00:00.0000000Z,,False,2026-09-24T14:50:53+00:00
153768,1109979,Ja'Marr Chase,WR,CIN,8100,CIN @ PIT,2026-09-27T17:00:00.0000000Z,,False,2026-09-24T14:50:53+00:00
153768,1214087,Jaxon Smith-Njigba,WR,SEA,8600,SEA @ WAS,2026-09-27T17:00:00.0000000Z,,False,2026-09-24T14:50:53+00:00
153769,345,Dolphins,DST,MIA,2000,KC @ MIA,2026-09-27T17:00:00.0000000Z,,False,2026-09-24T14:50:53+00:00
153769,352,Jets,DST,NYJ,2100,NYJ @ DET,2026-09-27T17:00:00.0000000Z,,False,2026-09-24T14:50:53+00:00
153769,357,Chargers,DST,LAC,2200,LAC @ BUF,2026-09-27T17:00:00.0000000Z,,False,2026-09-24T14:50:53+00:00
153769,355,Cardinals,DST,ARI,2300,ARI @ SF,2026-09-27T20:05:00.0000000Z,,False,2026-09-24T14:50:53+00:00
153769,363,Commanders,DST,WAS,2300,SEA @ WAS,2026-09-27T17:00:00.0000000Z,,False,2026-09-24T14:50:53+00:00
153769,331,Cowboys,DST,DAL,2400,BAL @ DAL,2026-09-27T20:25:00.0000000Z,,False,2026-09-24T14:50:53+00:00
153769,336,Titans,DST,TEN,2400,TEN @ NYG,2026-09-27T17:00:00.0000000Z,,False,2026-09-24T14:50:53+00:00
153769,329,Browns,DST,CLE,2500,CAR @ CLE,2026-09-27T17:00:00.0000000Z,,False,2026-09-24T14:50:53+00:00
153769,338,Colts,DST,IND,2500,HOU @ IND,2026-09-27T17:00:00.0000000Z,,False,2026-09-24T14:50:53+00:00
153769,341,Raiders,DST,LV,2600,LV @ NO,2026-09-27T20:25:00.0000000Z,,False,2026-09-24T14:50:53+00:00
153769,362,Buccaneers,DST,TB,2600,MIN @ TB,2026-09-27T20:05:00.0000000Z,,False,2026-09-24T14:50:53+00:00
153769,348,Patriots,DST,NE,2700,NE @ JAX,2026-09-27T17:00:00.0000000Z,,False,2026-09-24T14:50:53+00:00
153769,356,Steelers,DST,PIT,2700,CIN @ PIT,2026-09-27T17:00:00.0000000Z,,False,2026-09-24T14:50:53+00:00
153769,324,Bills,DST,BUF,2800,LAC @ BUF,2026-09-27T17:00:00.0000000Z,,False,2026-09-24T14:50:53+00:00
153769,366,Ravens,DST,BAL,2800,BAL @ DAL,2026-09-27T20:25:00.0000000Z,,False,2026-09-24T14:50:53+00:00
153769,327,Bengals,DST,CIN,2900,CIN @ PIT,2026-09-27T17:00:00.0000000Z,,False,2026-09-24T14:50:53+00:00
153769,365,Jaguars,DST,JAX,2900,NE @ JAX,2026-09-27T17:00:00.0000000Z,,False,2026-09-24T14:50:53+00:00
153769,364,Panthers,DST,CAR,3000,CAR @ CLE,2026-09-27T17:00:00.0000000Z,,False,2026-09-24T14:50:53+00:00
153769,347,Vikings,DST,MIN,3100,MIN @ TB,2026-09-27T20:05:00.0000000Z,,False,2026-09-24T14:50:53+00:00
153769,325,Texans,DST,HOU,3200,HOU @ IND,2026-09-27T17:00:00.0000000Z,,False,2026-09-24T14:50:53+00:00
153769,350,Saints,DST,NO,3300,LV @ NO,2026-09-27T20:25:00.0000000Z,,False,2026-09-24T14:50:53+00:00
153769,351,Giants,DST,NYG,3400,TEN @ NYG,2026-09-27T17:00:00.0000000Z,,False,2026-09-24T14:50:53+00:00
153769,334,Lions,DST,DET,3500,NYJ @ DET,2026-09-27T17:00:00.0000000Z,,False,2026-09-24T14:50:53+00:00
153769,359,49ers,DST,SF,3600,ARI @ SF,2026-09-27T20:05:00.0000000Z,,False,2026-09-24T14:50:53+00:00
153769,339,Chiefs,DST,KC,3700,KC @ MIA,2026-09-27T17:00:00.0000000Z,,False,2026-09-24T14:50:53+00:00
153769,361,Seahawks,DST,SEA,3800,SEA @ WAS,2026-09-27T17:00:00.0000000Z,,False,2026-09-24T14:50:53+00:00
153769,273278,Josh Johnson,QB,CIN,4000,CIN @ PIT,2026-09-27T17:00:00.0000000Z,,False,2026-09-24T14:50:53+00:00
153769,691536,Jameis Winston,QB,NYG,4000,TEN @ NYG,2026-09-27T17:00:00.0000000Z,,False,2026-09-24T14:50:53+00:00
153769,728169,Mitchell Trubisky,QB,TEN,4000,TEN @ NYG,2026-09-27T17:00:00.0000000Z,,False,2026-09-24T14:50:53+00:00
153769,741262,Joshua Dobbs,QB,DET,4000,NYJ @ DET,2026-09-27T17:00:00.0000000Z,,False,2026-09-24T14:50:53+00:00
153769,748309,Nick Mullens,QB,JAX,4000,NE @ JAX,2026-09-27T17:00:00.0000000Z,,False,2026-09-24T14:50:53+00:00
153769,822350,Kyle Allen,QB,BUF,4000,LAC @ BUF,2026-09-27T17:00:00.0000000Z,,False,2026-09-24T14:50:53+00:00
153769,823220,Mason Rudolph,QB,PIT,4000,CIN @ PIT,2026-09-27T17:00:00.0000000Z,,False,2026-09-24T14:50:53+00:00
153769,831007,Easton Stick,QB,TB,4000,MIN @ TB,2026-09-27T20:05:00.0000000Z,,False,2026-09-24T14:50:53+00:00
153769,867303,Gardner Minshew II,QB,ARI,4000,ARI @ SF,2026-09-27T20:05:00.0000000Z,,False,2026-09-24T14:50:53+00:00
153769,911619,Shane Buechele,QB,BUF,4000,LAC @ BUF,2026-09-27T17:00:00.0000000Z,,False,2026-09-24T14:50:53+00:00
153769,913163,Tyler Huntley,QB,BAL,4000,BAL @ DAL,2026-09-27T20:25:00.0000000Z,,False,2026-09-24T14:50:53+00:00
153769,913829,Skylar Thompson,QB,BAL,4000,BAL @ DAL,2026-09-27T20:25:00.0000000Z,IR,False,2026-09-24T14:50:53+00:00
153769,973945,Mac Jones,QB,SF,4000,ARI @ SF,2026-09-27T20:05:00.0000000Z,,False,2026-09-24T14:50:53+00:00
153769,976924,Kenny Pickett,QB,CAR,4000,CAR @ CLE,2026-09-27T17:00:00.0000000Z,,False,2026-09-24T14:50:53+00:00
153769,976966,Hendon Hooker,QB,TEN,4000,TEN @ NYG,2026-09-27T17:00:00.0000000Z,,False,2026-09-24T14:50:53+00:00
153769,1049254,Jake Haener,QB,NYG,4000,TEN @ NYG,2026-09-27T17:00:00.0000000Z,,False,2026-09-24T14:50:53+00:00
153769,1058090,Bailey Zappe,QB,NYJ,4000,NYJ @ DET,2026-09-27T17:00:00.0000000Z,,False,2026-09-24T14:50:53+00:00
153769,1060311,Davis Mills,QB,HOU,4000,HOU @ IND,2026-09-27T17:00:00.0000000Z,,False,2026-09-24T14:50:53+00:00
153769,1060671,Tommy DeVito,QB,NE,4000,NE @ JAX,2026-09-27T17:00:00.0000000Z,,False,2026-09-24T14:50:53+00:00
153769,1066811,Aidan O'Connell,QB,LV,4000,LV @ NO,2026-09-27T20:25:00.0000000Z,Q,False,2026-09-24T14:50:53+00:00
153769,1067089,Sean Clifford,QB,CIN,4000,CIN @ PIT,2026-09-27T17:00:00.0000000Z,,False,2026-09-24T14:50:53+00:00
153769,1108052,Zach Wilson,QB,NO,4000,LV @ NO,2026-09-27T20:25:00.0000000Z,,False,2026-09-24T14:50:53+00:00
153769,1109711,Sam Hartman,QB,WAS,4000,SEA @ WAS,2026-09-27T17:00:00.0000000Z,,False,2026-09-24T14:50:53+00:00
153769,1110681,Justin Fields,QB,KC,4000,KC @ MIA,2026-09-27T17:00:00.0000000Z,,False,2026-09-24T14:50:53+00:00
153769,1112338,Joe Milton III,QB,DAL,4000,BAL @ DAL,2026-09-27T20:25:00.0000000Z,,False,2026-09-24T14:50:53+00:00
153769,1116663,Will Levis,QB,NYJ,4000,NYJ @ DET,2026-09-27T17:00:00.0000000Z,,False,2026-09-24T14:50:53+00:00
153769,1130975,Trey Lance,QB,LAC,4000,LAC @ BUF,2026-09-27T17:00:00.0000000Z,,False,2026-09-24T14:50:53+00:00
153769,1164951,Graham Mertz,QB,HOU,4000,HOU @ IND,2026-09-27T17:00:00.0000000Z,IR,False,2026-09-24T14:50:53+00:00
153769,1165333,Dillon Gabriel,QB,CLE,4000,CAR @ CLE,2026-09-27T17:00:00.0000000Z,IR,False,2026-09-24T14:50:53+00:00
153769,1166989,Kurtis Rourke,QB,SF,4000,ARI @ SF,2026-09-27T20:05:00.0000000Z,,False,2026-09-24T14:50:53+00:00
153769,1168245,Sam Howell,QB,DAL,4000,BAL @ DAL,2026-09-27T20:25:00.0000000Z,,False,2026-09-24T14:50:53+00:00
153769,1169299,Joe Fagnano,QB,BAL,4000,BAL @ DAL,2026-09-27T20:25:00.0000000Z,,False,2026-09-24T14:50:53+00:00
153769,1169329,Max Brosmer,QB,MIN,4000,MIN @ TB,2026-09-27T20:05:00.0000000Z,,False,2026-09-24T14:50:53+00:00
153769,1174752,Spencer Rattler,QB,NO,4000,LV @ NO,2026-09-27T20:25:00.0000000Z,,False,2026-09-24T14:50:53+00:00
153769,1213340,Carson Beck,QB,ARI,4000,ARI @ SF,2026-09-27T20:05:00.0000000Z,,False,2026-09-24T14:50:53+00:00
153769,1213386,Brady Cook,QB,MIA,4000,KC @ MIA,2026-09-27T17:00:00.0000000Z,,False,2026-09-24T14:50:53+00:00
153769,1213782,Will Howard,QB,PIT,4000,CIN @ PIT,2026-09-27T17:00:00.0000000Z,,False,2026-09-24T14:50:53+00:00
153769,1213928,DJ Uiagalelei,QB,LAC,4000,LAC @ BUF,2026-09-27T17:00:00.0000000Z,,False,2026-09-24T14:50:53+00:00
153769,1214336,Haynes King,QB,CAR,4000,CAR @ CLE,2026-09-27T17:00:00.0000000Z,,False,2026-09-24T14:50:53+00:00
153769,1215022,Anthony Richardson Sr.,QB,IND,4000,HOU @ IND,2026-09-27T17:00:00.0000000Z,,False,2026-09-24T14:50:53+00:00
153769,1225681,Jalon Daniels,QB,TB,4000,MIN @ TB,2026-09-27T20:05:00.0000000Z,,False,2026-09-24T14:50:53+00:00
153769,1286037,Garrett Nussmeier,QB,KC,4000,KC @ MIA,2026-09-27T17:00:00.0000000Z,,False,2026-09-24T14:50:53+00:00
153769,1286214,Luke Altmyer,QB,DET,4000,NYJ @ DET,2026-09-27T17:00:00.0000000Z,,False,2026-09-24T14:50:53+00:00
153769,1286388,Behren Morton,QB,NE,4000,NE @ JAX,2026-09-27T17:00:00.0000000Z,,False,2026-09-24T14:50:53+00:00
153769,1287826,Kyle McCord,QB,MIA,4000,KC @ MIA,2026-09-27T17:00:00.0000000Z,,False,2026-09-24T14:50:53+00:00
153769,1287925,Athan Kaliakmanis,QB,WAS,4000,SEA @ WAS,2026-09-27T17:00:00.0000000Z,,False,2026-09-24T14:50:53+00:00
153769,1288113,Taylen Green,QB,CLE,4000,CAR @ CLE,2026-09-27T17:00:00.0000000Z,,False,2026-09-24T14:50:53+00:00
153769,1290102,Jalen Milroe,QB,SEA,4000,SEA @ WAS,2026-09-27T17:00:00.0000000Z,,False,2026-09-24T14:50:53+00:00
153769,1290165,Riley Leonard,QB,IND,4000,HOU @ IND,2026-09-27T17:00:00.0000000Z,,False,2026-09-24T14:50:53+00:00
153769,1333868,Quinn Ewers,QB,JAX,4000,NE @ JAX,2026-09-27T17:00:00.0000000Z,,False,2026-09-24T14:50:53+00:00
153769,1378287,Cade Klubnik,QB,NYJ,4000,NYJ @ DET,2026-09-27T17:00:00.0000000Z,,False,2026-09-24T14:50:53+00:00
153769,1379258,Drew Allar,QB,PIT,4000,CIN @ PIT,2026-09-27T17:00:00.0000000Z,,False,2026-09-24T14:50:53+00:00
153769,1448305,Joey Aguilar,QB,JAX,4000,NE @ JAX,2026-09-27T17:00:00.0000000Z,,False,2026-09-24T14:50:53+00:00
153769,1287599,J.J. McCarthy,QB,MIN,4100,MIN @ TB,2026-09-27T20:05:00.0000000Z,,False,2026-09-24T14:50:53+00:00
153769,1272321,Shedeur Sanders,QB,CLE,4200,CAR @ CLE,2026-09-27T17:00:00.0000000Z,,False,2026-09-24T14:50:53+00:00
153769,1400786,Fernando Mendoza,QB,LV,4300,LV @ NO,2026-09-27T20:25:00.0000000Z,,False,2026-09-24T14:50:53+00:00
153769,216342,Joe Flacco,QB,CIN,4400,CIN @ PIT,2026-09-27T17:00:00.0000000Z,,False,2026-09-24T14:50:53+00:00
153769,607843,Marcus Mariota,QB,WAS,4500,SEA @ WAS,2026-09-27T17:00:00.0000000Z,,False,2026-09-24T14:50:53+00:00
153769,613866,Carson Wentz,QB,MIN,4600,MIN @ TB,2026-09-27T20:05:00.0000000Z,,False,2026-09-24T14:50:53+00:00
153769,828743,Deshaun Watson,QB,CLE,4700,CAR @ CLE,2026-09-27T17:00:00.0000000Z,,False,2026-09-24T14:50:53+00:00
153769,403308,Kirk Cousins,QB,LV,4800,LV @ NO,2026-09-27T20:25:00.0000000Z,,False,2026-09-24T14:50:53+00:00
153769,607047,Jacoby Brissett,QB,ARI,4800,ARI @ SF,2026-09-27T20:05:00.0000000Z,,False,2026-09-24T14:50:53+00:00
153769,513856,Geno Smith,QB,NYJ,4900,NYJ @ DET,2026-09-27T17:00:00.0000000Z,,False,2026-09-24T14:50:53+00:00
153769,976323,Malik Willis,QB,MIA,4900,KC @ MIA,2026-09-27T17:00:00.0000000Z,,False,2026-09-24T14:50:53+00:00
153769,213957,Aaron Rodgers,QB,PIT,5000,CIN @ PIT,2026-09-27T17:00:00.0000000Z,,False,2026-09-24T14:50:53+00:00
153769,879981,Daniel Jones,QB,IND,5000,HOU @ IND,2026-09-27T17:00:00.0000000Z,,False,2026-09-24T14:50:53+00:00
153769,879799,Kyler Murray,QB,MIN,5100,MIN @ TB,2026-09-27T20:05:00.0000000Z,,False,2026-09-24T14:50:53+00:00
153769,1228691,Cam Ward,QB,TEN,5100,TEN @ NYG,2026-09-27T17:00:00.0000000Z,,False,2026-09-24T14:50:53+00:00
153769,882345,Drew Lock,QB,SEA,5200,SEA @ WAS,2026-09-27T17:00:00.0000000Z,,False,2026-09-24T14:50:53+00:00
153769,748070,Baker Mayfield,QB,TB,5300,MIN @ TB,2026-09-27T20:05:00.0000000Z,,False,2026-09-24T14:50:53+00:00
153769,880026,Sam Darnold,QB,SEA,5400,SEA @ WAS,2026-09-27T17:00:00.0000000Z,Q,False,2026-09-24T14:50:53+00:00
153769,1110306,Tyler Shough,QB,NO,5400,LV @ NO,2026-09-27T20:25:00.0000000Z,,False,2026-09-24T14:50:53+00:00
153769,1214084,C.J. Stroud,QB,HOU,5500,HOU @ IND,2026-09-27T17:00:00.0000000Z,,False,2026-09-24T14:50:53+00:00
153769,1213257,Bryce Young,QB,CAR,5600,CAR @ CLE,2026-09-27T17:00:00.0000000Z,,False,2026-09-24T14:50:53+00:00
153769,1110711,Trevor Lawrence,QB,JAX,5700,NE @ JAX,2026-09-27T17:00:00.0000000Z,,False,2026-09-24T14:50:53+00:00
153769,910562,Justin Herbert,QB,LAC,5800,LAC @ BUF,2026-09-27T17:00:00.0000000Z,,False,2026-09-24T14:50:53+00:00
153769,1286260,Jaxson Dart,QB,NYG,5900,TEN @ NYG,2026-09-27T17:00:00.0000000Z,OUT,False,2026-09-24T14:50:53+00:00
153769,1161228,Jayden Daniels,QB,WAS,6000,SEA @ WAS,2026-09-27T17:00:00.0000000Z,OUT,False,2026-09-24T14:50:53+00:00
153769,1286803,Drake Maye,QB,NE,6100,NE @ JAX,2026-09-27T17:00:00.0000000Z,,False,2026-09-24T14:50:53+00:00
153769,839031,Patrick Mahomes,QB,KC,6200,KC @ MIA,2026-09-27T17:00:00.0000000Z,,False,2026-09-24T14:50:53+00:00
153769,727837,Jared Goff,QB,DET,6300,NYJ @ DET,2026-09-27T17:00:00.0000000Z,,False,2026-09-24T14:50:53+00:00
153769,1121761,Brock Purdy,QB,SF,6500,ARI @ SF,2026-09-27T20:05:00.0000000Z,,False,2026-09-24T14:50:53+00:00
153769,878785,Joe Burrow,QB,CIN,6600,CIN @ PIT,2026-09-27T17:00:00.0000000Z,,False,2026-09-24T14:50:53+00:00
153769,591816,Dak Prescott,QB,DAL,6700,BAL @ DAL,2026-09-27T20:25:00.0000000Z,,False,2026-09-24T14:50:53+00:00
153769,877745,Lamar Jackson,QB,BAL,7500,BAL @ DAL,2026-09-27T20:25:00.0000000Z,,False,2026-09-24T14:50:53+00:00
153769,868199,Josh Allen,QB,BUF,8000,LAC @ BUF,2026-09-27T17:00:00.0000000Z,,False,2026-09-24T14:50:53+00:00
153769,501150,Kyle Juszczyk,RB,SF,4000,ARI @ SF,2026-09-27T20:05:00.0000000Z,,False,2026-09-24T14:50:53+00:00
153769,556483,Michael Burton,RB,CLE,4000,CAR @ CLE,2026-09-27T17:00:00.0000000Z,,False,2026-09-24T14:50:53+00:00
153769,590796,Ameer Abdullah,RB,JAX,4000,NE @ JAX,2026-09-27T17:00:00.0000000Z,,False,2026-09-24T14:50:53+00:00
153769,658389,Patrick Ricard,RB,NYG,4000,TEN @ NYG,2026-09-27T17:00:00.0000000Z,,False,2026-09-24T14:50:53+00:00
153769,703015,Dare Ogunbowale,RB,LV,4000,LV @ NO,2026-09-27T20:25:00.0000000Z,,False,2026-09-24T14:50:53+00:00
153769,742390,James Conner,RB,ARI,4000,ARI @ SF,2026-09-27T20:05:00.0000000Z,IR,False,2026-09-24T14:50:53+00:00
153769,824428,Andrew Beck,RB,NYJ,4000,NYJ @ DET,2026-09-27T17:00:00.0000000Z,,False,2026-09-24T14:50:53+00:00
153769,837594,Jeremy McNichols,RB,WAS,4000,SEA @ WAS,2026-09-27T17:00:00.0000000Z,IR,False,2026-09-24T14:50:53+00:00
153769,877784,Ty Johnson,RB,BUF,4000,LAC @ BUF,2026-09-27T17:00:00.0000000Z,,False,2026-09-24T14:50:53+00:00
153769,880322,Alec Ingold,RB,LAC,4000,LAC @ BUF,2026-09-27T17:00:00.0000000Z,,False,2026-09-24T14:50:53+00:00
153769,912553,Jonathan Ward,RB,BAL,4000,BAL @ DAL,2026-09-27T20:25:00.0000000Z,,False,2026-09-24T14:50:53+00:00
153769,915066,Reggie Gilliam,RB,NE,4000,NE @ JAX,2026-09-27T17:00:00.0000000Z,Q,False,2026-09-24T14:50:53+00:00
153769,919304,Velus Jones Jr.,RB,SEA,4000,SEA @ WAS,2026-09-27T17:00:00.0000000Z,,False,2026-09-24T14:50:53+00:00
153769,922484,Travis Homer,RB,PIT,4000,CIN @ PIT,2026-09-27T17:00:00.0000000Z,,False,2026-09-24T14:50:53+00:00
153769,946748,Kene Nwangwu,RB,NYJ,4000,NYJ @ DET,2026-09-27T17:00:00.0000000Z,Q,False,2026-09-24T14:50:53+00:00
153769,975028,Malik Davis,RB,DAL,4000,BAL @ DAL,2026-09-27T20:25:00.0000000Z,IR,False,2026-09-24T14:50:53+00:00
153769,976329,Michael Carter,RB,TEN,4000,TEN @ NYG,2026-09-27T17:00:00.0000000Z,,False,2026-09-24T14:50:53+00:00
153769,1057457,Connor Heyward,RB,LV,4000,LV @ NO,2026-09-27T20:25:00.0000000Z,,False,2026-09-24T14:50:53+00:00
153769,1057725,Carlos Washington Jr.,RB,MIA,4000,KC @ MIA,2026-09-27T17:00:00.0000000Z,,False,2026-09-24T14:50:53+00:00
153769,1059576,Ty Chandler,RB,NO,4000,LV @ NO,2026-09-27T20:25:00.0000000Z,IR,False,2026-09-24T14:50:53+00:00
153769,1060545,AJ Dillon,RB,CAR,4000,CAR @ CLE,2026-09-27T17:00:00.0000000Z,,False,2026-09-24T14:50:53+00:00
153769,1064955,Brady Russell,RB,SEA,4000,SEA @ WAS,2026-09-27T17:00:00.0000000Z,Q,False,2026-09-24T14:50:53+00:00
153769,1106832,Isiah Pacheco,RB,DET,4000,NYJ @ DET,2026-09-27T17:00:00.0000000Z,IR,False,2026-09-24T14:50:53+00:00
153769,1110697,Zamir White,RB,NO,4000,LV @ NO,2026-09-27T20:25:00.0000000Z,,False,2026-09-24T14:50:53+00:00
153769,1116001,Jordan Mason,RB,MIN,4000,MIN @ TB,2026-09-27T20:05:00.0000000Z,IR,False,2026-09-24T14:50:53+00:00
153769,1122182,Dylan Laube,RB,LV,4000,LV @ NO,2026-09-27T20:25:00.0000000Z,,False,2026-09-24T14:50:53+00:00
153769,1125737,Jerome Ford,RB,MIN,4000,MIN @ TB,2026-09-27T20:05:00.0000000Z,,False,2026-09-24T14:50:53+00:00
153769,1125846,Julius Chestnut,RB,TEN,4000,TEN @ NYG,2026-09-27T17:00:00.0000000Z,,False,2026-09-24T14:50:53+00:00
153769,1126338,Isaac Guerendo,RB,SF,4000,ARI @ SF,2026-09-27T20:05:00.0000000Z,OUT,False,2026-09-24T14:50:53+00:00
153769,1128295,British Brooks,RB,HOU,4000,HOU @ IND,2026-09-27T17:00:00.0000000Z,,False,2026-09-24T14:50:53+00:00
153769,1130245,Ben VanSumeren,RB,KC,4000,KC @ MIA,2026-09-27T17:00:00.0000000Z,,False,2026-09-24T14:50:53+00:00
153769,1130595,Scott Matlock,RB,LAC,4000,LAC @ BUF,2026-09-27T17:00:00.0000000Z,IR,False,2026-09-24T14:50:53+00:00
153769,1130976,Hunter Luepke,RB,DAL,4000,BAL @ DAL,2026-09-27T20:25:00.0000000Z,,False,2026-09-24T14:50:53+00:00
153769,1131457,Jacob Saylors,RB,DET,4000,NYJ @ DET,2026-09-27T17:00:00.0000000Z,,False,2026-09-24T14:50:53+00:00
153769,1161798,Eric Gray,RB,CLE,4000,CAR @ CLE,2026-09-27T17:00:00.0000000Z,,False,2026-09-24T14:50:53+00:00
153769,1163866,Bam Knight,RB,ARI,4000,ARI @ SF,2026-09-27T20:05:00.0000000Z,,False,2026-09-24T14:50:53+00:00
153769,1164137,Jawhar Jordan,RB,HOU,4000,HOU @ IND,2026-09-27T17:00:00.0000000Z,,False,2026-09-24T14:50:53+00:00
153769,1164530,Zach Charbonnet,RB,SEA,4000,SEA @ WAS,2026-09-27T17:00:00.0000000Z,OUT,False,2026-09-24T14:50:53+00:00
153769,1166235,Sincere McCormick,RB,SF,4000,ARI @ SF,2026-09-27T20:05:00.0000000Z,,False,2026-09-24T14:50:53+00:00
153769,1166480,Lew Nichols,RB,PIT,4000,CIN @ PIT,2026-09-27T17:00:00.0000000Z,,False,2026-09-24T14:50:53+00:00
153769,1167356,Craig Reynolds,RB,WAS,4000,SEA @ WAS,2026-09-27T17:00:00.0000000Z,,False,2026-09-24T14:50:53+00:00
153769,1168918,Tyler Goodson,RB,DAL,4000,BAL @ DAL,2026-09-27T20:25:00.0000000Z,,False,2026-09-24T14:50:53+00:00
153769,1172990,Josh Williams,RB,TB,4000,MIN @ TB,2026-09-27T20:05:00.0000000Z,,False,2026-09-24T14:50:53+00:00
153769,1173266,Evan Hull,RB,ARI,4000,ARI @ SF,2026-09-27T20:05:00.0000000Z,,False,2026-09-24T14:50:53+00:00
153769,1173480,Jacardia Wright,RB,SEA,4000,SEA @ WAS,2026-09-27T17:00:00.0000000Z,,False,2026-09-24T14:50:53+00:00
153769,1213345,Kendall Milton,RB,CIN,4000,CIN @ PIT,2026-09-27T17:00:00.0000000Z,,False,2026-09-24T14:50:53+00:00
153769,1213478,Chip Trayanum,RB,NYJ,4000,NYJ @ DET,2026-09-27T17:00:00.0000000Z,IR,False,2026-09-24T14:50:53+00:00
153769,1214132,Nate Carter,RB,KC,4000,KC @ MIA,2026-09-27T17:00:00.0000000Z,,False,2026-09-24T14:50:53+00:00
153769,1214249,Israel Abanikanda,RB,DAL,4000,BAL @ DAL,2026-09-27T20:25:00.0000000Z,,False,2026-09-24T14:50:53+00:00
153769,1214289,Ahmani Marshall,RB,CAR,4000,CAR @ CLE,2026-09-27T17:00:00.0000000Z,,False,2026-09-24T14:50:53+00:00
153769,1214824,Kimani Vidal,RB,LAC,4000,LAC @ BUF,2026-09-27T17:00:00.0000000Z,,False,2026-09-24T14:50:53+00:00
153769,1215306,Noah Whittington,RB,HOU,4000,HOU @ IND,2026-09-27T17:00:00.0000000Z,,False,2026-09-24T14:50:53+00:00
153769,1215658,Lan Larison,RB,NE,4000,NE @ JAX,2026-09-27T17:00:00.0000000Z,,False,2026-09-24T14:50:53+00:00
153769,1215974,Chris Collier,RB,LV,4000,LV @ NO,2026-09-27T20:25:00.0000000Z,IR,False,2026-09-24T14:50:53+00:00
153769,1228633,Sean Tucker,RB,TB,4000,MIN @ TB,2026-09-27T20:05:00.0000000Z,,False,2026-09-24T14:50:53+00:00
153769,1228730,Tahj Brooks,RB,CIN,4000,CIN @ PIT,2026-09-27T17:00:00.0000000Z,,False,2026-09-24T14:50:53+00:00
153769,1229055,Kentrel Bullock,RB,CIN,4000,CIN @ PIT,2026-09-27T17:00:00.0000000Z,,False,2026-09-24T14:50:53+00:00
153769,1229133,Rasheen Ali,RB,BAL,4000,BAL @ DAL,2026-09-27T20:25:00.0000000Z,,False,2026-09-24T14:50:53+00:00
153769,1229673,Kalel Mullings,RB,TEN,4000,TEN @ NYG,2026-09-27T17:00:00.0000000Z,,False,2026-09-24T14:50:53+00:00
153769,1232898,Jabari Small,RB,DET,4000,NYJ @ DET,2026-09-27T17:00:00.0000000Z,,False,2026-09-24T14:50:53+00:00
153769,1233127,Frank Gore Jr.,RB,BUF,4000,LAC @ BUF,2026-09-27T17:00:00.0000000Z,,False,2026-09-24T14:50:53+00:00
153769,1233297,Anderson Castle,RB,IND,4000,HOU @ IND,2026-09-27T17:00:00.0000000Z,,False,2026-09-24T14:50:53+00:00
153769,1244224,Riley Nowakowski,RB,PIT,4000,CIN @ PIT,2026-09-27T17:00:00.0000000Z,,False,2026-09-24T14:50:53+00:00
153769,1248031,Trey Benson,RB,ARI,4000,ARI @ SF,2026-09-27T20:05:00.0000000Z,IR,False,2026-09-24T14:50:53+00:00
153769,1271609,Isaiah Davis,RB,NYJ,4000,NYJ @ DET,2026-09-27T17:00:00.0000000Z,,False,2026-09-24T14:50:53+00:00
153769,1271738,Jaleel McLaughlin,RB,CLE,4000,CAR @ CLE,2026-09-27T17:00:00.0000000Z,,False,2026-09-24T14:50:53+00:00
153769,1277947,J'Mari Taylor,RB,JAX,4000,NE @ JAX,2026-09-27T17:00:00.0000000Z,,False,2026-09-24T14:50:53+00:00
153769,1285958,Robbie Ouzts,RB,SEA,4000,SEA @ WAS,2026-09-27T17:00:00.0000000Z,IR,False,2026-09-24T14:50:53+00:00
153769,1286050,Corey Kiner,RB,NE,4000,NE @ JAX,2026-09-27T17:00:00.0000000Z,,False,2026-09-24T14:50:53+00:00
153769,1286513,Jaylen Wright,RB,MIA,4000,KC @ MIA,2026-09-27T17:00:00.0000000Z,Q,False,2026-09-24T14:50:53+00:00
153769,1286701,Gregory Desrosiers,RB,LAC,4000,LAC @ BUF,2026-09-27T17:00:00.0000000Z,,False,2026-09-24T14:50:53+00:00
153769,1287641,Phil Mafah,RB,NYG,4000,TEN @ NYG,2026-09-27T17:00:00.0000000Z,,False,2026-09-24T14:50:53+00:00
153769,1287778,Anthony Tyus III,RB,CAR,4000,CAR @ CLE,2026-09-27T17:00:00.0000000Z,,False,2026-09-24T14:50:53+00:00
153769,1288074,Myles Montgomery,RB,NE,4000,NE @ JAX,2026-09-27T17:00:00.0000000Z,IR,False,2026-09-24T14:50:53+00:00
153769,1289436,Al-Jay Henderson,RB,NYJ,4000,NYJ @ DET,2026-09-27T17:00:00.0000000Z,,False,2026-09-24T14:50:53+00:00
153769,1303569,DJ Giddens,RB,IND,4000,HOU @ IND,2026-09-27T17:00:00.0000000Z,,False,2026-09-24T14:50:53+00:00
153769,1313668,Brashard Smith,RB,KC,4000,KC @ MIA,2026-09-27T17:00:00.0000000Z,,False,2026-09-24T14:50:53+00:00
153769,1317230,Roman Hemby,RB,LV,4000,LV @ NO,2026-09-27T20:25:00.0000000Z,,False,2026-09-24T14:50:53+00:00
153769,1317287,Brock Lampe,RB,BUF,4000,LAC @ BUF,2026-09-27T17:00:00.0000000Z,,False,2026-09-24T14:50:53+00:00
153769,1319185,Jarquez Hunter,RB,MIA,4000,KC @ MIA,2026-09-27T17:00:00.0000000Z,,False,2026-09-24T14:50:53+00:00
153769,1321291,Audric Estime,RB,NO,4000,LV @ NO,2026-09-27T20:25:00.0000000Z,Q,False,2026-09-24T14:50:53+00:00
153769,1325562,Max Bredeson,RB,MIN,4000,MIN @ TB,2026-09-27T20:05:00.0000000Z,,False,2026-09-24T14:50:53+00:00
153769,1327875,DJ Herman,RB,MIA,4000,KC @ MIA,2026-09-27T17:00:00.0000000Z,,False,2026-09-24T14:50:53+00:00
153769,1332922,Amar Johnson,RB,LAC,4000,LAC @ BUF,2026-09-27T17:00:00.0000000Z,,False,2026-09-24T14:50:53+00:00
153769,1377757,Jaydn Ott,RB,KC,4000,KC @ MIA,2026-09-27T17:00:00.0000000Z,,False,2026-09-24T14:50:53+00:00
153769,1377766,Ollie Gordon II,RB,MIA,4000,KC @ MIA,2026-09-27T17:00:00.0000000Z,,False,2026-09-24T14:50:53+00:00
153769,1378284,Adam Randall,RB,BAL,4000,BAL @ DAL,2026-09-27T20:25:00.0000000Z,IR,False,2026-09-24T14:50:53+00:00
153769,1378840,LeQuint Allen Jr.,RB,JAX,4000,NE @ JAX,2026-09-27T17:00:00.0000000Z,Q,False,2026-09-24T14:50:53+00:00
153769,1379264,Nick Singleton,RB,TEN,4000,TEN @ NYG,2026-09-27T17:00:00.0000000Z,,False,2026-09-24T14:50:53+00:00
153769,1394803,Trevor Etienne,RB,CAR,4000,CAR @ CLE,2026-09-27T17:00:00.0000000Z,IR,False,2026-09-24T14:50:53+00:00
153769,1395681,CJ Donaldson,RB,NO,4000,LV @ NO,2026-09-27T20:25:00.0000000Z,,False,2026-09-24T14:50:53+00:00
153769,1395874,Eli Heidenreich,RB,PIT,4000,CIN @ PIT,2026-09-27T17:00:00.0000000Z,,False,2026-09-24T14:50:53+00:00
153769,1399910,Dylan Sampson,RB,CLE,4000,CAR @ CLE,2026-09-27T17:00:00.0000000Z,IR,False,2026-09-24T14:50:53+00:00
153769,1400657,Jordan James,RB,SF,4000,ARI @ SF,2026-09-27T20:05:00.0000000Z,,False,2026-09-24T14:50:53+00:00
153769,1443998,Robert Henry Jr.,RB,WAS,4000,SEA @ WAS,2026-09-27T17:00:00.0000000Z,,False,2026-09-24T14:50:53+00:00
153769,1445256,Davon Booth,RB,IND,4000,HOU @ IND,2026-09-27T17:00:00.0000000Z,,False,2026-09-24T14:50:53+00:00
153769,1665835,Grant Finley,RB,NYG,4000,TEN @ NYG,2026-09-27T17:00:00.0000000Z,,False,2026-09-24T14:50:53+00:00
153769,820734,Samaje Perine,RB,CIN,4100,CIN @ PIT,2026-09-27T17:00:00.0000000Z,,False,2026-09-24T14:50:53+00:00
153769,1109708,Tyrone Tracy Jr.,RB,NYG,4100,TEN @ NYG,2026-09-27T17:00:00.0000000Z,,False,2026-09-24T14:50:53+00:00
153769,1213794,Seth McGowan,RB,IND,4100,HOU @ IND,2026-09-27T17:00:00.0000000Z,,False,2026-09-24T14:50:53+00:00
153769,1289428,Mike Washington Jr.,RB,LV,4100,LV @ NO,2026-09-27T20:25:00.0000000Z,,False,2026-09-24T14:50:53+00:00
153769,916466,Devin Singletary,RB,NYG,4200,TEN @ NYG,2026-09-27T17:00:00.0000000Z,,False,2026-09-24T14:50:53+00:00
153769,923109,Justice Hill,RB,BAL,4200,BAL @ DAL,2026-09-27T20:25:00.0000000Z,,False,2026-09-24T14:50:53+00:00
153769,976309,DeeJay Dallas,RB,MIN,4200,MIN @ TB,2026-09-27T20:05:00.0000000Z,Q,False,2026-09-24T14:50:53+00:00
153769,1116817,Emari Demercado,RB,DAL,4200,BAL @ DAL,2026-09-27T20:25:00.0000000Z,,False,2026-09-24T14:50:53+00:00
153769,1213867,Kendre Miller,RB,NO,4300,LV @ NO,2026-09-27T20:25:00.0000000Z,,False,2026-09-24T14:50:53+00:00
153769,1222789,Keaton Mitchell,RB,LAC,4300,LAC @ BUF,2026-09-27T17:00:00.0000000Z,,False,2026-09-24T14:50:53+00:00
153769,1379259,Kaytron Allen,RB,WAS,4300,SEA @ WAS,2026-09-27T17:00:00.0000000Z,Q,False,2026-09-24T14:50:53+00:00
153769,1381164,Sione Vaki,RB,DET,4300,NYJ @ DET,2026-09-27T17:00:00.0000000Z,,False,2026-09-24T14:50:53+00:00
153769,1165229,Ray Davis,RB,BUF,4400,LAC @ BUF,2026-09-27T17:00:00.0000000Z,,False,2026-09-24T14:50:53+00:00
153769,1325231,Braelon Allen,RB,NYJ,4400,NYJ @ DET,2026-09-27T17:00:00.0000000Z,,False,2026-09-24T14:50:53+00:00
153769,1379251,Emmett Johnson,RB,KC,4400,KC @ MIA,2026-09-27T17:00:00.0000000Z,,False,2026-09-24T14:50:53+00:00
153769,1390910,Demond Claiborne,RB,MIN,4400,MIN @ TB,2026-09-27T20:05:00.0000000Z,,False,2026-09-24T14:50:53+00:00
153769,1180625,George Holani,RB,SEA,4500,SEA @ WAS,2026-09-27T17:00:00.0000000Z,Q,False,2026-09-24T14:50:53+00:00
153769,1285895,Raheim Sanders,RB,CLE,4500,CAR @ CLE,2026-09-27T17:00:00.0000000Z,,False,2026-09-24T14:50:53+00:00
153769,1113403,Chris Rodriguez Jr.,RB,JAX,4600,NE @ JAX,2026-09-27T17:00:00.0000000Z,,False,2026-09-24T14:50:53+00:00
153769,1326601,Jonathon Brooks,RB,CAR,4600,CAR @ CLE,2026-09-27T17:00:00.0000000Z,IR,False,2026-09-24T14:50:53+00:00
153769,933480,Rico Dowdle,RB,PIT,4700,CIN @ PIT,2026-09-27T17:00:00.0000000Z,Q,False,2026-09-24T14:50:53+00:00
153769,973964,Najee Harris,RB,NYG,4700,TEN @ NYG,2026-09-27T17:00:00.0000000Z,,False,2026-09-24T14:50:53+00:00
153769,750846,Alvin Kamara,RB,NO,4800,LV @ NO,2026-09-27T20:25:00.0000000Z,,False,2026-09-24T14:50:53+00:00
153769,1130705,Kenny Gainwell,RB,TB,4800,MIN @ TB,2026-09-27T20:05:00.0000000Z,,False,2026-09-24T14:50:53+00:00
153769,1215772,Kaelon Black,RB,SF,4800,ARI @ SF,2026-09-27T20:05:00.0000000Z,,False,2026-09-24T14:50:53+00:00
153769,1169430,Tyjae Spears,RB,TEN,4900,TEN @ NYG,2026-09-27T17:00:00.0000000Z,Q,False,2026-09-24T14:50:53+00:00
153769,1447759,Emanuel Wilson,RB,SEA,4900,SEA @ WAS,2026-09-27T17:00:00.0000000Z,,False,2026-09-24T14:50:53+00:00
153769,1131198,Tyler Allgeier,RB,ARI,5000,ARI @ SF,2026-09-27T20:05:00.0000000Z,,False,2026-09-24T14:50:53+00:00
153769,1231652,Woody Marks,RB,HOU,5000,HOU @ IND,2026-09-27T17:00:00.0000000Z,,False,2026-09-24T14:50:53+00:00
153769,1229343,Rachaad White,RB,WAS,5100,SEA @ WAS,2026-09-27T17:00:00.0000000Z,,False,2026-09-24T14:50:53+00:00
153769,1287837,TreVeyon Henderson,RB,NE,5200,NE @ JAX,2026-09-27T17:00:00.0000000Z,,False,2026-09-24T14:50:53+00:00
153769,1191186,Jacory Croskey-Merritt,RB,WAS,5300,SEA @ WAS,2026-09-27T17:00:00.0000000Z,,False,2026-09-24T14:50:53+00:00
153769,1383791,Jadarian Price,RB,SEA,5300,SEA @ WAS,2026-09-27T17:00:00.0000000Z,Q,False,2026-09-24T14:50:53+00:00
153769,880398,Tony Pollard,RB,TEN,5400,TEN @ NYG,2026-09-27T17:00:00.0000000Z,Q,False,2026-09-24T14:50:53+00:00
153769,1174682,Rhamondre Stevenson,RB,NE,5400,NE @ JAX,2026-09-27T17:00:00.0000000Z,,False,2026-09-24T14:50:53+00:00
153769,1383807,Quinshon Judkins,RB,CLE,5500,CAR @ CLE,2026-09-27T17:00:00.0000000Z,,False,2026-09-24T14:50:53+00:00
153769,1451501,Jeremiyah Love,RB,ARI,5500,ARI @ SF,2026-09-27T20:05:00.0000000Z,,False,2026-09-24T14:50:53+00:00
153769,1327169,Bhayshul Tuten,RB,JAX,5600,NE @ JAX,2026-09-27T17:00:00.0000000Z,,False,2026-09-24T14:50:53+00:00
153769,1176443,Jaylen Warren,RB,PIT,5700,CIN @ PIT,2026-09-27T17:00:00.0000000Z,Q,False,2026-09-24T14:50:53+00:00
153769,978577,Travis Etienne Jr.,RB,NO,5800,LV @ NO,2026-09-27T20:25:00.0000000Z,Q,False,2026-09-24T14:50:53+00:00
153769,741314,Aaron Jones Sr.,RB,MIN,5900,MIN @ TB,2026-09-27T20:05:00.0000000Z,Q,False,2026-09-24T14:50:53+00:00
153769,946739,David Montgomery,RB,HOU,6000,HOU @ IND,2026-09-27T17:00:00.0000000Z,,False,2026-09-24T14:50:53+00:00
153769,1062047,Chuba Hubbard,RB,CAR,6100,CAR @ CLE,2026-09-27T17:00:00.0000000Z,,False,2026-09-24T14:50:53+00:00
153769,1280316,Cam Skattebo,RB,NYG,6200,TEN @ NYG,2026-09-27T17:00:00.0000000Z,,False,2026-09-24T14:50:53+00:00
153769,1287923,Bucky Irving,RB,TB,6300,MIN @ TB,2026-09-27T20:05:00.0000000Z,,False,2026-09-24T14:50:53+00:00
153769,1162537,Breece Hall,RB,NYJ,6400,NYJ @ DET,2026-09-27T17:00:00.0000000Z,,False,2026-09-24T14:50:53+00:00
153769,1231820,De'Von Achane,RB,MIA,6500,KC @ MIA,2026-09-27T17:00:00.0000000Z,,False,2026-09-24T14:50:53+00:00
153769,1123379,Chase Brown,RB,CIN,6600,CIN @ PIT,2026-09-27T17:00:00.0000000Z,,False,2026-09-24T14:50:53+00:00
153769,1107881,Javonte Williams,RB,DAL,6700,BAL @ DAL,2026-09-27T20:25:00.0000000Z,,False,2026-09-24T14:50:53+00:00
153769,1398572,Omarion Hampton,RB,LAC,6800,LAC @ BUF,2026-09-27T17:00:00.0000000Z,,False,2026-09-24T14:50:53+00:00
153769,1131012,James Cook III,RB,BUF,6900,LAC @ BUF,2026-09-27T17:00:00.0000000Z,,False,2026-09-24T14:50:53+00:00
153769,1379646,Ashton Jeanty,RB,LV,7100,LV @ NO,2026-09-27T20:25:00.0000000Z,,False,2026-09-24T14:50:53+00:00
153769,1164402,Kenneth Walker III,RB,KC,7400,KC @ MIA,2026-09-27T17:00:00.0000000Z,,False,2026-09-24T14:50:53+00:00
153769,1065406,Jonathan Taylor,RB,IND,7600,HOU @ IND,2026-09-27T17:00:00.0000000Z,,False,2026-09-24T14:50:53+00:00
153769,732145,Derrick Henry,RB,BAL,7700,BAL @ DAL,2026-09-27T20:25:00.0000000Z,,False,2026-09-24T14:50:53+00:00
153769,830517,Christian McCaffrey,RB,SF,8300,ARI @ SF,2026-09-27T20:05:00.0000000Z,,False,2026-09-24T14:50:53+00:00
153769,1214154,Jahmyr Gibbs,RB,DET,8800,NYJ @ DET,2026-09-27T17:00:00.0000000Z,,False,2026-09-24T14:50:53+00:00
153769,300580,Andrew DePaola,TE,MIN,2500,MIN @ TB,2026-09-27T20:05:00.0000000Z,,False,2026-09-24T14:50:53+00:00
153769,472623,James Winchester,TE,KC,2500,KC @ MIA,2026-09-27T17:00:00.0000000Z,,False,2026-09-24T14:50:53+00:00
153769,553024,Tyler Ott,TE,WAS,2500,SEA @ WAS,2026-09-27T17:00:00.0000000Z,,False,2026-09-24T14:50:53+00:00
153769,563293,Chris Manhertz,TE,NYG,2500,TEN @ NYG,2026-09-27T17:00:00.0000000Z,,False,2026-09-24T14:50:53+00:00
153769,606488,Nick Vannett,TE,BAL,2500,BAL @ DAL,2026-09-27T20:25:00.0000000Z,,False,2026-09-24T14:50:53+00:00
153769,606799,Zach Wood,TE,NO,2500,LV @ NO,2026-09-27T20:25:00.0000000Z,IR,False,2026-09-24T14:50:53+00:00
153769,660151,Robert Tonyan,TE,PIT,2500,CIN @ PIT,2026-09-27T17:00:00.0000000Z,,False,2026-09-24T14:50:53+00:00
153769,689689,Pharaoh Brown,TE,IND,2500,HOU @ IND,2026-09-27T17:00:00.0000000Z,,False,2026-09-24T14:50:53+00:00
153769,694931,Eric Saubert,TE,SEA,2500,SEA @ WAS,2026-09-27T17:00:00.0000000Z,,False,2026-09-24T14:50:53+00:00
153769,712506,Mo Alie-Cox,TE,IND,2500,HOU @ IND,2026-09-27T17:00:00.0000000Z,,False,2026-09-24T14:50:53+00:00
153769,749968,Durham Smythe,TE,BAL,2500,BAL @ DAL,2026-09-27T20:25:00.0000000Z,,False,2026-09-24T14:50:53+00:00
153769,838318,Chris Myarick,TE,LV,2500,LV @ NO,2026-09-27T20:25:00.0000000Z,,False,2026-09-24T14:50:53+00:00
153769,861278,Tyler Conklin,TE,DET,2500,NYJ @ DET,2026-09-27T17:00:00.0000000Z,,False,2026-09-24T14:50:53+00:00
153769,865573,Foster Moreau,TE,HOU,2500,HOU @ IND,2026-09-27T17:00:00.0000000Z,,False,2026-09-24T14:50:53+00:00
153769,881779,Josh Oliver,TE,MIN,2500,MIN @ TB,2026-09-27T20:05:00.0000000Z,,False,2026-09-24T14:50:53+00:00
153769,910377,Feleipe Franks,TE,CAR,2500,CAR @ CLE,2026-09-27T17:00:00.0000000Z,,False,2026-09-24T14:50:53+00:00
153769,911239,Ko Kieft,TE,TB,2500,MIN @ TB,2026-09-27T20:05:00.0000000Z,,False,2026-09-24T14:50:53+00:00
153769,911985,Jack Stoll,TE,SF,2500,ARI @ SF,2026-09-27T20:05:00.0000000Z,,False,2026-09-24T14:50:53+00:00
153769,921050,Kylen Granson,TE,TEN,2500,TEN @ NYG,2026-09-27T17:00:00.0000000Z,,False,2026-09-24T14:50:53+00:00
153769,943093,Ian Thomas,TE,LV,2500,LV @ NO,2026-09-27T20:25:00.0000000Z,,False,2026-09-24T14:50:53+00:00
153769,944038,John Bates,TE,WAS,2500,SEA @ WAS,2026-09-27T17:00:00.0000000Z,,False,2026-09-24T14:50:53+00:00
153769,946541,Luke Farrell,TE,SF,2500,ARI @ SF,2026-09-27T20:05:00.0000000Z,,False,2026-09-24T14:50:53+00:00
153769,975503,Jelani Woods,TE,NYJ,2500,NYJ @ DET,2026-09-27T17:00:00.0000000Z,,False,2026-09-24T14:50:53+00:00
153769,978120,Brock Wright,TE,DET,2500,NYJ @ DET,2026-09-27T17:00:00.0000000Z,,False,2026-09-24T14:50:53+00:00
153769,1056865,Stone Smartt,TE,NO,2500,LV @ NO,2026-09-27T20:25:00.0000000Z,,False,2026-09-24T14:50:53+00:00
153769,1058648,Charlie Kolar,TE,LAC,2500,LAC @ BUF,2026-09-27T17:00:00.0000000Z,OUT,False,2026-09-24T14:50:53+00:00
153769,1059585,Princeton Fant,TE,DAL,2500,BAL @ DAL,2026-09-27T20:25:00.0000000Z,IR,False,2026-09-24T14:50:53+00:00
153769,1059680,Quintin Morris,TE,JAX,2500,NE @ JAX,2026-09-27T17:00:00.0000000Z,,False,2026-09-24T14:50:53+00:00
153769,1060550,Hunter Long,TE,ARI,2500,ARI @ SF,2026-09-27T20:05:00.0000000Z,,False,2026-09-24T14:50:53+00:00
153769,1061591,Cal Adomitis,TE,NO,2500,LV @ NO,2026-09-27T20:25:00.0000000Z,,False,2026-09-24T14:50:53+00:00
153769,1068872,Jake Tonges,TE,SF,2500,ARI @ SF,2026-09-27T20:05:00.0000000Z,IR,False,2026-09-24T14:50:53+00:00
153769,1107232,Colson Yankoff,TE,WAS,2500,SEA @ WAS,2026-09-27T17:00:00.0000000Z,,False,2026-09-24T14:50:53+00:00
153769,1108202,Brevyn Spann-Ford,TE,DAL,2500,BAL @ DAL,2026-09-27T20:25:00.0000000Z,,False,2026-09-24T14:50:53+00:00
153769,1108526,Thomas Odukoya,TE,KC,2500,KC @ MIA,2026-09-27T17:00:00.0000000Z,,False,2026-09-24T14:50:53+00:00
153769,1109731,Blake Whiteheart,TE,CLE,2500,CAR @ CLE,2026-09-27T17:00:00.0000000Z,,False,2026-09-24T14:50:53+00:00
153769,1112357,Shawn Bowman,TE,ARI,2500,ARI @ SF,2026-09-27T20:05:00.0000000Z,,False,2026-09-24T14:50:53+00:00
153769,1115394,Tanner Hudson,TE,CIN,2500,CIN @ PIT,2026-09-27T17:00:00.0000000Z,,False,2026-09-24T14:50:53+00:00
153769,1120499,Evan Deckers,TE,TB,2500,MIN @ TB,2026-09-27T20:05:00.0000000Z,,False,2026-09-24T14:50:53+00:00
153769,1121863,Jack Westover,TE,WAS,2500,SEA @ WAS,2026-09-27T17:00:00.0000000Z,,False,2026-09-24T14:50:53+00:00
153769,1121871,Brevin Jordan,TE,HOU,2500,HOU @ IND,2026-09-27T17:00:00.0000000Z,,False,2026-09-24T14:50:53+00:00
153769,1121873,Will Mallory,TE,IND,2500,HOU @ IND,2026-09-27T17:00:00.0000000Z,IR,False,2026-09-24T14:50:53+00:00
153769,1122035,Daniel Bellinger,TE,TEN,2500,TEN @ NYG,2026-09-27T17:00:00.0000000Z,,False,2026-09-24T14:50:53+00:00
153769,1122596,Jeremy Ruckert,TE,NYJ,2500,NYJ @ DET,2026-09-27T17:00:00.0000000Z,,False,2026-09-24T14:50:53+00:00
153769,1122692,Cole Turner,TE,MIA,2500,KC @ MIA,2026-09-27T17:00:00.0000000Z,IR,False,2026-09-24T14:50:53+00:00
153769,1123364,Joel Wilson,TE,TEN,2500,TEN @ NYG,2026-09-27T17:00:00.0000000Z,,False,2026-09-24T14:50:53+00:00
153769,1123630,Julian Hill,TE,NE,2500,NE @ JAX,2026-09-27T17:00:00.0000000Z,IR,False,2026-09-24T14:50:53+00:00
153769,1123712,James Mitchell,TE,DAL,2500,BAL @ DAL,2026-09-27T20:25:00.0000000Z,,False,2026-09-24T14:50:53+00:00
153769,1124199,David Martin-Robinson,TE,TEN,2500,TEN @ NYG,2026-09-27T17:00:00.0000000Z,,False,2026-09-24T14:50:53+00:00
153769,1124355,Messiah Swinson,TE,CLE,2500,CAR @ CLE,2026-09-27T17:00:00.0000000Z,,False,2026-09-24T14:50:53+00:00
153769,1125589,Brayden Willis,TE,SF,2500,ARI @ SF,2026-09-27T20:05:00.0000000Z,,False,2026-09-24T14:50:53+00:00
153769,1125739,Cameron Latu,TE,NE,2500,NE @ JAX,2026-09-27T17:00:00.0000000Z,,False,2026-09-24T14:50:53+00:00
153769,1128538,Teagan Quitoriano,TE,ARI,2500,ARI @ SF,2026-09-27T20:05:00.0000000Z,,False,2026-09-24T14:50:53+00:00
153769,1130242,Luke Schoonmaker,TE,DAL,2500,BAL @ DAL,2026-09-27T20:25:00.0000000Z,,False,2026-09-24T14:50:53+00:00
153769,1130260,Payne Durham,TE,TB,2500,MIN @ TB,2026-09-27T20:05:00.0000000Z,,False,2026-09-24T14:50:53+00:00
153769,1130555,Tommy Tremble,TE,CAR,2500,CAR @ CLE,2026-09-27T17:00:00.0000000Z,,False,2026-09-24T14:50:53+00:00
153769,1161853,Elijah Higgins,TE,ARI,2500,ARI @ SF,2026-09-27T20:05:00.0000000Z,,False,2026-09-24T14:50:53+00:00
153769,1163272,Jared Wiley,TE,KC,2500,KC @ MIA,2026-09-27T17:00:00.0000000Z,,False,2026-09-24T14:50:53+00:00
153769,1164533,Erick All Jr.,TE,CIN,2500,CIN @ PIT,2026-09-27T17:00:00.0000000Z,,False,2026-09-24T14:50:53+00:00
153769,1164736,Nick Kallerup,TE,SEA,2500,SEA @ WAS,2026-09-27T17:00:00.0000000Z,,False,2026-09-24T14:50:53+00:00
153769,1168753,Patrick Herbert,TE,LAC,2500,LAC @ BUF,2026-09-27T17:00:00.0000000Z,,False,2026-09-24T14:50:53+00:00
153769,1172752,Treyton Welch,TE,NO,2500,LV @ NO,2026-09-27T20:25:00.0000000Z,,False,2026-09-24T14:50:53+00:00
153769,1173254,Thomas Gordon,TE,DET,2500,NYJ @ DET,2026-09-27T17:00:00.0000000Z,,False,2026-09-24T14:50:53+00:00
153769,1175182,Cade Stover,TE,HOU,2500,HOU @ IND,2026-09-27T17:00:00.0000000Z,,False,2026-09-24T14:50:53+00:00
153769,1180294,Hayden Rucci,TE,LAC,2500,LAC @ BUF,2026-09-27T17:00:00.0000000Z,,False,2026-09-24T14:50:53+00:00
153769,1181739,William Wagner,TE,CIN,2500,CIN @ PIT,2026-09-27T17:00:00.0000000Z,,False,2026-09-24T14:50:53+00:00
153769,1182649,Jackson Hawes,TE,BUF,2500,LAC @ BUF,2026-09-27T17:00:00.0000000Z,,False,2026-09-24T14:50:53+00:00
153769,1212622,Carson Towt,TE,IND,2500,HOU @ IND,2026-09-27T17:00:00.0000000Z,IR,False,2026-09-24T14:50:53+00:00
153769,1214003,Nate Boerkircher,TE,JAX,2500,NE @ JAX,2026-09-27T17:00:00.0000000Z,,False,2026-09-24T14:50:53+00:00
153769,1216808,Ben Yurosek,TE,MIN,2500,MIN @ TB,2026-09-27T20:05:00.0000000Z,IR,False,2026-09-24T14:50:53+00:00
153769,1229489,Tip Reiman,TE,ARI,2500,ARI @ SF,2026-09-27T20:05:00.0000000Z,OUT,False,2026-09-24T14:50:53+00:00
153769,1229693,Matt Hibner,TE,BAL,2500,BAL @ DAL,2026-09-27T20:25:00.0000000Z,,False,2026-09-24T14:50:53+00:00
153769,1229749,Patrick Gurd,TE,LV,2500,LV @ NO,2026-09-27T20:25:00.0000000Z,,False,2026-09-24T14:50:53+00:00
153769,1229756,Joe Royer,TE,CLE,2500,CAR @ CLE,2026-09-27T17:00:00.0000000Z,OUT,False,2026-09-24T14:50:53+00:00
153769,1247543,Ben Mann,TE,NYG,2500,TEN @ NYG,2026-09-27T17:00:00.0000000Z,,False,2026-09-24T14:50:53+00:00
153769,1251513,Cam Grandy,TE,MIN,2500,MIN @ TB,2026-09-27T20:05:00.0000000Z,,False,2026-09-24T14:50:53+00:00
153769,1271740,Drew Ogletree,TE,IND,2500,HOU @ IND,2026-09-27T17:00:00.0000000Z,,False,2026-09-24T14:50:53+00:00
153769,1285915,Jackson Meeks,TE,DET,2500,NYJ @ DET,2026-09-27T17:00:00.0000000Z,,False,2026-09-24T14:50:53+00:00
153769,1286173,Moliki Matavao,TE,NO,2500,LV @ NO,2026-09-27T20:25:00.0000000Z,IR,False,2026-09-24T14:50:53+00:00
153769,1286282,Lake McRee,TE,PIT,2500,CIN @ PIT,2026-09-27T17:00:00.0000000Z,,False,2026-09-24T14:50:53+00:00
153769,1286401,DJ Rogers,TE,DAL,2500,BAL @ DAL,2026-09-27T20:25:00.0000000Z,IR,False,2026-09-24T14:50:53+00:00
153769,1286840,Elijah Arroyo,TE,SEA,2500,SEA @ WAS,2026-09-27T17:00:00.0000000Z,,False,2026-09-24T14:50:53+00:00
153769,1287258,Gavin Bartholomew,TE,MIN,2500,MIN @ TB,2026-09-27T20:05:00.0000000Z,,False,2026-09-24T14:50:53+00:00
153769,1287588,CJ Dippre,TE,TB,2500,MIN @ TB,2026-09-27T20:05:00.0000000Z,,False,2026-09-24T14:50:53+00:00
153769,1287639,Jake Briningstool,TE,KC,2500,KC @ MIA,2026-09-27T17:00:00.0000000Z,,False,2026-09-24T14:50:53+00:00
153769,1287655,Thomas Fidone II,TE,NYG,2500,TEN @ NYG,2026-09-27T17:00:00.0000000Z,,False,2026-09-24T14:50:53+00:00
153769,1287920,Jameson Geers,TE,ARI,2500,ARI @ SF,2026-09-27T20:05:00.0000000Z,IR,False,2026-09-24T14:50:53+00:00
153769,1288387,John Michael Gyllenborg,TE,KC,2500,KC @ MIA,2026-09-27T17:00:00.0000000Z,IR,False,2026-09-24T14:50:53+00:00
153769,1289220,Zaire Mitchell-Paden,TE,HOU,2500,HOU @ IND,2026-09-27T17:00:00.0000000Z,,False,2026-09-24T14:50:53+00:00
153769,1289471,Mitchell Evans,TE,CAR,2500,CAR @ CLE,2026-09-27T17:00:00.0000000Z,,False,2026-09-24T14:50:53+00:00
153769,1290014,Seydou Traore,TE,MIA,2500,KC @ MIA,2026-09-27T17:00:00.0000000Z,,False,2026-09-24T14:50:53+00:00
153769,1310628,Khalil Dinkins,TE,SF,2500,ARI @ SF,2026-09-27T20:05:00.0000000Z,,False,2026-09-24T14:50:53+00:00
153769,1317191,Tre Watson,TE,MIA,2500,KC @ MIA,2026-09-27T17:00:00.0000000Z,,False,2026-09-24T14:50:53+00:00
153769,1319948,Josh Cuevas,TE,BAL,2500,BAL @ DAL,2026-09-27T20:25:00.0000000Z,,False,2026-09-24T14:50:53+00:00
153769,1321090,Tanner Arkin,TE,NE,2500,NE @ JAX,2026-09-27T17:00:00.0000000Z,,False,2026-09-24T14:50:53+00:00
153769,1322367,Will Kacmarek,TE,MIA,2500,KC @ MIA,2026-09-27T17:00:00.0000000Z,,False,2026-09-24T14:50:53+00:00
153769,1323708,Michael Trigg,TE,DAL,2500,BAL @ DAL,2026-09-27T20:25:00.0000000Z,,False,2026-09-24T14:50:53+00:00
153769,1323906,Keleki Latu,TE,BUF,2500,LAC @ BUF,2026-09-27T17:00:00.0000000Z,,False,2026-09-24T14:50:53+00:00
153769,1326555,Bauer Sharp,TE,TB,2500,MIN @ TB,2026-09-27T20:05:00.0000000Z,,False,2026-09-24T14:50:53+00:00
153769,1326628,Ja'Tavion Sanders,TE,CAR,2500,CAR @ CLE,2026-09-27T17:00:00.0000000Z,,False,2026-09-24T14:50:53+00:00
153769,1379995,Evan Svoboda,TE,LAC,2500,LAC @ BUF,2026-09-27T17:00:00.0000000Z,,False,2026-09-24T14:50:53+00:00
153769,1380368,Tanner Koziol,TE,JAX,2500,NE @ JAX,2026-09-27T17:00:00.0000000Z,,False,2026-09-24T14:50:53+00:00
153769,1380773,Kenny Fletcher Jr.,TE,IND,2500,HOU @ IND,2026-09-27T17:00:00.0000000Z,,False,2026-09-24T14:50:53+00:00
153769,1381105,Oscar Delp,TE,NO,2500,LV @ NO,2026-09-27T20:25:00.0000000Z,,False,2026-09-24T14:50:53+00:00
153769,1381263,Mason Taylor,TE,NYJ,2500,NYJ @ DET,2026-09-27T17:00:00.0000000Z,D,False,2026-09-24T14:50:53+00:00
153769,1381307,Jaren Kanak,TE,TEN,2500,TEN @ NYG,2026-09-27T17:00:00.0000000Z,IR,False,2026-09-24T14:50:53+00:00
153769,1384626,Carsen Ryan,TE,CLE,2500,CAR @ CLE,2026-09-27T17:00:00.0000000Z,,False,2026-09-24T14:50:53+00:00
153769,1400852,Jack Endries,TE,CIN,2500,CIN @ PIT,2026-09-27T17:00:00.0000000Z,,False,2026-09-24T14:50:53+00:00
153769,1404295,Ty Pezza,TE,BAL,2500,BAL @ DAL,2026-09-27T20:25:00.0000000Z,,False,2026-09-24T14:50:53+00:00
153769,1405857,Marlin Klein,TE,HOU,2500,HOU @ IND,2026-09-27T17:00:00.0000000Z,,False,2026-09-24T14:50:53+00:00
153769,1405928,Justin Joly,TE,MIA,2500,KC @ MIA,2026-09-27T17:00:00.0000000Z,,False,2026-09-24T14:50:53+00:00
153769,1468632,Carter Runyon,TE,LV,2500,LV @ NO,2026-09-27T20:25:00.0000000Z,IR,False,2026-09-24T14:50:53+00:00
153769,837824,Drew Sample,TE,CIN,2600,CIN @ PIT,2026-09-27T17:00:00.0000000Z,,False,2026-09-24T14:50:53+00:00
153769,1228920,Ben Sinnott,TE,WAS,2600,SEA @ WAS,2026-09-27T17:00:00.0000000Z,,False,2026-09-24T14:50:53+00:00
153769,832098,David Njoku,TE,LAC,2700,LAC @ BUF,2026-09-27T17:00:00.0000000Z,IR,False,2026-09-24T14:50:53+00:00
153769,1214414,Theo Johnson,TE,NYG,2700,TEN @ NYG,2026-09-27T17:00:00.0000000Z,,False,2026-09-24T14:50:53+00:00
153769,884083,Dawson Knox,TE,BUF,2800,LAC @ BUF,2026-09-27T17:00:00.0000000Z,,False,2026-09-24T14:50:53+00:00
153769,1218658,Darnell Washington,TE,PIT,2800,CIN @ PIT,2026-09-27T17:00:00.0000000Z,,False,2026-09-24T14:50:53+00:00
153769,1286438,Gunnar Helm,TE,TEN,2900,TEN @ NYG,2026-09-27T17:00:00.0000000Z,,False,2026-09-24T14:50:53+00:00
153769,1403969,Eli Raridon,TE,NE,2900,NE @ JAX,2026-09-27T17:00:00.0000000Z,Q,False,2026-09-24T14:50:53+00:00
153769,1056981,Noah Gray,TE,KC,3000,KC @ MIA,2026-09-27T17:00:00.0000000Z,,False,2026-09-24T14:50:53+00:00
153769,1128085,Greg Dulcich,TE,MIA,3000,KC @ MIA,2026-09-27T17:00:00.0000000Z,,False,2026-09-24T14:50:53+00:00
153769,1049263,Cade Otton,TE,TB,3100,MIN @ TB,2026-09-27T20:05:00.0000000Z,,False,2026-09-24T14:50:53+00:00
153769,1229503,AJ Barner,TE,SEA,3100,SEA @ WAS,2026-09-27T17:00:00.0000000Z,,False,2026-09-24T14:50:53+00:00
153769,923911,Noah Fant,TE,NO,3200,LV @ NO,2026-09-27T20:25:00.0000000Z,,False,2026-09-24T14:50:53+00:00
153769,923915,T.J. Hockenson,TE,MIN,3200,MIN @ TB,2026-09-27T20:05:00.0000000Z,,False,2026-09-24T14:50:53+00:00
153769,836152,Mike Gesicki,TE,CIN,3300,CIN @ PIT,2026-09-27T17:00:00.0000000Z,,False,2026-09-24T14:50:53+00:00
153769,1232592,Michael Mayer,TE,LV,3300,LV @ NO,2026-09-27T20:25:00.0000000Z,,False,2026-09-24T14:50:53+00:00
153769,600191,Darren Waller,TE,CAR,3400,CAR @ CLE,2026-09-27T17:00:00.0000000Z,,False,2026-09-24T14:50:53+00:00
153769,1164940,Brenton Strange,TE,JAX,3400,NE @ JAX,2026-09-27T17:00:00.0000000Z,,False,2026-09-24T14:50:53+00:00
153769,1325624,Oronde Gadsden II,TE,LAC,3500,LAC @ BUF,2026-09-27T17:00:00.0000000Z,,False,2026-09-24T14:50:53+00:00
153769,1444547,Kenyon Sadiq,TE,NYJ,3500,NYJ @ DET,2026-09-27T17:00:00.0000000Z,,False,2026-09-24T14:50:53+00:00
153769,1106374,Chig Okonkwo,TE,WAS,3600,SEA @ WAS,2026-09-27T17:00:00.0000000Z,Q,False,2026-09-24T14:50:53+00:00
153769,884609,Juwan Johnson,TE,NO,3700,LV @ NO,2026-09-27T20:25:00.0000000Z,,False,2026-09-24T14:50:53+00:00
153769,1116662,Pat Freiermuth,TE,PIT,3800,CIN @ PIT,2026-09-27T17:00:00.0000000Z,,False,2026-09-24T14:50:53+00:00
153769,744425,Hunter Henry,TE,NE,3900,NE @ JAX,2026-09-27T17:00:00.0000000Z,,False,2026-09-24T14:50:53+00:00
153769,1394752,Harold Fannin Jr.,TE,CLE,4000,CAR @ CLE,2026-09-27T17:00:00.0000000Z,,False,2026-09-24T14:50:53+00:00
153769,1065361,Jake Ferguson,TE,DAL,4100,BAL @ DAL,2026-09-27T20:25:00.0000000Z,,False,2026-09-24T14:50:53+00:00
153769,830523,Dalton Schultz,TE,HOU,4200,HOU @ IND,2026-09-27T17:00:00.0000000Z,,False,2026-09-24T14:50:53+00:00
153769,1168926,Sam LaPorta,TE,DET,4300,NYJ @ DET,2026-09-27T17:00:00.0000000Z,,False,2026-09-24T14:50:53+00:00
153769,820699,Mark Andrews,TE,BAL,4400,BAL @ DAL,2026-09-27T20:25:00.0000000Z,,False,2026-09-24T14:50:53+00:00
153769,448240,Travis Kelce,TE,KC,4500,KC @ MIA,2026-09-27T17:00:00.0000000Z,,False,2026-09-24T14:50:53+00:00
153769,1125111,Isaiah Likely,TE,NYG,4700,TEN @ NYG,2026-09-27T17:00:00.0000000Z,,False,2026-09-24T14:50:53+00:00
153769,733672,George Kittle,TE,SF,4800,ARI @ SF,2026-09-27T20:05:00.0000000Z,,False,2026-09-24T14:50:53+00:00
153769,1229083,Tyler Warren,TE,IND,5300,HOU @ IND,2026-09-27T17:00:00.0000000Z,,False,2026-09-24T14:50:53+00:00
153769,1135513,Dalton Kincaid,TE,BUF,5500,LAC @ BUF,2026-09-27T17:00:00.0000000Z,,False,2026-09-24T14:50:53+00:00
153769,1285917,Brock Bowers,TE,LV,6600,LV @ NO,2026-09-27T20:25:00.0000000Z,Q,False,2026-09-24T14:50:53+00:00
153769,1108161,Trey McBride,TE,ARI,6700,ARI @ SF,2026-09-27T20:05:00.0000000Z,,False,2026-09-24T14:50:53+00:00
153769,691278,Sterling Shepard,WR,NYJ,3000,NYJ @ DET,2026-09-27T17:00:00.0000000Z,,False,2026-09-24T14:50:53+00:00
153769,742382,Marquez Valdes-Scantling,WR,LAC,3000,LAC @ BUF,2026-09-27T17:00:00.0000000Z,,False,2026-09-24T14:50:53+00:00
153769,749681,River Cracraft,WR,WAS,3000,SEA @ WAS,2026-09-27T17:00:00.0000000Z,Q,False,2026-09-24T14:50:53+00:00
153769,757521,KhaDarel Hodge,WR,SF,3000,ARI @ SF,2026-09-27T20:05:00.0000000Z,,False,2026-09-24T14:50:53+00:00
153769,820866,Braxton Berrios,WR,NYG,3000,TEN @ NYG,2026-09-27T17:00:00.0000000Z,,False,2026-09-24T14:50:53+00:00
153769,835861,Trent Sherfield Sr.,WR,BUF,3000,LAC @ BUF,2026-09-27T17:00:00.0000000Z,,False,2026-09-24T14:50:53+00:00
153769,837087,Tom Kennedy,WR,DET,3000,NYJ @ DET,2026-09-27T17:00:00.0000000Z,,False,2026-09-24T14:50:53+00:00
153769,838179,Tim Patrick,WR,NYJ,3000,NYJ @ DET,2026-09-27T17:00:00.0000000Z,IR,False,2026-09-24T14:50:53+00:00
153769,865801,Christian Kirk,WR,SF,3000,ARI @ SF,2026-09-27T20:05:00.0000000Z,IR,False,2026-09-24T14:50:53+00:00
153769,865958,KaVontae Turpin,WR,DAL,3000,BAL @ DAL,2026-09-27T20:25:00.0000000Z,,False,2026-09-24T14:50:53+00:00
153769,866973,David Sills V,WR,TB,3000,MIN @ TB,2026-09-27T20:05:00.0000000Z,IR,False,2026-09-24T14:50:53+00:00
153769,877654,Gary Jennings,WR,LAC,3000,LAC @ BUF,2026-09-27T17:00:00.0000000Z,,False,2026-09-24T14:50:53+00:00
153769,881058,K.J. Osborn,WR,TEN,3000,TEN @ NYG,2026-09-27T17:00:00.0000000Z,,False,2026-09-24T14:50:53+00:00
153769,881670,Lucky Jackson,WR,DET,3000,NYJ @ DET,2026-09-27T17:00:00.0000000Z,,False,2026-09-24T14:50:53+00:00
153769,883259,Nick Westbrook-Ikhine,WR,IND,3000,HOU @ IND,2026-09-27T17:00:00.0000000Z,,False,2026-09-24T14:50:53+00:00
153769,883312,Irvin Charles,WR,SEA,3000,SEA @ WAS,2026-09-27T17:00:00.0000000Z,IR,False,2026-09-24T14:50:53+00:00
153769,884080,Van Jefferson,WR,WAS,3000,SEA @ WAS,2026-09-27T17:00:00.0000000Z,,False,2026-09-24T14:50:53+00:00
153769,910852,Greg Dortch,WR,BUF,3000,LAC @ BUF,2026-09-27T17:00:00.0000000Z,,False,2026-09-24T14:50:53+00:00
153769,911236,Tyler Johnson,WR,NYJ,3000,NYJ @ DET,2026-09-27T17:00:00.0000000Z,,False,2026-09-24T14:50:53+00:00
153769,920756,Devin Duvernay,WR,ARI,3000,ARI @ SF,2026-09-27T20:05:00.0000000Z,,False,2026-09-24T14:50:53+00:00
153769,920944,Ben Skowronek,WR,PIT,3000,CIN @ PIT,2026-09-27T17:00:00.0000000Z,,False,2026-09-24T14:50:53+00:00
153769,921460,Brandon Johnson,WR,PIT,3000,CIN @ PIT,2026-09-27T17:00:00.0000000Z,,False,2026-09-24T14:50:53+00:00
153769,944826,A.J. Brown,WR,NE,3000,NE @ JAX,2026-09-27T17:00:00.0000000Z,IR,False,2026-09-24T14:50:53+00:00
153769,973949,Tyrell Shavers,WR,BUF,3000,LAC @ BUF,2026-09-27T17:00:00.0000000Z,OUT,False,2026-09-24T14:50:53+00:00
153769,976066,Jalen Reagor,WR,MIA,3000,KC @ MIA,2026-09-27T17:00:00.0000000Z,,False,2026-09-24T14:50:53+00:00
153769,1049915,David Moore,WR,CAR,3000,CAR @ CLE,2026-09-27T17:00:00.0000000Z,,False,2026-09-24T14:50:53+00:00
153769,1056660,Austin Trammell,WR,JAX,3000,NE @ JAX,2026-09-27T17:00:00.0000000Z,,False,2026-09-24T14:50:53+00:00
153769,1056747,Tim Jones,WR,JAX,3000,NE @ JAX,2026-09-27T17:00:00.0000000Z,,False,2026-09-24T14:50:53+00:00
153769,1058726,Julian Hicks,WR,SEA,3000,SEA @ WAS,2026-09-27T17:00:00.0000000Z,,False,2026-09-24T14:50:53+00:00
153769,1059220,Brandon Smith,WR,PIT,3000,CIN @ PIT,2026-09-27T17:00:00.0000000Z,,False,2026-09-24T14:50:53+00:00
153769,1062546,Tylan Wallace,WR,CLE,3000,CAR @ CLE,2026-09-27T17:00:00.0000000Z,,False,2026-09-24T14:50:53+00:00
153769,1062765,Calvin Austin III,WR,NYG,3000,TEN @ NYG,2026-09-27T17:00:00.0000000Z,IR,False,2026-09-24T14:50:53+00:00
153769,1063397,D.J. Montgomery,WR,IND,3000,HOU @ IND,2026-09-27T17:00:00.0000000Z,IR,False,2026-09-24T14:50:53+00:00
153769,1065052,Tay Martin,WR,DET,3000,NYJ @ DET,2026-09-27T17:00:00.0000000Z,,False,2026-09-24T14:50:53+00:00
153769,1066424,Jalen Tolbert,WR,MIA,3000,KC @ MIA,2026-09-27T17:00:00.0000000Z,,False,2026-09-24T14:50:53+00:00
153769,1067132,Charlie Jones,WR,NYG,3000,TEN @ NYG,2026-09-27T17:00:00.0000000Z,,False,2026-09-24T14:50:53+00:00
153769,1106382,Jeshaun Jones,WR,MIN,3000,MIN @ TB,2026-09-27T20:05:00.0000000Z,OUT,False,2026-09-24T14:50:53+00:00
153769,1107034,Brandon Aiyuk,WR,SF,3000,ARI @ SF,2026-09-27T20:05:00.0000000Z,OUT,False,2026-09-24T14:50:53+00:00
153769,1113398,Bryce Oliver,WR,HOU,3000,HOU @ IND,2026-09-27T17:00:00.0000000Z,,False,2026-09-24T14:50:53+00:00
153769,1113477,Derius Davis,WR,LAC,3000,LAC @ BUF,2026-09-27T17:00:00.0000000Z,,False,2026-09-24T14:50:53+00:00
153769,1121050,Jake Bobo,WR,SEA,3000,SEA @ WAS,2026-09-27T17:00:00.0000000Z,IR,False,2026-09-24T14:50:53+00:00
153769,1121887,Justin Shorter,WR,LV,3000,LV @ NO,2026-09-27T20:25:00.0000000Z,IR,False,2026-09-24T14:50:53+00:00
153769,1123496,Simi Fehoko,WR,ARI,3000,ARI @ SF,2026-09-27T20:05:00.0000000Z,,False,2026-09-24T14:50:53+00:00
153769,1123525,Brycen Tremayne,WR,CAR,3000,CAR @ CLE,2026-09-27T17:00:00.0000000Z,,False,2026-09-24T14:50:53+00:00
153769,1124664,Cedric Tillman,WR,NO,3000,LV @ NO,2026-09-27T20:25:00.0000000Z,,False,2026-09-24T14:50:53+00:00
153769,1124851,Andrei Iosivas,WR,CIN,3000,CIN @ PIT,2026-09-27T17:00:00.0000000Z,OUT,False,2026-09-24T14:50:53+00:00
153769,1127080,Nikko Remigio,WR,KC,3000,KC @ MIA,2026-09-27T17:00:00.0000000Z,,False,2026-09-24T14:50:53+00:00
153769,1128222,Tank Dell,WR,HOU,3000,HOU @ IND,2026-09-27T17:00:00.0000000Z,IR,False,2026-09-24T14:50:53+00:00
153769,1130213,Ronnie Bell,WR,LV,3000,LV @ NO,2026-09-27T20:25:00.0000000Z,,False,2026-09-24T14:50:53+00:00
153769,1130526,Kevin Austin Jr.,WR,NO,3000,LV @ NO,2026-09-27T20:25:00.0000000Z,,False,2026-09-24T14:50:53+00:00
153769,1130833,Deven Thompkins,WR,LV,3000,LV @ NO,2026-09-27T20:25:00.0000000Z,,False,2026-09-24T14:50:53+00:00
153769,1133320,Dohnte Meyers,WR,CIN,3000,CIN @ PIT,2026-09-27T17:00:00.0000000Z,,False,2026-09-24T14:50:53+00:00
153769,1160348,John Metchie III,WR,CAR,3000,CAR @ CLE,2026-09-27T17:00:00.0000000Z,,False,2026-09-24T14:50:53+00:00
153769,1161416,Ricky Pearsall,WR,SF,3000,ARI @ SF,2026-09-27T20:05:00.0000000Z,IR,False,2026-09-24T14:50:53+00:00
153769,1161661,Anthony Gould,WR,IND,3000,HOU @ IND,2026-09-27T17:00:00.0000000Z,,False,2026-09-24T14:50:53+00:00
153769,1161739,Trey Palmer,WR,NO,3000,LV @ NO,2026-09-27T20:25:00.0000000Z,,False,2026-09-24T14:50:53+00:00
153769,1162602,Theo Wease Jr.,WR,LAC,3000,LAC @ BUF,2026-09-27T17:00:00.0000000Z,,False,2026-09-24T14:50:53+00:00
153769,1164846,Luke McCaffrey,WR,WAS,3000,SEA @ WAS,2026-09-27T17:00:00.0000000Z,,False,2026-09-24T14:50:53+00:00
153769,1168410,Gunner Olszewski,WR,NYG,3000,TEN @ NYG,2026-09-27T17:00:00.0000000Z,IR,False,2026-09-24T14:50:53+00:00
153769,1169263,Chandler Brayboy,WR,NE,3000,NE @ JAX,2026-09-27T17:00:00.0000000Z,,False,2026-09-24T14:50:53+00:00
153769,1170916,Jalen Moreno-Cropper,WR,NO,3000,LV @ NO,2026-09-27T20:25:00.0000000Z,,False,2026-09-24T14:50:53+00:00
153769,1170921,Josh Kelly,WR,HOU,3000,HOU @ IND,2026-09-27T17:00:00.0000000Z,,False,2026-09-24T14:50:53+00:00
153769,1172024,Treylon Burks,WR,WAS,3000,SEA @ WAS,2026-09-27T17:00:00.0000000Z,,False,2026-09-24T14:50:53+00:00
153769,1172080,Bub Means,WR,CLE,3000,CAR @ CLE,2026-09-27T17:00:00.0000000Z,,False,2026-09-24T14:50:53+00:00
153769,1176431,Casey Washington,WR,CAR,3000,CAR @ CLE,2026-09-27T17:00:00.0000000Z,,False,2026-09-24T14:50:53+00:00
153769,1176782,Jonathan Mingo,WR,DAL,3000,BAL @ DAL,2026-09-27T20:25:00.0000000Z,,False,2026-09-24T14:50:53+00:00
153769,1180329,Dalen Cambre,WR,NYG,3000,TEN @ NYG,2026-09-27T17:00:00.0000000Z,,False,2026-09-24T14:50:53+00:00
153769,1180557,Kyrese Rowan,WR,NO,3000,LV @ NO,2026-09-27T20:25:00.0000000Z,,False,2026-09-24T14:50:53+00:00
153769,1182695,Mason Tipton,WR,NO,3000,LV @ NO,2026-09-27T20:25:00.0000000Z,OUT,False,2026-09-24T14:50:53+00:00
153769,1183008,Jeremiah Webb,WR,NE,3000,NE @ JAX,2026-09-27T17:00:00.0000000Z,IR,False,2026-09-24T14:50:53+00:00
153769,1213388,Ja'Mori Maclin,WR,BUF,3000,LAC @ BUF,2026-09-27T17:00:00.0000000Z,,False,2026-09-24T14:50:53+00:00
153769,1213442,Jimmy Holiday,WR,KC,3000,KC @ MIA,2026-09-27T17:00:00.0000000Z,IR,False,2026-09-24T14:50:53+00:00
153769,1213897,Garrett Greene,WR,TB,3000,MIN @ TB,2026-09-27T20:05:00.0000000Z,,False,2026-09-24T14:50:53+00:00
153769,1213929,E.J. Williams Jr.,WR,CAR,3000,CAR @ CLE,2026-09-27T17:00:00.0000000Z,,False,2026-09-24T14:50:53+00:00
153769,1214183,Xavier Restrepo,WR,TEN,3000,TEN @ NYG,2026-09-27T17:00:00.0000000Z,,False,2026-09-24T14:50:53+00:00
153769,1214405,KeAndre Lambert-Smith,WR,LAC,3000,LAC @ BUF,2026-09-27T17:00:00.0000000Z,IR,False,2026-09-24T14:50:53+00:00
153769,1214689,Jaylin Lane,WR,WAS,3000,SEA @ WAS,2026-09-27T17:00:00.0000000Z,Q,False,2026-09-24T14:50:53+00:00
153769,1214733,Corey Rucker,WR,LV,3000,LV @ NO,2026-09-27T20:25:00.0000000Z,IR,False,2026-09-24T14:50:53+00:00
153769,1214837,Tez Johnson,WR,TB,3000,MIN @ TB,2026-09-27T20:05:00.0000000Z,,False,2026-09-24T14:50:53+00:00
153769,1215078,Stephen Gosnell,WR,BUF,3000,LAC @ BUF,2026-09-27T17:00:00.0000000Z,,False,2026-09-24T14:50:53+00:00
153769,1215102,Chimere Dike,WR,TEN,3000,TEN @ NYG,2026-09-27T17:00:00.0000000Z,,False,2026-09-24T14:50:53+00:00
153769,1215291,Malachi Corley,WR,CLE,3000,CAR @ CLE,2026-09-27T17:00:00.0000000Z,,False,2026-09-24T14:50:53+00:00
153769,1215305,Mitch Tinsley,WR,HOU,3000,HOU @ IND,2026-09-27T17:00:00.0000000Z,,False,2026-09-24T14:50:53+00:00
153769,1215329,Will Sheppard,WR,MIA,3000,KC @ MIA,2026-09-27T17:00:00.0000000Z,,False,2026-09-24T14:50:53+00:00
153769,1215379,Xavier Guillory,WR,BAL,3000,BAL @ DAL,2026-09-27T20:25:00.0000000Z,,False,2026-09-24T14:50:53+00:00
153769,1216288,Efton Chism III,WR,NE,3000,NE @ JAX,2026-09-27T17:00:00.0000000Z,,False,2026-09-24T14:50:53+00:00
153769,1218653,Arian Smith,WR,NYJ,3000,NYJ @ DET,2026-09-27T17:00:00.0000000Z,IR,False,2026-09-24T14:50:53+00:00
153769,1222614,Anthony Smith,WR,DAL,3000,BAL @ DAL,2026-09-27T20:25:00.0000000Z,,False,2026-09-24T14:50:53+00:00
153769,1223301,Jalen Brooks,WR,ARI,3000,ARI @ SF,2026-09-27T20:05:00.0000000Z,,False,2026-09-24T14:50:53+00:00
153769,1223393,Tory Horton,WR,SEA,3000,SEA @ WAS,2026-09-27T17:00:00.0000000Z,,False,2026-09-24T14:50:53+00:00
153769,1226657,Trayvon Rudolph,WR,MIN,3000,MIN @ TB,2026-09-27T20:05:00.0000000Z,,False,2026-09-24T14:50:53+00:00
153769,1228631,Trebor Pena,WR,JAX,3000,NE @ JAX,2026-09-27T17:00:00.0000000Z,,False,2026-09-24T14:50:53+00:00
153769,1228728,Myles Price,WR,MIN,3000,MIN @ TB,2026-09-27T20:05:00.0000000Z,,False,2026-09-24T14:50:53+00:00
153769,1229846,Ricky White III,WR,SEA,3000,SEA @ WAS,2026-09-27T17:00:00.0000000Z,,False,2026-09-24T14:50:53+00:00
153769,1229869,Montorie Foster Jr.,WR,SEA,3000,SEA @ WAS,2026-09-27T17:00:00.0000000Z,,False,2026-09-24T14:50:53+00:00
153769,1231033,LaJohntay Wester,WR,BAL,3000,BAL @ DAL,2026-09-27T20:25:00.0000000Z,,False,2026-09-24T14:50:53+00:00
153769,1232057,Ke'Shawn Williams,WR,CIN,3000,CIN @ PIT,2026-09-27T17:00:00.0000000Z,,False,2026-09-24T14:50:53+00:00
153769,1232892,Jalin Hyatt,WR,NYG,3000,TEN @ NYG,2026-09-27T17:00:00.0000000Z,,False,2026-09-24T14:50:53+00:00
153769,1272873,Michael Briscoe,WR,MIN,3000,MIN @ TB,2026-09-27T20:05:00.0000000Z,,False,2026-09-24T14:50:53+00:00
153769,1274492,Jayden Higgins,WR,HOU,3000,HOU @ IND,2026-09-27T17:00:00.0000000Z,IR,False,2026-09-24T14:50:53+00:00
153769,1286164,Dont'e Thornton Jr.,WR,LV,3000,LV @ NO,2026-09-27T20:25:00.0000000Z,IR,False,2026-09-24T14:50:53+00:00
153769,1286480,Dominic Lovett,WR,DET,3000,NYJ @ DET,2026-09-27T17:00:00.0000000Z,,False,2026-09-24T14:50:53+00:00
153769,1286652,Lewis Bond,WR,HOU,3000,HOU @ IND,2026-09-27T17:00:00.0000000Z,,False,2026-09-24T14:50:53+00:00
153769,1286662,Jordan Moore,WR,CIN,3000,CIN @ PIT,2026-09-27T17:00:00.0000000Z,,False,2026-09-24T14:50:53+00:00
153769,1286818,De'Zhaun Stribling,WR,SF,3000,ARI @ SF,2026-09-27T20:05:00.0000000Z,IR,False,2026-09-24T14:50:53+00:00
153769,1286854,Malik McClain,WR,NYJ,3000,NYJ @ DET,2026-09-27T17:00:00.0000000Z,,False,2026-09-24T14:50:53+00:00
153769,1287587,Tai Felton,WR,MIN,3000,MIN @ TB,2026-09-27T20:05:00.0000000Z,,False,2026-09-24T14:50:53+00:00
153769,1287810,Harrison Wallace III,WR,ARI,3000,ARI @ SF,2026-09-27T20:05:00.0000000Z,,False,2026-09-24T14:50:53+00:00
153769,1288045,Will Pauling,WR,SF,3000,ARI @ SF,2026-09-27T20:05:00.0000000Z,,False,2026-09-24T14:50:53+00:00
153769,1290418,Dean Patterson IV,WR,TB,3000,MIN @ TB,2026-09-27T20:05:00.0000000Z,,False,2026-09-24T14:50:53+00:00
153769,1321260,Jaden Bradley,WR,WAS,3000,SEA @ WAS,2026-09-27T17:00:00.0000000Z,,False,2026-09-24T14:50:53+00:00
153769,1322238,Daniel Sobkowicz,WR,HOU,3000,HOU @ IND,2026-09-27T17:00:00.0000000Z,,False,2026-09-24T14:50:53+00:00
153769,1322393,Jimmy Horn Jr.,WR,CLE,3000,CAR @ CLE,2026-09-27T17:00:00.0000000Z,,False,2026-09-24T14:50:53+00:00
153769,1322612,Ja'seem Reed,WR,CAR,3000,CAR @ CLE,2026-09-27T17:00:00.0000000Z,,False,2026-09-24T14:50:53+00:00
153769,1323007,Gage Larvadain,WR,BAL,3000,BAL @ DAL,2026-09-27T20:25:00.0000000Z,,False,2026-09-24T14:50:53+00:00
153769,1325016,Bryce Lance,WR,NO,3000,LV @ NO,2026-09-27T20:25:00.0000000Z,,False,2026-09-24T14:50:53+00:00
153769,1325234,Skyler Bell,WR,BUF,3000,LAC @ BUF,2026-09-27T17:00:00.0000000Z,,False,2026-09-24T14:50:53+00:00
153769,1325475,Josh Cameron,WR,JAX,3000,NE @ JAX,2026-09-27T17:00:00.0000000Z,,False,2026-09-24T14:50:53+00:00
153769,1339352,Jeff Caldwell,WR,KC,3000,KC @ MIA,2026-09-27T17:00:00.0000000Z,IR,False,2026-09-24T14:50:53+00:00
153769,1378910,Kendrick Law,WR,DET,3000,NYJ @ DET,2026-09-27T17:00:00.0000000Z,IR,False,2026-09-24T14:50:53+00:00
153769,1379261,Omari Evans,WR,KC,3000,KC @ MIA,2026-09-27T17:00:00.0000000Z,,False,2026-09-24T14:50:53+00:00
153769,1379331,Jordan Hudson,WR,DAL,3000,BAL @ DAL,2026-09-27T20:25:00.0000000Z,,False,2026-09-24T14:50:53+00:00
153769,1381092,CJ Williams,WR,JAX,3000,NE @ JAX,2026-09-27T17:00:00.0000000Z,,False,2026-09-24T14:50:53+00:00
153769,1382993,Jamaal Pritchett,WR,NYJ,3000,NYJ @ DET,2026-09-27T17:00:00.0000000Z,,False,2026-09-24T14:50:53+00:00
153769,1383993,Kaden Wetjen,WR,PIT,3000,CIN @ PIT,2026-09-27T17:00:00.0000000Z,,False,2026-09-24T14:50:53+00:00
153769,1384869,Dareke Young,WR,LV,3000,LV @ NO,2026-09-27T20:25:00.0000000Z,Q,False,2026-09-24T14:50:53+00:00
153769,1389217,Camden Brown,WR,DAL,3000,BAL @ DAL,2026-09-27T20:25:00.0000000Z,,False,2026-09-24T14:50:53+00:00
153769,1390913,Wesley Grimes,WR,SF,3000,ARI @ SF,2026-09-27T20:05:00.0000000Z,,False,2026-09-24T14:50:53+00:00
153769,1390939,Reggie Virgil,WR,ARI,3000,ARI @ SF,2026-09-27T20:05:00.0000000Z,,False,2026-09-24T14:50:53+00:00
153769,1394692,Jordyn Tyson,WR,NO,3000,LV @ NO,2026-09-27T20:25:00.0000000Z,IR,False,2026-09-24T14:50:53+00:00
153769,1394825,Omar Cooper Jr.,WR,NYJ,3000,NYJ @ DET,2026-09-27T17:00:00.0000000Z,IR,False,2026-09-24T14:50:53+00:00
153769,1395843,Barion Brown,WR,NO,3000,LV @ NO,2026-09-27T20:25:00.0000000Z,Q,False,2026-09-24T14:50:53+00:00
153769,1396942,Dillon Bell,WR,MIN,3000,MIN @ TB,2026-09-27T20:05:00.0000000Z,,False,2026-09-24T14:50:53+00:00
153769,1398503,Isaiah Bond,WR,CLE,3000,CAR @ CLE,2026-09-27T17:00:00.0000000Z,,False,2026-09-24T14:50:53+00:00
153769,1398511,Emmanuel Henderson Jr.,WR,SEA,3000,SEA @ WAS,2026-09-27T17:00:00.0000000Z,,False,2026-09-24T14:50:53+00:00
153769,1399132,Brenen Thompson,WR,LAC,3000,LAC @ BUF,2026-09-27T17:00:00.0000000Z,Q,False,2026-09-24T14:50:53+00:00
153769,1399272,Kevin Coleman Jr.,WR,MIA,3000,KC @ MIA,2026-09-27T17:00:00.0000000Z,,False,2026-09-24T14:50:53+00:00
153769,1400788,Chris Brazzell II,WR,CAR,3000,CAR @ CLE,2026-09-27T17:00:00.0000000Z,IR,False,2026-09-24T14:50:53+00:00
153769,1402692,Noah Thomas,WR,CIN,3000,CIN @ PIT,2026-09-27T17:00:00.0000000Z,,False,2026-09-24T14:50:53+00:00
153769,1403491,Jalen Royals,WR,KC,3000,KC @ MIA,2026-09-27T17:00:00.0000000Z,,False,2026-09-24T14:50:53+00:00
153769,1405106,Andrew Armstrong,WR,KC,3000,KC @ MIA,2026-09-27T17:00:00.0000000Z,,False,2026-09-24T14:50:53+00:00
153769,1406878,Colbie Young,WR,CIN,3000,CIN @ PIT,2026-09-27T17:00:00.0000000Z,,False,2026-09-24T14:50:53+00:00
153769,1407491,Tyren Montgomery,WR,TEN,3000,TEN @ NYG,2026-09-27T17:00:00.0000000Z,,False,2026-09-24T14:50:53+00:00
153769,1412326,Kameron Johnson,WR,TB,3000,MIN @ TB,2026-09-27T20:05:00.0000000Z,,False,2026-09-24T14:50:53+00:00
153769,1441191,Malik Benson,WR,LV,3000,LV @ NO,2026-09-27T20:25:00.0000000Z,,False,2026-09-24T14:50:53+00:00
153769,1446502,Eric Rivers Jr.,WR,TB,3000,MIN @ TB,2026-09-27T20:05:00.0000000Z,,False,2026-09-24T14:50:53+00:00
153769,1452585,Michael Wortham,WR,JAX,3000,NE @ JAX,2026-09-27T17:00:00.0000000Z,,False,2026-09-24T14:50:53+00:00
153769,1458888,Ja'Kobi Lane,WR,BAL,3000,BAL @ DAL,2026-09-27T20:25:00.0000000Z,IR,False,2026-09-24T14:50:53+00:00
153769,1510975,Cole Burgess,WR,PIT,3000,CIN @ PIT,2026-09-27T17:00:00.0000000Z,IR,False,2026-09-24T14:50:53+00:00
153769,1521285,Ted Hurst III,WR,TB,3000,MIN @ TB,2026-09-27T20:05:00.0000000Z,,False,2026-09-24T14:50:53+00:00
153769,1585808,Cameron Dorner,WR,NE,3000,NE @ JAX,2026-09-27T17:00:00.0000000Z,,False,2026-09-24T14:50:53+00:00
153769,1637701,Kyle Dixon,WR,NE,3000,NE @ JAX,2026-09-27T17:00:00.0000000Z,,False,2026-09-24T14:50:53+00:00
153769,606551,Chris Moore,WR,BAL,3100,BAL @ DAL,2026-09-27T20:25:00.0000000Z,Q,False,2026-09-24T14:50:53+00:00
153769,748554,Laquon Treadwell,WR,IND,3100,HOU @ IND,2026-09-27T17:00:00.0000000Z,,False,2026-09-24T14:50:53+00:00
153769,1176733,Jared Wayne,WR,HOU,3100,HOU @ IND,2026-09-27T17:00:00.0000000Z,,False,2026-09-24T14:50:53+00:00
153769,1222835,Jordan Watkins,WR,SF,3100,ARI @ SF,2026-09-27T20:05:00.0000000Z,,False,2026-09-24T14:50:53+00:00
153769,1399275,Travis Hunter,WR,JAX,3100,NE @ JAX,2026-09-27T17:00:00.0000000Z,,False,2026-09-24T14:50:53+00:00
153769,1057484,Cody White,WR,LV,3200,LV @ NO,2026-09-27T20:25:00.0000000Z,,False,2026-09-24T14:50:53+00:00
153769,1107878,Dyami Brown,WR,WAS,3200,SEA @ WAS,2026-09-27T17:00:00.0000000Z,,False,2026-09-24T14:50:53+00:00
153769,1118668,Ryan Miller,WR,MIA,3200,KC @ MIA,2026-09-27T17:00:00.0000000Z,Q,False,2026-09-24T14:50:53+00:00
153769,1166036,Ashton Dulin,WR,IND,3200,HOU @ IND,2026-09-27T17:00:00.0000000Z,Q,False,2026-09-24T14:50:53+00:00
153769,589984,Odell Beckham Jr.,WR,NYG,3300,TEN @ NYG,2026-09-27T17:00:00.0000000Z,,False,2026-09-24T14:50:53+00:00
153769,1110301,Tyquan Thornton,WR,KC,3300,KC @ MIA,2026-09-27T17:00:00.0000000Z,,False,2026-09-24T14:50:53+00:00
153769,1176432,Isaiah Williams,WR,NYJ,3300,NYJ @ DET,2026-09-27T17:00:00.0000000Z,,False,2026-09-24T14:50:53+00:00
153769,1181861,Jacob Cowing,WR,SF,3300,ARI @ SF,2026-09-27T20:05:00.0000000Z,,False,2026-09-24T14:50:53+00:00
153769,1287798,Deion Burks,WR,IND,3300,HOU @ IND,2026-09-27T17:00:00.0000000Z,,False,2026-09-24T14:50:53+00:00
153769,1395319,Elic Ayomanor,WR,TEN,3300,TEN @ NYG,2026-09-27T17:00:00.0000000Z,,False,2026-09-24T14:50:53+00:00
153769,1227157,Kyle Williams,WR,NE,3400,NE @ JAX,2026-09-27T17:00:00.0000000Z,,False,2026-09-24T14:50:53+00:00
153769,1229669,Roman Wilson,WR,PIT,3400,CIN @ PIT,2026-09-27T17:00:00.0000000Z,,False,2026-09-24T14:50:53+00:00
153769,1389700,Chris Bell,WR,MIA,3400,KC @ MIA,2026-09-27T17:00:00.0000000Z,Q,False,2026-09-24T14:50:53+00:00
153769,1392584,Elijah Sarratt,WR,BAL,3400,BAL @ DAL,2026-09-27T20:25:00.0000000Z,,False,2026-09-24T14:50:53+00:00
153769,1441362,Isaac TeSlaa,WR,DET,3400,NYJ @ DET,2026-09-27T17:00:00.0000000Z,,False,2026-09-24T14:50:53+00:00
153769,607864,Brandin Cooks,WR,SF,3500,ARI @ SF,2026-09-27T20:05:00.0000000Z,,False,2026-09-24T14:50:53+00:00
153769,880557,Darius Slayton,WR,IND,3500,HOU @ IND,2026-09-27T17:00:00.0000000Z,,False,2026-09-24T14:50:53+00:00
153769,1059612,Joshua Palmer,WR,BUF,3500,LAC @ BUF,2026-09-27T17:00:00.0000000Z,,False,2026-09-24T14:50:53+00:00
153769,1180321,Xavier Legette,WR,CAR,3500,CAR @ CLE,2026-09-27T17:00:00.0000000Z,,False,2026-09-24T14:50:53+00:00
153769,1277914,Devontez Walker,WR,BAL,3500,BAL @ DAL,2026-09-27T20:25:00.0000000Z,,False,2026-09-24T14:50:53+00:00
153769,1286046,Jack Bech,WR,LV,3500,LV @ NO,2026-09-27T20:25:00.0000000Z,,False,2026-09-24T14:50:53+00:00
153769,867009,Jauan Jennings,WR,MIN,3600,MIN @ TB,2026-09-27T20:05:00.0000000Z,,False,2026-09-24T14:50:53+00:00
153769,1286370,Jaylin Noel,WR,HOU,3600,HOU @ IND,2026-09-27T17:00:00.0000000Z,,False,2026-09-24T14:50:53+00:00
153769,1382670,Cyrus Allen,WR,KC,3600,KC @ MIA,2026-09-27T17:00:00.0000000Z,,False,2026-09-24T14:50:53+00:00
153769,754412,Kendrick Bourne,WR,ARI,3700,ARI @ SF,2026-09-27T20:05:00.0000000Z,,False,2026-09-24T14:50:53+00:00
153769,1126817,Jalen Nailor,WR,LV,3700,LV @ NO,2026-09-27T20:25:00.0000000Z,,False,2026-09-24T14:50:53+00:00
153769,1175693,DeMario Douglas,WR,NE,3700,NE @ JAX,2026-09-27T17:00:00.0000000Z,,False,2026-09-24T14:50:53+00:00
153769,727279,Demarcus Robinson,WR,SF,3800,ARI @ SF,2026-09-27T20:05:00.0000000Z,OUT,False,2026-09-24T14:50:53+00:00
153769,973935,Jerry Jeudy,WR,CLE,3800,CAR @ CLE,2026-09-27T17:00:00.0000000Z,,False,2026-09-24T14:50:53+00:00
153769,1393832,Ryan Flournoy,WR,DAL,3800,BAL @ DAL,2026-09-27T20:25:00.0000000Z,,False,2026-09-24T14:50:53+00:00
153769,1214633,Tre' Harris,WR,LAC,3900,LAC @ BUF,2026-09-27T17:00:00.0000000Z,,False,2026-09-24T14:50:53+00:00
153769,1380613,Germie Bernard,WR,PIT,3900,CIN @ PIT,2026-09-27T17:00:00.0000000Z,,False,2026-09-24T14:50:53+00:00
153769,1394798,Caleb Douglas,WR,MIA,3900,KC @ MIA,2026-09-27T17:00:00.0000000Z,Q,False,2026-09-24T14:50:53+00:00
153769,698227,Cooper Kupp,WR,SEA,4000,SEA @ WAS,2026-09-27T17:00:00.0000000Z,Q,False,2026-09-24T14:50:53+00:00
153769,884013,Calvin Ridley,WR,TEN,4000,TEN @ NYG,2026-09-27T17:00:00.0000000Z,,False,2026-09-24T14:50:53+00:00
153769,1213636,Xavier Hutchinson,WR,HOU,4000,HOU @ IND,2026-09-27T17:00:00.0000000Z,,False,2026-09-24T14:50:53+00:00
153769,912027,Darnell Mooney,WR,NYG,4100,TEN @ NYG,2026-09-27T17:00:00.0000000Z,,False,2026-09-24T14:50:53+00:00
153769,1213726,Jalen McMillan,WR,TB,4100,MIN @ TB,2026-09-27T20:05:00.0000000Z,,False,2026-09-24T14:50:53+00:00
153769,1378290,Antonio Williams,WR,WAS,4100,SEA @ WAS,2026-09-27T17:00:00.0000000Z,,False,2026-09-24T14:50:53+00:00
153769,702808,Mack Hollins,WR,NE,4200,NE @ JAX,2026-09-27T17:00:00.0000000Z,,False,2026-09-24T14:50:53+00:00
153769,923412,Rashid Shaheed,WR,SEA,4200,SEA @ WAS,2026-09-27T17:00:00.0000000Z,,False,2026-09-24T14:50:53+00:00
153769,1173255,Malik Washington,WR,MIA,4200,KC @ MIA,2026-09-27T17:00:00.0000000Z,,False,2026-09-24T14:50:53+00:00
153769,1285908,Adonai Mitchell,WR,NYJ,4300,NYJ @ DET,2026-09-27T17:00:00.0000000Z,,False,2026-09-24T14:50:53+00:00
153769,1322431,Keon Coleman,WR,BUF,4300,LAC @ BUF,2026-09-27T17:00:00.0000000Z,Q,False,2026-09-24T14:50:53+00:00
153769,1441576,KC Concepcion Jr.,WR,CLE,4300,CAR @ CLE,2026-09-27T17:00:00.0000000Z,,False,2026-09-24T14:50:53+00:00
153769,1164788,Devaughn Vele,WR,NO,4400,LV @ NO,2026-09-27T20:25:00.0000000Z,,False,2026-09-24T14:50:53+00:00
153769,1319589,Malachi Fields,WR,NYG,4400,TEN @ NYG,2026-09-27T17:00:00.0000000Z,,False,2026-09-24T14:50:53+00:00
153769,1326638,Xavier Worthy,WR,KC,4400,KC @ MIA,2026-09-27T17:00:00.0000000Z,,False,2026-09-24T14:50:53+00:00
153769,1164875,Wan'Dale Robinson,WR,TEN,4500,TEN @ NYG,2026-09-27T17:00:00.0000000Z,,False,2026-09-24T14:50:53+00:00
153769,1213362,Kayshon Boutte,WR,HOU,4500,HOU @ IND,2026-09-27T17:00:00.0000000Z,,False,2026-09-24T14:50:53+00:00
153769,1379904,Denzel Boston,WR,CLE,4500,CAR @ CLE,2026-09-27T17:00:00.0000000Z,,False,2026-09-24T14:50:53+00:00
153769,557210,Keenan Allen,WR,IND,4600,HOU @ IND,2026-09-27T17:00:00.0000000Z,,False,2026-09-24T14:50:53+00:00
153769,1286064,Brian Thomas Jr.,WR,JAX,4600,NE @ JAX,2026-09-27T17:00:00.0000000Z,,False,2026-09-24T14:50:53+00:00
153769,911348,Michael Pittman Jr.,WR,PIT,4700,CIN @ PIT,2026-09-27T17:00:00.0000000Z,Q,False,2026-09-24T14:50:53+00:00
153769,1108208,Rashod Bateman,WR,BAL,4700,BAL @ DAL,2026-09-27T20:25:00.0000000Z,,False,2026-09-24T14:50:53+00:00
153769,1287828,Marvin Harrison Jr.,WR,ARI,4700,ARI @ SF,2026-09-27T20:05:00.0000000Z,,False,2026-09-24T14:50:53+00:00
153769,880151,Jakobi Meyers,WR,JAX,4800,NE @ JAX,2026-09-27T17:00:00.0000000Z,Q,False,2026-09-24T14:50:53+00:00
153769,1130603,Khalil Shakir,WR,BUF,4800,LAC @ BUF,2026-09-27T17:00:00.0000000Z,,False,2026-09-24T14:50:53+00:00
153769,1213865,Quentin Johnston,WR,LAC,4900,LAC @ BUF,2026-09-27T17:00:00.0000000Z,,False,2026-09-24T14:50:53+00:00
153769,1214250,Jordan Addison,WR,MIN,4900,MIN @ TB,2026-09-27T20:05:00.0000000Z,,False,2026-09-24T14:50:53+00:00
153769,1164979,Tre Tucker,WR,LV,5000,LV @ NO,2026-09-27T20:25:00.0000000Z,,False,2026-09-24T14:50:53+00:00
153769,1441839,Carnell Tate,WR,TEN,5000,TEN @ NYG,2026-09-27T17:00:00.0000000Z,,False,2026-09-24T14:50:53+00:00
153769,836116,Terry McLaurin,WR,WAS,5100,SEA @ WAS,2026-09-27T17:00:00.0000000Z,,False,2026-09-24T14:50:53+00:00
153769,1122653,Romeo Doubs,WR,NE,5100,NE @ JAX,2026-09-27T17:00:00.0000000Z,,False,2026-09-24T14:50:53+00:00
153769,1123529,Michael Wilson,WR,ARI,5200,ARI @ SF,2026-09-27T20:05:00.0000000Z,,False,2026-09-24T14:50:53+00:00
153769,835127,Chris Godwin Jr.,WR,TB,5300,MIN @ TB,2026-09-27T20:05:00.0000000Z,,False,2026-09-24T14:50:53+00:00
153769,835749,Deebo Samuel Sr.,WR,SF,5300,ARI @ SF,2026-09-27T20:05:00.0000000Z,,False,2026-09-24T14:50:53+00:00
153769,945633,DK Metcalf,WR,PIT,5400,CIN @ PIT,2026-09-27T17:00:00.0000000Z,,False,2026-09-24T14:50:53+00:00
153769,1175184,Jameson Williams,WR,DET,5400,NYJ @ DET,2026-09-27T17:00:00.0000000Z,,False,2026-09-24T14:50:53+00:00
153769,694041,Stefon Diggs,WR,WAS,5500,SEA @ WAS,2026-09-27T17:00:00.0000000Z,,False,2026-09-24T14:50:53+00:00
153769,1218753,Jalen Coker,WR,CAR,5500,CAR @ CLE,2026-09-27T17:00:00.0000000Z,Q,False,2026-09-24T14:50:53+00:00
153769,1107027,Alec Pierce,WR,IND,5600,HOU @ IND,2026-09-27T17:00:00.0000000Z,OUT,False,2026-09-24T14:50:53+00:00
153769,1215077,Josh Downs,WR,IND,5700,HOU @ IND,2026-09-27T17:00:00.0000000Z,,False,2026-09-24T14:50:53+00:00
153769,877790,DJ Moore,WR,BUF,5800,LAC @ BUF,2026-09-27T17:00:00.0000000Z,Q,False,2026-09-24T14:50:53+00:00
153769,1218643,Ladd McConkey,WR,LAC,5900,LAC @ BUF,2026-09-27T17:00:00.0000000Z,,False,2026-09-24T14:50:53+00:00
153769,1229074,Parker Washington,WR,JAX,6000,NE @ JAX,2026-09-27T17:00:00.0000000Z,,False,2026-09-24T14:50:53+00:00
153769,1380576,Tetairoa McMillan,WR,CAR,6000,CAR @ CLE,2026-09-27T17:00:00.0000000Z,,False,2026-09-24T14:50:53+00:00
153769,978579,Tee Higgins,WR,CIN,6100,CIN @ PIT,2026-09-27T17:00:00.0000000Z,,False,2026-09-24T14:50:53+00:00
153769,1287825,Emeka Egbuka,WR,TB,6200,MIN @ TB,2026-09-27T20:05:00.0000000Z,,False,2026-09-24T14:50:53+00:00
153769,1164889,Garrett Wilson,WR,NYJ,6300,NYJ @ DET,2026-09-27T17:00:00.0000000Z,,False,2026-09-24T14:50:53+00:00
153769,1173538,Rashee Rice,WR,KC,6400,KC @ MIA,2026-09-27T17:00:00.0000000Z,,False,2026-09-24T14:50:53+00:00
153769,1286059,Malik Nabers,WR,NYG,6500,TEN @ NYG,2026-09-27T17:00:00.0000000Z,Q,False,2026-09-24T14:50:53+00:00
153769,1172053,George Pickens,WR,DAL,6600,BAL @ DAL,2026-09-27T20:25:00.0000000Z,,False,2026-09-24T14:50:53+00:00
153769,593587,Mike Evans,WR,SF,6800,ARI @ SF,2026-09-27T20:05:00.0000000Z,Q,False,2026-09-24T14:50:53+00:00
153769,1177053,Zay Flowers,WR,BAL,6900,BAL @ DAL,2026-09-27T20:25:00.0000000Z,Q,False,2026-09-24T14:50:53+00:00
153769,1074698,Nico Collins,WR,HOU,7000,HOU @ IND,2026-09-27T17:00:00.0000000Z,Q,False,2026-09-24T14:50:53+00:00
153769,1122592,Chris Olave,WR,NO,7200,LV @ NO,2026-09-27T20:25:00.0000000Z,,False,2026-09-24T14:50:53+00:00
153769,1069535,Justin Jefferson,WR,MIN,7500,MIN @ TB,2026-09-27T20:05:00.0000000Z,,False,2026-09-24T14:50:53+00:00
153769,1062020,CeeDee Lamb,WR,DAL,7800,BAL @ DAL,2026-09-27T20:25:00.0000000Z,,False,2026-09-24T14:50:53+00:00
153769,1127106,Amon-Ra St. Brown,WR,DET,7900,NYJ @ DET,2026-09-27T17:00:00.0000000Z,,False,2026-09-24T14:50:53+00:00
153769,1109979,Ja'Marr Chase,WR,CIN,8100,CIN @ PIT,2026-09-27T17:00:00.0000000Z,,False,2026-09-24T14:50:53+00:00
153769,1214087,Jaxon Smith-Njigba,WR,SEA,8600,SEA @ WAS,2026-09-27T17:00:00.0000000Z,,False,2026-09-24T14:50:53+00:00
153770,345,Dolphins,DST,MIA,2000,KC @ MIA,2026-09-27T17:00:00.0000000Z,,False,2026-09-24T14:50:53+00:00
153770,352,Jets,DST,NYJ,2100,NYJ @ DET,2026-09-27T17:00:00.0000000Z,,False,2026-09-24T14:50:53+00:00
153770,357,Chargers,DST,LAC,2200,LAC @ BUF,2026-09-27T17:00:00.0000000Z,,False,2026-09-24T14:50:53+00:00
153770,363,Commanders,DST,WAS,2300,SEA @ WAS,2026-09-27T17:00:00.0000000Z,,False,2026-09-24T14:50:53+00:00
153770,336,Titans,DST,TEN,2400,TEN @ NYG,2026-09-27T17:00:00.0000000Z,,False,2026-09-24T14:50:53+00:00
153770,329,Browns,DST,CLE,2500,CAR @ CLE,2026-09-27T17:00:00.0000000Z,,False,2026-09-24T14:50:53+00:00
153770,338,Colts,DST,IND,2500,HOU @ IND,2026-09-27T17:00:00.0000000Z,,False,2026-09-24T14:50:53+00:00
153770,348,Patriots,DST,NE,2700,NE @ JAX,2026-09-27T17:00:00.0000000Z,,False,2026-09-24T14:50:53+00:00
153770,356,Steelers,DST,PIT,2700,CIN @ PIT,2026-09-27T17:00:00.0000000Z,,False,2026-09-24T14:50:53+00:00
153770,324,Bills,DST,BUF,2800,LAC @ BUF,2026-09-27T17:00:00.0000000Z,,False,2026-09-24T14:50:53+00:00
153770,327,Bengals,DST,CIN,2900,CIN @ PIT,2026-09-27T17:00:00.0000000Z,,False,2026-09-24T14:50:53+00:00
153770,365,Jaguars,DST,JAX,2900,NE @ JAX,2026-09-27T17:00:00.0000000Z,,False,2026-09-24T14:50:53+00:00
153770,364,Panthers,DST,CAR,3000,CAR @ CLE,2026-09-27T17:00:00.0000000Z,,False,2026-09-24T14:50:53+00:00
153770,325,Texans,DST,HOU,3200,HOU @ IND,2026-09-27T17:00:00.0000000Z,,False,2026-09-24T14:50:53+00:00
153770,351,Giants,DST,NYG,3400,TEN @ NYG,2026-09-27T17:00:00.0000000Z,,False,2026-09-24T14:50:53+00:00
153770,334,Lions,DST,DET,3500,NYJ @ DET,2026-09-27T17:00:00.0000000Z,,False,2026-09-24T14:50:53+00:00
153770,339,Chiefs,DST,KC,3700,KC @ MIA,2026-09-27T17:00:00.0000000Z,,False,2026-09-24T14:50:53+00:00
153770,361,Seahawks,DST,SEA,3800,SEA @ WAS,2026-09-27T17:00:00.0000000Z,,False,2026-09-24T14:50:53+00:00
153770,273278,Josh Johnson,QB,CIN,4000,CIN @ PIT,2026-09-27T17:00:00.0000000Z,,False,2026-09-24T14:50:53+00:00
153770,691536,Jameis Winston,QB,NYG,4000,TEN @ NYG,2026-09-27T17:00:00.0000000Z,,False,2026-09-24T14:50:53+00:00
153770,728169,Mitchell Trubisky,QB,TEN,4000,TEN @ NYG,2026-09-27T17:00:00.0000000Z,,False,2026-09-24T14:50:53+00:00
153770,741262,Joshua Dobbs,QB,DET,4000,NYJ @ DET,2026-09-27T17:00:00.0000000Z,,False,2026-09-24T14:50:53+00:00
153770,748309,Nick Mullens,QB,JAX,4000,NE @ JAX,2026-09-27T17:00:00.0000000Z,,False,2026-09-24T14:50:53+00:00
153770,822350,Kyle Allen,QB,BUF,4000,LAC @ BUF,2026-09-27T17:00:00.0000000Z,,False,2026-09-24T14:50:53+00:00
153770,823220,Mason Rudolph,QB,PIT,4000,CIN @ PIT,2026-09-27T17:00:00.0000000Z,,False,2026-09-24T14:50:53+00:00
153770,911619,Shane Buechele,QB,BUF,4000,LAC @ BUF,2026-09-27T17:00:00.0000000Z,,False,2026-09-24T14:50:53+00:00
153770,976924,Kenny Pickett,QB,CAR,4000,CAR @ CLE,2026-09-27T17:00:00.0000000Z,,False,2026-09-24T14:50:53+00:00
153770,976966,Hendon Hooker,QB,TEN,4000,TEN @ NYG,2026-09-27T17:00:00.0000000Z,,False,2026-09-24T14:50:53+00:00
153770,1049254,Jake Haener,QB,NYG,4000,TEN @ NYG,2026-09-27T17:00:00.0000000Z,,False,2026-09-24T14:50:53+00:00
153770,1058090,Bailey Zappe,QB,NYJ,4000,NYJ @ DET,2026-09-27T17:00:00.0000000Z,,False,2026-09-24T14:50:53+00:00
153770,1060311,Davis Mills,QB,HOU,4000,HOU @ IND,2026-09-27T17:00:00.0000000Z,,False,2026-09-24T14:50:53+00:00
153770,1060671,Tommy DeVito,QB,NE,4000,NE @ JAX,2026-09-27T17:00:00.0000000Z,,False,2026-09-24T14:50:53+00:00
153770,1067089,Sean Clifford,QB,CIN,4000,CIN @ PIT,2026-09-27T17:00:00.0000000Z,,False,2026-09-24T14:50:53+00:00
153770,1109711,Sam Hartman,QB,WAS,4000,SEA @ WAS,2026-09-27T17:00:00.0000000Z,,False,2026-09-24T14:50:53+00:00
153770,1110681,Justin Fields,QB,KC,4000,KC @ MIA,2026-09-27T17:00:00.0000000Z,,False,2026-09-24T14:50:53+00:00
153770,1116663,Will Levis,QB,NYJ,4000,NYJ @ DET,2026-09-27T17:00:00.0000000Z,,False,2026-09-24T14:50:53+00:00
153770,1130975,Trey Lance,QB,LAC,4000,LAC @ BUF,2026-09-27T17:00:00.0000000Z,,False,2026-09-24T14:50:53+00:00
153770,1164951,Graham Mertz,QB,HOU,4000,HOU @ IND,2026-09-27T17:00:00.0000000Z,IR,False,2026-09-24T14:50:53+00:00
153770,1165333,Dillon Gabriel,QB,CLE,4000,CAR @ CLE,2026-09-27T17:00:00.0000000Z,IR,False,2026-09-24T14:50:53+00:00
153770,1213386,Brady Cook,QB,MIA,4000,KC @ MIA,2026-09-27T17:00:00.0000000Z,,False,2026-09-24T14:50:53+00:00
153770,1213782,Will Howard,QB,PIT,4000,CIN @ PIT,2026-09-27T17:00:00.0000000Z,,False,2026-09-24T14:50:53+00:00
153770,1213928,DJ Uiagalelei,QB,LAC,4000,LAC @ BUF,2026-09-27T17:00:00.0000000Z,,False,2026-09-24T14:50:53+00:00
153770,1214336,Haynes King,QB,CAR,4000,CAR @ CLE,2026-09-27T17:00:00.0000000Z,,False,2026-09-24T14:50:53+00:00
153770,1215022,Anthony Richardson Sr.,QB,IND,4000,HOU @ IND,2026-09-27T17:00:00.0000000Z,,False,2026-09-24T14:50:53+00:00
153770,1286037,Garrett Nussmeier,QB,KC,4000,KC @ MIA,2026-09-27T17:00:00.0000000Z,,False,2026-09-24T14:50:53+00:00
153770,1286214,Luke Altmyer,QB,DET,4000,NYJ @ DET,2026-09-27T17:00:00.0000000Z,,False,2026-09-24T14:50:53+00:00
153770,1286388,Behren Morton,QB,NE,4000,NE @ JAX,2026-09-27T17:00:00.0000000Z,,False,2026-09-24T14:50:53+00:00
153770,1287826,Kyle McCord,QB,MIA,4000,KC @ MIA,2026-09-27T17:00:00.0000000Z,,False,2026-09-24T14:50:53+00:00
153770,1287925,Athan Kaliakmanis,QB,WAS,4000,SEA @ WAS,2026-09-27T17:00:00.0000000Z,,False,2026-09-24T14:50:53+00:00
153770,1288113,Taylen Green,QB,CLE,4000,CAR @ CLE,2026-09-27T17:00:00.0000000Z,,False,2026-09-24T14:50:53+00:00
153770,1290102,Jalen Milroe,QB,SEA,4000,SEA @ WAS,2026-09-27T17:00:00.0000000Z,,False,2026-09-24T14:50:53+00:00
153770,1290165,Riley Leonard,QB,IND,4000,HOU @ IND,2026-09-27T17:00:00.0000000Z,,False,2026-09-24T14:50:53+00:00
153770,1333868,Quinn Ewers,QB,JAX,4000,NE @ JAX,2026-09-27T17:00:00.0000000Z,,False,2026-09-24T14:50:53+00:00
153770,1378287,Cade Klubnik,QB,NYJ,4000,NYJ @ DET,2026-09-27T17:00:00.0000000Z,,False,2026-09-24T14:50:53+00:00
153770,1379258,Drew Allar,QB,PIT,4000,CIN @ PIT,2026-09-27T17:00:00.0000000Z,,False,2026-09-24T14:50:53+00:00
153770,1448305,Joey Aguilar,QB,JAX,4000,NE @ JAX,2026-09-27T17:00:00.0000000Z,,False,2026-09-24T14:50:53+00:00
153770,1272321,Shedeur Sanders,QB,CLE,4200,CAR @ CLE,2026-09-27T17:00:00.0000000Z,,False,2026-09-24T14:50:53+00:00
153770,216342,Joe Flacco,QB,CIN,4400,CIN @ PIT,2026-09-27T17:00:00.0000000Z,,False,2026-09-24T14:50:53+00:00
153770,607843,Marcus Mariota,QB,WAS,4500,SEA @ WAS,2026-09-27T17:00:00.0000000Z,,False,2026-09-24T14:50:53+00:00
153770,828743,Deshaun Watson,QB,CLE,4700,CAR @ CLE,2026-09-27T17:00:00.0000000Z,,False,2026-09-24T14:50:53+00:00
153770,513856,Geno Smith,QB,NYJ,4900,NYJ @ DET,2026-09-27T17:00:00.0000000Z,,False,2026-09-24T14:50:53+00:00
153770,976323,Malik Willis,QB,MIA,4900,KC @ MIA,2026-09-27T17:00:00.0000000Z,,False,2026-09-24T14:50:53+00:00
153770,213957,Aaron Rodgers,QB,PIT,5000,CIN @ PIT,2026-09-27T17:00:00.0000000Z,,False,2026-09-24T14:50:53+00:00
153770,879981,Daniel Jones,QB,IND,5000,HOU @ IND,2026-09-27T17:00:00.0000000Z,,False,2026-09-24T14:50:53+00:00
153770,1228691,Cam Ward,QB,TEN,5100,TEN @ NYG,2026-09-27T17:00:00.0000000Z,,False,2026-09-24T14:50:53+00:00
153770,882345,Drew Lock,QB,SEA,5200,SEA @ WAS,2026-09-27T17:00:00.0000000Z,,False,2026-09-24T14:50:53+00:00
153770,880026,Sam Darnold,QB,SEA,5400,SEA @ WAS,2026-09-27T17:00:00.0000000Z,Q,False,2026-09-24T14:50:53+00:00
153770,1214084,C.J. Stroud,QB,HOU,5500,HOU @ IND,2026-09-27T17:00:00.0000000Z,,False,2026-09-24T14:50:53+00:00
153770,1213257,Bryce Young,QB,CAR,5600,CAR @ CLE,2026-09-27T17:00:00.0000000Z,,False,2026-09-24T14:50:53+00:00
153770,1110711,Trevor Lawrence,QB,JAX,5700,NE @ JAX,2026-09-27T17:00:00.0000000Z,,False,2026-09-24T14:50:53+00:00
153770,910562,Justin Herbert,QB,LAC,5800,LAC @ BUF,2026-09-27T17:00:00.0000000Z,,False,2026-09-24T14:50:53+00:00
153770,1286260,Jaxson Dart,QB,NYG,5900,TEN @ NYG,2026-09-27T17:00:00.0000000Z,OUT,False,2026-09-24T14:50:53+00:00
153770,1161228,Jayden Daniels,QB,WAS,6000,SEA @ WAS,2026-09-27T17:00:00.0000000Z,OUT,False,2026-09-24T14:50:53+00:00
153770,1286803,Drake Maye,QB,NE,6100,NE @ JAX,2026-09-27T17:00:00.0000000Z,,False,2026-09-24T14:50:53+00:00
153770,839031,Patrick Mahomes,QB,KC,6200,KC @ MIA,2026-09-27T17:00:00.0000000Z,,False,2026-09-24T14:50:53+00:00
153770,727837,Jared Goff,QB,DET,6300,NYJ @ DET,2026-09-27T17:00:00.0000000Z,,False,2026-09-24T14:50:53+00:00
153770,878785,Joe Burrow,QB,CIN,6600,CIN @ PIT,2026-09-27T17:00:00.0000000Z,,False,2026-09-24T14:50:53+00:00
153770,868199,Josh Allen,QB,BUF,8000,LAC @ BUF,2026-09-27T17:00:00.0000000Z,,False,2026-09-24T14:50:53+00:00
153770,556483,Michael Burton,RB,CLE,4000,CAR @ CLE,2026-09-27T17:00:00.0000000Z,,False,2026-09-24T14:50:53+00:00
153770,590796,Ameer Abdullah,RB,JAX,4000,NE @ JAX,2026-09-27T17:00:00.0000000Z,,False,2026-09-24T14:50:53+00:00
153770,658389,Patrick Ricard,RB,NYG,4000,TEN @ NYG,2026-09-27T17:00:00.0000000Z,,False,2026-09-24T14:50:53+00:00
153770,824428,Andrew Beck,RB,NYJ,4000,NYJ @ DET,2026-09-27T17:00:00.0000000Z,,False,2026-09-24T14:50:53+00:00
153770,837594,Jeremy McNichols,RB,WAS,4000,SEA @ WAS,2026-09-27T17:00:00.0000000Z,IR,False,2026-09-24T14:50:53+00:00
153770,877784,Ty Johnson,RB,BUF,4000,LAC @ BUF,2026-09-27T17:00:00.0000000Z,,False,2026-09-24T14:50:53+00:00
153770,880322,Alec Ingold,RB,LAC,4000,LAC @ BUF,2026-09-27T17:00:00.0000000Z,,False,2026-09-24T14:50:53+00:00
153770,915066,Reggie Gilliam,RB,NE,4000,NE @ JAX,2026-09-27T17:00:00.0000000Z,Q,False,2026-09-24T14:50:53+00:00
153770,919304,Velus Jones Jr.,RB,SEA,4000,SEA @ WAS,2026-09-27T17:00:00.0000000Z,,False,2026-09-24T14:50:53+00:00
153770,922484,Travis Homer,RB,PIT,4000,CIN @ PIT,2026-09-27T17:00:00.0000000Z,,False,2026-09-24T14:50:53+00:00
153770,946748,Kene Nwangwu,RB,NYJ,4000,NYJ @ DET,2026-09-27T17:00:00.0000000Z,Q,False,2026-09-24T14:50:53+00:00
153770,976329,Michael Carter,RB,TEN,4000,TEN @ NYG,2026-09-27T17:00:00.0000000Z,,False,2026-09-24T14:50:53+00:00
153770,1057725,Carlos Washington Jr.,RB,MIA,4000,KC @ MIA,2026-09-27T17:00:00.0000000Z,,False,2026-09-24T14:50:53+00:00
153770,1060545,AJ Dillon,RB,CAR,4000,CAR @ CLE,2026-09-27T17:00:00.0000000Z,,False,2026-09-24T14:50:53+00:00
153770,1064955,Brady Russell,RB,SEA,4000,SEA @ WAS,2026-09-27T17:00:00.0000000Z,Q,False,2026-09-24T14:50:53+00:00
153770,1106832,Isiah Pacheco,RB,DET,4000,NYJ @ DET,2026-09-27T17:00:00.0000000Z,IR,False,2026-09-24T14:50:53+00:00
153770,1125846,Julius Chestnut,RB,TEN,4000,TEN @ NYG,2026-09-27T17:00:00.0000000Z,,False,2026-09-24T14:50:53+00:00
153770,1128295,British Brooks,RB,HOU,4000,HOU @ IND,2026-09-27T17:00:00.0000000Z,,False,2026-09-24T14:50:53+00:00
153770,1130245,Ben VanSumeren,RB,KC,4000,KC @ MIA,2026-09-27T17:00:00.0000000Z,,False,2026-09-24T14:50:53+00:00
153770,1130595,Scott Matlock,RB,LAC,4000,LAC @ BUF,2026-09-27T17:00:00.0000000Z,IR,False,2026-09-24T14:50:53+00:00
153770,1131457,Jacob Saylors,RB,DET,4000,NYJ @ DET,2026-09-27T17:00:00.0000000Z,,False,2026-09-24T14:50:53+00:00
153770,1161798,Eric Gray,RB,CLE,4000,CAR @ CLE,2026-09-27T17:00:00.0000000Z,,False,2026-09-24T14:50:53+00:00
153770,1164137,Jawhar Jordan,RB,HOU,4000,HOU @ IND,2026-09-27T17:00:00.0000000Z,,False,2026-09-24T14:50:53+00:00
153770,1164530,Zach Charbonnet,RB,SEA,4000,SEA @ WAS,2026-09-27T17:00:00.0000000Z,OUT,False,2026-09-24T14:50:53+00:00
153770,1166480,Lew Nichols,RB,PIT,4000,CIN @ PIT,2026-09-27T17:00:00.0000000Z,,False,2026-09-24T14:50:53+00:00
153770,1167356,Craig Reynolds,RB,WAS,4000,SEA @ WAS,2026-09-27T17:00:00.0000000Z,,False,2026-09-24T14:50:53+00:00
153770,1173480,Jacardia Wright,RB,SEA,4000,SEA @ WAS,2026-09-27T17:00:00.0000000Z,,False,2026-09-24T14:50:53+00:00
153770,1213345,Kendall Milton,RB,CIN,4000,CIN @ PIT,2026-09-27T17:00:00.0000000Z,,False,2026-09-24T14:50:53+00:00
153770,1213478,Chip Trayanum,RB,NYJ,4000,NYJ @ DET,2026-09-27T17:00:00.0000000Z,IR,False,2026-09-24T14:50:53+00:00
153770,1214132,Nate Carter,RB,KC,4000,KC @ MIA,2026-09-27T17:00:00.0000000Z,,False,2026-09-24T14:50:53+00:00
153770,1214289,Ahmani Marshall,RB,CAR,4000,CAR @ CLE,2026-09-27T17:00:00.0000000Z,,False,2026-09-24T14:50:53+00:00
153770,1214824,Kimani Vidal,RB,LAC,4000,LAC @ BUF,2026-09-27T17:00:00.0000000Z,,False,2026-09-24T14:50:53+00:00
153770,1215306,Noah Whittington,RB,HOU,4000,HOU @ IND,2026-09-27T17:00:00.0000000Z,,False,2026-09-24T14:50:53+00:00
153770,1215658,Lan Larison,RB,NE,4000,NE @ JAX,2026-09-27T17:00:00.0000000Z,,False,2026-09-24T14:50:53+00:00
153770,1228730,Tahj Brooks,RB,CIN,4000,CIN @ PIT,2026-09-27T17:00:00.0000000Z,,False,2026-09-24T14:50:53+00:00
153770,1229055,Kentrel Bullock,RB,CIN,4000,CIN @ PIT,2026-09-27T17:00:00.0000000Z,,False,2026-09-24T14:50:53+00:00
153770,1229673,Kalel Mullings,RB,TEN,4000,TEN @ NYG,2026-09-27T17:00:00.0000000Z,,False,2026-09-24T14:50:53+00:00
153770,1232898,Jabari Small,RB,DET,4000,NYJ @ DET,2026-09-27T17:00:00.0000000Z,,False,2026-09-24T14:50:53+00:00
153770,1233127,Frank Gore Jr.,RB,BUF,4000,LAC @ BUF,2026-09-27T17:00:00.0000000Z,,False,2026-09-24T14:50:53+00:00
153770,1233297,Anderson Castle,RB,IND,4000,HOU @ IND,2026-09-27T17:00:00.0000000Z,,False,2026-09-24T14:50:53+00:00
153770,1244224,Riley Nowakowski,RB,PIT,4000,CIN @ PIT,2026-09-27T17:00:00.0000000Z,,False,2026-09-24T14:50:53+00:00
153770,1271609,Isaiah Davis,RB,NYJ,4000,NYJ @ DET,2026-09-27T17:00:00.0000000Z,,False,2026-09-24T14:50:53+00:00
153770,1271738,Jaleel McLaughlin,RB,CLE,4000,CAR @ CLE,2026-09-27T17:00:00.0000000Z,,False,2026-09-24T14:50:53+00:00
153770,1277947,J'Mari Taylor,RB,JAX,4000,NE @ JAX,2026-09-27T17:00:00.0000000Z,,False,2026-09-24T14:50:53+00:00
153770,1285958,Robbie Ouzts,RB,SEA,4000,SEA @ WAS,2026-09-27T17:00:00.0000000Z,IR,False,2026-09-24T14:50:53+00:00
153770,1286050,Corey Kiner,RB,NE,4000,NE @ JAX,2026-09-27T17:00:00.0000000Z,,False,2026-09-24T14:50:53+00:00
153770,1286513,Jaylen Wright,RB,MIA,4000,KC @ MIA,2026-09-27T17:00:00.0000000Z,Q,False,2026-09-24T14:50:53+00:00
153770,1286701,Gregory Desrosiers,RB,LAC,4000,LAC @ BUF,2026-09-27T17:00:00.0000000Z,,False,2026-09-24T14:50:53+00:00
153770,1287641,Phil Mafah,RB,NYG,4000,TEN @ NYG,2026-09-27T17:00:00.0000000Z,,False,2026-09-24T14:50:53+00:00
153770,1287778,Anthony Tyus III,RB,CAR,4000,CAR @ CLE,2026-09-27T17:00:00.0000000Z,,False,2026-09-24T14:50:53+00:00
153770,1288074,Myles Montgomery,RB,NE,4000,NE @ JAX,2026-09-27T17:00:00.0000000Z,IR,False,2026-09-24T14:50:53+00:00
153770,1289436,Al-Jay Henderson,RB,NYJ,4000,NYJ @ DET,2026-09-27T17:00:00.0000000Z,,False,2026-09-24T14:50:53+00:00
153770,1303569,DJ Giddens,RB,IND,4000,HOU @ IND,2026-09-27T17:00:00.0000000Z,,False,2026-09-24T14:50:53+00:00
153770,1313668,Brashard Smith,RB,KC,4000,KC @ MIA,2026-09-27T17:00:00.0000000Z,,False,2026-09-24T14:50:53+00:00
153770,1317287,Brock Lampe,RB,BUF,4000,LAC @ BUF,2026-09-27T17:00:00.0000000Z,,False,2026-09-24T14:50:53+00:00
153770,1319185,Jarquez Hunter,RB,MIA,4000,KC @ MIA,2026-09-27T17:00:00.0000000Z,,False,2026-09-24T14:50:53+00:00
153770,1327875,DJ Herman,RB,MIA,4000,KC @ MIA,2026-09-27T17:00:00.0000000Z,,False,2026-09-24T14:50:53+00:00
153770,1332922,Amar Johnson,RB,LAC,4000,LAC @ BUF,2026-09-27T17:00:00.0000000Z,,False,2026-09-24T14:50:53+00:00
153770,1377757,Jaydn Ott,RB,KC,4000,KC @ MIA,2026-09-27T17:00:00.0000000Z,,False,2026-09-24T14:50:53+00:00
153770,1377766,Ollie Gordon II,RB,MIA,4000,KC @ MIA,2026-09-27T17:00:00.0000000Z,,False,2026-09-24T14:50:53+00:00
153770,1378840,LeQuint Allen Jr.,RB,JAX,4000,NE @ JAX,2026-09-27T17:00:00.0000000Z,Q,False,2026-09-24T14:50:53+00:00
153770,1379264,Nick Singleton,RB,TEN,4000,TEN @ NYG,2026-09-27T17:00:00.0000000Z,,False,2026-09-24T14:50:53+00:00
153770,1394803,Trevor Etienne,RB,CAR,4000,CAR @ CLE,2026-09-27T17:00:00.0000000Z,IR,False,2026-09-24T14:50:53+00:00
153770,1395874,Eli Heidenreich,RB,PIT,4000,CIN @ PIT,2026-09-27T17:00:00.0000000Z,,False,2026-09-24T14:50:53+00:00
153770,1399910,Dylan Sampson,RB,CLE,4000,CAR @ CLE,2026-09-27T17:00:00.0000000Z,IR,False,2026-09-24T14:50:53+00:00
153770,1443998,Robert Henry Jr.,RB,WAS,4000,SEA @ WAS,2026-09-27T17:00:00.0000000Z,,False,2026-09-24T14:50:53+00:00
153770,1445256,Davon Booth,RB,IND,4000,HOU @ IND,2026-09-27T17:00:00.0000000Z,,False,2026-09-24T14:50:53+00:00
153770,1665835,Grant Finley,RB,NYG,4000,TEN @ NYG,2026-09-27T17:00:00.0000000Z,,False,2026-09-24T14:50:53+00:00
153770,820734,Samaje Perine,RB,CIN,4100,CIN @ PIT,2026-09-27T17:00:00.0000000Z,,False,2026-09-24T14:50:53+00:00
153770,1109708,Tyrone Tracy Jr.,RB,NYG,4100,TEN @ NYG,2026-09-27T17:00:00.0000000Z,,False,2026-09-24T14:50:53+00:00
153770,1213794,Seth McGowan,RB,IND,4100,HOU @ IND,2026-09-27T17:00:00.0000000Z,,False,2026-09-24T14:50:53+00:00
153770,916466,Devin Singletary,RB,NYG,4200,TEN @ NYG,2026-09-27T17:00:00.0000000Z,,False,2026-09-24T14:50:53+00:00
153770,1222789,Keaton Mitchell,RB,LAC,4300,LAC @ BUF,2026-09-27T17:00:00.0000000Z,,False,2026-09-24T14:50:53+00:00
153770,1379259,Kaytron Allen,RB,WAS,4300,SEA @ WAS,2026-09-27T17:00:00.0000000Z,Q,False,2026-09-24T14:50:53+00:00
153770,1381164,Sione Vaki,RB,DET,4300,NYJ @ DET,2026-09-27T17:00:00.0000000Z,,False,2026-09-24T14:50:53+00:00
153770,1165229,Ray Davis,RB,BUF,4400,LAC @ BUF,2026-09-27T17:00:00.0000000Z,,False,2026-09-24T14:50:53+00:00
153770,1325231,Braelon Allen,RB,NYJ,4400,NYJ @ DET,2026-09-27T17:00:00.0000000Z,,False,2026-09-24T14:50:53+00:00
153770,1379251,Emmett Johnson,RB,KC,4400,KC @ MIA,2026-09-27T17:00:00.0000000Z,,False,2026-09-24T14:50:53+00:00
153770,1180625,George Holani,RB,SEA,4500,SEA @ WAS,2026-09-27T17:00:00.0000000Z,Q,False,2026-09-24T14:50:53+00:00
153770,1285895,Raheim Sanders,RB,CLE,4500,CAR @ CLE,2026-09-27T17:00:00.0000000Z,,False,2026-09-24T14:50:53+00:00
153770,1113403,Chris Rodriguez Jr.,RB,JAX,4600,NE @ JAX,2026-09-27T17:00:00.0000000Z,,False,2026-09-24T14:50:53+00:00
153770,1326601,Jonathon Brooks,RB,CAR,4600,CAR @ CLE,2026-09-27T17:00:00.0000000Z,IR,False,2026-09-24T14:50:53+00:00
153770,933480,Rico Dowdle,RB,PIT,4700,CIN @ PIT,2026-09-27T17:00:00.0000000Z,Q,False,2026-09-24T14:50:53+00:00
153770,973964,Najee Harris,RB,NYG,4700,TEN @ NYG,2026-09-27T17:00:00.0000000Z,,False,2026-09-24T14:50:53+00:00
153770,1169430,Tyjae Spears,RB,TEN,4900,TEN @ NYG,2026-09-27T17:00:00.0000000Z,Q,False,2026-09-24T14:50:53+00:00
153770,1447759,Emanuel Wilson,RB,SEA,4900,SEA @ WAS,2026-09-27T17:00:00.0000000Z,,False,2026-09-24T14:50:53+00:00
153770,1231652,Woody Marks,RB,HOU,5000,HOU @ IND,2026-09-27T17:00:00.0000000Z,,False,2026-09-24T14:50:53+00:00
153770,1229343,Rachaad White,RB,WAS,5100,SEA @ WAS,2026-09-27T17:00:00.0000000Z,,False,2026-09-24T14:50:53+00:00
153770,1287837,TreVeyon Henderson,RB,NE,5200,NE @ JAX,2026-09-27T17:00:00.0000000Z,,False,2026-09-24T14:50:53+00:00
153770,1191186,Jacory Croskey-Merritt,RB,WAS,5300,SEA @ WAS,2026-09-27T17:00:00.0000000Z,,False,2026-09-24T14:50:53+00:00
153770,1383791,Jadarian Price,RB,SEA,5300,SEA @ WAS,2026-09-27T17:00:00.0000000Z,Q,False,2026-09-24T14:50:53+00:00
153770,880398,Tony Pollard,RB,TEN,5400,TEN @ NYG,2026-09-27T17:00:00.0000000Z,Q,False,2026-09-24T14:50:53+00:00
153770,1174682,Rhamondre Stevenson,RB,NE,5400,NE @ JAX,2026-09-27T17:00:00.0000000Z,,False,2026-09-24T14:50:53+00:00
153770,1383807,Quinshon Judkins,RB,CLE,5500,CAR @ CLE,2026-09-27T17:00:00.0000000Z,,False,2026-09-24T14:50:53+00:00
153770,1327169,Bhayshul Tuten,RB,JAX,5600,NE @ JAX,2026-09-27T17:00:00.0000000Z,,False,2026-09-24T14:50:53+00:00
153770,1176443,Jaylen Warren,RB,PIT,5700,CIN @ PIT,2026-09-27T17:00:00.0000000Z,Q,False,2026-09-24T14:50:53+00:00
153770,946739,David Montgomery,RB,HOU,6000,HOU @ IND,2026-09-27T17:00:00.0000000Z,,False,2026-09-24T14:50:53+00:00
153770,1062047,Chuba Hubbard,RB,CAR,6100,CAR @ CLE,2026-09-27T17:00:00.0000000Z,,False,2026-09-24T14:50:53+00:00
153770,1280316,Cam Skattebo,RB,NYG,6200,TEN @ NYG,2026-09-27T17:00:00.0000000Z,,False,2026-09-24T14:50:53+00:00
153770,1162537,Breece Hall,RB,NYJ,6400,NYJ @ DET,2026-09-27T17:00:00.0000000Z,,False,2026-09-24T14:50:53+00:00
153770,1231820,De'Von Achane,RB,MIA,6500,KC @ MIA,2026-09-27T17:00:00.0000000Z,,False,2026-09-24T14:50:53+00:00
153770,1123379,Chase Brown,RB,CIN,6600,CIN @ PIT,2026-09-27T17:00:00.0000000Z,,False,2026-09-24T14:50:53+00:00
153770,1398572,Omarion Hampton,RB,LAC,6800,LAC @ BUF,2026-09-27T17:00:00.0000000Z,,False,2026-09-24T14:50:53+00:00
153770,1131012,James Cook III,RB,BUF,6900,LAC @ BUF,2026-09-27T17:00:00.0000000Z,,False,2026-09-24T14:50:53+00:00
153770,1164402,Kenneth Walker III,RB,KC,7400,KC @ MIA,2026-09-27T17:00:00.0000000Z,,False,2026-09-24T14:50:53+00:00
153770,1065406,Jonathan Taylor,RB,IND,7600,HOU @ IND,2026-09-27T17:00:00.0000000Z,,False,2026-09-24T14:50:53+00:00
153770,1214154,Jahmyr Gibbs,RB,DET,8800,NYJ @ DET,2026-09-27T17:00:00.0000000Z,,False,2026-09-24T14:50:53+00:00
153770,472623,James Winchester,TE,KC,2500,KC @ MIA,2026-09-27T17:00:00.0000000Z,,False,2026-09-24T14:50:53+00:00
153770,553024,Tyler Ott,TE,WAS,2500,SEA @ WAS,2026-09-27T17:00:00.0000000Z,,False,2026-09-24T14:50:53+00:00
153770,563293,Chris Manhertz,TE,NYG,2500,TEN @ NYG,2026-09-27T17:00:00.0000000Z,,False,2026-09-24T14:50:53+00:00
153770,660151,Robert Tonyan,TE,PIT,2500,CIN @ PIT,2026-09-27T17:00:00.0000000Z,,False,2026-09-24T14:50:53+00:00
153770,689689,Pharaoh Brown,TE,IND,2500,HOU @ IND,2026-09-27T17:00:00.0000000Z,,False,2026-09-24T14:50:53+00:00
153770,694931,Eric Saubert,TE,SEA,2500,SEA @ WAS,2026-09-27T17:00:00.0000000Z,,False,2026-09-24T14:50:53+00:00
153770,712506,Mo Alie-Cox,TE,IND,2500,HOU @ IND,2026-09-27T17:00:00.0000000Z,,False,2026-09-24T14:50:53+00:00
153770,861278,Tyler Conklin,TE,DET,2500,NYJ @ DET,2026-09-27T17:00:00.0000000Z,,False,2026-09-24T14:50:53+00:00
153770,865573,Foster Moreau,TE,HOU,2500,HOU @ IND,2026-09-27T17:00:00.0000000Z,,False,2026-09-24T14:50:53+00:00
153770,910377,Feleipe Franks,TE,CAR,2500,CAR @ CLE,2026-09-27T17:00:00.0000000Z,,False,2026-09-24T14:50:53+00:00
153770,921050,Kylen Granson,TE,TEN,2500,TEN @ NYG,2026-09-27T17:00:00.0000000Z,,False,2026-09-24T14:50:53+00:00
153770,944038,John Bates,TE,WAS,2500,SEA @ WAS,2026-09-27T17:00:00.0000000Z,,False,2026-09-24T14:50:53+00:00
153770,975503,Jelani Woods,TE,NYJ,2500,NYJ @ DET,2026-09-27T17:00:00.0000000Z,,False,2026-09-24T14:50:53+00:00
153770,978120,Brock Wright,TE,DET,2500,NYJ @ DET,2026-09-27T17:00:00.0000000Z,,False,2026-09-24T14:50:53+00:00
153770,1058648,Charlie Kolar,TE,LAC,2500,LAC @ BUF,2026-09-27T17:00:00.0000000Z,OUT,False,2026-09-24T14:50:53+00:00
153770,1059680,Quintin Morris,TE,JAX,2500,NE @ JAX,2026-09-27T17:00:00.0000000Z,,False,2026-09-24T14:50:53+00:00
153770,1061591,Cal Adomitis,TE,MIA,2500,KC @ MIA,2026-09-27T17:00:00.0000000Z,,False,2026-09-24T14:50:53+00:00
153770,1107232,Colson Yankoff,TE,WAS,2500,SEA @ WAS,2026-09-27T17:00:00.0000000Z,,False,2026-09-24T14:50:53+00:00
153770,1108526,Thomas Odukoya,TE,KC,2500,KC @ MIA,2026-09-27T17:00:00.0000000Z,,False,2026-09-24T14:50:53+00:00
153770,1109731,Blake Whiteheart,TE,CLE,2500,CAR @ CLE,2026-09-27T17:00:00.0000000Z,,False,2026-09-24T14:50:53+00:00
153770,1115394,Tanner Hudson,TE,CIN,2500,CIN @ PIT,2026-09-27T17:00:00.0000000Z,,False,2026-09-24T14:50:53+00:00
153770,1121863,Jack Westover,TE,WAS,2500,SEA @ WAS,2026-09-27T17:00:00.0000000Z,,False,2026-09-24T14:50:53+00:00
153770,1121871,Brevin Jordan,TE,HOU,2500,HOU @ IND,2026-09-27T17:00:00.0000000Z,,False,2026-09-24T14:50:53+00:00
153770,1121873,Will Mallory,TE,IND,2500,HOU @ IND,2026-09-27T17:00:00.0000000Z,IR,False,2026-09-24T14:50:53+00:00
153770,1122035,Daniel Bellinger,TE,TEN,2500,TEN @ NYG,2026-09-27T17:00:00.0000000Z,,False,2026-09-24T14:50:53+00:00
153770,1122596,Jeremy Ruckert,TE,NYJ,2500,NYJ @ DET,2026-09-27T17:00:00.0000000Z,,False,2026-09-24T14:50:53+00:00
153770,1122692,Cole Turner,TE,MIA,2500,KC @ MIA,2026-09-27T17:00:00.0000000Z,IR,False,2026-09-24T14:50:53+00:00
153770,1123364,Joel Wilson,TE,TEN,2500,TEN @ NYG,2026-09-27T17:00:00.0000000Z,,False,2026-09-24T14:50:53+00:00
153770,1123630,Julian Hill,TE,NE,2500,NE @ JAX,2026-09-27T17:00:00.0000000Z,IR,False,2026-09-24T14:50:53+00:00
153770,1124199,David Martin-Robinson,TE,TEN,2500,TEN @ NYG,2026-09-27T17:00:00.0000000Z,,False,2026-09-24T14:50:53+00:00
153770,1124355,Messiah Swinson,TE,CLE,2500,CAR @ CLE,2026-09-27T17:00:00.0000000Z,,False,2026-09-24T14:50:53+00:00
153770,1125739,Cameron Latu,TE,NE,2500,NE @ JAX,2026-09-27T17:00:00.0000000Z,,False,2026-09-24T14:50:53+00:00
153770,1130555,Tommy Tremble,TE,CAR,2500,CAR @ CLE,2026-09-27T17:00:00.0000000Z,,False,2026-09-24T14:50:53+00:00
153770,1163272,Jared Wiley,TE,KC,2500,KC @ MIA,2026-09-27T17:00:00.0000000Z,,False,2026-09-24T14:50:53+00:00
153770,1164533,Erick All Jr.,TE,CIN,2500,CIN @ PIT,2026-09-27T17:00:00.0000000Z,,False,2026-09-24T14:50:53+00:00
153770,1164736,Nick Kallerup,TE,SEA,2500,SEA @ WAS,2026-09-27T17:00:00.0000000Z,,False,2026-09-24T14:50:53+00:00
153770,1168753,Patrick Herbert,TE,LAC,2500,LAC @ BUF,2026-09-27T17:00:00.0000000Z,,False,2026-09-24T14:50:53+00:00
153770,1173254,Thomas Gordon,TE,DET,2500,NYJ @ DET,2026-09-27T17:00:00.0000000Z,,False,2026-09-24T14:50:53+00:00
153770,1175182,Cade Stover,TE,HOU,2500,HOU @ IND,2026-09-27T17:00:00.0000000Z,,False,2026-09-24T14:50:53+00:00
153770,1180294,Hayden Rucci,TE,LAC,2500,LAC @ BUF,2026-09-27T17:00:00.0000000Z,,False,2026-09-24T14:50:53+00:00
153770,1181739,William Wagner,TE,CIN,2500,CIN @ PIT,2026-09-27T17:00:00.0000000Z,,False,2026-09-24T14:50:53+00:00
153770,1182649,Jackson Hawes,TE,BUF,2500,LAC @ BUF,2026-09-27T17:00:00.0000000Z,,False,2026-09-24T14:50:53+00:00
153770,1212622,Carson Towt,TE,IND,2500,HOU @ IND,2026-09-27T17:00:00.0000000Z,IR,False,2026-09-24T14:50:53+00:00
153770,1214003,Nate Boerkircher,TE,JAX,2500,NE @ JAX,2026-09-27T17:00:00.0000000Z,,False,2026-09-24T14:50:53+00:00
153770,1229756,Joe Royer,TE,CLE,2500,CAR @ CLE,2026-09-27T17:00:00.0000000Z,OUT,False,2026-09-24T14:50:53+00:00
153770,1247543,Ben Mann,TE,NYG,2500,TEN @ NYG,2026-09-27T17:00:00.0000000Z,,False,2026-09-24T14:50:53+00:00
153770,1271740,Drew Ogletree,TE,IND,2500,HOU @ IND,2026-09-27T17:00:00.0000000Z,,False,2026-09-24T14:50:53+00:00
153770,1285915,Jackson Meeks,TE,DET,2500,NYJ @ DET,2026-09-27T17:00:00.0000000Z,,False,2026-09-24T14:50:53+00:00
153770,1286282,Lake McRee,TE,PIT,2500,CIN @ PIT,2026-09-27T17:00:00.0000000Z,,False,2026-09-24T14:50:53+00:00
153770,1286840,Elijah Arroyo,TE,SEA,2500,SEA @ WAS,2026-09-27T17:00:00.0000000Z,,False,2026-09-24T14:50:53+00:00
153770,1287639,Jake Briningstool,TE,KC,2500,KC @ MIA,2026-09-27T17:00:00.0000000Z,,False,2026-09-24T14:50:53+00:00
153770,1287655,Thomas Fidone II,TE,NYG,2500,TEN @ NYG,2026-09-27T17:00:00.0000000Z,,False,2026-09-24T14:50:53+00:00
153770,1288387,John Michael Gyllenborg,TE,KC,2500,KC @ MIA,2026-09-27T17:00:00.0000000Z,IR,False,2026-09-24T14:50:53+00:00
153770,1289220,Zaire Mitchell-Paden,TE,HOU,2500,HOU @ IND,2026-09-27T17:00:00.0000000Z,,False,2026-09-24T14:50:53+00:00
153770,1289471,Mitchell Evans,TE,CAR,2500,CAR @ CLE,2026-09-27T17:00:00.0000000Z,,False,2026-09-24T14:50:53+00:00
153770,1290014,Seydou Traore,TE,MIA,2500,KC @ MIA,2026-09-27T17:00:00.0000000Z,,False,2026-09-24T14:50:53+00:00
153770,1317191,Tre Watson,TE,MIA,2500,KC @ MIA,2026-09-27T17:00:00.0000000Z,,False,2026-09-24T14:50:53+00:00
153770,1321090,Tanner Arkin,TE,NE,2500,NE @ JAX,2026-09-27T17:00:00.0000000Z,,False,2026-09-24T14:50:53+00:00
153770,1322367,Will Kacmarek,TE,MIA,2500,KC @ MIA,2026-09-27T17:00:00.0000000Z,,False,2026-09-24T14:50:53+00:00
153770,1323906,Keleki Latu,TE,BUF,2500,LAC @ BUF,2026-09-27T17:00:00.0000000Z,,False,2026-09-24T14:50:53+00:00
153770,1326628,Ja'Tavion Sanders,TE,CAR,2500,CAR @ CLE,2026-09-27T17:00:00.0000000Z,,False,2026-09-24T14:50:53+00:00
153770,1379995,Evan Svoboda,TE,LAC,2500,LAC @ BUF,2026-09-27T17:00:00.0000000Z,,False,2026-09-24T14:50:53+00:00
153770,1380368,Tanner Koziol,TE,JAX,2500,NE @ JAX,2026-09-27T17:00:00.0000000Z,,False,2026-09-24T14:50:53+00:00
153770,1380773,Kenny Fletcher Jr.,TE,IND,2500,HOU @ IND,2026-09-27T17:00:00.0000000Z,,False,2026-09-24T14:50:53+00:00
153770,1381263,Mason Taylor,TE,NYJ,2500,NYJ @ DET,2026-09-27T17:00:00.0000000Z,D,False,2026-09-24T14:50:53+00:00
153770,1381307,Jaren Kanak,TE,TEN,2500,TEN @ NYG,2026-09-27T17:00:00.0000000Z,IR,False,2026-09-24T14:50:53+00:00
153770,1384626,Carsen Ryan,TE,CLE,2500,CAR @ CLE,2026-09-27T17:00:00.0000000Z,,False,2026-09-24T14:50:53+00:00
153770,1400852,Jack Endries,TE,CIN,2500,CIN @ PIT,2026-09-27T17:00:00.0000000Z,,False,2026-09-24T14:50:53+00:00
153770,1405857,Marlin Klein,TE,HOU,2500,HOU @ IND,2026-09-27T17:00:00.0000000Z,,False,2026-09-24T14:50:53+00:00
153770,1405928,Justin Joly,TE,MIA,2500,KC @ MIA,2026-09-27T17:00:00.0000000Z,,False,2026-09-24T14:50:53+00:00
153770,837824,Drew Sample,TE,CIN,2600,CIN @ PIT,2026-09-27T17:00:00.0000000Z,,False,2026-09-24T14:50:53+00:00
153770,1228920,Ben Sinnott,TE,WAS,2600,SEA @ WAS,2026-09-27T17:00:00.0000000Z,,False,2026-09-24T14:50:53+00:00
153770,832098,David Njoku,TE,LAC,2700,LAC @ BUF,2026-09-27T17:00:00.0000000Z,IR,False,2026-09-24T14:50:53+00:00
153770,1214414,Theo Johnson,TE,NYG,2700,TEN @ NYG,2026-09-27T17:00:00.0000000Z,,False,2026-09-24T14:50:53+00:00
153770,884083,Dawson Knox,TE,BUF,2800,LAC @ BUF,2026-09-27T17:00:00.0000000Z,,False,2026-09-24T14:50:53+00:00
153770,1218658,Darnell Washington,TE,PIT,2800,CIN @ PIT,2026-09-27T17:00:00.0000000Z,,False,2026-09-24T14:50:53+00:00
153770,1286438,Gunnar Helm,TE,TEN,2900,TEN @ NYG,2026-09-27T17:00:00.0000000Z,,False,2026-09-24T14:50:53+00:00
153770,1403969,Eli Raridon,TE,NE,2900,NE @ JAX,2026-09-27T17:00:00.0000000Z,Q,False,2026-09-24T14:50:53+00:00
153770,1056981,Noah Gray,TE,KC,3000,KC @ MIA,2026-09-27T17:00:00.0000000Z,,False,2026-09-24T14:50:53+00:00
153770,1128085,Greg Dulcich,TE,MIA,3000,KC @ MIA,2026-09-27T17:00:00.0000000Z,,False,2026-09-24T14:50:53+00:00
153770,1229503,AJ Barner,TE,SEA,3100,SEA @ WAS,2026-09-27T17:00:00.0000000Z,,False,2026-09-24T14:50:53+00:00
153770,836152,Mike Gesicki,TE,CIN,3300,CIN @ PIT,2026-09-27T17:00:00.0000000Z,,False,2026-09-24T14:50:53+00:00
153770,600191,Darren Waller,TE,CAR,3400,CAR @ CLE,2026-09-27T17:00:00.0000000Z,,False,2026-09-24T14:50:53+00:00
153770,1164940,Brenton Strange,TE,JAX,3400,NE @ JAX,2026-09-27T17:00:00.0000000Z,,False,2026-09-24T14:50:53+00:00
153770,1325624,Oronde Gadsden II,TE,LAC,3500,LAC @ BUF,2026-09-27T17:00:00.0000000Z,,False,2026-09-24T14:50:53+00:00
153770,1444547,Kenyon Sadiq,TE,NYJ,3500,NYJ @ DET,2026-09-27T17:00:00.0000000Z,,False,2026-09-24T14:50:53+00:00
153770,1106374,Chig Okonkwo,TE,WAS,3600,SEA @ WAS,2026-09-27T17:00:00.0000000Z,Q,False,2026-09-24T14:50:53+00:00
153770,1116662,Pat Freiermuth,TE,PIT,3800,CIN @ PIT,2026-09-27T17:00:00.0000000Z,,False,2026-09-24T14:50:53+00:00
153770,744425,Hunter Henry,TE,NE,3900,NE @ JAX,2026-09-27T17:00:00.0000000Z,,False,2026-09-24T14:50:53+00:00
153770,1394752,Harold Fannin Jr.,TE,CLE,4000,CAR @ CLE,2026-09-27T17:00:00.0000000Z,,False,2026-09-24T14:50:53+00:00
153770,830523,Dalton Schultz,TE,HOU,4200,HOU @ IND,2026-09-27T17:00:00.0000000Z,,False,2026-09-24T14:50:53+00:00
153770,1168926,Sam LaPorta,TE,DET,4300,NYJ @ DET,2026-09-27T17:00:00.0000000Z,,False,2026-09-24T14:50:53+00:00
153770,448240,Travis Kelce,TE,KC,4500,KC @ MIA,2026-09-27T17:00:00.0000000Z,,False,2026-09-24T14:50:53+00:00
153770,1125111,Isaiah Likely,TE,NYG,4700,TEN @ NYG,2026-09-27T17:00:00.0000000Z,,False,2026-09-24T14:50:53+00:00
153770,1229083,Tyler Warren,TE,IND,5300,HOU @ IND,2026-09-27T17:00:00.0000000Z,,False,2026-09-24T14:50:53+00:00
153770,1135513,Dalton Kincaid,TE,BUF,5500,LAC @ BUF,2026-09-27T17:00:00.0000000Z,,False,2026-09-24T14:50:53+00:00
153770,691278,Sterling Shepard,WR,NYJ,3000,NYJ @ DET,2026-09-27T17:00:00.0000000Z,,False,2026-09-24T14:50:53+00:00
153770,742382,Marquez Valdes-Scantling,WR,LAC,3000,LAC @ BUF,2026-09-27T17:00:00.0000000Z,,False,2026-09-24T14:50:53+00:00
153770,749681,River Cracraft,WR,WAS,3000,SEA @ WAS,2026-09-27T17:00:00.0000000Z,Q,False,2026-09-24T14:50:53+00:00
153770,820866,Braxton Berrios,WR,NYG,3000,TEN @ NYG,2026-09-27T17:00:00.0000000Z,,False,2026-09-24T14:50:53+00:00
153770,835861,Trent Sherfield Sr.,WR,BUF,3000,LAC @ BUF,2026-09-27T17:00:00.0000000Z,,False,2026-09-24T14:50:53+00:00
153770,837087,Tom Kennedy,WR,DET,3000,NYJ @ DET,2026-09-27T17:00:00.0000000Z,,False,2026-09-24T14:50:53+00:00
153770,838179,Tim Patrick,WR,NYJ,3000,NYJ @ DET,2026-09-27T17:00:00.0000000Z,IR,False,2026-09-24T14:50:53+00:00
153770,877654,Gary Jennings,WR,LAC,3000,LAC @ BUF,2026-09-27T17:00:00.0000000Z,,False,2026-09-24T14:50:53+00:00
153770,881058,K.J. Osborn,WR,TEN,3000,TEN @ NYG,2026-09-27T17:00:00.0000000Z,,False,2026-09-24T14:50:53+00:00
153770,881670,Lucky Jackson,WR,DET,3000,NYJ @ DET,2026-09-27T17:00:00.0000000Z,,False,2026-09-24T14:50:53+00:00
153770,883259,Nick Westbrook-Ikhine,WR,IND,3000,HOU @ IND,2026-09-27T17:00:00.0000000Z,,False,2026-09-24T14:50:53+00:00
153770,883312,Irvin Charles,WR,SEA,3000,SEA @ WAS,2026-09-27T17:00:00.0000000Z,IR,False,2026-09-24T14:50:53+00:00
153770,884080,Van Jefferson,WR,WAS,3000,SEA @ WAS,2026-09-27T17:00:00.0000000Z,,False,2026-09-24T14:50:53+00:00
153770,910852,Greg Dortch,WR,BUF,3000,LAC @ BUF,2026-09-27T17:00:00.0000000Z,,False,2026-09-24T14:50:53+00:00
153770,911236,Tyler Johnson,WR,NYJ,3000,NYJ @ DET,2026-09-27T17:00:00.0000000Z,,False,2026-09-24T14:50:53+00:00
153770,920944,Ben Skowronek,WR,PIT,3000,CIN @ PIT,2026-09-27T17:00:00.0000000Z,,False,2026-09-24T14:50:53+00:00
153770,921460,Brandon Johnson,WR,PIT,3000,CIN @ PIT,2026-09-27T17:00:00.0000000Z,,False,2026-09-24T14:50:53+00:00
153770,944826,A.J. Brown,WR,NE,3000,NE @ JAX,2026-09-27T17:00:00.0000000Z,IR,False,2026-09-24T14:50:53+00:00
153770,973949,Tyrell Shavers,WR,BUF,3000,LAC @ BUF,2026-09-27T17:00:00.0000000Z,OUT,False,2026-09-24T14:50:53+00:00
153770,976066,Jalen Reagor,WR,MIA,3000,KC @ MIA,2026-09-27T17:00:00.0000000Z,,False,2026-09-24T14:50:53+00:00
153770,1049915,David Moore,WR,CAR,3000,CAR @ CLE,2026-09-27T17:00:00.0000000Z,,False,2026-09-24T14:50:53+00:00
153770,1056660,Austin Trammell,WR,JAX,3000,NE @ JAX,2026-09-27T17:00:00.0000000Z,,False,2026-09-24T14:50:53+00:00
153770,1056747,Tim Jones,WR,JAX,3000,NE @ JAX,2026-09-27T17:00:00.0000000Z,,False,2026-09-24T14:50:53+00:00
153770,1058726,Julian Hicks,WR,SEA,3000,SEA @ WAS,2026-09-27T17:00:00.0000000Z,,False,2026-09-24T14:50:53+00:00
153770,1059220,Brandon Smith,WR,PIT,3000,CIN @ PIT,2026-09-27T17:00:00.0000000Z,,False,2026-09-24T14:50:53+00:00
153770,1062546,Tylan Wallace,WR,CLE,3000,CAR @ CLE,2026-09-27T17:00:00.0000000Z,,False,2026-09-24T14:50:53+00:00
153770,1062765,Calvin Austin III,WR,NYG,3000,TEN @ NYG,2026-09-27T17:00:00.0000000Z,IR,False,2026-09-24T14:50:53+00:00
153770,1063397,D.J. Montgomery,WR,IND,3000,HOU @ IND,2026-09-27T17:00:00.0000000Z,IR,False,2026-09-24T14:50:53+00:00
153770,1065052,Tay Martin,WR,DET,3000,NYJ @ DET,2026-09-27T17:00:00.0000000Z,,False,2026-09-24T14:50:53+00:00
153770,1066424,Jalen Tolbert,WR,MIA,3000,KC @ MIA,2026-09-27T17:00:00.0000000Z,,False,2026-09-24T14:50:53+00:00
153770,1067132,Charlie Jones,WR,NYG,3000,TEN @ NYG,2026-09-27T17:00:00.0000000Z,,False,2026-09-24T14:50:53+00:00
153770,1113398,Bryce Oliver,WR,HOU,3000,HOU @ IND,2026-09-27T17:00:00.0000000Z,,False,2026-09-24T14:50:53+00:00
153770,1113477,Derius Davis,WR,LAC,3000,LAC @ BUF,2026-09-27T17:00:00.0000000Z,,False,2026-09-24T14:50:53+00:00
153770,1121050,Jake Bobo,WR,SEA,3000,SEA @ WAS,2026-09-27T17:00:00.0000000Z,IR,False,2026-09-24T14:50:53+00:00
153770,1123525,Brycen Tremayne,WR,CAR,3000,CAR @ CLE,2026-09-27T17:00:00.0000000Z,,False,2026-09-24T14:50:53+00:00
153770,1124851,Andrei Iosivas,WR,CIN,3000,CIN @ PIT,2026-09-27T17:00:00.0000000Z,OUT,False,2026-09-24T14:50:53+00:00
153770,1127080,Nikko Remigio,WR,KC,3000,KC @ MIA,2026-09-27T17:00:00.0000000Z,,False,2026-09-24T14:50:53+00:00
153770,1128222,Tank Dell,WR,HOU,3000,HOU @ IND,2026-09-27T17:00:00.0000000Z,IR,False,2026-09-24T14:50:53+00:00
153770,1133320,Dohnte Meyers,WR,CIN,3000,CIN @ PIT,2026-09-27T17:00:00.0000000Z,,False,2026-09-24T14:50:53+00:00
153770,1160348,John Metchie III,WR,CAR,3000,CAR @ CLE,2026-09-27T17:00:00.0000000Z,,False,2026-09-24T14:50:53+00:00
153770,1161661,Anthony Gould,WR,IND,3000,HOU @ IND,2026-09-27T17:00:00.0000000Z,,False,2026-09-24T14:50:53+00:00
153770,1162602,Theo Wease Jr.,WR,LAC,3000,LAC @ BUF,2026-09-27T17:00:00.0000000Z,,False,2026-09-24T14:50:53+00:00
153770,1164846,Luke McCaffrey,WR,WAS,3000,SEA @ WAS,2026-09-27T17:00:00.0000000Z,,False,2026-09-24T14:50:53+00:00
153770,1168410,Gunner Olszewski,WR,NYG,3000,TEN @ NYG,2026-09-27T17:00:00.0000000Z,IR,False,2026-09-24T14:50:53+00:00
153770,1169263,Chandler Brayboy,WR,NE,3000,NE @ JAX,2026-09-27T17:00:00.0000000Z,,False,2026-09-24T14:50:53+00:00
153770,1170921,Josh Kelly,WR,HOU,3000,HOU @ IND,2026-09-27T17:00:00.0000000Z,,False,2026-09-24T14:50:53+00:00
153770,1172024,Treylon Burks,WR,WAS,3000,SEA @ WAS,2026-09-27T17:00:00.0000000Z,,False,2026-09-24T14:50:53+00:00
153770,1172080,Bub Means,WR,CLE,3000,CAR @ CLE,2026-09-27T17:00:00.0000000Z,,False,2026-09-24T14:50:53+00:00
153770,1176431,Casey Washington,WR,CAR,3000,CAR @ CLE,2026-09-27T17:00:00.0000000Z,,False,2026-09-24T14:50:53+00:00
153770,1180329,Dalen Cambre,WR,NYG,3000,TEN @ NYG,2026-09-27T17:00:00.0000000Z,,False,2026-09-24T14:50:53+00:00
153770,1183008,Jeremiah Webb,WR,NE,3000,NE @ JAX,2026-09-27T17:00:00.0000000Z,IR,False,2026-09-24T14:50:53+00:00
153770,1213388,Ja'Mori Maclin,WR,BUF,3000,LAC @ BUF,2026-09-27T17:00:00.0000000Z,,False,2026-09-24T14:50:53+00:00
153770,1213442,Jimmy Holiday,WR,KC,3000,KC @ MIA,2026-09-27T17:00:00.0000000Z,IR,False,2026-09-24T14:50:53+00:00
153770,1213929,E.J. Williams Jr.,WR,CAR,3000,CAR @ CLE,2026-09-27T17:00:00.0000000Z,,False,2026-09-24T14:50:53+00:00
153770,1214183,Xavier Restrepo,WR,TEN,3000,TEN @ NYG,2026-09-27T17:00:00.0000000Z,,False,2026-09-24T14:50:53+00:00
153770,1214405,KeAndre Lambert-Smith,WR,LAC,3000,LAC @ BUF,2026-09-27T17:00:00.0000000Z,IR,False,2026-09-24T14:50:53+00:00
153770,1214689,Jaylin Lane,WR,WAS,3000,SEA @ WAS,2026-09-27T17:00:00.0000000Z,Q,False,2026-09-24T14:50:53+00:00
153770,1215078,Stephen Gosnell,WR,BUF,3000,LAC @ BUF,2026-09-27T17:00:00.0000000Z,,False,2026-09-24T14:50:53+00:00
153770,1215102,Chimere Dike,WR,TEN,3000,TEN @ NYG,2026-09-27T17:00:00.0000000Z,,False,2026-09-24T14:50:53+00:00
153770,1215291,Malachi Corley,WR,CLE,3000,CAR @ CLE,2026-09-27T17:00:00.0000000Z,,False,2026-09-24T14:50:53+00:00
153770,1215305,Mitch Tinsley,WR,HOU,3000,HOU @ IND,2026-09-27T17:00:00.0000000Z,,False,2026-09-24T14:50:53+00:00
153770,1215329,Will Sheppard,WR,MIA,3000,KC @ MIA,2026-09-27T17:00:00.0000000Z,,False,2026-09-24T14:50:53+00:00
153770,1216288,Efton Chism III,WR,NE,3000,NE @ JAX,2026-09-27T17:00:00.0000000Z,,False,2026-09-24T14:50:53+00:00
153770,1218653,Arian Smith,WR,NYJ,3000,NYJ @ DET,2026-09-27T17:00:00.0000000Z,IR,False,2026-09-24T14:50:53+00:00
153770,1223393,Tory Horton,WR,SEA,3000,SEA @ WAS,2026-09-27T17:00:00.0000000Z,,False,2026-09-24T14:50:53+00:00
153770,1228631,Trebor Pena,WR,JAX,3000,NE @ JAX,2026-09-27T17:00:00.0000000Z,,False,2026-09-24T14:50:53+00:00
153770,1229846,Ricky White III,WR,SEA,3000,SEA @ WAS,2026-09-27T17:00:00.0000000Z,,False,2026-09-24T14:50:53+00:00
153770,1229869,Montorie Foster Jr.,WR,SEA,3000,SEA @ WAS,2026-09-27T17:00:00.0000000Z,,False,2026-09-24T14:50:53+00:00
153770,1232057,Ke'Shawn Williams,WR,CIN,3000,CIN @ PIT,2026-09-27T17:00:00.0000000Z,,False,2026-09-24T14:50:53+00:00
153770,1232892,Jalin Hyatt,WR,NYG,3000,TEN @ NYG,2026-09-27T17:00:00.0000000Z,,False,2026-09-24T14:50:53+00:00
153770,1274492,Jayden Higgins,WR,HOU,3000,HOU @ IND,2026-09-27T17:00:00.0000000Z,IR,False,2026-09-24T14:50:53+00:00
153770,1286480,Dominic Lovett,WR,DET,3000,NYJ @ DET,2026-09-27T17:00:00.0000000Z,,False,2026-09-24T14:50:53+00:00
153770,1286652,Lewis Bond,WR,HOU,3000,HOU @ IND,2026-09-27T17:00:00.0000000Z,,False,2026-09-24T14:50:53+00:00
153770,1286662,Jordan Moore,WR,CIN,3000,CIN @ PIT,2026-09-27T17:00:00.0000000Z,,False,2026-09-24T14:50:53+00:00
153770,1286854,Malik McClain,WR,NYJ,3000,NYJ @ DET,2026-09-27T17:00:00.0000000Z,,False,2026-09-24T14:50:53+00:00
153770,1321260,Jaden Bradley,WR,WAS,3000,SEA @ WAS,2026-09-27T17:00:00.0000000Z,,False,2026-09-24T14:50:53+00:00
153770,1322238,Daniel Sobkowicz,WR,HOU,3000,HOU @ IND,2026-09-27T17:00:00.0000000Z,,False,2026-09-24T14:50:53+00:00
153770,1322393,Jimmy Horn Jr.,WR,CLE,3000,CAR @ CLE,2026-09-27T17:00:00.0000000Z,,False,2026-09-24T14:50:53+00:00
153770,1322612,Ja'seem Reed,WR,CAR,3000,CAR @ CLE,2026-09-27T17:00:00.0000000Z,,False,2026-09-24T14:50:53+00:00
153770,1325234,Skyler Bell,WR,BUF,3000,LAC @ BUF,2026-09-27T17:00:00.0000000Z,,False,2026-09-24T14:50:53+00:00
153770,1325475,Josh Cameron,WR,JAX,3000,NE @ JAX,2026-09-27T17:00:00.0000000Z,,False,2026-09-24T14:50:53+00:00
153770,1339352,Jeff Caldwell,WR,KC,3000,KC @ MIA,2026-09-27T17:00:00.0000000Z,IR,False,2026-09-24T14:50:53+00:00
153770,1378910,Kendrick Law,WR,DET,3000,NYJ @ DET,2026-09-27T17:00:00.0000000Z,IR,False,2026-09-24T14:50:53+00:00
153770,1379261,Omari Evans,WR,KC,3000,KC @ MIA,2026-09-27T17:00:00.0000000Z,,False,2026-09-24T14:50:53+00:00
153770,1381092,CJ Williams,WR,JAX,3000,NE @ JAX,2026-09-27T17:00:00.0000000Z,,False,2026-09-24T14:50:53+00:00
153770,1382993,Jamaal Pritchett,WR,NYJ,3000,NYJ @ DET,2026-09-27T17:00:00.0000000Z,,False,2026-09-24T14:50:53+00:00
153770,1383993,Kaden Wetjen,WR,PIT,3000,CIN @ PIT,2026-09-27T17:00:00.0000000Z,,False,2026-09-24T14:50:53+00:00
153770,1394825,Omar Cooper Jr.,WR,NYJ,3000,NYJ @ DET,2026-09-27T17:00:00.0000000Z,IR,False,2026-09-24T14:50:53+00:00
153770,1398503,Isaiah Bond,WR,CLE,3000,CAR @ CLE,2026-09-27T17:00:00.0000000Z,,False,2026-09-24T14:50:53+00:00
153770,1398511,Emmanuel Henderson Jr.,WR,SEA,3000,SEA @ WAS,2026-09-27T17:00:00.0000000Z,,False,2026-09-24T14:50:53+00:00
153770,1399132,Brenen Thompson,WR,LAC,3000,LAC @ BUF,2026-09-27T17:00:00.0000000Z,Q,False,2026-09-24T14:50:53+00:00
153770,1399272,Kevin Coleman Jr.,WR,MIA,3000,KC @ MIA,2026-09-27T17:00:00.0000000Z,,False,2026-09-24T14:50:53+00:00
153770,1400788,Chris Brazzell II,WR,CAR,3000,CAR @ CLE,2026-09-27T17:00:00.0000000Z,IR,False,2026-09-24T14:50:53+00:00
153770,1402692,Noah Thomas,WR,CIN,3000,CIN @ PIT,2026-09-27T17:00:00.0000000Z,,False,2026-09-24T14:50:53+00:00
153770,1403491,Jalen Royals,WR,KC,3000,KC @ MIA,2026-09-27T17:00:00.0000000Z,,False,2026-09-24T14:50:53+00:00
153770,1405106,Andrew Armstrong,WR,KC,3000,KC @ MIA,2026-09-27T17:00:00.0000000Z,,False,2026-09-24T14:50:53+00:00
153770,1406878,Colbie Young,WR,CIN,3000,CIN @ PIT,2026-09-27T17:00:00.0000000Z,,False,2026-09-24T14:50:53+00:00
153770,1407491,Tyren Montgomery,WR,TEN,3000,TEN @ NYG,2026-09-27T17:00:00.0000000Z,,False,2026-09-24T14:50:53+00:00
153770,1452585,Michael Wortham,WR,JAX,3000,NE @ JAX,2026-09-27T17:00:00.0000000Z,,False,2026-09-24T14:50:53+00:00
153770,1510975,Cole Burgess,WR,PIT,3000,CIN @ PIT,2026-09-27T17:00:00.0000000Z,IR,False,2026-09-24T14:50:53+00:00
153770,1585808,Cameron Dorner,WR,NE,3000,NE @ JAX,2026-09-27T17:00:00.0000000Z,,False,2026-09-24T14:50:53+00:00
153770,1637701,Kyle Dixon,WR,NE,3000,NE @ JAX,2026-09-27T17:00:00.0000000Z,,False,2026-09-24T14:50:53+00:00
153770,748554,Laquon Treadwell,WR,IND,3100,HOU @ IND,2026-09-27T17:00:00.0000000Z,,False,2026-09-24T14:50:53+00:00
153770,1176733,Jared Wayne,WR,HOU,3100,HOU @ IND,2026-09-27T17:00:00.0000000Z,,False,2026-09-24T14:50:53+00:00
153770,1399275,Travis Hunter,WR,JAX,3100,NE @ JAX,2026-09-27T17:00:00.0000000Z,,False,2026-09-24T14:50:53+00:00
153770,1107878,Dyami Brown,WR,WAS,3200,SEA @ WAS,2026-09-27T17:00:00.0000000Z,,False,2026-09-24T14:50:53+00:00
153770,1118668,Ryan Miller,WR,MIA,3200,KC @ MIA,2026-09-27T17:00:00.0000000Z,Q,False,2026-09-24T14:50:53+00:00
153770,1166036,Ashton Dulin,WR,IND,3200,HOU @ IND,2026-09-27T17:00:00.0000000Z,Q,False,2026-09-24T14:50:53+00:00
153770,589984,Odell Beckham Jr.,WR,NYG,3300,TEN @ NYG,2026-09-27T17:00:00.0000000Z,,False,2026-09-24T14:50:53+00:00
153770,1110301,Tyquan Thornton,WR,KC,3300,KC @ MIA,2026-09-27T17:00:00.0000000Z,,False,2026-09-24T14:50:53+00:00
153770,1176432,Isaiah Williams,WR,NYJ,3300,NYJ @ DET,2026-09-27T17:00:00.0000000Z,,False,2026-09-24T14:50:53+00:00
153770,1287798,Deion Burks,WR,IND,3300,HOU @ IND,2026-09-27T17:00:00.0000000Z,,False,2026-09-24T14:50:53+00:00
153770,1395319,Elic Ayomanor,WR,TEN,3300,TEN @ NYG,2026-09-27T17:00:00.0000000Z,,False,2026-09-24T14:50:53+00:00
153770,1227157,Kyle Williams,WR,NE,3400,NE @ JAX,2026-09-27T17:00:00.0000000Z,,False,2026-09-24T14:50:53+00:00
153770,1229669,Roman Wilson,WR,PIT,3400,CIN @ PIT,2026-09-27T17:00:00.0000000Z,,False,2026-09-24T14:50:53+00:00
153770,1389700,Chris Bell,WR,MIA,3400,KC @ MIA,2026-09-27T17:00:00.0000000Z,Q,False,2026-09-24T14:50:53+00:00
153770,1441362,Isaac TeSlaa,WR,DET,3400,NYJ @ DET,2026-09-27T17:00:00.0000000Z,,False,2026-09-24T14:50:53+00:00
153770,880557,Darius Slayton,WR,IND,3500,HOU @ IND,2026-09-27T17:00:00.0000000Z,,False,2026-09-24T14:50:53+00:00
153770,1059612,Joshua Palmer,WR,BUF,3500,LAC @ BUF,2026-09-27T17:00:00.0000000Z,,False,2026-09-24T14:50:53+00:00
153770,1180321,Xavier Legette,WR,CAR,3500,CAR @ CLE,2026-09-27T17:00:00.0000000Z,,False,2026-09-24T14:50:53+00:00
153770,1286370,Jaylin Noel,WR,HOU,3600,HOU @ IND,2026-09-27T17:00:00.0000000Z,,False,2026-09-24T14:50:53+00:00
153770,1382670,Cyrus Allen,WR,KC,3600,KC @ MIA,2026-09-27T17:00:00.0000000Z,,False,2026-09-24T14:50:53+00:00
153770,1175693,DeMario Douglas,WR,NE,3700,NE @ JAX,2026-09-27T17:00:00.0000000Z,,False,2026-09-24T14:50:53+00:00
153770,973935,Jerry Jeudy,WR,CLE,3800,CAR @ CLE,2026-09-27T17:00:00.0000000Z,,False,2026-09-24T14:50:53+00:00
153770,1214633,Tre' Harris,WR,LAC,3900,LAC @ BUF,2026-09-27T17:00:00.0000000Z,,False,2026-09-24T14:50:53+00:00
153770,1380613,Germie Bernard,WR,PIT,3900,CIN @ PIT,2026-09-27T17:00:00.0000000Z,,False,2026-09-24T14:50:53+00:00
153770,1394798,Caleb Douglas,WR,MIA,3900,KC @ MIA,2026-09-27T17:00:00.0000000Z,Q,False,2026-09-24T14:50:53+00:00
153770,698227,Cooper Kupp,WR,SEA,4000,SEA @ WAS,2026-09-27T17:00:00.0000000Z,Q,False,2026-09-24T14:50:53+00:00
153770,884013,Calvin Ridley,WR,TEN,4000,TEN @ NYG,2026-09-27T17:00:00.0000000Z,,False,2026-09-24T14:50:53+00:00
153770,1213636,Xavier Hutchinson,WR,HOU,4000,HOU @ IND,2026-09-27T17:00:00.0000000Z,,False,2026-09-24T14:50:53+00:00
153770,912027,Darnell Mooney,WR,NYG,4100,TEN @ NYG,2026-09-27T17:00:00.0000000Z,,False,2026-09-24T14:50:53+00:00
153770,1378290,Antonio Williams,WR,WAS,4100,SEA @ WAS,2026-09-27T17:00:00.0000000Z,,False,2026-09-24T14:50:53+00:00
153770,702808,Mack Hollins,WR,NE,4200,NE @ JAX,2026-09-27T17:00:00.0000000Z,,False,2026-09-24T14:50:53+00:00
153770,923412,Rashid Shaheed,WR,SEA,4200,SEA @ WAS,2026-09-27T17:00:00.0000000Z,,False,2026-09-24T14:50:53+00:00
153770,1173255,Malik Washington,WR,MIA,4200,KC @ MIA,2026-09-27T17:00:00.0000000Z,,False,2026-09-24T14:50:53+00:00
153770,1285908,Adonai Mitchell,WR,NYJ,4300,NYJ @ DET,2026-09-27T17:00:00.0000000Z,,False,2026-09-24T14:50:53+00:00
153770,1322431,Keon Coleman,WR,BUF,4300,LAC @ BUF,2026-09-27T17:00:00.0000000Z,Q,False,2026-09-24T14:50:53+00:00
153770,1441576,KC Concepcion Jr.,WR,CLE,4300,CAR @ CLE,2026-09-27T17:00:00.0000000Z,,False,2026-09-24T14:50:53+00:00
153770,1319589,Malachi Fields,WR,NYG,4400,TEN @ NYG,2026-09-27T17:00:00.0000000Z,,False,2026-09-24T14:50:53+00:00
153770,1326638,Xavier Worthy,WR,KC,4400,KC @ MIA,2026-09-27T17:00:00.0000000Z,,False,2026-09-24T14:50:53+00:00
153770,1164875,Wan'Dale Robinson,WR,TEN,4500,TEN @ NYG,2026-09-27T17:00:00.0000000Z,,False,2026-09-24T14:50:53+00:00
153770,1213362,Kayshon Boutte,WR,HOU,4500,HOU @ IND,2026-09-27T17:00:00.0000000Z,,False,2026-09-24T14:50:53+00:00
153770,1379904,Denzel Boston,WR,CLE,4500,CAR @ CLE,2026-09-27T17:00:00.0000000Z,,False,2026-09-24T14:50:53+00:00
153770,557210,Keenan Allen,WR,IND,4600,HOU @ IND,2026-09-27T17:00:00.0000000Z,,False,2026-09-24T14:50:53+00:00
153770,1286064,Brian Thomas Jr.,WR,JAX,4600,NE @ JAX,2026-09-27T17:00:00.0000000Z,,False,2026-09-24T14:50:53+00:00
153770,911348,Michael Pittman Jr.,WR,PIT,4700,CIN @ PIT,2026-09-27T17:00:00.0000000Z,Q,False,2026-09-24T14:50:53+00:00
153770,880151,Jakobi Meyers,WR,JAX,4800,NE @ JAX,2026-09-27T17:00:00.0000000Z,Q,False,2026-09-24T14:50:53+00:00
153770,1130603,Khalil Shakir,WR,BUF,4800,LAC @ BUF,2026-09-27T17:00:00.0000000Z,,False,2026-09-24T14:50:53+00:00
153770,1213865,Quentin Johnston,WR,LAC,4900,LAC @ BUF,2026-09-27T17:00:00.0000000Z,,False,2026-09-24T14:50:53+00:00
153770,1441839,Carnell Tate,WR,TEN,5000,TEN @ NYG,2026-09-27T17:00:00.0000000Z,,False,2026-09-24T14:50:53+00:00
153770,836116,Terry McLaurin,WR,WAS,5100,SEA @ WAS,2026-09-27T17:00:00.0000000Z,,False,2026-09-24T14:50:53+00:00
153770,1122653,Romeo Doubs,WR,NE,5100,NE @ JAX,2026-09-27T17:00:00.0000000Z,,False,2026-09-24T14:50:53+00:00
153770,945633,DK Metcalf,WR,PIT,5400,CIN @ PIT,2026-09-27T17:00:00.0000000Z,,False,2026-09-24T14:50:53+00:00
153770,1175184,Jameson Williams,WR,DET,5400,NYJ @ DET,2026-09-27T17:00:00.0000000Z,,False,2026-09-24T14:50:53+00:00
153770,694041,Stefon Diggs,WR,WAS,5500,SEA @ WAS,2026-09-27T17:00:00.0000000Z,,False,2026-09-24T14:50:53+00:00
153770,1218753,Jalen Coker,WR,CAR,5500,CAR @ CLE,2026-09-27T17:00:00.0000000Z,Q,False,2026-09-24T14:50:53+00:00
153770,1107027,Alec Pierce,WR,IND,5600,HOU @ IND,2026-09-27T17:00:00.0000000Z,OUT,False,2026-09-24T14:50:53+00:00
153770,1215077,Josh Downs,WR,IND,5700,HOU @ IND,2026-09-27T17:00:00.0000000Z,,False,2026-09-24T14:50:53+00:00
153770,877790,DJ Moore,WR,BUF,5800,LAC @ BUF,2026-09-27T17:00:00.0000000Z,Q,False,2026-09-24T14:50:53+00:00
153770,1218643,Ladd McConkey,WR,LAC,5900,LAC @ BUF,2026-09-27T17:00:00.0000000Z,,False,2026-09-24T14:50:53+00:00
153770,1229074,Parker Washington,WR,JAX,6000,NE @ JAX,2026-09-27T17:00:00.0000000Z,,False,2026-09-24T14:50:53+00:00
153770,1380576,Tetairoa McMillan,WR,CAR,6000,CAR @ CLE,2026-09-27T17:00:00.0000000Z,,False,2026-09-24T14:50:53+00:00
153770,978579,Tee Higgins,WR,CIN,6100,CIN @ PIT,2026-09-27T17:00:00.0000000Z,,False,2026-09-24T14:50:53+00:00
153770,1164889,Garrett Wilson,WR,NYJ,6300,NYJ @ DET,2026-09-27T17:00:00.0000000Z,,False,2026-09-24T14:50:53+00:00
153770,1173538,Rashee Rice,WR,KC,6400,KC @ MIA,2026-09-27T17:00:00.0000000Z,,False,2026-09-24T14:50:53+00:00
153770,1286059,Malik Nabers,WR,NYG,6500,TEN @ NYG,2026-09-27T17:00:00.0000000Z,Q,False,2026-09-24T14:50:53+00:00
153770,1074698,Nico Collins,WR,HOU,7000,HOU @ IND,2026-09-27T17:00:00.0000000Z,Q,False,2026-09-24T14:50:53+00:00
153770,1127106,Amon-Ra St. Brown,WR,DET,7900,NYJ @ DET,2026-09-27T17:00:00.0000000Z,,False,2026-09-24T14:50:53+00:00
153770,1109979,Ja'Marr Chase,WR,CIN,8100,CIN @ PIT,2026-09-27T17:00:00.0000000Z,,False,2026-09-24T14:50:53+00:00
153770,1214087,Jaxon Smith-Njigba,WR,SEA,8600,SEA @ WAS,2026-09-27T17:00:00.0000000Z,,False,2026-09-24T14:50:53+00:00
153771,345,Dolphins,DST,MIA,2000,KC @ MIA,2026-09-27T17:00:00.0000000Z,,False,2026-09-24T14:50:53+00:00
153771,352,Jets,DST,NYJ,2100,NYJ @ DET,2026-09-27T17:00:00.0000000Z,,False,2026-09-24T14:50:53+00:00
153771,357,Chargers,DST,LAC,2200,LAC @ BUF,2026-09-27T17:00:00.0000000Z,,False,2026-09-24T14:50:53+00:00
153771,332,Broncos,DST,DEN,2300,LAR @ DEN,2026-09-28T00:20:00.0000000Z,,False,2026-09-24T14:50:53+00:00
153771,355,Cardinals,DST,ARI,2300,ARI @ SF,2026-09-27T20:05:00.0000000Z,,False,2026-09-24T14:50:53+00:00
153771,363,Commanders,DST,WAS,2300,SEA @ WAS,2026-09-27T17:00:00.0000000Z,,False,2026-09-24T14:50:53+00:00
153771,331,Cowboys,DST,DAL,2400,BAL @ DAL,2026-09-27T20:25:00.0000000Z,,False,2026-09-24T14:50:53+00:00
153771,336,Titans,DST,TEN,2400,TEN @ NYG,2026-09-27T17:00:00.0000000Z,,False,2026-09-24T14:50:53+00:00
153771,326,Bears,DST,CHI,2500,PHI @ CHI,2026-09-29T00:15:00.0000000Z,,False,2026-09-24T14:50:53+00:00
153771,329,Browns,DST,CLE,2500,CAR @ CLE,2026-09-27T17:00:00.0000000Z,,False,2026-09-24T14:50:53+00:00
153771,338,Colts,DST,IND,2500,HOU @ IND,2026-09-27T17:00:00.0000000Z,,False,2026-09-24T14:50:53+00:00
153771,341,Raiders,DST,LV,2600,LV @ NO,2026-09-27T20:25:00.0000000Z,,False,2026-09-24T14:50:53+00:00
153771,362,Buccaneers,DST,TB,2600,MIN @ TB,2026-09-27T20:05:00.0000000Z,,False,2026-09-24T14:50:53+00:00
153771,348,Patriots,DST,NE,2700,NE @ JAX,2026-09-27T17:00:00.0000000Z,,False,2026-09-24T14:50:53+00:00
153771,356,Steelers,DST,PIT,2700,CIN @ PIT,2026-09-27T17:00:00.0000000Z,,False,2026-09-24T14:50:53+00:00
153771,324,Bills,DST,BUF,2800,LAC @ BUF,2026-09-27T17:00:00.0000000Z,,False,2026-09-24T14:50:53+00:00
153771,366,Ravens,DST,BAL,2800,BAL @ DAL,2026-09-27T20:25:00.0000000Z,,False,2026-09-24T14:50:53+00:00
153771,327,Bengals,DST,CIN,2900,CIN @ PIT,2026-09-27T17:00:00.0000000Z,,False,2026-09-24T14:50:53+00:00
153771,365,Jaguars,DST,JAX,2900,NE @ JAX,2026-09-27T17:00:00.0000000Z,,False,2026-09-24T14:50:53+00:00
153771,364,Panthers,DST,CAR,3000,CAR @ CLE,2026-09-27T17:00:00.0000000Z,,False,2026-09-24T14:50:53+00:00
153771,343,Rams,DST,LAR,3100,LAR @ DEN,2026-09-28T00:20:00.0000000Z,,False,2026-09-24T14:50:53+00:00
153771,347,Vikings,DST,MIN,3100,MIN @ TB,2026-09-27T20:05:00.0000000Z,,False,2026-09-24T14:50:53+00:00
153771,325,Texans,DST,HOU,3200,HOU @ IND,2026-09-27T17:00:00.0000000Z,,False,2026-09-24T14:50:53+00:00
153771,354,Eagles,DST,PHI,3200,PHI @ CHI,2026-09-29T00:15:00.0000000Z,,False,2026-09-24T14:50:53+00:00
153771,350,Saints,DST,NO,3300,LV @ NO,2026-09-27T20:25:00.0000000Z,,False,2026-09-24T14:50:53+00:00
153771,351,Giants,DST,NYG,3400,TEN @ NYG,2026-09-27T17:00:00.0000000Z,,False,2026-09-24T14:50:53+00:00
153771,334,Lions,DST,DET,3500,NYJ @ DET,2026-09-27T17:00:00.0000000Z,,False,2026-09-24T14:50:53+00:00
153771,359,49ers,DST,SF,3600,ARI @ SF,2026-09-27T20:05:00.0000000Z,,False,2026-09-24T14:50:53+00:00
153771,339,Chiefs,DST,KC,3700,KC @ MIA,2026-09-27T17:00:00.0000000Z,,False,2026-09-24T14:50:53+00:00
153771,361,Seahawks,DST,SEA,3800,SEA @ WAS,2026-09-27T17:00:00.0000000Z,,False,2026-09-24T14:50:53+00:00
153771,273278,Josh Johnson,QB,CIN,4000,CIN @ PIT,2026-09-27T17:00:00.0000000Z,,False,2026-09-24T14:50:53+00:00
153771,322858,Andy Dalton,QB,PHI,4000,PHI @ CHI,2026-09-29T00:15:00.0000000Z,,False,2026-09-24T14:50:53+00:00
153771,338280,Case Keenum,QB,CHI,4000,PHI @ CHI,2026-09-29T00:15:00.0000000Z,,False,2026-09-24T14:50:53+00:00
153771,691536,Jameis Winston,QB,NYG,4000,TEN @ NYG,2026-09-27T17:00:00.0000000Z,,False,2026-09-24T14:50:53+00:00
153771,728169,Mitchell Trubisky,QB,TEN,4000,TEN @ NYG,2026-09-27T17:00:00.0000000Z,,False,2026-09-24T14:50:53+00:00
153771,741262,Joshua Dobbs,QB,DET,4000,NYJ @ DET,2026-09-27T17:00:00.0000000Z,,False,2026-09-24T14:50:53+00:00
153771,748309,Nick Mullens,QB,JAX,4000,NE @ JAX,2026-09-27T17:00:00.0000000Z,,False,2026-09-24T14:50:53+00:00
153771,822350,Kyle Allen,QB,BUF,4000,LAC @ BUF,2026-09-27T17:00:00.0000000Z,,False,2026-09-24T14:50:53+00:00
153771,823220,Mason Rudolph,QB,PIT,4000,CIN @ PIT,2026-09-27T17:00:00.0000000Z,,False,2026-09-24T14:50:53+00:00
153771,831007,Easton Stick,QB,TB,4000,MIN @ TB,2026-09-27T20:05:00.0000000Z,,False,2026-09-24T14:50:53+00:00
153771,865868,Jarrett Stidham,QB,DEN,4000,LAR @ DEN,2026-09-28T00:20:00.0000000Z,,False,2026-09-24T14:50:53+00:00
153771,867303,Gardner Minshew II,QB,ARI,4000,ARI @ SF,2026-09-27T20:05:00.0000000Z,,False,2026-09-24T14:50:53+00:00
153771,911619,Shane Buechele,QB,BUF,4000,LAC @ BUF,2026-09-27T17:00:00.0000000Z,,False,2026-09-24T14:50:53+00:00
153771,913163,Tyler Huntley,QB,BAL,4000,BAL @ DAL,2026-09-27T20:25:00.0000000Z,,False,2026-09-24T14:50:53+00:00
153771,913829,Skylar Thompson,QB,BAL,4000,BAL @ DAL,2026-09-27T20:25:00.0000000Z,IR,False,2026-09-24T14:50:53+00:00
153771,973945,Mac Jones,QB,SF,4000,ARI @ SF,2026-09-27T20:05:00.0000000Z,,False,2026-09-24T14:50:53+00:00
153771,975829,Sam Ehlinger,QB,DEN,4000,LAR @ DEN,2026-09-28T00:20:00.0000000Z,,False,2026-09-24T14:50:53+00:00
153771,976924,Kenny Pickett,QB,CAR,4000,CAR @ CLE,2026-09-27T17:00:00.0000000Z,,False,2026-09-24T14:50:53+00:00
153771,976966,Hendon Hooker,QB,TEN,4000,TEN @ NYG,2026-09-27T17:00:00.0000000Z,,False,2026-09-24T14:50:53+00:00
153771,1049254,Jake Haener,QB,NYG,4000,TEN @ NYG,2026-09-27T17:00:00.0000000Z,,False,2026-09-24T14:50:53+00:00
153771,1058090,Bailey Zappe,QB,NYJ,4000,NYJ @ DET,2026-09-27T17:00:00.0000000Z,,False,2026-09-24T14:50:53+00:00
153771,1060311,Davis Mills,QB,HOU,4000,HOU @ IND,2026-09-27T17:00:00.0000000Z,,False,2026-09-24T14:50:53+00:00
153771,1060671,Tommy DeVito,QB,NE,4000,NE @ JAX,2026-09-27T17:00:00.0000000Z,,False,2026-09-24T14:50:53+00:00
153771,1066811,Aidan O'Connell,QB,LV,4000,LV @ NO,2026-09-27T20:25:00.0000000Z,Q,False,2026-09-24T14:50:53+00:00
153771,1067089,Sean Clifford,QB,CIN,4000,CIN @ PIT,2026-09-27T17:00:00.0000000Z,,False,2026-09-24T14:50:53+00:00
153771,1069763,Stetson Bennett IV,QB,LAR,4000,LAR @ DEN,2026-09-28T00:20:00.0000000Z,,False,2026-09-24T14:50:53+00:00
153771,1108052,Zach Wilson,QB,NO,4000,LV @ NO,2026-09-27T20:25:00.0000000Z,,False,2026-09-24T14:50:53+00:00
153771,1109711,Sam Hartman,QB,WAS,4000,SEA @ WAS,2026-09-27T17:00:00.0000000Z,,False,2026-09-24T14:50:53+00:00
153771,1110681,Justin Fields,QB,KC,4000,KC @ MIA,2026-09-27T17:00:00.0000000Z,,False,2026-09-24T14:50:53+00:00
153771,1112338,Joe Milton III,QB,DAL,4000,BAL @ DAL,2026-09-27T20:25:00.0000000Z,,False,2026-09-24T14:50:53+00:00
153771,1116663,Will Levis,QB,NYJ,4000,NYJ @ DET,2026-09-27T17:00:00.0000000Z,,False,2026-09-24T14:50:53+00:00
153771,1123521,Tanner McKee,QB,PHI,4000,PHI @ CHI,2026-09-29T00:15:00.0000000Z,,False,2026-09-24T14:50:53+00:00
153771,1130975,Trey Lance,QB,LAC,4000,LAC @ BUF,2026-09-27T17:00:00.0000000Z,,False,2026-09-24T14:50:53+00:00
153771,1164951,Graham Mertz,QB,HOU,4000,HOU @ IND,2026-09-27T17:00:00.0000000Z,IR,False,2026-09-24T14:50:53+00:00
153771,1165333,Dillon Gabriel,QB,CLE,4000,CAR @ CLE,2026-09-27T17:00:00.0000000Z,IR,False,2026-09-24T14:50:53+00:00
153771,1166989,Kurtis Rourke,QB,SF,4000,ARI @ SF,2026-09-27T20:05:00.0000000Z,,False,2026-09-24T14:50:53+00:00
153771,1168245,Sam Howell,QB,DAL,4000,BAL @ DAL,2026-09-27T20:25:00.0000000Z,,False,2026-09-24T14:50:53+00:00
153771,1169299,Joe Fagnano,QB,BAL,4000,BAL @ DAL,2026-09-27T20:25:00.0000000Z,,False,2026-09-24T14:50:53+00:00
153771,1169329,Max Brosmer,QB,MIN,4000,MIN @ TB,2026-09-27T20:05:00.0000000Z,,False,2026-09-24T14:50:53+00:00
153771,1174752,Spencer Rattler,QB,NO,4000,LV @ NO,2026-09-27T20:25:00.0000000Z,,False,2026-09-24T14:50:53+00:00
153771,1213340,Carson Beck,QB,ARI,4000,ARI @ SF,2026-09-27T20:05:00.0000000Z,,False,2026-09-24T14:50:53+00:00
153771,1213386,Brady Cook,QB,MIA,4000,KC @ MIA,2026-09-27T17:00:00.0000000Z,,False,2026-09-24T14:50:53+00:00
153771,1213782,Will Howard,QB,PIT,4000,CIN @ PIT,2026-09-27T17:00:00.0000000Z,,False,2026-09-24T14:50:53+00:00
153771,1213928,DJ Uiagalelei,QB,LAC,4000,LAC @ BUF,2026-09-27T17:00:00.0000000Z,,False,2026-09-24T14:50:53+00:00
153771,1214336,Haynes King,QB,CAR,4000,CAR @ CLE,2026-09-27T17:00:00.0000000Z,,False,2026-09-24T14:50:53+00:00
153771,1215022,Anthony Richardson Sr.,QB,IND,4000,HOU @ IND,2026-09-27T17:00:00.0000000Z,,False,2026-09-24T14:50:53+00:00
153771,1225681,Jalon Daniels,QB,TB,4000,MIN @ TB,2026-09-27T20:05:00.0000000Z,,False,2026-09-24T14:50:53+00:00
153771,1286037,Garrett Nussmeier,QB,KC,4000,KC @ MIA,2026-09-27T17:00:00.0000000Z,,False,2026-09-24T14:50:53+00:00
153771,1286214,Luke Altmyer,QB,DET,4000,NYJ @ DET,2026-09-27T17:00:00.0000000Z,,False,2026-09-24T14:50:53+00:00
153771,1286262,Miller Moss,QB,CHI,4000,PHI @ CHI,2026-09-29T00:15:00.0000000Z,,False,2026-09-24T14:50:53+00:00
153771,1286388,Behren Morton,QB,NE,4000,NE @ JAX,2026-09-27T17:00:00.0000000Z,,False,2026-09-24T14:50:53+00:00
153771,1287826,Kyle McCord,QB,MIA,4000,KC @ MIA,2026-09-27T17:00:00.0000000Z,,False,2026-09-24T14:50:53+00:00
153771,1287925,Athan Kaliakmanis,QB,WAS,4000,SEA @ WAS,2026-09-27T17:00:00.0000000Z,,False,2026-09-24T14:50:53+00:00
153771,1288113,Taylen Green,QB,CLE,4000,CAR @ CLE,2026-09-27T17:00:00.0000000Z,,False,2026-09-24T14:50:53+00:00
153771,1290102,Jalen Milroe,QB,SEA,4000,SEA @ WAS,2026-09-27T17:00:00.0000000Z,,False,2026-09-24T14:50:53+00:00
153771,1290165,Riley Leonard,QB,IND,4000,HOU @ IND,2026-09-27T17:00:00.0000000Z,,False,2026-09-24T14:50:53+00:00
153771,1324519,Matthew Caldwell,QB,LAR,4000,LAR @ DEN,2026-09-28T00:20:00.0000000Z,IR,False,2026-09-24T14:50:53+00:00
153771,1324976,Cole Payton,QB,PHI,4000,PHI @ CHI,2026-09-29T00:15:00.0000000Z,,False,2026-09-24T14:50:53+00:00
153771,1333868,Quinn Ewers,QB,JAX,4000,NE @ JAX,2026-09-27T17:00:00.0000000Z,,False,2026-09-24T14:50:53+00:00
153771,1378287,Cade Klubnik,QB,NYJ,4000,NYJ @ DET,2026-09-27T17:00:00.0000000Z,,False,2026-09-24T14:50:53+00:00
153771,1378917,Ty Simpson,QB,LAR,4000,LAR @ DEN,2026-09-28T00:20:00.0000000Z,,False,2026-09-24T14:50:53+00:00
153771,1379258,Drew Allar,QB,PIT,4000,CIN @ PIT,2026-09-27T17:00:00.0000000Z,,False,2026-09-24T14:50:53+00:00
153771,1448305,Joey Aguilar,QB,JAX,4000,NE @ JAX,2026-09-27T17:00:00.0000000Z,,False,2026-09-24T14:50:53+00:00
153771,1287599,J.J. McCarthy,QB,MIN,4100,MIN @ TB,2026-09-27T20:05:00.0000000Z,,False,2026-09-24T14:50:53+00:00
153771,1272321,Shedeur Sanders,QB,CLE,4200,CAR @ CLE,2026-09-27T17:00:00.0000000Z,,False,2026-09-24T14:50:53+00:00
153771,1400786,Fernando Mendoza,QB,LV,4300,LV @ NO,2026-09-27T20:25:00.0000000Z,,False,2026-09-24T14:50:53+00:00
153771,216342,Joe Flacco,QB,CIN,4400,CIN @ PIT,2026-09-27T17:00:00.0000000Z,,False,2026-09-24T14:50:53+00:00
153771,1444140,Tyson Bagent,QB,CHI,4400,PHI @ CHI,2026-09-29T00:15:00.0000000Z,Q,False,2026-09-24T14:50:53+00:00
153771,607843,Marcus Mariota,QB,WAS,4500,SEA @ WAS,2026-09-27T17:00:00.0000000Z,,False,2026-09-24T14:50:53+00:00
153771,613866,Carson Wentz,QB,MIN,4600,MIN @ TB,2026-09-27T20:05:00.0000000Z,,False,2026-09-24T14:50:53+00:00
153771,828743,Deshaun Watson,QB,CLE,4700,CAR @ CLE,2026-09-27T17:00:00.0000000Z,,False,2026-09-24T14:50:53+00:00
153771,403308,Kirk Cousins,QB,LV,4800,LV @ NO,2026-09-27T20:25:00.0000000Z,,False,2026-09-24T14:50:53+00:00
153771,607047,Jacoby Brissett,QB,ARI,4800,ARI @ SF,2026-09-27T20:05:00.0000000Z,,False,2026-09-24T14:50:53+00:00
153771,513856,Geno Smith,QB,NYJ,4900,NYJ @ DET,2026-09-27T17:00:00.0000000Z,,False,2026-09-24T14:50:53+00:00
153771,976323,Malik Willis,QB,MIA,4900,KC @ MIA,2026-09-27T17:00:00.0000000Z,,False,2026-09-24T14:50:53+00:00
153771,213957,Aaron Rodgers,QB,PIT,5000,CIN @ PIT,2026-09-27T17:00:00.0000000Z,,False,2026-09-24T14:50:53+00:00
153771,879981,Daniel Jones,QB,IND,5000,HOU @ IND,2026-09-27T17:00:00.0000000Z,,False,2026-09-24T14:50:53+00:00
153771,879799,Kyler Murray,QB,MIN,5100,MIN @ TB,2026-09-27T20:05:00.0000000Z,,False,2026-09-24T14:50:53+00:00
153771,1228691,Cam Ward,QB,TEN,5100,TEN @ NYG,2026-09-27T17:00:00.0000000Z,,False,2026-09-24T14:50:53+00:00
153771,882345,Drew Lock,QB,SEA,5200,SEA @ WAS,2026-09-27T17:00:00.0000000Z,,False,2026-09-24T14:50:53+00:00
153771,748070,Baker Mayfield,QB,TB,5300,MIN @ TB,2026-09-27T20:05:00.0000000Z,,False,2026-09-24T14:50:53+00:00
153771,880026,Sam Darnold,QB,SEA,5400,SEA @ WAS,2026-09-27T17:00:00.0000000Z,Q,False,2026-09-24T14:50:53+00:00
153771,1110306,Tyler Shough,QB,NO,5400,LV @ NO,2026-09-27T20:25:00.0000000Z,,False,2026-09-24T14:50:53+00:00
153771,1161899,Bo Nix,QB,DEN,5500,LAR @ DEN,2026-09-28T00:20:00.0000000Z,,False,2026-09-24T14:50:53+00:00
153771,1214084,C.J. Stroud,QB,HOU,5500,HOU @ IND,2026-09-27T17:00:00.0000000Z,,False,2026-09-24T14:50:53+00:00
153771,1213257,Bryce Young,QB,CAR,5600,CAR @ CLE,2026-09-27T17:00:00.0000000Z,,False,2026-09-24T14:50:53+00:00
153771,1110711,Trevor Lawrence,QB,JAX,5700,NE @ JAX,2026-09-27T17:00:00.0000000Z,,False,2026-09-24T14:50:53+00:00
153771,910562,Justin Herbert,QB,LAC,5800,LAC @ BUF,2026-09-27T17:00:00.0000000Z,,False,2026-09-24T14:50:53+00:00
153771,323205,Matthew Stafford,QB,LAR,5900,LAR @ DEN,2026-09-28T00:20:00.0000000Z,,False,2026-09-24T14:50:53+00:00
153771,1286260,Jaxson Dart,QB,NYG,5900,TEN @ NYG,2026-09-27T17:00:00.0000000Z,OUT,False,2026-09-24T14:50:53+00:00
153771,1161228,Jayden Daniels,QB,WAS,6000,SEA @ WAS,2026-09-27T17:00:00.0000000Z,OUT,False,2026-09-24T14:50:53+00:00
153771,1286803,Drake Maye,QB,NE,6100,NE @ JAX,2026-09-27T17:00:00.0000000Z,,False,2026-09-24T14:50:53+00:00
153771,839031,Patrick Mahomes,QB,KC,6200,KC @ MIA,2026-09-27T17:00:00.0000000Z,,False,2026-09-24T14:50:53+00:00
153771,727837,Jared Goff,QB,DET,6300,NYJ @ DET,2026-09-27T17:00:00.0000000Z,,False,2026-09-24T14:50:53+00:00
153771,1286445,Caleb Williams,QB,CHI,6400,PHI @ CHI,2026-09-29T00:15:00.0000000Z,D,False,2026-09-24T14:50:53+00:00
153771,1121761,Brock Purdy,QB,SF,6500,ARI @ SF,2026-09-27T20:05:00.0000000Z,,False,2026-09-24T14:50:53+00:00
153771,878785,Joe Burrow,QB,CIN,6600,CIN @ PIT,2026-09-27T17:00:00.0000000Z,,False,2026-09-24T14:50:53+00:00
153771,591816,Dak Prescott,QB,DAL,6700,BAL @ DAL,2026-09-27T20:25:00.0000000Z,,False,2026-09-24T14:50:53+00:00
153771,913271,Jalen Hurts,QB,PHI,6800,PHI @ CHI,2026-09-29T00:15:00.0000000Z,,False,2026-09-24T14:50:53+00:00
153771,877745,Lamar Jackson,QB,BAL,7500,BAL @ DAL,2026-09-27T20:25:00.0000000Z,,False,2026-09-24T14:50:53+00:00
153771,868199,Josh Allen,QB,BUF,8000,LAC @ BUF,2026-09-27T17:00:00.0000000Z,,False,2026-09-24T14:50:53+00:00
153771,501150,Kyle Juszczyk,RB,SF,4000,ARI @ SF,2026-09-27T20:05:00.0000000Z,,False,2026-09-24T14:50:53+00:00
153771,556483,Michael Burton,RB,CLE,4000,CAR @ CLE,2026-09-27T17:00:00.0000000Z,,False,2026-09-24T14:50:53+00:00
153771,590796,Ameer Abdullah,RB,JAX,4000,NE @ JAX,2026-09-27T17:00:00.0000000Z,,False,2026-09-24T14:50:53+00:00
153771,658389,Patrick Ricard,RB,NYG,4000,TEN @ NYG,2026-09-27T17:00:00.0000000Z,,False,2026-09-24T14:50:53+00:00
153771,703015,Dare Ogunbowale,RB,LV,4000,LV @ NO,2026-09-27T20:25:00.0000000Z,,False,2026-09-24T14:50:53+00:00
153771,742390,James Conner,RB,ARI,4000,ARI @ SF,2026-09-27T20:05:00.0000000Z,IR,False,2026-09-24T14:50:53+00:00
153771,824428,Andrew Beck,RB,NYJ,4000,NYJ @ DET,2026-09-27T17:00:00.0000000Z,,False,2026-09-24T14:50:53+00:00
153771,837594,Jeremy McNichols,RB,WAS,4000,SEA @ WAS,2026-09-27T17:00:00.0000000Z,IR,False,2026-09-24T14:50:53+00:00
153771,877784,Ty Johnson,RB,BUF,4000,LAC @ BUF,2026-09-27T17:00:00.0000000Z,,False,2026-09-24T14:50:53+00:00
153771,880322,Alec Ingold,RB,LAC,4000,LAC @ BUF,2026-09-27T17:00:00.0000000Z,,False,2026-09-24T14:50:53+00:00
153771,885540,Adam Prentice,RB,DEN,4000,LAR @ DEN,2026-09-28T00:20:00.0000000Z,,False,2026-09-24T14:50:53+00:00
153771,912553,Jonathan Ward,RB,BAL,4000,BAL @ DAL,2026-09-27T20:25:00.0000000Z,,False,2026-09-24T14:50:53+00:00
153771,915066,Reggie Gilliam,RB,NE,4000,NE @ JAX,2026-09-27T17:00:00.0000000Z,Q,False,2026-09-24T14:50:53+00:00
153771,919304,Velus Jones Jr.,RB,SEA,4000,SEA @ WAS,2026-09-27T17:00:00.0000000Z,,False,2026-09-24T14:50:53+00:00
153771,922451,Brittain Brown,RB,CHI,4000,PHI @ CHI,2026-09-29T00:15:00.0000000Z,IR,False,2026-09-24T14:50:53+00:00
153771,922484,Travis Homer,RB,PIT,4000,CIN @ PIT,2026-09-27T17:00:00.0000000Z,,False,2026-09-24T14:50:53+00:00
153771,946748,Kene Nwangwu,RB,NYJ,4000,NYJ @ DET,2026-09-27T17:00:00.0000000Z,Q,False,2026-09-24T14:50:53+00:00
153771,975028,Malik Davis,RB,DAL,4000,BAL @ DAL,2026-09-27T20:25:00.0000000Z,IR,False,2026-09-24T14:50:53+00:00
153771,976329,Michael Carter,RB,TEN,4000,TEN @ NYG,2026-09-27T17:00:00.0000000Z,,False,2026-09-24T14:50:53+00:00
153771,976804,Ronnie Rivers,RB,LAR,4000,LAR @ DEN,2026-09-28T00:20:00.0000000Z,IR,False,2026-09-24T14:50:53+00:00
153771,1049246,Salvon Ahmed,RB,CHI,4000,PHI @ CHI,2026-09-29T00:15:00.0000000Z,,False,2026-09-24T14:50:53+00:00
153771,1057457,Connor Heyward,RB,LV,4000,LV @ NO,2026-09-27T20:25:00.0000000Z,,False,2026-09-24T14:50:53+00:00
153771,1057725,Carlos Washington Jr.,RB,MIA,4000,KC @ MIA,2026-09-27T17:00:00.0000000Z,,False,2026-09-24T14:50:53+00:00
153771,1059576,Ty Chandler,RB,NO,4000,LV @ NO,2026-09-27T20:25:00.0000000Z,IR,False,2026-09-24T14:50:53+00:00
153771,1060545,AJ Dillon,RB,CAR,4000,CAR @ CLE,2026-09-27T17:00:00.0000000Z,,False,2026-09-24T14:50:53+00:00
153771,1064955,Brady Russell,RB,SEA,4000,SEA @ WAS,2026-09-27T17:00:00.0000000Z,Q,False,2026-09-24T14:50:53+00:00
153771,1067309,Zavier Scott,RB,CHI,4000,PHI @ CHI,2026-09-29T00:15:00.0000000Z,,False,2026-09-24T14:50:53+00:00
153771,1106832,Isiah Pacheco,RB,DET,4000,NYJ @ DET,2026-09-27T17:00:00.0000000Z,IR,False,2026-09-24T14:50:53+00:00
153771,1108998,Dameon Pierce,RB,PHI,4000,PHI @ CHI,2026-09-29T00:15:00.0000000Z,,False,2026-09-24T14:50:53+00:00
153771,1110697,Zamir White,RB,NO,4000,LV @ NO,2026-09-27T20:25:00.0000000Z,,False,2026-09-24T14:50:53+00:00
153771,1116001,Jordan Mason,RB,MIN,4000,MIN @ TB,2026-09-27T20:05:00.0000000Z,IR,False,2026-09-24T14:50:53+00:00
153771,1122182,Dylan Laube,RB,LV,4000,LV @ NO,2026-09-27T20:25:00.0000000Z,,False,2026-09-24T14:50:53+00:00
153771,1125737,Jerome Ford,RB,MIN,4000,MIN @ TB,2026-09-27T20:05:00.0000000Z,,False,2026-09-24T14:50:53+00:00
153771,1125846,Julius Chestnut,RB,TEN,4000,TEN @ NYG,2026-09-27T17:00:00.0000000Z,,False,2026-09-24T14:50:53+00:00
153771,1126338,Isaac Guerendo,RB,SF,4000,ARI @ SF,2026-09-27T20:05:00.0000000Z,OUT,False,2026-09-24T14:50:53+00:00
153771,1128295,British Brooks,RB,HOU,4000,HOU @ IND,2026-09-27T17:00:00.0000000Z,,False,2026-09-24T14:50:53+00:00
153771,1130245,Ben VanSumeren,RB,KC,4000,KC @ MIA,2026-09-27T17:00:00.0000000Z,,False,2026-09-24T14:50:53+00:00
153771,1130595,Scott Matlock,RB,LAC,4000,LAC @ BUF,2026-09-27T17:00:00.0000000Z,IR,False,2026-09-24T14:50:53+00:00
153771,1130976,Hunter Luepke,RB,DAL,4000,BAL @ DAL,2026-09-27T20:25:00.0000000Z,,False,2026-09-24T14:50:53+00:00
153771,1131457,Jacob Saylors,RB,DET,4000,NYJ @ DET,2026-09-27T17:00:00.0000000Z,,False,2026-09-24T14:50:53+00:00
153771,1140248,Cody Schrader,RB,DEN,4000,LAR @ DEN,2026-09-28T00:20:00.0000000Z,,False,2026-09-24T14:50:53+00:00
153771,1161798,Eric Gray,RB,CLE,4000,CAR @ CLE,2026-09-27T17:00:00.0000000Z,,False,2026-09-24T14:50:53+00:00
153771,1163265,Roschon Johnson,RB,CHI,4000,PHI @ CHI,2026-09-29T00:15:00.0000000Z,,False,2026-09-24T14:50:53+00:00
153771,1163866,Bam Knight,RB,ARI,4000,ARI @ SF,2026-09-27T20:05:00.0000000Z,,False,2026-09-24T14:50:53+00:00
153771,1164137,Jawhar Jordan,RB,HOU,4000,HOU @ IND,2026-09-27T17:00:00.0000000Z,,False,2026-09-24T14:50:53+00:00
153771,1164530,Zach Charbonnet,RB,SEA,4000,SEA @ WAS,2026-09-27T17:00:00.0000000Z,OUT,False,2026-09-24T14:50:53+00:00
153771,1166235,Sincere McCormick,RB,SF,4000,ARI @ SF,2026-09-27T20:05:00.0000000Z,,False,2026-09-24T14:50:53+00:00
153771,1166480,Lew Nichols,RB,PIT,4000,CIN @ PIT,2026-09-27T17:00:00.0000000Z,,False,2026-09-24T14:50:53+00:00
153771,1167356,Craig Reynolds,RB,WAS,4000,SEA @ WAS,2026-09-27T17:00:00.0000000Z,,False,2026-09-24T14:50:53+00:00
153771,1168918,Tyler Goodson,RB,DAL,4000,BAL @ DAL,2026-09-27T20:25:00.0000000Z,,False,2026-09-24T14:50:53+00:00
153771,1172990,Josh Williams,RB,TB,4000,MIN @ TB,2026-09-27T20:05:00.0000000Z,,False,2026-09-24T14:50:53+00:00
153771,1173174,Jordan Waters,RB,LAR,4000,LAR @ DEN,2026-09-28T00:20:00.0000000Z,,False,2026-09-24T14:50:53+00:00
153771,1173266,Evan Hull,RB,ARI,4000,ARI @ SF,2026-09-27T20:05:00.0000000Z,,False,2026-09-24T14:50:53+00:00
153771,1173480,Jacardia Wright,RB,SEA,4000,SEA @ WAS,2026-09-27T17:00:00.0000000Z,,False,2026-09-24T14:50:53+00:00
153771,1213345,Kendall Milton,RB,CIN,4000,CIN @ PIT,2026-09-27T17:00:00.0000000Z,,False,2026-09-24T14:50:53+00:00
153771,1213478,Chip Trayanum,RB,NYJ,4000,NYJ @ DET,2026-09-27T17:00:00.0000000Z,IR,False,2026-09-24T14:50:53+00:00
153771,1214132,Nate Carter,RB,KC,4000,KC @ MIA,2026-09-27T17:00:00.0000000Z,,False,2026-09-24T14:50:53+00:00
153771,1214249,Israel Abanikanda,RB,DAL,4000,BAL @ DAL,2026-09-27T20:25:00.0000000Z,,False,2026-09-24T14:50:53+00:00
153771,1214289,Ahmani Marshall,RB,CAR,4000,CAR @ CLE,2026-09-27T17:00:00.0000000Z,,False,2026-09-24T14:50:53+00:00
153771,1214824,Kimani Vidal,RB,LAC,4000,LAC @ BUF,2026-09-27T17:00:00.0000000Z,,False,2026-09-24T14:50:53+00:00
153771,1215306,Noah Whittington,RB,HOU,4000,HOU @ IND,2026-09-27T17:00:00.0000000Z,,False,2026-09-24T14:50:53+00:00
153771,1215658,Lan Larison,RB,NE,4000,NE @ JAX,2026-09-27T17:00:00.0000000Z,,False,2026-09-24T14:50:53+00:00
153771,1215974,Chris Collier,RB,LV,4000,LV @ NO,2026-09-27T20:25:00.0000000Z,IR,False,2026-09-24T14:50:53+00:00
153771,1228633,Sean Tucker,RB,TB,4000,MIN @ TB,2026-09-27T20:05:00.0000000Z,,False,2026-09-24T14:50:53+00:00
153771,1228730,Tahj Brooks,RB,CIN,4000,CIN @ PIT,2026-09-27T17:00:00.0000000Z,,False,2026-09-24T14:50:53+00:00
153771,1229055,Kentrel Bullock,RB,CIN,4000,CIN @ PIT,2026-09-27T17:00:00.0000000Z,,False,2026-09-24T14:50:53+00:00
153771,1229133,Rasheen Ali,RB,BAL,4000,BAL @ DAL,2026-09-27T20:25:00.0000000Z,,False,2026-09-24T14:50:53+00:00
153771,1229673,Kalel Mullings,RB,TEN,4000,TEN @ NYG,2026-09-27T17:00:00.0000000Z,,False,2026-09-24T14:50:53+00:00
153771,1232898,Jabari Small,RB,DET,4000,NYJ @ DET,2026-09-27T17:00:00.0000000Z,,False,2026-09-24T14:50:53+00:00
153771,1233127,Frank Gore Jr.,RB,BUF,4000,LAC @ BUF,2026-09-27T17:00:00.0000000Z,,False,2026-09-24T14:50:53+00:00
153771,1233297,Anderson Castle,RB,IND,4000,HOU @ IND,2026-09-27T17:00:00.0000000Z,,False,2026-09-24T14:50:53+00:00
153771,1244224,Riley Nowakowski,RB,PIT,4000,CIN @ PIT,2026-09-27T17:00:00.0000000Z,,False,2026-09-24T14:50:53+00:00
153771,1248031,Trey Benson,RB,ARI,4000,ARI @ SF,2026-09-27T20:05:00.0000000Z,IR,False,2026-09-24T14:50:53+00:00
153771,1271609,Isaiah Davis,RB,NYJ,4000,NYJ @ DET,2026-09-27T17:00:00.0000000Z,,False,2026-09-24T14:50:53+00:00
153771,1271738,Jaleel McLaughlin,RB,CLE,4000,CAR @ CLE,2026-09-27T17:00:00.0000000Z,,False,2026-09-24T14:50:53+00:00
153771,1277947,J'Mari Taylor,RB,JAX,4000,NE @ JAX,2026-09-27T17:00:00.0000000Z,,False,2026-09-24T14:50:53+00:00
153771,1285958,Robbie Ouzts,RB,SEA,4000,SEA @ WAS,2026-09-27T17:00:00.0000000Z,IR,False,2026-09-24T14:50:53+00:00
153771,1286050,Corey Kiner,RB,NE,4000,NE @ JAX,2026-09-27T17:00:00.0000000Z,,False,2026-09-24T14:50:53+00:00
153771,1286513,Jaylen Wright,RB,MIA,4000,KC @ MIA,2026-09-27T17:00:00.0000000Z,Q,False,2026-09-24T14:50:53+00:00
153771,1286701,Gregory Desrosiers,RB,LAC,4000,LAC @ BUF,2026-09-27T17:00:00.0000000Z,,False,2026-09-24T14:50:53+00:00
153771,1287641,Phil Mafah,RB,NYG,4000,TEN @ NYG,2026-09-27T17:00:00.0000000Z,,False,2026-09-24T14:50:53+00:00
153771,1287778,Anthony Tyus III,RB,CAR,4000,CAR @ CLE,2026-09-27T17:00:00.0000000Z,,False,2026-09-24T14:50:53+00:00
153771,1288074,Myles Montgomery,RB,NE,4000,NE @ JAX,2026-09-27T17:00:00.0000000Z,IR,False,2026-09-24T14:50:53+00:00
153771,1289436,Al-Jay Henderson,RB,NYJ,4000,NYJ @ DET,2026-09-27T17:00:00.0000000Z,,False,2026-09-24T14:50:53+00:00
153771,1303569,DJ Giddens,RB,IND,4000,HOU @ IND,2026-09-27T17:00:00.0000000Z,,False,2026-09-24T14:50:53+00:00
153771,1313668,Brashard Smith,RB,KC,4000,KC @ MIA,2026-09-27T17:00:00.0000000Z,,False,2026-09-24T14:50:53+00:00
153771,1317230,Roman Hemby,RB,LV,4000,LV @ NO,2026-09-27T20:25:00.0000000Z,,False,2026-09-24T14:50:53+00:00
153771,1317287,Brock Lampe,RB,BUF,4000,LAC @ BUF,2026-09-27T17:00:00.0000000Z,,False,2026-09-24T14:50:53+00:00
153771,1319185,Jarquez Hunter,RB,MIA,4000,KC @ MIA,2026-09-27T17:00:00.0000000Z,,False,2026-09-24T14:50:53+00:00
153771,1319219,Carson Steele,RB,PHI,4000,PHI @ CHI,2026-09-29T00:15:00.0000000Z,,False,2026-09-24T14:50:53+00:00
153771,1321291,Audric Estime,RB,NO,4000,LV @ NO,2026-09-27T20:25:00.0000000Z,Q,False,2026-09-24T14:50:53+00:00
153771,1325562,Max Bredeson,RB,MIN,4000,MIN @ TB,2026-09-27T20:05:00.0000000Z,,False,2026-09-24T14:50:53+00:00
153771,1327875,DJ Herman,RB,MIA,4000,KC @ MIA,2026-09-27T17:00:00.0000000Z,,False,2026-09-24T14:50:53+00:00
153771,1332922,Amar Johnson,RB,LAC,4000,LAC @ BUF,2026-09-27T17:00:00.0000000Z,,False,2026-09-24T14:50:53+00:00
153771,1377757,Jaydn Ott,RB,KC,4000,KC @ MIA,2026-09-27T17:00:00.0000000Z,,False,2026-09-24T14:50:53+00:00
153771,1377766,Ollie Gordon II,RB,MIA,4000,KC @ MIA,2026-09-27T17:00:00.0000000Z,,False,2026-09-24T14:50:53+00:00
153771,1378284,Adam Randall,RB,BAL,4000,BAL @ DAL,2026-09-27T20:25:00.0000000Z,IR,False,2026-09-24T14:50:53+00:00
153771,1378840,LeQuint Allen Jr.,RB,JAX,4000,NE @ JAX,2026-09-27T17:00:00.0000000Z,Q,False,2026-09-24T14:50:53+00:00
153771,1378898,Jaydon Blue,RB,PHI,4000,PHI @ CHI,2026-09-29T00:15:00.0000000Z,,False,2026-09-24T14:50:53+00:00
153771,1379264,Nick Singleton,RB,TEN,4000,TEN @ NYG,2026-09-27T17:00:00.0000000Z,,False,2026-09-24T14:50:53+00:00
153771,1381444,Dean Connors,RB,LAR,4000,LAR @ DEN,2026-09-28T00:20:00.0000000Z,,False,2026-09-24T14:50:53+00:00
153771,1394803,Trevor Etienne,RB,CAR,4000,CAR @ CLE,2026-09-27T17:00:00.0000000Z,IR,False,2026-09-24T14:50:53+00:00
153771,1395681,CJ Donaldson,RB,NO,4000,LV @ NO,2026-09-27T20:25:00.0000000Z,,False,2026-09-24T14:50:53+00:00
153771,1395874,Eli Heidenreich,RB,PIT,4000,CIN @ PIT,2026-09-27T17:00:00.0000000Z,,False,2026-09-24T14:50:53+00:00
153771,1399910,Dylan Sampson,RB,CLE,4000,CAR @ CLE,2026-09-27T17:00:00.0000000Z,IR,False,2026-09-24T14:50:53+00:00
153771,1400657,Jordan James,RB,SF,4000,ARI @ SF,2026-09-27T20:05:00.0000000Z,,False,2026-09-24T14:50:53+00:00
153771,1443998,Robert Henry Jr.,RB,WAS,4000,SEA @ WAS,2026-09-27T17:00:00.0000000Z,,False,2026-09-24T14:50:53+00:00
153771,1445256,Davon Booth,RB,IND,4000,HOU @ IND,2026-09-27T17:00:00.0000000Z,,False,2026-09-24T14:50:53+00:00
153771,1665835,Grant Finley,RB,NYG,4000,TEN @ NYG,2026-09-27T17:00:00.0000000Z,,False,2026-09-24T14:50:53+00:00
153771,820734,Samaje Perine,RB,CIN,4100,CIN @ PIT,2026-09-27T17:00:00.0000000Z,,False,2026-09-24T14:50:53+00:00
153771,1109708,Tyrone Tracy Jr.,RB,NYG,4100,TEN @ NYG,2026-09-27T17:00:00.0000000Z,,False,2026-09-24T14:50:53+00:00
153771,1213794,Seth McGowan,RB,IND,4100,HOU @ IND,2026-09-27T17:00:00.0000000Z,,False,2026-09-24T14:50:53+00:00
153771,1289428,Mike Washington Jr.,RB,LV,4100,LV @ NO,2026-09-27T20:25:00.0000000Z,,False,2026-09-24T14:50:53+00:00
153771,916466,Devin Singletary,RB,NYG,4200,TEN @ NYG,2026-09-27T17:00:00.0000000Z,,False,2026-09-24T14:50:53+00:00
153771,923109,Justice Hill,RB,BAL,4200,BAL @ DAL,2026-09-27T20:25:00.0000000Z,,False,2026-09-24T14:50:53+00:00
153771,976309,DeeJay Dallas,RB,MIN,4200,MIN @ TB,2026-09-27T20:05:00.0000000Z,Q,False,2026-09-24T14:50:53+00:00
153771,1116817,Emari Demercado,RB,DAL,4200,BAL @ DAL,2026-09-27T20:25:00.0000000Z,,False,2026-09-24T14:50:53+00:00
153771,1124338,Tyler Badie,RB,DEN,4200,LAR @ DEN,2026-09-28T00:20:00.0000000Z,,False,2026-09-24T14:50:53+00:00
153771,1213867,Kendre Miller,RB,NO,4300,LV @ NO,2026-09-27T20:25:00.0000000Z,,False,2026-09-24T14:50:53+00:00
153771,1222789,Keaton Mitchell,RB,LAC,4300,LAC @ BUF,2026-09-27T17:00:00.0000000Z,,False,2026-09-24T14:50:53+00:00
153771,1379259,Kaytron Allen,RB,WAS,4300,SEA @ WAS,2026-09-27T17:00:00.0000000Z,Q,False,2026-09-24T14:50:53+00:00
153771,1381164,Sione Vaki,RB,DET,4300,NYJ @ DET,2026-09-27T17:00:00.0000000Z,,False,2026-09-24T14:50:53+00:00
153771,1165229,Ray Davis,RB,BUF,4400,LAC @ BUF,2026-09-27T17:00:00.0000000Z,,False,2026-09-24T14:50:53+00:00
153771,1325231,Braelon Allen,RB,NYJ,4400,NYJ @ DET,2026-09-27T17:00:00.0000000Z,,False,2026-09-24T14:50:53+00:00
153771,1379251,Emmett Johnson,RB,KC,4400,KC @ MIA,2026-09-27T17:00:00.0000000Z,,False,2026-09-24T14:50:53+00:00
153771,1390910,Demond Claiborne,RB,MIN,4400,MIN @ TB,2026-09-27T20:05:00.0000000Z,,False,2026-09-24T14:50:53+00:00
153771,1180625,George Holani,RB,SEA,4500,SEA @ WAS,2026-09-27T17:00:00.0000000Z,Q,False,2026-09-24T14:50:53+00:00
153771,1285895,Raheim Sanders,RB,CLE,4500,CAR @ CLE,2026-09-27T17:00:00.0000000Z,,False,2026-09-24T14:50:53+00:00
153771,1287636,Will Shipley,RB,PHI,4500,PHI @ CHI,2026-09-29T00:15:00.0000000Z,,False,2026-09-24T14:50:53+00:00
153771,1113403,Chris Rodriguez Jr.,RB,JAX,4600,NE @ JAX,2026-09-27T17:00:00.0000000Z,,False,2026-09-24T14:50:53+00:00
153771,1229540,Blake Corum,RB,LAR,4600,LAR @ DEN,2026-09-28T00:20:00.0000000Z,,False,2026-09-24T14:50:53+00:00
153771,1326601,Jonathon Brooks,RB,CAR,4600,CAR @ CLE,2026-09-27T17:00:00.0000000Z,IR,False,2026-09-24T14:50:53+00:00
153771,933480,Rico Dowdle,RB,PIT,4700,CIN @ PIT,2026-09-27T17:00:00.0000000Z,Q,False,2026-09-24T14:50:53+00:00
153771,973964,Najee Harris,RB,NYG,4700,TEN @ NYG,2026-09-27T17:00:00.0000000Z,,False,2026-09-24T14:50:53+00:00
153771,750846,Alvin Kamara,RB,NO,4800,LV @ NO,2026-09-27T20:25:00.0000000Z,,False,2026-09-24T14:50:53+00:00
153771,1130705,Kenny Gainwell,RB,TB,4800,MIN @ TB,2026-09-27T20:05:00.0000000Z,,False,2026-09-24T14:50:53+00:00
153771,1215772,Kaelon Black,RB,SF,4800,ARI @ SF,2026-09-27T20:05:00.0000000Z,,False,2026-09-24T14:50:53+00:00
153771,1169430,Tyjae Spears,RB,TEN,4900,TEN @ NYG,2026-09-27T17:00:00.0000000Z,Q,False,2026-09-24T14:50:53+00:00
153771,1447759,Emanuel Wilson,RB,SEA,4900,SEA @ WAS,2026-09-27T17:00:00.0000000Z,,False,2026-09-24T14:50:53+00:00
153771,1131198,Tyler Allgeier,RB,ARI,5000,ARI @ SF,2026-09-27T20:05:00.0000000Z,,False,2026-09-24T14:50:53+00:00
153771,1215035,Tank Bigsby,RB,PHI,5000,PHI @ CHI,2026-09-29T00:15:00.0000000Z,,False,2026-09-24T14:50:53+00:00
153771,1231652,Woody Marks,RB,HOU,5000,HOU @ IND,2026-09-27T17:00:00.0000000Z,,False,2026-09-24T14:50:53+00:00
153771,1229343,Rachaad White,RB,WAS,5100,SEA @ WAS,2026-09-27T17:00:00.0000000Z,,False,2026-09-24T14:50:53+00:00
153771,1380594,Jonah Coleman,RB,DEN,5100,LAR @ DEN,2026-09-28T00:20:00.0000000Z,Q,False,2026-09-24T14:50:53+00:00
153771,1172401,RJ Harvey,RB,DEN,5200,LAR @ DEN,2026-09-28T00:20:00.0000000Z,Q,False,2026-09-24T14:50:53+00:00
153771,1250886,Kyle Monangai,RB,CHI,5200,PHI @ CHI,2026-09-29T00:15:00.0000000Z,Q,False,2026-09-24T14:50:53+00:00
153771,1287837,TreVeyon Henderson,RB,NE,5200,NE @ JAX,2026-09-27T17:00:00.0000000Z,,False,2026-09-24T14:50:53+00:00
153771,1191186,Jacory Croskey-Merritt,RB,WAS,5300,SEA @ WAS,2026-09-27T17:00:00.0000000Z,,False,2026-09-24T14:50:53+00:00
153771,1383791,Jadarian Price,RB,SEA,5300,SEA @ WAS,2026-09-27T17:00:00.0000000Z,Q,False,2026-09-24T14:50:53+00:00
153771,880398,Tony Pollard,RB,TEN,5400,TEN @ NYG,2026-09-27T17:00:00.0000000Z,Q,False,2026-09-24T14:50:53+00:00
153771,976513,J.K. Dobbins,RB,DEN,5400,LAR @ DEN,2026-09-28T00:20:00.0000000Z,Q,False,2026-09-24T14:50:53+00:00
153771,1174682,Rhamondre Stevenson,RB,NE,5400,NE @ JAX,2026-09-27T17:00:00.0000000Z,,False,2026-09-24T14:50:53+00:00
153771,1383807,Quinshon Judkins,RB,CLE,5500,CAR @ CLE,2026-09-27T17:00:00.0000000Z,,False,2026-09-24T14:50:53+00:00
153771,1451501,Jeremiyah Love,RB,ARI,5500,ARI @ SF,2026-09-27T20:05:00.0000000Z,,False,2026-09-24T14:50:53+00:00
153771,1327169,Bhayshul Tuten,RB,JAX,5600,NE @ JAX,2026-09-27T17:00:00.0000000Z,,False,2026-09-24T14:50:53+00:00
153771,1176443,Jaylen Warren,RB,PIT,5700,CIN @ PIT,2026-09-27T17:00:00.0000000Z,Q,False,2026-09-24T14:50:53+00:00
153771,978577,Travis Etienne Jr.,RB,NO,5800,LV @ NO,2026-09-27T20:25:00.0000000Z,Q,False,2026-09-24T14:50:53+00:00
153771,741314,Aaron Jones Sr.,RB,MIN,5900,MIN @ TB,2026-09-27T20:05:00.0000000Z,Q,False,2026-09-24T14:50:53+00:00
153771,946739,David Montgomery,RB,HOU,6000,HOU @ IND,2026-09-27T17:00:00.0000000Z,,False,2026-09-24T14:50:53+00:00
153771,1062047,Chuba Hubbard,RB,CAR,6100,CAR @ CLE,2026-09-27T17:00:00.0000000Z,,False,2026-09-24T14:50:53+00:00
153771,1167361,Kyren Williams,RB,LAR,6100,LAR @ DEN,2026-09-28T00:20:00.0000000Z,,False,2026-09-24T14:50:53+00:00
153771,1069808,D'Andre Swift,RB,CHI,6200,PHI @ CHI,2026-09-29T00:15:00.0000000Z,,False,2026-09-24T14:50:53+00:00
153771,1280316,Cam Skattebo,RB,NYG,6200,TEN @ NYG,2026-09-27T17:00:00.0000000Z,,False,2026-09-24T14:50:53+00:00
153771,1287923,Bucky Irving,RB,TB,6300,MIN @ TB,2026-09-27T20:05:00.0000000Z,,False,2026-09-24T14:50:53+00:00
153771,1162537,Breece Hall,RB,NYJ,6400,NYJ @ DET,2026-09-27T17:00:00.0000000Z,,False,2026-09-24T14:50:53+00:00
153771,1231820,De'Von Achane,RB,MIA,6500,KC @ MIA,2026-09-27T17:00:00.0000000Z,,False,2026-09-24T14:50:53+00:00
153771,1123379,Chase Brown,RB,CIN,6600,CIN @ PIT,2026-09-27T17:00:00.0000000Z,,False,2026-09-24T14:50:53+00:00
153771,1107881,Javonte Williams,RB,DAL,6700,BAL @ DAL,2026-09-27T20:25:00.0000000Z,,False,2026-09-24T14:50:53+00:00
153771,1398572,Omarion Hampton,RB,LAC,6800,LAC @ BUF,2026-09-27T17:00:00.0000000Z,,False,2026-09-24T14:50:53+00:00
153771,1131012,James Cook III,RB,BUF,6900,LAC @ BUF,2026-09-27T17:00:00.0000000Z,,False,2026-09-24T14:50:53+00:00
153771,883302,Saquon Barkley,RB,PHI,7000,PHI @ CHI,2026-09-29T00:15:00.0000000Z,,False,2026-09-24T14:50:53+00:00
153771,1379646,Ashton Jeanty,RB,LV,7100,LV @ NO,2026-09-27T20:25:00.0000000Z,,False,2026-09-24T14:50:53+00:00
153771,1164402,Kenneth Walker III,RB,KC,7400,KC @ MIA,2026-09-27T17:00:00.0000000Z,,False,2026-09-24T14:50:53+00:00
153771,1065406,Jonathan Taylor,RB,IND,7600,HOU @ IND,2026-09-27T17:00:00.0000000Z,,False,2026-09-24T14:50:53+00:00
153771,732145,Derrick Henry,RB,BAL,7700,BAL @ DAL,2026-09-27T20:25:00.0000000Z,,False,2026-09-24T14:50:53+00:00
153771,830517,Christian McCaffrey,RB,SF,8300,ARI @ SF,2026-09-27T20:05:00.0000000Z,,False,2026-09-24T14:50:53+00:00
153771,1214154,Jahmyr Gibbs,RB,DET,8800,NYJ @ DET,2026-09-27T17:00:00.0000000Z,,False,2026-09-24T14:50:53+00:00
153771,300580,Andrew DePaola,TE,MIN,2500,MIN @ TB,2026-09-27T20:05:00.0000000Z,,False,2026-09-24T14:50:53+00:00
153771,472623,James Winchester,TE,KC,2500,KC @ MIA,2026-09-27T17:00:00.0000000Z,,False,2026-09-24T14:50:53+00:00
153771,553024,Tyler Ott,TE,WAS,2500,SEA @ WAS,2026-09-27T17:00:00.0000000Z,,False,2026-09-24T14:50:53+00:00
153771,563293,Chris Manhertz,TE,NYG,2500,TEN @ NYG,2026-09-27T17:00:00.0000000Z,,False,2026-09-24T14:50:53+00:00
153771,606488,Nick Vannett,TE,BAL,2500,BAL @ DAL,2026-09-27T20:25:00.0000000Z,,False,2026-09-24T14:50:53+00:00
153771,606799,Zach Wood,TE,NO,2500,LV @ NO,2026-09-27T20:25:00.0000000Z,IR,False,2026-09-24T14:50:53+00:00
153771,660151,Robert Tonyan,TE,PIT,2500,CIN @ PIT,2026-09-27T17:00:00.0000000Z,,False,2026-09-24T14:50:53+00:00
153771,689689,Pharaoh Brown,TE,IND,2500,HOU @ IND,2026-09-27T17:00:00.0000000Z,,False,2026-09-24T14:50:53+00:00
153771,694931,Eric Saubert,TE,SEA,2500,SEA @ WAS,2026-09-27T17:00:00.0000000Z,,False,2026-09-24T14:50:53+00:00
153771,712506,Mo Alie-Cox,TE,IND,2500,HOU @ IND,2026-09-27T17:00:00.0000000Z,,False,2026-09-24T14:50:53+00:00
153771,749968,Durham Smythe,TE,BAL,2500,BAL @ DAL,2026-09-27T20:25:00.0000000Z,,False,2026-09-24T14:50:53+00:00
153771,838318,Chris Myarick,TE,LV,2500,LV @ NO,2026-09-27T20:25:00.0000000Z,,False,2026-09-24T14:50:53+00:00
153771,843733,Mitchell Fraboni,TE,DEN,2500,LAR @ DEN,2026-09-28T00:20:00.0000000Z,,False,2026-09-24T14:50:53+00:00
153771,861278,Tyler Conklin,TE,DET,2500,NYJ @ DET,2026-09-27T17:00:00.0000000Z,,False,2026-09-24T14:50:53+00:00
153771,865573,Foster Moreau,TE,HOU,2500,HOU @ IND,2026-09-27T17:00:00.0000000Z,,False,2026-09-24T14:50:53+00:00
153771,866149,Josiah Deguara,TE,PHI,2500,PHI @ CHI,2026-09-29T00:15:00.0000000Z,,False,2026-09-24T14:50:53+00:00
153771,875444,Adam Trautman,TE,DEN,2500,LAR @ DEN,2026-09-28T00:20:00.0000000Z,,False,2026-09-24T14:50:53+00:00
153771,881697,Stephen Carlson,TE,CHI,2500,PHI @ CHI,2026-09-29T00:15:00.0000000Z,,False,2026-09-24T14:50:53+00:00
153771,881779,Josh Oliver,TE,MIN,2500,MIN @ TB,2026-09-27T20:05:00.0000000Z,,False,2026-09-24T14:50:53+00:00
153771,910377,Feleipe Franks,TE,CAR,2500,CAR @ CLE,2026-09-27T17:00:00.0000000Z,,False,2026-09-24T14:50:53+00:00
153771,911239,Ko Kieft,TE,TB,2500,MIN @ TB,2026-09-27T20:05:00.0000000Z,,False,2026-09-24T14:50:53+00:00
153771,911985,Jack Stoll,TE,SF,2500,ARI @ SF,2026-09-27T20:05:00.0000000Z,,False,2026-09-24T14:50:53+00:00
153771,921050,Kylen Granson,TE,TEN,2500,TEN @ NYG,2026-09-27T17:00:00.0000000Z,,False,2026-09-24T14:50:53+00:00
153771,943093,Ian Thomas,TE,LV,2500,LV @ NO,2026-09-27T20:25:00.0000000Z,,False,2026-09-24T14:50:53+00:00
153771,944038,John Bates,TE,WAS,2500,SEA @ WAS,2026-09-27T17:00:00.0000000Z,,False,2026-09-24T14:50:53+00:00
153771,946541,Luke Farrell,TE,SF,2500,ARI @ SF,2026-09-27T20:05:00.0000000Z,,False,2026-09-24T14:50:53+00:00
153771,975503,Jelani Woods,TE,NYJ,2500,NYJ @ DET,2026-09-27T17:00:00.0000000Z,,False,2026-09-24T14:50:53+00:00
153771,976221,Grant Calcaterra,TE,PHI,2500,PHI @ CHI,2026-09-29T00:15:00.0000000Z,IR,False,2026-09-24T14:50:53+00:00
153771,978120,Brock Wright,TE,DET,2500,NYJ @ DET,2026-09-27T17:00:00.0000000Z,,False,2026-09-24T14:50:53+00:00
153771,1051781,E.J. Jenkins,TE,PHI,2500,PHI @ CHI,2026-09-29T00:15:00.0000000Z,,False,2026-09-24T14:50:53+00:00
153771,1056865,Stone Smartt,TE,NO,2500,LV @ NO,2026-09-27T20:25:00.0000000Z,,False,2026-09-24T14:50:53+00:00
153771,1058648,Charlie Kolar,TE,LAC,2500,LAC @ BUF,2026-09-27T17:00:00.0000000Z,OUT,False,2026-09-24T14:50:53+00:00
153771,1059585,Princeton Fant,TE,DAL,2500,BAL @ DAL,2026-09-27T20:25:00.0000000Z,IR,False,2026-09-24T14:50:53+00:00
153771,1059680,Quintin Morris,TE,JAX,2500,NE @ JAX,2026-09-27T17:00:00.0000000Z,,False,2026-09-24T14:50:53+00:00
153771,1060550,Hunter Long,TE,ARI,2500,ARI @ SF,2026-09-27T20:05:00.0000000Z,,False,2026-09-24T14:50:53+00:00
153771,1061591,Cal Adomitis,TE,NO,2500,LV @ NO,2026-09-27T20:25:00.0000000Z,,False,2026-09-24T14:50:53+00:00
153771,1068872,Jake Tonges,TE,SF,2500,ARI @ SF,2026-09-27T20:05:00.0000000Z,IR,False,2026-09-24T14:50:53+00:00
153771,1107232,Colson Yankoff,TE,WAS,2500,SEA @ WAS,2026-09-27T17:00:00.0000000Z,,False,2026-09-24T14:50:53+00:00
153771,1108202,Brevyn Spann-Ford,TE,DAL,2500,BAL @ DAL,2026-09-27T20:25:00.0000000Z,,False,2026-09-24T14:50:53+00:00
153771,1108526,Thomas Odukoya,TE,KC,2500,KC @ MIA,2026-09-27T17:00:00.0000000Z,,False,2026-09-24T14:50:53+00:00
153771,1109731,Blake Whiteheart,TE,CLE,2500,CAR @ CLE,2026-09-27T17:00:00.0000000Z,,False,2026-09-24T14:50:53+00:00
153771,1112357,Shawn Bowman,TE,ARI,2500,ARI @ SF,2026-09-27T20:05:00.0000000Z,,False,2026-09-24T14:50:53+00:00
153771,1115394,Tanner Hudson,TE,CIN,2500,CIN @ PIT,2026-09-27T17:00:00.0000000Z,,False,2026-09-24T14:50:53+00:00
153771,1120499,Evan Deckers,TE,TB,2500,MIN @ TB,2026-09-27T20:05:00.0000000Z,,False,2026-09-24T14:50:53+00:00
153771,1121863,Jack Westover,TE,WAS,2500,SEA @ WAS,2026-09-27T17:00:00.0000000Z,,False,2026-09-24T14:50:53+00:00
153771,1121871,Brevin Jordan,TE,HOU,2500,HOU @ IND,2026-09-27T17:00:00.0000000Z,,False,2026-09-24T14:50:53+00:00
153771,1121873,Will Mallory,TE,IND,2500,HOU @ IND,2026-09-27T17:00:00.0000000Z,IR,False,2026-09-24T14:50:53+00:00
153771,1122035,Daniel Bellinger,TE,TEN,2500,TEN @ NYG,2026-09-27T17:00:00.0000000Z,,False,2026-09-24T14:50:53+00:00
153771,1122323,Lucas Krull,TE,DEN,2500,LAR @ DEN,2026-09-28T00:20:00.0000000Z,,False,2026-09-24T14:50:53+00:00
153771,1122596,Jeremy Ruckert,TE,NYJ,2500,NYJ @ DET,2026-09-27T17:00:00.0000000Z,,False,2026-09-24T14:50:53+00:00
153771,1122692,Cole Turner,TE,MIA,2500,KC @ MIA,2026-09-27T17:00:00.0000000Z,IR,False,2026-09-24T14:50:53+00:00
153771,1123364,Joel Wilson,TE,TEN,2500,TEN @ NYG,2026-09-27T17:00:00.0000000Z,,False,2026-09-24T14:50:53+00:00
153771,1123630,Julian Hill,TE,NE,2500,NE @ JAX,2026-09-27T17:00:00.0000000Z,IR,False,2026-09-24T14:50:53+00:00
153771,1123712,James Mitchell,TE,DAL,2500,BAL @ DAL,2026-09-27T20:25:00.0000000Z,,False,2026-09-24T14:50:53+00:00
153771,1124199,David Martin-Robinson,TE,TEN,2500,TEN @ NYG,2026-09-27T17:00:00.0000000Z,,False,2026-09-24T14:50:53+00:00
153771,1124355,Messiah Swinson,TE,CLE,2500,CAR @ CLE,2026-09-27T17:00:00.0000000Z,,False,2026-09-24T14:50:53+00:00
153771,1125589,Brayden Willis,TE,SF,2500,ARI @ SF,2026-09-27T20:05:00.0000000Z,,False,2026-09-24T14:50:53+00:00
153771,1125739,Cameron Latu,TE,NE,2500,NE @ JAX,2026-09-27T17:00:00.0000000Z,,False,2026-09-24T14:50:53+00:00
153771,1128538,Teagan Quitoriano,TE,ARI,2500,ARI @ SF,2026-09-27T20:05:00.0000000Z,,False,2026-09-24T14:50:53+00:00
153771,1130004,Qadir Ismail,TE,CHI,2500,PHI @ CHI,2026-09-29T00:15:00.0000000Z,,False,2026-09-24T14:50:53+00:00
153771,1130242,Luke Schoonmaker,TE,DAL,2500,BAL @ DAL,2026-09-27T20:25:00.0000000Z,,False,2026-09-24T14:50:53+00:00
153771,1130260,Payne Durham,TE,TB,2500,MIN @ TB,2026-09-27T20:05:00.0000000Z,,False,2026-09-24T14:50:53+00:00
153771,1130555,Tommy Tremble,TE,CAR,2500,CAR @ CLE,2026-09-27T17:00:00.0000000Z,,False,2026-09-24T14:50:53+00:00
153771,1132517,Nate Adkins,TE,DEN,2500,LAR @ DEN,2026-09-28T00:20:00.0000000Z,,False,2026-09-24T14:50:53+00:00
153771,1161664,Davis Allen,TE,LAR,2500,LAR @ DEN,2026-09-28T00:20:00.0000000Z,,False,2026-09-24T14:50:53+00:00
153771,1161853,Elijah Higgins,TE,ARI,2500,ARI @ SF,2026-09-27T20:05:00.0000000Z,,False,2026-09-24T14:50:53+00:00
153771,1163272,Jared Wiley,TE,KC,2500,KC @ MIA,2026-09-27T17:00:00.0000000Z,,False,2026-09-24T14:50:53+00:00
153771,1164533,Erick All Jr.,TE,CIN,2500,CIN @ PIT,2026-09-27T17:00:00.0000000Z,,False,2026-09-24T14:50:53+00:00
153771,1164736,Nick Kallerup,TE,SEA,2500,SEA @ WAS,2026-09-27T17:00:00.0000000Z,,False,2026-09-24T14:50:53+00:00
153771,1166045,Nikola Kalinic,TE,CHI,2500,PHI @ CHI,2026-09-29T00:15:00.0000000Z,IR,False,2026-09-24T14:50:53+00:00
153771,1168753,Patrick Herbert,TE,LAC,2500,LAC @ BUF,2026-09-27T17:00:00.0000000Z,,False,2026-09-24T14:50:53+00:00
153771,1172752,Treyton Welch,TE,NO,2500,LV @ NO,2026-09-27T20:25:00.0000000Z,,False,2026-09-24T14:50:53+00:00
153771,1173254,Thomas Gordon,TE,DET,2500,NYJ @ DET,2026-09-27T17:00:00.0000000Z,,False,2026-09-24T14:50:53+00:00
153771,1175182,Cade Stover,TE,HOU,2500,HOU @ IND,2026-09-27T17:00:00.0000000Z,,False,2026-09-24T14:50:53+00:00
153771,1180294,Hayden Rucci,TE,LAC,2500,LAC @ BUF,2026-09-27T17:00:00.0000000Z,,False,2026-09-24T14:50:53+00:00
153771,1181739,William Wagner,TE,CIN,2500,CIN @ PIT,2026-09-27T17:00:00.0000000Z,,False,2026-09-24T14:50:53+00:00
153771,1182649,Jackson Hawes,TE,BUF,2500,LAC @ BUF,2026-09-27T17:00:00.0000000Z,,False,2026-09-24T14:50:53+00:00
153771,1212622,Carson Towt,TE,IND,2500,HOU @ IND,2026-09-27T17:00:00.0000000Z,IR,False,2026-09-24T14:50:53+00:00
153771,1214003,Nate Boerkircher,TE,JAX,2500,NE @ JAX,2026-09-27T17:00:00.0000000Z,,False,2026-09-24T14:50:53+00:00
153771,1216808,Ben Yurosek,TE,MIN,2500,MIN @ TB,2026-09-27T20:05:00.0000000Z,IR,False,2026-09-24T14:50:53+00:00
153771,1229489,Tip Reiman,TE,ARI,2500,ARI @ SF,2026-09-27T20:05:00.0000000Z,OUT,False,2026-09-24T14:50:53+00:00
153771,1229542,Dan Villari,TE,LAR,2500,LAR @ DEN,2026-09-28T00:20:00.0000000Z,,False,2026-09-24T14:50:53+00:00
153771,1229693,Matt Hibner,TE,BAL,2500,BAL @ DAL,2026-09-27T20:25:00.0000000Z,,False,2026-09-24T14:50:53+00:00
153771,1229749,Patrick Gurd,TE,LV,2500,LV @ NO,2026-09-27T20:25:00.0000000Z,,False,2026-09-24T14:50:53+00:00
153771,1229756,Joe Royer,TE,CLE,2500,CAR @ CLE,2026-09-27T17:00:00.0000000Z,OUT,False,2026-09-24T14:50:53+00:00
153771,1231431,Caleb Lohner,TE,DEN,2500,LAR @ DEN,2026-09-28T00:20:00.0000000Z,IR,False,2026-09-24T14:50:53+00:00
153771,1247543,Ben Mann,TE,NYG,2500,TEN @ NYG,2026-09-27T17:00:00.0000000Z,,False,2026-09-24T14:50:53+00:00
153771,1251513,Cam Grandy,TE,MIN,2500,MIN @ TB,2026-09-27T20:05:00.0000000Z,,False,2026-09-24T14:50:53+00:00
153771,1271740,Drew Ogletree,TE,IND,2500,HOU @ IND,2026-09-27T17:00:00.0000000Z,,False,2026-09-24T14:50:53+00:00
153771,1285915,Jackson Meeks,TE,DET,2500,NYJ @ DET,2026-09-27T17:00:00.0000000Z,,False,2026-09-24T14:50:53+00:00
153771,1286065,Eli Stowers,TE,PHI,2500,PHI @ CHI,2026-09-29T00:15:00.0000000Z,IR,False,2026-09-24T14:50:53+00:00
153771,1286173,Moliki Matavao,TE,NO,2500,LV @ NO,2026-09-27T20:25:00.0000000Z,IR,False,2026-09-24T14:50:53+00:00
153771,1286282,Lake McRee,TE,PIT,2500,CIN @ PIT,2026-09-27T17:00:00.0000000Z,,False,2026-09-24T14:50:53+00:00
153771,1286401,DJ Rogers,TE,DAL,2500,BAL @ DAL,2026-09-27T20:25:00.0000000Z,IR,False,2026-09-24T14:50:53+00:00
153771,1286840,Elijah Arroyo,TE,SEA,2500,SEA @ WAS,2026-09-27T17:00:00.0000000Z,,False,2026-09-24T14:50:53+00:00
153771,1287258,Gavin Bartholomew,TE,MIN,2500,MIN @ TB,2026-09-27T20:05:00.0000000Z,,False,2026-09-24T14:50:53+00:00
153771,1287588,CJ Dippre,TE,TB,2500,MIN @ TB,2026-09-27T20:05:00.0000000Z,,False,2026-09-24T14:50:53+00:00
153771,1287639,Jake Briningstool,TE,KC,2500,KC @ MIA,2026-09-27T17:00:00.0000000Z,,False,2026-09-24T14:50:53+00:00
153771,1287655,Thomas Fidone II,TE,NYG,2500,TEN @ NYG,2026-09-27T17:00:00.0000000Z,,False,2026-09-24T14:50:53+00:00
153771,1287920,Jameson Geers,TE,ARI,2500,ARI @ SF,2026-09-27T20:05:00.0000000Z,IR,False,2026-09-24T14:50:53+00:00
153771,1288387,John Michael Gyllenborg,TE,KC,2500,KC @ MIA,2026-09-27T17:00:00.0000000Z,IR,False,2026-09-24T14:50:53+00:00
153771,1289220,Zaire Mitchell-Paden,TE,HOU,2500,HOU @ IND,2026-09-27T17:00:00.0000000Z,,False,2026-09-24T14:50:53+00:00
153771,1289471,Mitchell Evans,TE,CAR,2500,CAR @ CLE,2026-09-27T17:00:00.0000000Z,,False,2026-09-24T14:50:53+00:00
153771,1290014,Seydou Traore,TE,MIA,2500,KC @ MIA,2026-09-27T17:00:00.0000000Z,,False,2026-09-24T14:50:53+00:00
153771,1310628,Khalil Dinkins,TE,SF,2500,ARI @ SF,2026-09-27T20:05:00.0000000Z,,False,2026-09-24T14:50:53+00:00
153771,1317191,Tre Watson,TE,MIA,2500,KC @ MIA,2026-09-27T17:00:00.0000000Z,,False,2026-09-24T14:50:53+00:00
153771,1319948,Josh Cuevas,TE,BAL,2500,BAL @ DAL,2026-09-27T20:25:00.0000000Z,,False,2026-09-24T14:50:53+00:00
153771,1321090,Tanner Arkin,TE,NE,2500,NE @ JAX,2026-09-27T17:00:00.0000000Z,,False,2026-09-24T14:50:53+00:00
153771,1322367,Will Kacmarek,TE,MIA,2500,KC @ MIA,2026-09-27T17:00:00.0000000Z,,False,2026-09-24T14:50:53+00:00
153771,1322662,Rocco Underwood,TE,PHI,2500,PHI @ CHI,2026-09-29T00:15:00.0000000Z,,False,2026-09-24T14:50:53+00:00
153771,1323708,Michael Trigg,TE,DAL,2500,BAL @ DAL,2026-09-27T20:25:00.0000000Z,,False,2026-09-24T14:50:53+00:00
153771,1323906,Keleki Latu,TE,BUF,2500,LAC @ BUF,2026-09-27T17:00:00.0000000Z,,False,2026-09-24T14:50:53+00:00
153771,1326555,Bauer Sharp,TE,TB,2500,MIN @ TB,2026-09-27T20:05:00.0000000Z,,False,2026-09-24T14:50:53+00:00
153771,1326628,Ja'Tavion Sanders,TE,CAR,2500,CAR @ CLE,2026-09-27T17:00:00.0000000Z,,False,2026-09-24T14:50:53+00:00
153771,1378156,Sam Roush,TE,CHI,2500,PHI @ CHI,2026-09-29T00:15:00.0000000Z,,False,2026-09-24T14:50:53+00:00
153771,1379995,Evan Svoboda,TE,LAC,2500,LAC @ BUF,2026-09-27T17:00:00.0000000Z,,False,2026-09-24T14:50:53+00:00
153771,1380368,Tanner Koziol,TE,JAX,2500,NE @ JAX,2026-09-27T17:00:00.0000000Z,,False,2026-09-24T14:50:53+00:00
153771,1380773,Kenny Fletcher Jr.,TE,IND,2500,HOU @ IND,2026-09-27T17:00:00.0000000Z,,False,2026-09-24T14:50:53+00:00
153771,1381105,Oscar Delp,TE,NO,2500,LV @ NO,2026-09-27T20:25:00.0000000Z,,False,2026-09-24T14:50:53+00:00
153771,1381263,Mason Taylor,TE,NYJ,2500,NYJ @ DET,2026-09-27T17:00:00.0000000Z,D,False,2026-09-24T14:50:53+00:00
153771,1381307,Jaren Kanak,TE,TEN,2500,TEN @ NYG,2026-09-27T17:00:00.0000000Z,IR,False,2026-09-24T14:50:53+00:00
153771,1384626,Carsen Ryan,TE,CLE,2500,CAR @ CLE,2026-09-27T17:00:00.0000000Z,,False,2026-09-24T14:50:53+00:00
153771,1400852,Jack Endries,TE,CIN,2500,CIN @ PIT,2026-09-27T17:00:00.0000000Z,,False,2026-09-24T14:50:53+00:00
153771,1401683,Max Klare,TE,LAR,2500,LAR @ DEN,2026-09-28T00:20:00.0000000Z,,False,2026-09-24T14:50:53+00:00
153771,1404295,Ty Pezza,TE,BAL,2500,BAL @ DAL,2026-09-27T20:25:00.0000000Z,,False,2026-09-24T14:50:53+00:00
153771,1405857,Marlin Klein,TE,HOU,2500,HOU @ IND,2026-09-27T17:00:00.0000000Z,,False,2026-09-24T14:50:53+00:00
153771,1405928,Justin Joly,TE,MIA,2500,KC @ MIA,2026-09-27T17:00:00.0000000Z,,False,2026-09-24T14:50:53+00:00
153771,1443955,Hayden Large,TE,CHI,2500,PHI @ CHI,2026-09-29T00:15:00.0000000Z,IR,False,2026-09-24T14:50:53+00:00
153771,1461173,Dallen Bentley,TE,DEN,2500,LAR @ DEN,2026-09-28T00:20:00.0000000Z,,False,2026-09-24T14:50:53+00:00
153771,1468632,Carter Runyon,TE,LV,2500,LV @ NO,2026-09-27T20:25:00.0000000Z,IR,False,2026-09-24T14:50:53+00:00
153771,740704,Johnny Mundt,TE,PHI,2600,PHI @ CHI,2026-09-29T00:15:00.0000000Z,,False,2026-09-24T14:50:53+00:00
153771,837824,Drew Sample,TE,CIN,2600,CIN @ PIT,2026-09-27T17:00:00.0000000Z,,False,2026-09-24T14:50:53+00:00
153771,1228920,Ben Sinnott,TE,WAS,2600,SEA @ WAS,2026-09-27T17:00:00.0000000Z,,False,2026-09-24T14:50:53+00:00
153771,832098,David Njoku,TE,LAC,2700,LAC @ BUF,2026-09-27T17:00:00.0000000Z,IR,False,2026-09-24T14:50:53+00:00
153771,1214414,Theo Johnson,TE,NYG,2700,TEN @ NYG,2026-09-27T17:00:00.0000000Z,,False,2026-09-24T14:50:53+00:00
153771,1286179,Terrance Ferguson,TE,LAR,2700,LAR @ DEN,2026-09-28T00:20:00.0000000Z,Q,False,2026-09-24T14:50:53+00:00
153771,884083,Dawson Knox,TE,BUF,2800,LAC @ BUF,2026-09-27T17:00:00.0000000Z,,False,2026-09-24T14:50:53+00:00
153771,1218658,Darnell Washington,TE,PIT,2800,CIN @ PIT,2026-09-27T17:00:00.0000000Z,,False,2026-09-24T14:50:53+00:00
153771,604176,Tyler Higbee,TE,LAR,2900,LAR @ DEN,2026-09-28T00:20:00.0000000Z,,False,2026-09-24T14:50:53+00:00
153771,1286438,Gunnar Helm,TE,TEN,2900,TEN @ NYG,2026-09-27T17:00:00.0000000Z,,False,2026-09-24T14:50:53+00:00
153771,1403969,Eli Raridon,TE,NE,2900,NE @ JAX,2026-09-27T17:00:00.0000000Z,Q,False,2026-09-24T14:50:53+00:00
153771,1056981,Noah Gray,TE,KC,3000,KC @ MIA,2026-09-27T17:00:00.0000000Z,,False,2026-09-24T14:50:53+00:00
153771,1066765,Cole Kmet,TE,CHI,3000,PHI @ CHI,2026-09-29T00:15:00.0000000Z,,False,2026-09-24T14:50:53+00:00
153771,1128085,Greg Dulcich,TE,MIA,3000,KC @ MIA,2026-09-27T17:00:00.0000000Z,,False,2026-09-24T14:50:53+00:00
153771,503177,Zach Ertz,TE,PHI,3100,PHI @ CHI,2026-09-29T00:15:00.0000000Z,,False,2026-09-24T14:50:53+00:00
153771,749185,Evan Engram,TE,DEN,3100,LAR @ DEN,2026-09-28T00:20:00.0000000Z,,False,2026-09-24T14:50:53+00:00
153771,1049263,Cade Otton,TE,TB,3100,MIN @ TB,2026-09-27T20:05:00.0000000Z,,False,2026-09-24T14:50:53+00:00
153771,1229503,AJ Barner,TE,SEA,3100,SEA @ WAS,2026-09-27T17:00:00.0000000Z,,False,2026-09-24T14:50:53+00:00
153771,923911,Noah Fant,TE,NO,3200,LV @ NO,2026-09-27T20:25:00.0000000Z,,False,2026-09-24T14:50:53+00:00
153771,923915,T.J. Hockenson,TE,MIN,3200,MIN @ TB,2026-09-27T20:05:00.0000000Z,,False,2026-09-24T14:50:53+00:00
153771,1060312,Colby Parkinson,TE,LAR,3200,LAR @ DEN,2026-09-28T00:20:00.0000000Z,Q,False,2026-09-24T14:50:53+00:00
153771,836152,Mike Gesicki,TE,CIN,3300,CIN @ PIT,2026-09-27T17:00:00.0000000Z,,False,2026-09-24T14:50:53+00:00
153771,1232592,Michael Mayer,TE,LV,3300,LV @ NO,2026-09-27T20:25:00.0000000Z,,False,2026-09-24T14:50:53+00:00
153771,600191,Darren Waller,TE,CAR,3400,CAR @ CLE,2026-09-27T17:00:00.0000000Z,,False,2026-09-24T14:50:53+00:00
153771,1164940,Brenton Strange,TE,JAX,3400,NE @ JAX,2026-09-27T17:00:00.0000000Z,,False,2026-09-24T14:50:53+00:00
153771,1325624,Oronde Gadsden II,TE,LAC,3500,LAC @ BUF,2026-09-27T17:00:00.0000000Z,,False,2026-09-24T14:50:53+00:00
153771,1444547,Kenyon Sadiq,TE,NYJ,3500,NYJ @ DET,2026-09-27T17:00:00.0000000Z,,False,2026-09-24T14:50:53+00:00
153771,1106374,Chig Okonkwo,TE,WAS,3600,SEA @ WAS,2026-09-27T17:00:00.0000000Z,Q,False,2026-09-24T14:50:53+00:00
153771,884609,Juwan Johnson,TE,NO,3700,LV @ NO,2026-09-27T20:25:00.0000000Z,,False,2026-09-24T14:50:53+00:00
153771,1116662,Pat Freiermuth,TE,PIT,3800,CIN @ PIT,2026-09-27T17:00:00.0000000Z,,False,2026-09-24T14:50:53+00:00
153771,744425,Hunter Henry,TE,NE,3900,NE @ JAX,2026-09-27T17:00:00.0000000Z,,False,2026-09-24T14:50:53+00:00
153771,1394752,Harold Fannin Jr.,TE,CLE,4000,CAR @ CLE,2026-09-27T17:00:00.0000000Z,,False,2026-09-24T14:50:53+00:00
153771,1065361,Jake Ferguson,TE,DAL,4100,BAL @ DAL,2026-09-27T20:25:00.0000000Z,,False,2026-09-24T14:50:53+00:00
153771,830523,Dalton Schultz,TE,HOU,4200,HOU @ IND,2026-09-27T17:00:00.0000000Z,,False,2026-09-24T14:50:53+00:00
153771,1168926,Sam LaPorta,TE,DET,4300,NYJ @ DET,2026-09-27T17:00:00.0000000Z,,False,2026-09-24T14:50:53+00:00
153771,820699,Mark Andrews,TE,BAL,4400,BAL @ DAL,2026-09-27T20:25:00.0000000Z,,False,2026-09-24T14:50:53+00:00
153771,448240,Travis Kelce,TE,KC,4500,KC @ MIA,2026-09-27T17:00:00.0000000Z,,False,2026-09-24T14:50:53+00:00
153771,791365,Dallas Goedert,TE,PHI,4600,PHI @ CHI,2026-09-29T00:15:00.0000000Z,D,False,2026-09-24T14:50:53+00:00
153771,1125111,Isaiah Likely,TE,NYG,4700,TEN @ NYG,2026-09-27T17:00:00.0000000Z,,False,2026-09-24T14:50:53+00:00
153771,733672,George Kittle,TE,SF,4800,ARI @ SF,2026-09-27T20:05:00.0000000Z,,False,2026-09-24T14:50:53+00:00
153771,1378821,Colston Loveland,TE,CHI,5000,PHI @ CHI,2026-09-29T00:15:00.0000000Z,,False,2026-09-24T14:50:53+00:00
153771,1229083,Tyler Warren,TE,IND,5300,HOU @ IND,2026-09-27T17:00:00.0000000Z,,False,2026-09-24T14:50:53+00:00
153771,1135513,Dalton Kincaid,TE,BUF,5500,LAC @ BUF,2026-09-27T17:00:00.0000000Z,,False,2026-09-24T14:50:53+00:00
153771,1285917,Brock Bowers,TE,LV,6600,LV @ NO,2026-09-27T20:25:00.0000000Z,Q,False,2026-09-24T14:50:53+00:00
153771,1108161,Trey McBride,TE,ARI,6700,ARI @ SF,2026-09-27T20:05:00.0000000Z,,False,2026-09-24T14:50:53+00:00
153771,691278,Sterling Shepard,WR,NYJ,3000,NYJ @ DET,2026-09-27T17:00:00.0000000Z,,False,2026-09-24T14:50:53+00:00
153771,742382,Marquez Valdes-Scantling,WR,LAC,3000,LAC @ BUF,2026-09-27T17:00:00.0000000Z,,False,2026-09-24T14:50:53+00:00
153771,749681,River Cracraft,WR,WAS,3000,SEA @ WAS,2026-09-27T17:00:00.0000000Z,Q,False,2026-09-24T14:50:53+00:00
153771,757521,KhaDarel Hodge,WR,SF,3000,ARI @ SF,2026-09-27T20:05:00.0000000Z,,False,2026-09-24T14:50:53+00:00
153771,820866,Braxton Berrios,WR,NYG,3000,TEN @ NYG,2026-09-27T17:00:00.0000000Z,,False,2026-09-24T14:50:53+00:00
153771,835861,Trent Sherfield Sr.,WR,BUF,3000,LAC @ BUF,2026-09-27T17:00:00.0000000Z,,False,2026-09-24T14:50:53+00:00
153771,837087,Tom Kennedy,WR,DET,3000,NYJ @ DET,2026-09-27T17:00:00.0000000Z,,False,2026-09-24T14:50:53+00:00
153771,838179,Tim Patrick,WR,NYJ,3000,NYJ @ DET,2026-09-27T17:00:00.0000000Z,IR,False,2026-09-24T14:50:53+00:00
153771,865801,Christian Kirk,WR,SF,3000,ARI @ SF,2026-09-27T20:05:00.0000000Z,IR,False,2026-09-24T14:50:53+00:00
153771,865958,KaVontae Turpin,WR,DAL,3000,BAL @ DAL,2026-09-27T20:25:00.0000000Z,,False,2026-09-24T14:50:53+00:00
153771,866578,Scotty Miller,WR,CHI,3000,PHI @ CHI,2026-09-29T00:15:00.0000000Z,,False,2026-09-24T14:50:53+00:00
153771,866973,David Sills V,WR,TB,3000,MIN @ TB,2026-09-27T20:05:00.0000000Z,IR,False,2026-09-24T14:50:53+00:00
153771,877654,Gary Jennings,WR,LAC,3000,LAC @ BUF,2026-09-27T17:00:00.0000000Z,,False,2026-09-24T14:50:53+00:00
153771,881058,K.J. Osborn,WR,TEN,3000,TEN @ NYG,2026-09-27T17:00:00.0000000Z,,False,2026-09-24T14:50:53+00:00
153771,881670,Lucky Jackson,WR,DET,3000,NYJ @ DET,2026-09-27T17:00:00.0000000Z,,False,2026-09-24T14:50:53+00:00
153771,882718,Britain Covey,WR,PHI,3000,PHI @ CHI,2026-09-29T00:15:00.0000000Z,,False,2026-09-24T14:50:53+00:00
153771,883259,Nick Westbrook-Ikhine,WR,IND,3000,HOU @ IND,2026-09-27T17:00:00.0000000Z,,False,2026-09-24T14:50:53+00:00
153771,883312,Irvin Charles,WR,SEA,3000,SEA @ WAS,2026-09-27T17:00:00.0000000Z,IR,False,2026-09-24T14:50:53+00:00
153771,884080,Van Jefferson,WR,WAS,3000,SEA @ WAS,2026-09-27T17:00:00.0000000Z,,False,2026-09-24T14:50:53+00:00
153771,884315,Alex Bachman,WR,LAR,3000,LAR @ DEN,2026-09-28T00:20:00.0000000Z,,False,2026-09-24T14:50:53+00:00
153771,910852,Greg Dortch,WR,BUF,3000,LAC @ BUF,2026-09-27T17:00:00.0000000Z,,False,2026-09-24T14:50:53+00:00
153771,911236,Tyler Johnson,WR,NYJ,3000,NYJ @ DET,2026-09-27T17:00:00.0000000Z,,False,2026-09-24T14:50:53+00:00
153771,920482,Michael Bandy,WR,DEN,3000,LAR @ DEN,2026-09-28T00:20:00.0000000Z,,False,2026-09-24T14:50:53+00:00
153771,920756,Devin Duvernay,WR,ARI,3000,ARI @ SF,2026-09-27T20:05:00.0000000Z,,False,2026-09-24T14:50:53+00:00
153771,920758,Lil'Jordan Humphrey,WR,DEN,3000,LAR @ DEN,2026-09-28T00:20:00.0000000Z,,False,2026-09-24T14:50:53+00:00
153771,920944,Ben Skowronek,WR,PIT,3000,CIN @ PIT,2026-09-27T17:00:00.0000000Z,,False,2026-09-24T14:50:53+00:00
153771,921460,Brandon Johnson,WR,PIT,3000,CIN @ PIT,2026-09-27T17:00:00.0000000Z,,False,2026-09-24T14:50:53+00:00
153771,944826,A.J. Brown,WR,NE,3000,NE @ JAX,2026-09-27T17:00:00.0000000Z,IR,False,2026-09-24T14:50:53+00:00
153771,973949,Tyrell Shavers,WR,BUF,3000,LAC @ BUF,2026-09-27T17:00:00.0000000Z,OUT,False,2026-09-24T14:50:53+00:00
153771,976066,Jalen Reagor,WR,MIA,3000,KC @ MIA,2026-09-27T17:00:00.0000000Z,,False,2026-09-24T14:50:53+00:00
153771,1049915,David Moore,WR,CAR,3000,CAR @ CLE,2026-09-27T17:00:00.0000000Z,,False,2026-09-24T14:50:53+00:00
153771,1056660,Austin Trammell,WR,JAX,3000,NE @ JAX,2026-09-27T17:00:00.0000000Z,,False,2026-09-24T14:50:53+00:00
153771,1056747,Tim Jones,WR,JAX,3000,NE @ JAX,2026-09-27T17:00:00.0000000Z,,False,2026-09-24T14:50:53+00:00
153771,1058726,Julian Hicks,WR,SEA,3000,SEA @ WAS,2026-09-27T17:00:00.0000000Z,,False,2026-09-24T14:50:53+00:00
153771,1059220,Brandon Smith,WR,PIT,3000,CIN @ PIT,2026-09-27T17:00:00.0000000Z,,False,2026-09-24T14:50:53+00:00
153771,1062546,Tylan Wallace,WR,CLE,3000,CAR @ CLE,2026-09-27T17:00:00.0000000Z,,False,2026-09-24T14:50:53+00:00
153771,1062765,Calvin Austin III,WR,NYG,3000,TEN @ NYG,2026-09-27T17:00:00.0000000Z,IR,False,2026-09-24T14:50:53+00:00
153771,1063397,D.J. Montgomery,WR,IND,3000,HOU @ IND,2026-09-27T17:00:00.0000000Z,IR,False,2026-09-24T14:50:53+00:00
153771,1065052,Tay Martin,WR,DET,3000,NYJ @ DET,2026-09-27T17:00:00.0000000Z,,False,2026-09-24T14:50:53+00:00
153771,1066424,Jalen Tolbert,WR,MIA,3000,KC @ MIA,2026-09-27T17:00:00.0000000Z,,False,2026-09-24T14:50:53+00:00
153771,1067132,Charlie Jones,WR,NYG,3000,TEN @ NYG,2026-09-27T17:00:00.0000000Z,,False,2026-09-24T14:50:53+00:00
153771,1106382,Jeshaun Jones,WR,MIN,3000,MIN @ TB,2026-09-27T20:05:00.0000000Z,OUT,False,2026-09-24T14:50:53+00:00
153771,1107034,Brandon Aiyuk,WR,SF,3000,ARI @ SF,2026-09-27T20:05:00.0000000Z,OUT,False,2026-09-24T14:50:53+00:00
153771,1113398,Bryce Oliver,WR,HOU,3000,HOU @ IND,2026-09-27T17:00:00.0000000Z,,False,2026-09-24T14:50:53+00:00
153771,1113477,Derius Davis,WR,LAC,3000,LAC @ BUF,2026-09-27T17:00:00.0000000Z,,False,2026-09-24T14:50:53+00:00
153771,1121050,Jake Bobo,WR,SEA,3000,SEA @ WAS,2026-09-27T17:00:00.0000000Z,IR,False,2026-09-24T14:50:53+00:00
153771,1121887,Justin Shorter,WR,LV,3000,LV @ NO,2026-09-27T20:25:00.0000000Z,IR,False,2026-09-24T14:50:53+00:00
153771,1123496,Simi Fehoko,WR,ARI,3000,ARI @ SF,2026-09-27T20:05:00.0000000Z,,False,2026-09-24T14:50:53+00:00
153771,1123525,Brycen Tremayne,WR,CAR,3000,CAR @ CLE,2026-09-27T17:00:00.0000000Z,,False,2026-09-24T14:50:53+00:00
153771,1124664,Cedric Tillman,WR,NO,3000,LV @ NO,2026-09-27T20:25:00.0000000Z,,False,2026-09-24T14:50:53+00:00
153771,1124851,Andrei Iosivas,WR,CIN,3000,CIN @ PIT,2026-09-27T17:00:00.0000000Z,OUT,False,2026-09-24T14:50:53+00:00
153771,1127080,Nikko Remigio,WR,KC,3000,KC @ MIA,2026-09-27T17:00:00.0000000Z,,False,2026-09-24T14:50:53+00:00
153771,1128222,Tank Dell,WR,HOU,3000,HOU @ IND,2026-09-27T17:00:00.0000000Z,IR,False,2026-09-24T14:50:53+00:00
153771,1128783,Elijah Moore,WR,PHI,3000,PHI @ CHI,2026-09-29T00:15:00.0000000Z,,False,2026-09-24T14:50:53+00:00
153771,1130213,Ronnie Bell,WR,LV,3000,LV @ NO,2026-09-27T20:25:00.0000000Z,,False,2026-09-24T14:50:53+00:00
153771,1130526,Kevin Austin Jr.,WR,NO,3000,LV @ NO,2026-09-27T20:25:00.0000000Z,,False,2026-09-24T14:50:53+00:00
153771,1130833,Deven Thompkins,WR,LV,3000,LV @ NO,2026-09-27T20:25:00.0000000Z,,False,2026-09-24T14:50:53+00:00
153771,1133320,Dohnte Meyers,WR,CIN,3000,CIN @ PIT,2026-09-27T17:00:00.0000000Z,,False,2026-09-24T14:50:53+00:00
153771,1137635,Xavier Smith,WR,LAR,3000,LAR @ DEN,2026-09-28T00:20:00.0000000Z,,False,2026-09-24T14:50:53+00:00
153771,1160348,John Metchie III,WR,CAR,3000,CAR @ CLE,2026-09-27T17:00:00.0000000Z,,False,2026-09-24T14:50:53+00:00
153771,1161416,Ricky Pearsall,WR,SF,3000,ARI @ SF,2026-09-27T20:05:00.0000000Z,IR,False,2026-09-24T14:50:53+00:00
153771,1161661,Anthony Gould,WR,IND,3000,HOU @ IND,2026-09-27T17:00:00.0000000Z,,False,2026-09-24T14:50:53+00:00
153771,1161739,Trey Palmer,WR,NO,3000,LV @ NO,2026-09-27T20:25:00.0000000Z,,False,2026-09-24T14:50:53+00:00
153771,1162602,Theo Wease Jr.,WR,LAC,3000,LAC @ BUF,2026-09-27T17:00:00.0000000Z,,False,2026-09-24T14:50:53+00:00
153771,1164846,Luke McCaffrey,WR,WAS,3000,SEA @ WAS,2026-09-27T17:00:00.0000000Z,,False,2026-09-24T14:50:53+00:00
153771,1168410,Gunner Olszewski,WR,NYG,3000,TEN @ NYG,2026-09-27T17:00:00.0000000Z,IR,False,2026-09-24T14:50:53+00:00
153771,1169263,Chandler Brayboy,WR,NE,3000,NE @ JAX,2026-09-27T17:00:00.0000000Z,,False,2026-09-24T14:50:53+00:00
153771,1170916,Jalen Moreno-Cropper,WR,NO,3000,LV @ NO,2026-09-27T20:25:00.0000000Z,,False,2026-09-24T14:50:53+00:00
153771,1170921,Josh Kelly,WR,HOU,3000,HOU @ IND,2026-09-27T17:00:00.0000000Z,,False,2026-09-24T14:50:53+00:00
153771,1172024,Treylon Burks,WR,WAS,3000,SEA @ WAS,2026-09-27T17:00:00.0000000Z,,False,2026-09-24T14:50:53+00:00
153771,1172080,Bub Means,WR,CLE,3000,CAR @ CLE,2026-09-27T17:00:00.0000000Z,,False,2026-09-24T14:50:53+00:00
153771,1176431,Casey Washington,WR,CAR,3000,CAR @ CLE,2026-09-27T17:00:00.0000000Z,,False,2026-09-24T14:50:53+00:00
153771,1176782,Jonathan Mingo,WR,DAL,3000,BAL @ DAL,2026-09-27T20:25:00.0000000Z,,False,2026-09-24T14:50:53+00:00
153771,1177970,Xavier Gipson,WR,PHI,3000,PHI @ CHI,2026-09-29T00:15:00.0000000Z,,False,2026-09-24T14:50:53+00:00
153771,1180329,Dalen Cambre,WR,NYG,3000,TEN @ NYG,2026-09-27T17:00:00.0000000Z,,False,2026-09-24T14:50:53+00:00
153771,1180557,Kyrese Rowan,WR,NO,3000,LV @ NO,2026-09-27T20:25:00.0000000Z,,False,2026-09-24T14:50:53+00:00
153771,1182695,Mason Tipton,WR,NO,3000,LV @ NO,2026-09-27T20:25:00.0000000Z,OUT,False,2026-09-24T14:50:53+00:00
153771,1183008,Jeremiah Webb,WR,NE,3000,NE @ JAX,2026-09-27T17:00:00.0000000Z,IR,False,2026-09-24T14:50:53+00:00
153771,1213388,Ja'Mori Maclin,WR,BUF,3000,LAC @ BUF,2026-09-27T17:00:00.0000000Z,,False,2026-09-24T14:50:53+00:00
153771,1213442,Jimmy Holiday,WR,KC,3000,KC @ MIA,2026-09-27T17:00:00.0000000Z,IR,False,2026-09-24T14:50:53+00:00
153771,1213486,Johnny Wilson,WR,PHI,3000,PHI @ CHI,2026-09-29T00:15:00.0000000Z,IR,False,2026-09-24T14:50:53+00:00
153771,1213897,Garrett Greene,WR,TB,3000,MIN @ TB,2026-09-27T20:05:00.0000000Z,,False,2026-09-24T14:50:53+00:00
153771,1213929,E.J. Williams Jr.,WR,CAR,3000,CAR @ CLE,2026-09-27T17:00:00.0000000Z,,False,2026-09-24T14:50:53+00:00
153771,1214183,Xavier Restrepo,WR,TEN,3000,TEN @ NYG,2026-09-27T17:00:00.0000000Z,,False,2026-09-24T14:50:53+00:00
153771,1214405,KeAndre Lambert-Smith,WR,LAC,3000,LAC @ BUF,2026-09-27T17:00:00.0000000Z,IR,False,2026-09-24T14:50:53+00:00
153771,1214689,Jaylin Lane,WR,WAS,3000,SEA @ WAS,2026-09-27T17:00:00.0000000Z,Q,False,2026-09-24T14:50:53+00:00
153771,1214733,Corey Rucker,WR,LV,3000,LV @ NO,2026-09-27T20:25:00.0000000Z,IR,False,2026-09-24T14:50:53+00:00
153771,1214837,Tez Johnson,WR,TB,3000,MIN @ TB,2026-09-27T20:05:00.0000000Z,,False,2026-09-24T14:50:53+00:00
153771,1215078,Stephen Gosnell,WR,BUF,3000,LAC @ BUF,2026-09-27T17:00:00.0000000Z,,False,2026-09-24T14:50:53+00:00
153771,1215102,Chimere Dike,WR,TEN,3000,TEN @ NYG,2026-09-27T17:00:00.0000000Z,,False,2026-09-24T14:50:53+00:00
153771,1215291,Malachi Corley,WR,CLE,3000,CAR @ CLE,2026-09-27T17:00:00.0000000Z,,False,2026-09-24T14:50:53+00:00
153771,1215305,Mitch Tinsley,WR,HOU,3000,HOU @ IND,2026-09-27T17:00:00.0000000Z,,False,2026-09-24T14:50:53+00:00
153771,1215329,Will Sheppard,WR,MIA,3000,KC @ MIA,2026-09-27T17:00:00.0000000Z,,False,2026-09-24T14:50:53+00:00
153771,1215379,Xavier Guillory,WR,BAL,3000,BAL @ DAL,2026-09-27T20:25:00.0000000Z,,False,2026-09-24T14:50:53+00:00
153771,1216288,Efton Chism III,WR,NE,3000,NE @ JAX,2026-09-27T17:00:00.0000000Z,,False,2026-09-24T14:50:53+00:00
153771,1218653,Arian Smith,WR,NYJ,3000,NYJ @ DET,2026-09-27T17:00:00.0000000Z,IR,False,2026-09-24T14:50:53+00:00
153771,1222614,Anthony Smith,WR,DAL,3000,BAL @ DAL,2026-09-27T20:25:00.0000000Z,,False,2026-09-24T14:50:53+00:00
153771,1223301,Jalen Brooks,WR,ARI,3000,ARI @ SF,2026-09-27T20:05:00.0000000Z,,False,2026-09-24T14:50:53+00:00
153771,1223393,Tory Horton,WR,SEA,3000,SEA @ WAS,2026-09-27T17:00:00.0000000Z,,False,2026-09-24T14:50:53+00:00
153771,1226616,CJ Daniels,WR,LAR,3000,LAR @ DEN,2026-09-28T00:20:00.0000000Z,,False,2026-09-24T14:50:53+00:00
153771,1226657,Trayvon Rudolph,WR,MIN,3000,MIN @ TB,2026-09-27T20:05:00.0000000Z,,False,2026-09-24T14:50:53+00:00
153771,1228631,Trebor Pena,WR,JAX,3000,NE @ JAX,2026-09-27T17:00:00.0000000Z,,False,2026-09-24T14:50:53+00:00
153771,1228728,Myles Price,WR,MIN,3000,MIN @ TB,2026-09-27T20:05:00.0000000Z,,False,2026-09-24T14:50:53+00:00
153771,1229386,Brennan Presley,WR,LAR,3000,LAR @ DEN,2026-09-28T00:20:00.0000000Z,,False,2026-09-24T14:50:53+00:00
153771,1229846,Ricky White III,WR,SEA,3000,SEA @ WAS,2026-09-27T17:00:00.0000000Z,,False,2026-09-24T14:50:53+00:00
153771,1229869,Montorie Foster Jr.,WR,SEA,3000,SEA @ WAS,2026-09-27T17:00:00.0000000Z,,False,2026-09-24T14:50:53+00:00
153771,1231033,LaJohntay Wester,WR,BAL,3000,BAL @ DAL,2026-09-27T20:25:00.0000000Z,,False,2026-09-24T14:50:53+00:00
153771,1232057,Ke'Shawn Williams,WR,CIN,3000,CIN @ PIT,2026-09-27T17:00:00.0000000Z,,False,2026-09-24T14:50:53+00:00
153771,1232892,Jalin Hyatt,WR,NYG,3000,TEN @ NYG,2026-09-27T17:00:00.0000000Z,,False,2026-09-24T14:50:53+00:00
153771,1272873,Michael Briscoe,WR,MIN,3000,MIN @ TB,2026-09-27T20:05:00.0000000Z,,False,2026-09-24T14:50:53+00:00
153771,1274492,Jayden Higgins,WR,HOU,3000,HOU @ IND,2026-09-27T17:00:00.0000000Z,IR,False,2026-09-24T14:50:53+00:00
153771,1286164,Dont'e Thornton Jr.,WR,LV,3000,LV @ NO,2026-09-27T20:25:00.0000000Z,IR,False,2026-09-24T14:50:53+00:00
153771,1286417,JP Richardson,WR,CHI,3000,PHI @ CHI,2026-09-29T00:15:00.0000000Z,,False,2026-09-24T14:50:53+00:00
153771,1286480,Dominic Lovett,WR,DET,3000,NYJ @ DET,2026-09-27T17:00:00.0000000Z,,False,2026-09-24T14:50:53+00:00
153771,1286652,Lewis Bond,WR,HOU,3000,HOU @ IND,2026-09-27T17:00:00.0000000Z,,False,2026-09-24T14:50:53+00:00
153771,1286662,Jordan Moore,WR,CIN,3000,CIN @ PIT,2026-09-27T17:00:00.0000000Z,,False,2026-09-24T14:50:53+00:00
153771,1286818,De'Zhaun Stribling,WR,SF,3000,ARI @ SF,2026-09-27T20:05:00.0000000Z,IR,False,2026-09-24T14:50:53+00:00
153771,1286854,Malik McClain,WR,NYJ,3000,NYJ @ DET,2026-09-27T17:00:00.0000000Z,,False,2026-09-24T14:50:53+00:00
153771,1287587,Tai Felton,WR,MIN,3000,MIN @ TB,2026-09-27T20:05:00.0000000Z,,False,2026-09-24T14:50:53+00:00
153771,1287810,Harrison Wallace III,WR,ARI,3000,ARI @ SF,2026-09-27T20:05:00.0000000Z,,False,2026-09-24T14:50:53+00:00
153771,1288045,Will Pauling,WR,SF,3000,ARI @ SF,2026-09-27T20:05:00.0000000Z,,False,2026-09-24T14:50:53+00:00
153771,1289332,Konata Mumpfield,WR,LAR,3000,LAR @ DEN,2026-09-28T00:20:00.0000000Z,,False,2026-09-24T14:50:53+00:00
153771,1290418,Dean Patterson IV,WR,TB,3000,MIN @ TB,2026-09-27T20:05:00.0000000Z,,False,2026-09-24T14:50:53+00:00
153771,1321260,Jaden Bradley,WR,WAS,3000,SEA @ WAS,2026-09-27T17:00:00.0000000Z,,False,2026-09-24T14:50:53+00:00
153771,1322238,Daniel Sobkowicz,WR,HOU,3000,HOU @ IND,2026-09-27T17:00:00.0000000Z,,False,2026-09-24T14:50:53+00:00
153771,1322393,Jimmy Horn Jr.,WR,CLE,3000,CAR @ CLE,2026-09-27T17:00:00.0000000Z,,False,2026-09-24T14:50:53+00:00
153771,1322612,Ja'seem Reed,WR,CAR,3000,CAR @ CLE,2026-09-27T17:00:00.0000000Z,,False,2026-09-24T14:50:53+00:00
153771,1323007,Gage Larvadain,WR,BAL,3000,BAL @ DAL,2026-09-27T20:25:00.0000000Z,,False,2026-09-24T14:50:53+00:00
153771,1325016,Bryce Lance,WR,NO,3000,LV @ NO,2026-09-27T20:25:00.0000000Z,,False,2026-09-24T14:50:53+00:00
153771,1325234,Skyler Bell,WR,BUF,3000,LAC @ BUF,2026-09-27T17:00:00.0000000Z,,False,2026-09-24T14:50:53+00:00
153771,1325475,Josh Cameron,WR,JAX,3000,NE @ JAX,2026-09-27T17:00:00.0000000Z,,False,2026-09-24T14:50:53+00:00
153771,1339352,Jeff Caldwell,WR,KC,3000,KC @ MIA,2026-09-27T17:00:00.0000000Z,IR,False,2026-09-24T14:50:53+00:00
153771,1378660,Dane Key,WR,DEN,3000,LAR @ DEN,2026-09-28T00:20:00.0000000Z,,False,2026-09-24T14:50:53+00:00
153771,1378910,Kendrick Law,WR,DET,3000,NYJ @ DET,2026-09-27T17:00:00.0000000Z,IR,False,2026-09-24T14:50:53+00:00
153771,1379261,Omari Evans,WR,KC,3000,KC @ MIA,2026-09-27T17:00:00.0000000Z,,False,2026-09-24T14:50:53+00:00
153771,1379331,Jordan Hudson,WR,DAL,3000,BAL @ DAL,2026-09-27T20:25:00.0000000Z,,False,2026-09-24T14:50:53+00:00
153771,1381092,CJ Williams,WR,JAX,3000,NE @ JAX,2026-09-27T17:00:00.0000000Z,,False,2026-09-24T14:50:53+00:00
153771,1382993,Jamaal Pritchett,WR,NYJ,3000,NYJ @ DET,2026-09-27T17:00:00.0000000Z,,False,2026-09-24T14:50:53+00:00
153771,1383993,Kaden Wetjen,WR,PIT,3000,CIN @ PIT,2026-09-27T17:00:00.0000000Z,,False,2026-09-24T14:50:53+00:00
153771,1384869,Dareke Young,WR,LV,3000,LV @ NO,2026-09-27T20:25:00.0000000Z,Q,False,2026-09-24T14:50:53+00:00
153771,1386002,Kaden Davis,WR,CHI,3000,PHI @ CHI,2026-09-29T00:15:00.0000000Z,,False,2026-09-24T14:50:53+00:00
153771,1389217,Camden Brown,WR,DAL,3000,BAL @ DAL,2026-09-27T20:25:00.0000000Z,,False,2026-09-24T14:50:53+00:00
153771,1390913,Wesley Grimes,WR,SF,3000,ARI @ SF,2026-09-27T20:05:00.0000000Z,,False,2026-09-24T14:50:53+00:00
153771,1390939,Reggie Virgil,WR,ARI,3000,ARI @ SF,2026-09-27T20:05:00.0000000Z,,False,2026-09-24T14:50:53+00:00
153771,1394692,Jordyn Tyson,WR,NO,3000,LV @ NO,2026-09-27T20:25:00.0000000Z,IR,False,2026-09-24T14:50:53+00:00
153771,1394825,Omar Cooper Jr.,WR,NYJ,3000,NYJ @ DET,2026-09-27T17:00:00.0000000Z,IR,False,2026-09-24T14:50:53+00:00
153771,1395843,Barion Brown,WR,NO,3000,LV @ NO,2026-09-27T20:25:00.0000000Z,Q,False,2026-09-24T14:50:53+00:00
153771,1396942,Dillon Bell,WR,MIN,3000,MIN @ TB,2026-09-27T20:05:00.0000000Z,,False,2026-09-24T14:50:53+00:00
153771,1398153,Zavion Thomas,WR,CHI,3000,PHI @ CHI,2026-09-29T00:15:00.0000000Z,,False,2026-09-24T14:50:53+00:00
153771,1398503,Isaiah Bond,WR,CLE,3000,CAR @ CLE,2026-09-27T17:00:00.0000000Z,,False,2026-09-24T14:50:53+00:00
153771,1398511,Emmanuel Henderson Jr.,WR,SEA,3000,SEA @ WAS,2026-09-27T17:00:00.0000000Z,,False,2026-09-24T14:50:53+00:00
153771,1399132,Brenen Thompson,WR,LAC,3000,LAC @ BUF,2026-09-27T17:00:00.0000000Z,Q,False,2026-09-24T14:50:53+00:00
153771,1399272,Kevin Coleman Jr.,WR,MIA,3000,KC @ MIA,2026-09-27T17:00:00.0000000Z,,False,2026-09-24T14:50:53+00:00
153771,1400788,Chris Brazzell II,WR,CAR,3000,CAR @ CLE,2026-09-27T17:00:00.0000000Z,IR,False,2026-09-24T14:50:53+00:00
153771,1402692,Noah Thomas,WR,CIN,3000,CIN @ PIT,2026-09-27T17:00:00.0000000Z,,False,2026-09-24T14:50:53+00:00
153771,1403491,Jalen Royals,WR,KC,3000,KC @ MIA,2026-09-27T17:00:00.0000000Z,,False,2026-09-24T14:50:53+00:00
153771,1405106,Andrew Armstrong,WR,KC,3000,KC @ MIA,2026-09-27T17:00:00.0000000Z,,False,2026-09-24T14:50:53+00:00
153771,1406878,Colbie Young,WR,CIN,3000,CIN @ PIT,2026-09-27T17:00:00.0000000Z,,False,2026-09-24T14:50:53+00:00
153771,1407491,Tyren Montgomery,WR,TEN,3000,TEN @ NYG,2026-09-27T17:00:00.0000000Z,,False,2026-09-24T14:50:53+00:00
153771,1412326,Kameron Johnson,WR,TB,3000,MIN @ TB,2026-09-27T20:05:00.0000000Z,,False,2026-09-24T14:50:53+00:00
153771,1441191,Malik Benson,WR,LV,3000,LV @ NO,2026-09-27T20:25:00.0000000Z,,False,2026-09-24T14:50:53+00:00
153771,1446502,Eric Rivers Jr.,WR,TB,3000,MIN @ TB,2026-09-27T20:05:00.0000000Z,,False,2026-09-24T14:50:53+00:00
153771,1452585,Michael Wortham,WR,JAX,3000,NE @ JAX,2026-09-27T17:00:00.0000000Z,,False,2026-09-24T14:50:53+00:00
153771,1458888,Ja'Kobi Lane,WR,BAL,3000,BAL @ DAL,2026-09-27T20:25:00.0000000Z,IR,False,2026-09-24T14:50:53+00:00
153771,1510975,Cole Burgess,WR,PIT,3000,CIN @ PIT,2026-09-27T17:00:00.0000000Z,IR,False,2026-09-24T14:50:53+00:00
153771,1521285,Ted Hurst III,WR,TB,3000,MIN @ TB,2026-09-27T20:05:00.0000000Z,,False,2026-09-24T14:50:53+00:00
153771,1522347,Kolbe Katsis,WR,DEN,3000,LAR @ DEN,2026-09-28T00:20:00.0000000Z,,False,2026-09-24T14:50:53+00:00
153771,1585808,Cameron Dorner,WR,NE,3000,NE @ JAX,2026-09-27T17:00:00.0000000Z,,False,2026-09-24T14:50:53+00:00
153771,1637701,Kyle Dixon,WR,NE,3000,NE @ JAX,2026-09-27T17:00:00.0000000Z,,False,2026-09-24T14:50:53+00:00
153771,606551,Chris Moore,WR,BAL,3100,BAL @ DAL,2026-09-27T20:25:00.0000000Z,Q,False,2026-09-24T14:50:53+00:00
153771,748554,Laquon Treadwell,WR,IND,3100,HOU @ IND,2026-09-27T17:00:00.0000000Z,,False,2026-09-24T14:50:53+00:00
153771,1176733,Jared Wayne,WR,HOU,3100,HOU @ IND,2026-09-27T17:00:00.0000000Z,,False,2026-09-24T14:50:53+00:00
153771,1222835,Jordan Watkins,WR,SF,3100,ARI @ SF,2026-09-27T20:05:00.0000000Z,,False,2026-09-24T14:50:53+00:00
153771,1223318,Darius Cooper,WR,PHI,3100,PHI @ CHI,2026-09-29T00:15:00.0000000Z,,False,2026-09-24T14:50:53+00:00
153771,1399275,Travis Hunter,WR,JAX,3100,NE @ JAX,2026-09-27T17:00:00.0000000Z,,False,2026-09-24T14:50:53+00:00
153771,1057484,Cody White,WR,LV,3200,LV @ NO,2026-09-27T20:25:00.0000000Z,,False,2026-09-24T14:50:53+00:00
153771,1107878,Dyami Brown,WR,WAS,3200,SEA @ WAS,2026-09-27T17:00:00.0000000Z,,False,2026-09-24T14:50:53+00:00
153771,1118668,Ryan Miller,WR,MIA,3200,KC @ MIA,2026-09-27T17:00:00.0000000Z,Q,False,2026-09-24T14:50:53+00:00
153771,1163273,Jordan Whittington,WR,LAR,3200,LAR @ DEN,2026-09-28T00:20:00.0000000Z,Q,False,2026-09-24T14:50:53+00:00
153771,1166036,Ashton Dulin,WR,IND,3200,HOU @ IND,2026-09-27T17:00:00.0000000Z,Q,False,2026-09-24T14:50:53+00:00
153771,589984,Odell Beckham Jr.,WR,NYG,3300,TEN @ NYG,2026-09-27T17:00:00.0000000Z,,False,2026-09-24T14:50:53+00:00
153771,976220,Hollywood Brown,WR,PHI,3300,PHI @ CHI,2026-09-29T00:15:00.0000000Z,,False,2026-09-24T14:50:53+00:00
153771,1110301,Tyquan Thornton,WR,KC,3300,KC @ MIA,2026-09-27T17:00:00.0000000Z,,False,2026-09-24T14:50:53+00:00
153771,1176432,Isaiah Williams,WR,NYJ,3300,NYJ @ DET,2026-09-27T17:00:00.0000000Z,,False,2026-09-24T14:50:53+00:00
153771,1181861,Jacob Cowing,WR,SF,3300,ARI @ SF,2026-09-27T20:05:00.0000000Z,,False,2026-09-24T14:50:53+00:00
153771,1287798,Deion Burks,WR,IND,3300,HOU @ IND,2026-09-27T17:00:00.0000000Z,,False,2026-09-24T14:50:53+00:00
153771,1395319,Elic Ayomanor,WR,TEN,3300,TEN @ NYG,2026-09-27T17:00:00.0000000Z,,False,2026-09-24T14:50:53+00:00
153771,1465213,Jahdae Walker,WR,CHI,3300,PHI @ CHI,2026-09-29T00:15:00.0000000Z,,False,2026-09-24T14:50:53+00:00
153771,1227157,Kyle Williams,WR,NE,3400,NE @ JAX,2026-09-27T17:00:00.0000000Z,,False,2026-09-24T14:50:53+00:00
153771,1229669,Roman Wilson,WR,PIT,3400,CIN @ PIT,2026-09-27T17:00:00.0000000Z,,False,2026-09-24T14:50:53+00:00
153771,1389700,Chris Bell,WR,MIA,3400,KC @ MIA,2026-09-27T17:00:00.0000000Z,Q,False,2026-09-24T14:50:53+00:00
153771,1392584,Elijah Sarratt,WR,BAL,3400,BAL @ DAL,2026-09-27T20:25:00.0000000Z,,False,2026-09-24T14:50:53+00:00
153771,1441362,Isaac TeSlaa,WR,DET,3400,NYJ @ DET,2026-09-27T17:00:00.0000000Z,,False,2026-09-24T14:50:53+00:00
153771,607864,Brandin Cooks,WR,SF,3500,ARI @ SF,2026-09-27T20:05:00.0000000Z,,False,2026-09-24T14:50:53+00:00
153771,880557,Darius Slayton,WR,IND,3500,HOU @ IND,2026-09-27T17:00:00.0000000Z,,False,2026-09-24T14:50:53+00:00
153771,1059612,Joshua Palmer,WR,BUF,3500,LAC @ BUF,2026-09-27T17:00:00.0000000Z,,False,2026-09-24T14:50:53+00:00
153771,1180321,Xavier Legette,WR,CAR,3500,CAR @ CLE,2026-09-27T17:00:00.0000000Z,,False,2026-09-24T14:50:53+00:00
153771,1277914,Devontez Walker,WR,BAL,3500,BAL @ DAL,2026-09-27T20:25:00.0000000Z,,False,2026-09-24T14:50:53+00:00
153771,1286046,Jack Bech,WR,LV,3500,LV @ NO,2026-09-27T20:25:00.0000000Z,,False,2026-09-24T14:50:53+00:00
153771,1286176,Troy Franklin,WR,DEN,3500,LAR @ DEN,2026-09-28T00:20:00.0000000Z,,False,2026-09-24T14:50:53+00:00
153771,867009,Jauan Jennings,WR,MIN,3600,MIN @ TB,2026-09-27T20:05:00.0000000Z,,False,2026-09-24T14:50:53+00:00
153771,1286370,Jaylin Noel,WR,HOU,3600,HOU @ IND,2026-09-27T17:00:00.0000000Z,,False,2026-09-24T14:50:53+00:00
153771,1382670,Cyrus Allen,WR,KC,3600,KC @ MIA,2026-09-27T17:00:00.0000000Z,,False,2026-09-24T14:50:53+00:00
153771,754412,Kendrick Bourne,WR,ARI,3700,ARI @ SF,2026-09-27T20:05:00.0000000Z,,False,2026-09-24T14:50:53+00:00
153771,1106760,Tutu Atwell,WR,LAR,3700,LAR @ DEN,2026-09-28T00:20:00.0000000Z,,False,2026-09-24T14:50:53+00:00
153771,1126817,Jalen Nailor,WR,LV,3700,LV @ NO,2026-09-27T20:25:00.0000000Z,,False,2026-09-24T14:50:53+00:00
153771,1175693,DeMario Douglas,WR,NE,3700,NE @ JAX,2026-09-27T17:00:00.0000000Z,,False,2026-09-24T14:50:53+00:00
153771,1213799,Marvin Mims Jr.,WR,DEN,3700,LAR @ DEN,2026-09-28T00:20:00.0000000Z,Q,False,2026-09-24T14:50:53+00:00
153771,692660,Kalif Raymond,WR,CHI,3800,PHI @ CHI,2026-09-29T00:15:00.0000000Z,,False,2026-09-24T14:50:53+00:00
153771,727279,Demarcus Robinson,WR,SF,3800,ARI @ SF,2026-09-27T20:05:00.0000000Z,OUT,False,2026-09-24T14:50:53+00:00
153771,973935,Jerry Jeudy,WR,CLE,3800,CAR @ CLE,2026-09-27T17:00:00.0000000Z,,False,2026-09-24T14:50:53+00:00
153771,1393832,Ryan Flournoy,WR,DAL,3800,BAL @ DAL,2026-09-27T20:25:00.0000000Z,,False,2026-09-24T14:50:53+00:00
153771,1214633,Tre' Harris,WR,LAC,3900,LAC @ BUF,2026-09-27T17:00:00.0000000Z,,False,2026-09-24T14:50:53+00:00
153771,1380613,Germie Bernard,WR,PIT,3900,CIN @ PIT,2026-09-27T17:00:00.0000000Z,,False,2026-09-24T14:50:53+00:00
153771,1394798,Caleb Douglas,WR,MIA,3900,KC @ MIA,2026-09-27T17:00:00.0000000Z,Q,False,2026-09-24T14:50:53+00:00
153771,698227,Cooper Kupp,WR,SEA,4000,SEA @ WAS,2026-09-27T17:00:00.0000000Z,Q,False,2026-09-24T14:50:53+00:00
153771,884013,Calvin Ridley,WR,TEN,4000,TEN @ NYG,2026-09-27T17:00:00.0000000Z,,False,2026-09-24T14:50:53+00:00
153771,1213636,Xavier Hutchinson,WR,HOU,4000,HOU @ IND,2026-09-27T17:00:00.0000000Z,,False,2026-09-24T14:50:53+00:00
153771,1305866,Pat Bryant,WR,DEN,4000,LAR @ DEN,2026-09-28T00:20:00.0000000Z,,False,2026-09-24T14:50:53+00:00
153771,912027,Darnell Mooney,WR,NYG,4100,TEN @ NYG,2026-09-27T17:00:00.0000000Z,,False,2026-09-24T14:50:53+00:00
153771,1172428,Dontayvion Wicks,WR,PHI,4100,PHI @ CHI,2026-09-29T00:15:00.0000000Z,,False,2026-09-24T14:50:53+00:00
153771,1213726,Jalen McMillan,WR,TB,4100,MIN @ TB,2026-09-27T20:05:00.0000000Z,,False,2026-09-24T14:50:53+00:00
153771,1378290,Antonio Williams,WR,WAS,4100,SEA @ WAS,2026-09-27T17:00:00.0000000Z,,False,2026-09-24T14:50:53+00:00
153771,702808,Mack Hollins,WR,NE,4200,NE @ JAX,2026-09-27T17:00:00.0000000Z,,False,2026-09-24T14:50:53+00:00
153771,923412,Rashid Shaheed,WR,SEA,4200,SEA @ WAS,2026-09-27T17:00:00.0000000Z,,False,2026-09-24T14:50:53+00:00
153771,1173255,Malik Washington,WR,MIA,4200,KC @ MIA,2026-09-27T17:00:00.0000000Z,,False,2026-09-24T14:50:53+00:00
153771,1285908,Adonai Mitchell,WR,NYJ,4300,NYJ @ DET,2026-09-27T17:00:00.0000000Z,,False,2026-09-24T14:50:53+00:00
153771,1322431,Keon Coleman,WR,BUF,4300,LAC @ BUF,2026-09-27T17:00:00.0000000Z,Q,False,2026-09-24T14:50:53+00:00
153771,1441120,Makai Lemon,WR,PHI,4300,PHI @ CHI,2026-09-29T00:15:00.0000000Z,,False,2026-09-24T14:50:53+00:00
153771,1441576,KC Concepcion Jr.,WR,CLE,4300,CAR @ CLE,2026-09-27T17:00:00.0000000Z,,False,2026-09-24T14:50:53+00:00
153771,1164788,Devaughn Vele,WR,NO,4400,LV @ NO,2026-09-27T20:25:00.0000000Z,,False,2026-09-24T14:50:53+00:00
153771,1319589,Malachi Fields,WR,NYG,4400,TEN @ NYG,2026-09-27T17:00:00.0000000Z,,False,2026-09-24T14:50:53+00:00
153771,1326638,Xavier Worthy,WR,KC,4400,KC @ MIA,2026-09-27T17:00:00.0000000Z,,False,2026-09-24T14:50:53+00:00
153771,1164875,Wan'Dale Robinson,WR,TEN,4500,TEN @ NYG,2026-09-27T17:00:00.0000000Z,,False,2026-09-24T14:50:53+00:00
153771,1213362,Kayshon Boutte,WR,HOU,4500,HOU @ IND,2026-09-27T17:00:00.0000000Z,,False,2026-09-24T14:50:53+00:00
153771,1379904,Denzel Boston,WR,CLE,4500,CAR @ CLE,2026-09-27T17:00:00.0000000Z,,False,2026-09-24T14:50:53+00:00
153771,557210,Keenan Allen,WR,IND,4600,HOU @ IND,2026-09-27T17:00:00.0000000Z,,False,2026-09-24T14:50:53+00:00
153771,1286064,Brian Thomas Jr.,WR,JAX,4600,NE @ JAX,2026-09-27T17:00:00.0000000Z,,False,2026-09-24T14:50:53+00:00
153771,911348,Michael Pittman Jr.,WR,PIT,4700,CIN @ PIT,2026-09-27T17:00:00.0000000Z,Q,False,2026-09-24T14:50:53+00:00
153771,1108208,Rashod Bateman,WR,BAL,4700,BAL @ DAL,2026-09-27T20:25:00.0000000Z,,False,2026-09-24T14:50:53+00:00
153771,1287828,Marvin Harrison Jr.,WR,ARI,4700,ARI @ SF,2026-09-27T20:05:00.0000000Z,,False,2026-09-24T14:50:53+00:00
153771,880151,Jakobi Meyers,WR,JAX,4800,NE @ JAX,2026-09-27T17:00:00.0000000Z,Q,False,2026-09-24T14:50:53+00:00
153771,1130603,Khalil Shakir,WR,BUF,4800,LAC @ BUF,2026-09-27T17:00:00.0000000Z,,False,2026-09-24T14:50:53+00:00
153771,1213865,Quentin Johnston,WR,LAC,4900,LAC @ BUF,2026-09-27T17:00:00.0000000Z,,False,2026-09-24T14:50:53+00:00
153771,1214250,Jordan Addison,WR,MIN,4900,MIN @ TB,2026-09-27T20:05:00.0000000Z,,False,2026-09-24T14:50:53+00:00
153771,1164979,Tre Tucker,WR,LV,5000,LV @ NO,2026-09-27T20:25:00.0000000Z,,False,2026-09-24T14:50:53+00:00
153771,1441839,Carnell Tate,WR,TEN,5000,TEN @ NYG,2026-09-27T17:00:00.0000000Z,,False,2026-09-24T14:50:53+00:00
153771,836116,Terry McLaurin,WR,WAS,5100,SEA @ WAS,2026-09-27T17:00:00.0000000Z,,False,2026-09-24T14:50:53+00:00
153771,1122653,Romeo Doubs,WR,NE,5100,NE @ JAX,2026-09-27T17:00:00.0000000Z,,False,2026-09-24T14:50:53+00:00
153771,838878,Courtland Sutton,WR,DEN,5200,LAR @ DEN,2026-09-28T00:20:00.0000000Z,,False,2026-09-24T14:50:53+00:00
153771,1123529,Michael Wilson,WR,ARI,5200,ARI @ SF,2026-09-27T20:05:00.0000000Z,,False,2026-09-24T14:50:53+00:00
153771,835127,Chris Godwin Jr.,WR,TB,5300,MIN @ TB,2026-09-27T20:05:00.0000000Z,,False,2026-09-24T14:50:53+00:00
153771,835749,Deebo Samuel Sr.,WR,SF,5300,ARI @ SF,2026-09-27T20:05:00.0000000Z,,False,2026-09-24T14:50:53+00:00
153771,1213727,Rome Odunze,WR,CHI,5300,PHI @ CHI,2026-09-29T00:15:00.0000000Z,,False,2026-09-24T14:50:53+00:00
153771,945633,DK Metcalf,WR,PIT,5400,CIN @ PIT,2026-09-27T17:00:00.0000000Z,,False,2026-09-24T14:50:53+00:00
153771,1175184,Jameson Williams,WR,DET,5400,NYJ @ DET,2026-09-27T17:00:00.0000000Z,,False,2026-09-24T14:50:53+00:00
153771,694041,Stefon Diggs,WR,WAS,5500,SEA @ WAS,2026-09-27T17:00:00.0000000Z,,False,2026-09-24T14:50:53+00:00
153771,1218753,Jalen Coker,WR,CAR,5500,CAR @ CLE,2026-09-27T17:00:00.0000000Z,Q,False,2026-09-24T14:50:53+00:00
153771,1107027,Alec Pierce,WR,IND,5600,HOU @ IND,2026-09-27T17:00:00.0000000Z,OUT,False,2026-09-24T14:50:53+00:00
153771,1377732,Luther Burden III,WR,CHI,5600,PHI @ CHI,2026-09-29T00:15:00.0000000Z,,False,2026-09-24T14:50:53+00:00
153771,1215077,Josh Downs,WR,IND,5700,HOU @ IND,2026-09-27T17:00:00.0000000Z,,False,2026-09-24T14:50:53+00:00
153771,877790,DJ Moore,WR,BUF,5800,LAC @ BUF,2026-09-27T17:00:00.0000000Z,Q,False,2026-09-24T14:50:53+00:00
153771,1218643,Ladd McConkey,WR,LAC,5900,LAC @ BUF,2026-09-27T17:00:00.0000000Z,,False,2026-09-24T14:50:53+00:00
153771,1229074,Parker Washington,WR,JAX,6000,NE @ JAX,2026-09-27T17:00:00.0000000Z,,False,2026-09-24T14:50:53+00:00
153771,1380576,Tetairoa McMillan,WR,CAR,6000,CAR @ CLE,2026-09-27T17:00:00.0000000Z,,False,2026-09-24T14:50:53+00:00
153771,978579,Tee Higgins,WR,CIN,6100,CIN @ PIT,2026-09-27T17:00:00.0000000Z,,False,2026-09-24T14:50:53+00:00
153771,611417,Davante Adams,WR,LAR,6200,LAR @ DEN,2026-09-28T00:20:00.0000000Z,,False,2026-09-24T14:50:53+00:00
153771,1287825,Emeka Egbuka,WR,TB,6200,MIN @ TB,2026-09-27T20:05:00.0000000Z,,False,2026-09-24T14:50:53+00:00
153771,1164889,Garrett Wilson,WR,NYJ,6300,NYJ @ DET,2026-09-27T17:00:00.0000000Z,,False,2026-09-24T14:50:53+00:00
153771,1173538,Rashee Rice,WR,KC,6400,KC @ MIA,2026-09-27T17:00:00.0000000Z,,False,2026-09-24T14:50:53+00:00
153771,1286059,Malik Nabers,WR,NYG,6500,TEN @ NYG,2026-09-27T17:00:00.0000000Z,Q,False,2026-09-24T14:50:53+00:00
153771,1172053,George Pickens,WR,DAL,6600,BAL @ DAL,2026-09-27T20:25:00.0000000Z,,False,2026-09-24T14:50:53+00:00
153771,1125749,Jaylen Waddle,WR,DEN,6700,LAR @ DEN,2026-09-28T00:20:00.0000000Z,,False,2026-09-24T14:50:53+00:00
153771,593587,Mike Evans,WR,SF,6800,ARI @ SF,2026-09-27T20:05:00.0000000Z,Q,False,2026-09-24T14:50:53+00:00
153771,1177053,Zay Flowers,WR,BAL,6900,BAL @ DAL,2026-09-27T20:25:00.0000000Z,Q,False,2026-09-24T14:50:53+00:00
153771,1074698,Nico Collins,WR,HOU,7000,HOU @ IND,2026-09-27T17:00:00.0000000Z,Q,False,2026-09-24T14:50:53+00:00
153771,1060262,DeVonta Smith,WR,PHI,7100,PHI @ CHI,2026-09-29T00:15:00.0000000Z,,False,2026-09-24T14:50:53+00:00
153771,1122592,Chris Olave,WR,NO,7200,LV @ NO,2026-09-27T20:25:00.0000000Z,,False,2026-09-24T14:50:53+00:00
153771,1069535,Justin Jefferson,WR,MIN,7500,MIN @ TB,2026-09-27T20:05:00.0000000Z,,False,2026-09-24T14:50:53+00:00
153771,1162128,Puka Nacua,WR,LAR,7700,LAR @ DEN,2026-09-28T00:20:00.0000000Z,Q,False,2026-09-24T14:50:53+00:00
153771,1062020,CeeDee Lamb,WR,DAL,7800,BAL @ DAL,2026-09-27T20:25:00.0000000Z,,False,2026-09-24T14:50:53+00:00
153771,1127106,Amon-Ra St. Brown,WR,DET,7900,NYJ @ DET,2026-09-27T17:00:00.0000000Z,,False,2026-09-24T14:50:53+00:00
153771,1109979,Ja'Marr Chase,WR,CIN,8100,CIN @ PIT,2026-09-27T17:00:00.0000000Z,,False,2026-09-24T14:50:53+00:00
153771,1214087,Jaxon Smith-Njigba,WR,SEA,8600,SEA @ WAS,2026-09-27T17:00:00.0000000Z,,False,2026-09-24T14:50:53+00:00
153772,355,Cardinals,DST,ARI,2300,ARI @ SF,2026-09-27T20:05:00.0000000Z,,False,2026-09-24T14:50:53+00:00
153772,331,Cowboys,DST,DAL,2400,BAL @ DAL,2026-09-27T20:25:00.0000000Z,,False,2026-09-24T14:50:53+00:00
153772,341,Raiders,DST,LV,2600,LV @ NO,2026-09-27T20:25:00.0000000Z,,False,2026-09-24T14:50:53+00:00
153772,362,Buccaneers,DST,TB,2600,MIN @ TB,2026-09-27T20:05:00.0000000Z,,False,2026-09-24T14:50:53+00:00
153772,366,Ravens,DST,BAL,2800,BAL @ DAL,2026-09-27T20:25:00.0000000Z,,False,2026-09-24T14:50:53+00:00
153772,347,Vikings,DST,MIN,3100,MIN @ TB,2026-09-27T20:05:00.0000000Z,,False,2026-09-24T14:50:53+00:00
153772,350,Saints,DST,NO,3300,LV @ NO,2026-09-27T20:25:00.0000000Z,,False,2026-09-24T14:50:53+00:00
153772,359,49ers,DST,SF,3600,ARI @ SF,2026-09-27T20:05:00.0000000Z,,False,2026-09-24T14:50:53+00:00
153772,831007,Easton Stick,QB,TB,4000,MIN @ TB,2026-09-27T20:05:00.0000000Z,,False,2026-09-24T14:50:53+00:00
153772,867303,Gardner Minshew II,QB,ARI,4000,ARI @ SF,2026-09-27T20:05:00.0000000Z,,False,2026-09-24T14:50:53+00:00
153772,913163,Tyler Huntley,QB,BAL,4000,BAL @ DAL,2026-09-27T20:25:00.0000000Z,,False,2026-09-24T14:50:53+00:00
153772,913829,Skylar Thompson,QB,BAL,4000,BAL @ DAL,2026-09-27T20:25:00.0000000Z,IR,False,2026-09-24T14:50:53+00:00
153772,973945,Mac Jones,QB,SF,4000,ARI @ SF,2026-09-27T20:05:00.0000000Z,,False,2026-09-24T14:50:53+00:00
153772,1066811,Aidan O'Connell,QB,LV,4000,LV @ NO,2026-09-27T20:25:00.0000000Z,Q,False,2026-09-24T14:50:53+00:00
153772,1108052,Zach Wilson,QB,NO,4000,LV @ NO,2026-09-27T20:25:00.0000000Z,,False,2026-09-24T14:50:53+00:00
153772,1112338,Joe Milton III,QB,DAL,4000,BAL @ DAL,2026-09-27T20:25:00.0000000Z,,False,2026-09-24T14:50:53+00:00
153772,1166989,Kurtis Rourke,QB,SF,4000,ARI @ SF,2026-09-27T20:05:00.0000000Z,,False,2026-09-24T14:50:53+00:00
153772,1168245,Sam Howell,QB,DAL,4000,BAL @ DAL,2026-09-27T20:25:00.0000000Z,,False,2026-09-24T14:50:53+00:00
153772,1169299,Joe Fagnano,QB,BAL,4000,BAL @ DAL,2026-09-27T20:25:00.0000000Z,,False,2026-09-24T14:50:53+00:00
153772,1169329,Max Brosmer,QB,MIN,4000,MIN @ TB,2026-09-27T20:05:00.0000000Z,,False,2026-09-24T14:50:53+00:00
153772,1174752,Spencer Rattler,QB,NO,4000,LV @ NO,2026-09-27T20:25:00.0000000Z,,False,2026-09-24T14:50:53+00:00
153772,1213340,Carson Beck,QB,ARI,4000,ARI @ SF,2026-09-27T20:05:00.0000000Z,,False,2026-09-24T14:50:53+00:00
153772,1225681,Jalon Daniels,QB,TB,4000,MIN @ TB,2026-09-27T20:05:00.0000000Z,,False,2026-09-24T14:50:53+00:00
153772,1287599,J.J. McCarthy,QB,MIN,4100,MIN @ TB,2026-09-27T20:05:00.0000000Z,,False,2026-09-24T14:50:53+00:00
153772,1400786,Fernando Mendoza,QB,LV,4300,LV @ NO,2026-09-27T20:25:00.0000000Z,,False,2026-09-24T14:50:53+00:00
153772,613866,Carson Wentz,QB,MIN,4600,MIN @ TB,2026-09-27T20:05:00.0000000Z,,False,2026-09-24T14:50:53+00:00
153772,403308,Kirk Cousins,QB,LV,4800,LV @ NO,2026-09-27T20:25:00.0000000Z,,False,2026-09-24T14:50:53+00:00
153772,607047,Jacoby Brissett,QB,ARI,4800,ARI @ SF,2026-09-27T20:05:00.0000000Z,,False,2026-09-24T14:50:53+00:00
153772,879799,Kyler Murray,QB,MIN,5100,MIN @ TB,2026-09-27T20:05:00.0000000Z,,False,2026-09-24T14:50:53+00:00
153772,748070,Baker Mayfield,QB,TB,5300,MIN @ TB,2026-09-27T20:05:00.0000000Z,,False,2026-09-24T14:50:53+00:00
153772,1110306,Tyler Shough,QB,NO,5400,LV @ NO,2026-09-27T20:25:00.0000000Z,,False,2026-09-24T14:50:53+00:00
153772,1121761,Brock Purdy,QB,SF,6500,ARI @ SF,2026-09-27T20:05:00.0000000Z,,False,2026-09-24T14:50:53+00:00
153772,591816,Dak Prescott,QB,DAL,6700,BAL @ DAL,2026-09-27T20:25:00.0000000Z,,False,2026-09-24T14:50:53+00:00
153772,877745,Lamar Jackson,QB,BAL,7500,BAL @ DAL,2026-09-27T20:25:00.0000000Z,,False,2026-09-24T14:50:53+00:00
153772,501150,Kyle Juszczyk,RB,SF,4000,ARI @ SF,2026-09-27T20:05:00.0000000Z,,False,2026-09-24T14:50:53+00:00
153772,703015,Dare Ogunbowale,RB,LV,4000,LV @ NO,2026-09-27T20:25:00.0000000Z,,False,2026-09-24T14:50:53+00:00
153772,742390,James Conner,RB,ARI,4000,ARI @ SF,2026-09-27T20:05:00.0000000Z,IR,False,2026-09-24T14:50:53+00:00
153772,912553,Jonathan Ward,RB,BAL,4000,BAL @ DAL,2026-09-27T20:25:00.0000000Z,,False,2026-09-24T14:50:53+00:00
153772,975028,Malik Davis,RB,DAL,4000,BAL @ DAL,2026-09-27T20:25:00.0000000Z,IR,False,2026-09-24T14:50:53+00:00
153772,1057457,Connor Heyward,RB,LV,4000,LV @ NO,2026-09-27T20:25:00.0000000Z,,False,2026-09-24T14:50:53+00:00
153772,1059576,Ty Chandler,RB,NO,4000,LV @ NO,2026-09-27T20:25:00.0000000Z,IR,False,2026-09-24T14:50:53+00:00
153772,1108937,Jaret Patterson,RB,MIN,4000,MIN @ TB,2026-09-27T20:05:00.0000000Z,,False,2026-09-24T14:50:53+00:00
153772,1110697,Zamir White,RB,NO,4000,LV @ NO,2026-09-27T20:25:00.0000000Z,,False,2026-09-24T14:50:53+00:00
153772,1116001,Jordan Mason,RB,MIN,4000,MIN @ TB,2026-09-27T20:05:00.0000000Z,IR,False,2026-09-24T14:50:53+00:00
153772,1122182,Dylan Laube,RB,LV,4000,LV @ NO,2026-09-27T20:25:00.0000000Z,,False,2026-09-24T14:50:53+00:00
153772,1125737,Jerome Ford,RB,MIN,4000,MIN @ TB,2026-09-27T20:05:00.0000000Z,,False,2026-09-24T14:50:53+00:00
153772,1126338,Isaac Guerendo,RB,SF,4000,ARI @ SF,2026-09-27T20:05:00.0000000Z,OUT,False,2026-09-24T14:50:53+00:00
153772,1130976,Hunter Luepke,RB,DAL,4000,BAL @ DAL,2026-09-27T20:25:00.0000000Z,,False,2026-09-24T14:50:53+00:00
153772,1163866,Bam Knight,RB,ARI,4000,ARI @ SF,2026-09-27T20:05:00.0000000Z,,False,2026-09-24T14:50:53+00:00
153772,1166235,Sincere McCormick,RB,SF,4000,ARI @ SF,2026-09-27T20:05:00.0000000Z,,False,2026-09-24T14:50:53+00:00
153772,1168918,Tyler Goodson,RB,DAL,4000,BAL @ DAL,2026-09-27T20:25:00.0000000Z,,False,2026-09-24T14:50:53+00:00
153772,1172990,Josh Williams,RB,TB,4000,MIN @ TB,2026-09-27T20:05:00.0000000Z,,False,2026-09-24T14:50:53+00:00
153772,1173266,Evan Hull,RB,ARI,4000,ARI @ SF,2026-09-27T20:05:00.0000000Z,,False,2026-09-24T14:50:53+00:00
153772,1214249,Israel Abanikanda,RB,DAL,4000,BAL @ DAL,2026-09-27T20:25:00.0000000Z,,False,2026-09-24T14:50:53+00:00
153772,1215974,Chris Collier,RB,LV,4000,LV @ NO,2026-09-27T20:25:00.0000000Z,IR,False,2026-09-24T14:50:53+00:00
153772,1228633,Sean Tucker,RB,TB,4000,MIN @ TB,2026-09-27T20:05:00.0000000Z,,False,2026-09-24T14:50:53+00:00
153772,1229133,Rasheen Ali,RB,BAL,4000,BAL @ DAL,2026-09-27T20:25:00.0000000Z,,False,2026-09-24T14:50:53+00:00
153772,1248031,Trey Benson,RB,ARI,4000,ARI @ SF,2026-09-27T20:05:00.0000000Z,IR,False,2026-09-24T14:50:53+00:00
153772,1317230,Roman Hemby,RB,LV,4000,LV @ NO,2026-09-27T20:25:00.0000000Z,,False,2026-09-24T14:50:53+00:00
153772,1325562,Max Bredeson,RB,MIN,4000,MIN @ TB,2026-09-27T20:05:00.0000000Z,,False,2026-09-24T14:50:53+00:00
153772,1378284,Adam Randall,RB,BAL,4000,BAL @ DAL,2026-09-27T20:25:00.0000000Z,IR,False,2026-09-24T14:50:53+00:00
153772,1395681,CJ Donaldson,RB,NO,4000,LV @ NO,2026-09-27T20:25:00.0000000Z,,False,2026-09-24T14:50:53+00:00
153772,1400657,Jordan James,RB,SF,4000,ARI @ SF,2026-09-27T20:05:00.0000000Z,,False,2026-09-24T14:50:53+00:00
153772,1289428,Mike Washington Jr.,RB,LV,4100,LV @ NO,2026-09-27T20:25:00.0000000Z,,False,2026-09-24T14:50:53+00:00
153772,923109,Justice Hill,RB,BAL,4200,BAL @ DAL,2026-09-27T20:25:00.0000000Z,,False,2026-09-24T14:50:53+00:00
153772,976309,DeeJay Dallas,RB,MIN,4200,MIN @ TB,2026-09-27T20:05:00.0000000Z,Q,False,2026-09-24T14:50:53+00:00
153772,1116817,Emari Demercado,RB,DAL,4200,BAL @ DAL,2026-09-27T20:25:00.0000000Z,,False,2026-09-24T14:50:53+00:00
153772,1213867,Kendre Miller,RB,NO,4300,LV @ NO,2026-09-27T20:25:00.0000000Z,,False,2026-09-24T14:50:53+00:00
153772,1390910,Demond Claiborne,RB,MIN,4400,MIN @ TB,2026-09-27T20:05:00.0000000Z,,False,2026-09-24T14:50:53+00:00
153772,750846,Alvin Kamara,RB,NO,4800,LV @ NO,2026-09-27T20:25:00.0000000Z,,False,2026-09-24T14:50:53+00:00
153772,1130705,Kenny Gainwell,RB,TB,4800,MIN @ TB,2026-09-27T20:05:00.0000000Z,,False,2026-09-24T14:50:53+00:00
153772,1215772,Kaelon Black,RB,SF,4800,ARI @ SF,2026-09-27T20:05:00.0000000Z,,False,2026-09-24T14:50:53+00:00
153772,1131198,Tyler Allgeier,RB,ARI,5000,ARI @ SF,2026-09-27T20:05:00.0000000Z,,False,2026-09-24T14:50:53+00:00
153772,1451501,Jeremiyah Love,RB,ARI,5500,ARI @ SF,2026-09-27T20:05:00.0000000Z,,False,2026-09-24T14:50:53+00:00
153772,978577,Travis Etienne Jr.,RB,NO,5800,LV @ NO,2026-09-27T20:25:00.0000000Z,Q,False,2026-09-24T14:50:53+00:00
153772,741314,Aaron Jones Sr.,RB,MIN,5900,MIN @ TB,2026-09-27T20:05:00.0000000Z,Q,False,2026-09-24T14:50:53+00:00
153772,1287923,Bucky Irving,RB,TB,6300,MIN @ TB,2026-09-27T20:05:00.0000000Z,,False,2026-09-24T14:50:53+00:00
153772,1107881,Javonte Williams,RB,DAL,6700,BAL @ DAL,2026-09-27T20:25:00.0000000Z,,False,2026-09-24T14:50:53+00:00
153772,1379646,Ashton Jeanty,RB,LV,7100,LV @ NO,2026-09-27T20:25:00.0000000Z,,False,2026-09-24T14:50:53+00:00
153772,732145,Derrick Henry,RB,BAL,7700,BAL @ DAL,2026-09-27T20:25:00.0000000Z,,False,2026-09-24T14:50:53+00:00
153772,830517,Christian McCaffrey,RB,SF,8300,ARI @ SF,2026-09-27T20:05:00.0000000Z,,False,2026-09-24T14:50:53+00:00
153772,300580,Andrew DePaola,TE,MIN,2500,MIN @ TB,2026-09-27T20:05:00.0000000Z,,False,2026-09-24T14:50:53+00:00
153772,606488,Nick Vannett,TE,BAL,2500,BAL @ DAL,2026-09-27T20:25:00.0000000Z,,False,2026-09-24T14:50:53+00:00
153772,606799,Zach Wood,TE,NO,2500,LV @ NO,2026-09-27T20:25:00.0000000Z,IR,False,2026-09-24T14:50:53+00:00
153772,749968,Durham Smythe,TE,BAL,2500,BAL @ DAL,2026-09-27T20:25:00.0000000Z,,False,2026-09-24T14:50:53+00:00
153772,838318,Chris Myarick,TE,LV,2500,LV @ NO,2026-09-27T20:25:00.0000000Z,,False,2026-09-24T14:50:53+00:00
153772,881779,Josh Oliver,TE,MIN,2500,MIN @ TB,2026-09-27T20:05:00.0000000Z,,False,2026-09-24T14:50:53+00:00
153772,911239,Ko Kieft,TE,TB,2500,MIN @ TB,2026-09-27T20:05:00.0000000Z,,False,2026-09-24T14:50:53+00:00
153772,911985,Jack Stoll,TE,SF,2500,ARI @ SF,2026-09-27T20:05:00.0000000Z,,False,2026-09-24T14:50:53+00:00
153772,943093,Ian Thomas,TE,LV,2500,LV @ NO,2026-09-27T20:25:00.0000000Z,,False,2026-09-24T14:50:53+00:00
153772,946541,Luke Farrell,TE,SF,2500,ARI @ SF,2026-09-27T20:05:00.0000000Z,,False,2026-09-24T14:50:53+00:00
153772,1056865,Stone Smartt,TE,NO,2500,LV @ NO,2026-09-27T20:25:00.0000000Z,,False,2026-09-24T14:50:53+00:00
153772,1059585,Princeton Fant,TE,DAL,2500,BAL @ DAL,2026-09-27T20:25:00.0000000Z,IR,False,2026-09-24T14:50:53+00:00
153772,1060550,Hunter Long,TE,ARI,2500,ARI @ SF,2026-09-27T20:05:00.0000000Z,,False,2026-09-24T14:50:53+00:00
153772,1068872,Jake Tonges,TE,SF,2500,ARI @ SF,2026-09-27T20:05:00.0000000Z,IR,False,2026-09-24T14:50:53+00:00
153772,1108202,Brevyn Spann-Ford,TE,DAL,2500,BAL @ DAL,2026-09-27T20:25:00.0000000Z,,False,2026-09-24T14:50:53+00:00
153772,1112357,Shawn Bowman,TE,ARI,2500,ARI @ SF,2026-09-27T20:05:00.0000000Z,,False,2026-09-24T14:50:53+00:00
153772,1120499,Evan Deckers,TE,TB,2500,MIN @ TB,2026-09-27T20:05:00.0000000Z,,False,2026-09-24T14:50:53+00:00
153772,1123712,James Mitchell,TE,DAL,2500,BAL @ DAL,2026-09-27T20:25:00.0000000Z,,False,2026-09-24T14:50:53+00:00
153772,1125589,Brayden Willis,TE,SF,2500,ARI @ SF,2026-09-27T20:05:00.0000000Z,,False,2026-09-24T14:50:53+00:00
153772,1128538,Teagan Quitoriano,TE,ARI,2500,ARI @ SF,2026-09-27T20:05:00.0000000Z,,False,2026-09-24T14:50:53+00:00
153772,1130242,Luke Schoonmaker,TE,DAL,2500,BAL @ DAL,2026-09-27T20:25:00.0000000Z,,False,2026-09-24T14:50:53+00:00
153772,1130260,Payne Durham,TE,TB,2500,MIN @ TB,2026-09-27T20:05:00.0000000Z,,False,2026-09-24T14:50:53+00:00
153772,1161853,Elijah Higgins,TE,ARI,2500,ARI @ SF,2026-09-27T20:05:00.0000000Z,,False,2026-09-24T14:50:53+00:00
153772,1172752,Treyton Welch,TE,NO,2500,LV @ NO,2026-09-27T20:25:00.0000000Z,,False,2026-09-24T14:50:53+00:00
153772,1216808,Ben Yurosek,TE,MIN,2500,MIN @ TB,2026-09-27T20:05:00.0000000Z,IR,False,2026-09-24T14:50:53+00:00
153772,1229489,Tip Reiman,TE,ARI,2500,ARI @ SF,2026-09-27T20:05:00.0000000Z,OUT,False,2026-09-24T14:50:53+00:00
153772,1229693,Matt Hibner,TE,BAL,2500,BAL @ DAL,2026-09-27T20:25:00.0000000Z,,False,2026-09-24T14:50:53+00:00
153772,1229749,Patrick Gurd,TE,LV,2500,LV @ NO,2026-09-27T20:25:00.0000000Z,,False,2026-09-24T14:50:53+00:00
153772,1251513,Cam Grandy,TE,MIN,2500,MIN @ TB,2026-09-27T20:05:00.0000000Z,,False,2026-09-24T14:50:53+00:00
153772,1286173,Moliki Matavao,TE,NO,2500,LV @ NO,2026-09-27T20:25:00.0000000Z,IR,False,2026-09-24T14:50:53+00:00
153772,1286401,DJ Rogers,TE,DAL,2500,BAL @ DAL,2026-09-27T20:25:00.0000000Z,IR,False,2026-09-24T14:50:53+00:00
153772,1287258,Gavin Bartholomew,TE,MIN,2500,MIN @ TB,2026-09-27T20:05:00.0000000Z,,False,2026-09-24T14:50:53+00:00
153772,1287588,CJ Dippre,TE,TB,2500,MIN @ TB,2026-09-27T20:05:00.0000000Z,,False,2026-09-24T14:50:53+00:00
153772,1287920,Jameson Geers,TE,ARI,2500,ARI @ SF,2026-09-27T20:05:00.0000000Z,IR,False,2026-09-24T14:50:53+00:00
153772,1310628,Khalil Dinkins,TE,SF,2500,ARI @ SF,2026-09-27T20:05:00.0000000Z,,False,2026-09-24T14:50:53+00:00
153772,1319948,Josh Cuevas,TE,BAL,2500,BAL @ DAL,2026-09-27T20:25:00.0000000Z,,False,2026-09-24T14:50:53+00:00
153772,1323708,Michael Trigg,TE,DAL,2500,BAL @ DAL,2026-09-27T20:25:00.0000000Z,,False,2026-09-24T14:50:53+00:00
153772,1326555,Bauer Sharp,TE,TB,2500,MIN @ TB,2026-09-27T20:05:00.0000000Z,,False,2026-09-24T14:50:53+00:00
153772,1381105,Oscar Delp,TE,NO,2500,LV @ NO,2026-09-27T20:25:00.0000000Z,,False,2026-09-24T14:50:53+00:00
153772,1404295,Ty Pezza,TE,BAL,2500,BAL @ DAL,2026-09-27T20:25:00.0000000Z,,False,2026-09-24T14:50:53+00:00
153772,1468632,Carter Runyon,TE,LV,2500,LV @ NO,2026-09-27T20:25:00.0000000Z,IR,False,2026-09-24T14:50:53+00:00
153772,1049263,Cade Otton,TE,TB,3100,MIN @ TB,2026-09-27T20:05:00.0000000Z,,False,2026-09-24T14:50:53+00:00
153772,923911,Noah Fant,TE,NO,3200,LV @ NO,2026-09-27T20:25:00.0000000Z,,False,2026-09-24T14:50:53+00:00
153772,923915,T.J. Hockenson,TE,MIN,3200,MIN @ TB,2026-09-27T20:05:00.0000000Z,,False,2026-09-24T14:50:53+00:00
153772,1232592,Michael Mayer,TE,LV,3300,LV @ NO,2026-09-27T20:25:00.0000000Z,,False,2026-09-24T14:50:53+00:00
153772,884609,Juwan Johnson,TE,NO,3700,LV @ NO,2026-09-27T20:25:00.0000000Z,,False,2026-09-24T14:50:53+00:00
153772,1065361,Jake Ferguson,TE,DAL,4100,BAL @ DAL,2026-09-27T20:25:00.0000000Z,,False,2026-09-24T14:50:53+00:00
153772,820699,Mark Andrews,TE,BAL,4400,BAL @ DAL,2026-09-27T20:25:00.0000000Z,,False,2026-09-24T14:50:53+00:00
153772,733672,George Kittle,TE,SF,4800,ARI @ SF,2026-09-27T20:05:00.0000000Z,,False,2026-09-24T14:50:53+00:00
153772,1285917,Brock Bowers,TE,LV,6600,LV @ NO,2026-09-27T20:25:00.0000000Z,Q,False,2026-09-24T14:50:53+00:00
153772,1108161,Trey McBride,TE,ARI,6700,ARI @ SF,2026-09-27T20:05:00.0000000Z,,False,2026-09-24T14:50:53+00:00
153772,757521,KhaDarel Hodge,WR,SF,3000,ARI @ SF,2026-09-27T20:05:00.0000000Z,,False,2026-09-24T14:50:53+00:00
153772,865801,Christian Kirk,WR,SF,3000,ARI @ SF,2026-09-27T20:05:00.0000000Z,IR,False,2026-09-24T14:50:53+00:00
153772,865958,KaVontae Turpin,WR,DAL,3000,BAL @ DAL,2026-09-27T20:25:00.0000000Z,,False,2026-09-24T14:50:53+00:00
153772,866973,David Sills V,WR,TB,3000,MIN @ TB,2026-09-27T20:05:00.0000000Z,IR,False,2026-09-24T14:50:53+00:00
153772,920756,Devin Duvernay,WR,ARI,3000,ARI @ SF,2026-09-27T20:05:00.0000000Z,,False,2026-09-24T14:50:53+00:00
153772,1059221,Ihmir Smith-Marsette,WR,ARI,3000,ARI @ SF,2026-09-27T20:05:00.0000000Z,,False,2026-09-24T14:50:53+00:00
153772,1106382,Jeshaun Jones,WR,MIN,3000,MIN @ TB,2026-09-27T20:05:00.0000000Z,OUT,False,2026-09-24T14:50:53+00:00
153772,1107034,Brandon Aiyuk,WR,SF,3000,ARI @ SF,2026-09-27T20:05:00.0000000Z,OUT,False,2026-09-24T14:50:53+00:00
153772,1114364,Shedrick Jackson,WR,BAL,3000,BAL @ DAL,2026-09-27T20:25:00.0000000Z,,False,2026-09-24T14:50:53+00:00
153772,1121887,Justin Shorter,WR,LV,3000,LV @ NO,2026-09-27T20:25:00.0000000Z,IR,False,2026-09-24T14:50:53+00:00
153772,1123496,Simi Fehoko,WR,ARI,3000,ARI @ SF,2026-09-27T20:05:00.0000000Z,,False,2026-09-24T14:50:53+00:00
153772,1124664,Cedric Tillman,WR,NO,3000,LV @ NO,2026-09-27T20:25:00.0000000Z,,False,2026-09-24T14:50:53+00:00
153772,1130213,Ronnie Bell,WR,LV,3000,LV @ NO,2026-09-27T20:25:00.0000000Z,,False,2026-09-24T14:50:53+00:00
153772,1130526,Kevin Austin Jr.,WR,NO,3000,LV @ NO,2026-09-27T20:25:00.0000000Z,,False,2026-09-24T14:50:53+00:00
153772,1130833,Deven Thompkins,WR,LV,3000,LV @ NO,2026-09-27T20:25:00.0000000Z,,False,2026-09-24T14:50:53+00:00
153772,1161416,Ricky Pearsall,WR,SF,3000,ARI @ SF,2026-09-27T20:05:00.0000000Z,IR,False,2026-09-24T14:50:53+00:00
153772,1161739,Trey Palmer,WR,NO,3000,LV @ NO,2026-09-27T20:25:00.0000000Z,,False,2026-09-24T14:50:53+00:00
153772,1170916,Jalen Moreno-Cropper,WR,NO,3000,LV @ NO,2026-09-27T20:25:00.0000000Z,,False,2026-09-24T14:50:53+00:00
153772,1176782,Jonathan Mingo,WR,DAL,3000,BAL @ DAL,2026-09-27T20:25:00.0000000Z,,False,2026-09-24T14:50:53+00:00
153772,1180557,Kyrese Rowan,WR,NO,3000,LV @ NO,2026-09-27T20:25:00.0000000Z,,False,2026-09-24T14:50:53+00:00
153772,1182695,Mason Tipton,WR,NO,3000,LV @ NO,2026-09-27T20:25:00.0000000Z,OUT,False,2026-09-24T14:50:53+00:00
153772,1213897,Garrett Greene,WR,TB,3000,MIN @ TB,2026-09-27T20:05:00.0000000Z,,False,2026-09-24T14:50:53+00:00
153772,1214733,Corey Rucker,WR,LV,3000,LV @ NO,2026-09-27T20:25:00.0000000Z,IR,False,2026-09-24T14:50:53+00:00
153772,1214837,Tez Johnson,WR,TB,3000,MIN @ TB,2026-09-27T20:05:00.0000000Z,,False,2026-09-24T14:50:53+00:00
153772,1215379,Xavier Guillory,WR,BAL,3000,BAL @ DAL,2026-09-27T20:25:00.0000000Z,,False,2026-09-24T14:50:53+00:00
153772,1222614,Anthony Smith,WR,DAL,3000,BAL @ DAL,2026-09-27T20:25:00.0000000Z,,False,2026-09-24T14:50:53+00:00
153772,1223301,Jalen Brooks,WR,ARI,3000,ARI @ SF,2026-09-27T20:05:00.0000000Z,,False,2026-09-24T14:50:53+00:00
153772,1228728,Myles Price,WR,MIN,3000,MIN @ TB,2026-09-27T20:05:00.0000000Z,,False,2026-09-24T14:50:53+00:00
153772,1231033,LaJohntay Wester,WR,BAL,3000,BAL @ DAL,2026-09-27T20:25:00.0000000Z,,False,2026-09-24T14:50:53+00:00
153772,1272873,Michael Briscoe,WR,MIN,3000,MIN @ TB,2026-09-27T20:05:00.0000000Z,,False,2026-09-24T14:50:53+00:00
153772,1286164,Dont'e Thornton Jr.,WR,LV,3000,LV @ NO,2026-09-27T20:25:00.0000000Z,IR,False,2026-09-24T14:50:53+00:00
153772,1286818,De'Zhaun Stribling,WR,SF,3000,ARI @ SF,2026-09-27T20:05:00.0000000Z,IR,False,2026-09-24T14:50:53+00:00
153772,1287587,Tai Felton,WR,MIN,3000,MIN @ TB,2026-09-27T20:05:00.0000000Z,,False,2026-09-24T14:50:53+00:00
153772,1287810,Harrison Wallace III,WR,ARI,3000,ARI @ SF,2026-09-27T20:05:00.0000000Z,,False,2026-09-24T14:50:53+00:00
153772,1288045,Will Pauling,WR,SF,3000,ARI @ SF,2026-09-27T20:05:00.0000000Z,,False,2026-09-24T14:50:53+00:00
153772,1290418,Dean Patterson IV,WR,TB,3000,MIN @ TB,2026-09-27T20:05:00.0000000Z,,False,2026-09-24T14:50:53+00:00
153772,1323007,Gage Larvadain,WR,BAL,3000,BAL @ DAL,2026-09-27T20:25:00.0000000Z,,False,2026-09-24T14:50:53+00:00
153772,1325016,Bryce Lance,WR,NO,3000,LV @ NO,2026-09-27T20:25:00.0000000Z,,False,2026-09-24T14:50:53+00:00
153772,1379331,Jordan Hudson,WR,DAL,3000,BAL @ DAL,2026-09-27T20:25:00.0000000Z,,False,2026-09-24T14:50:53+00:00
153772,1384869,Dareke Young,WR,LV,3000,LV @ NO,2026-09-27T20:25:00.0000000Z,Q,False,2026-09-24T14:50:53+00:00
153772,1389217,Camden Brown,WR,DAL,3000,BAL @ DAL,2026-09-27T20:25:00.0000000Z,,False,2026-09-24T14:50:53+00:00
153772,1390913,Wesley Grimes,WR,SF,3000,ARI @ SF,2026-09-27T20:05:00.0000000Z,,False,2026-09-24T14:50:53+00:00
153772,1390939,Reggie Virgil,WR,ARI,3000,ARI @ SF,2026-09-27T20:05:00.0000000Z,,False,2026-09-24T14:50:53+00:00
153772,1394692,Jordyn Tyson,WR,NO,3000,LV @ NO,2026-09-27T20:25:00.0000000Z,IR,False,2026-09-24T14:50:53+00:00
153772,1395843,Barion Brown,WR,NO,3000,LV @ NO,2026-09-27T20:25:00.0000000Z,Q,False,2026-09-24T14:50:53+00:00
153772,1396942,Dillon Bell,WR,MIN,3000,MIN @ TB,2026-09-27T20:05:00.0000000Z,,False,2026-09-24T14:50:53+00:00
153772,1412326,Kameron Johnson,WR,TB,3000,MIN @ TB,2026-09-27T20:05:00.0000000Z,,False,2026-09-24T14:50:53+00:00
153772,1441191,Malik Benson,WR,LV,3000,LV @ NO,2026-09-27T20:25:00.0000000Z,,False,2026-09-24T14:50:53+00:00
153772,1446502,Eric Rivers Jr.,WR,TB,3000,MIN @ TB,2026-09-27T20:05:00.0000000Z,,False,2026-09-24T14:50:53+00:00
153772,1458888,Ja'Kobi Lane,WR,BAL,3000,BAL @ DAL,2026-09-27T20:25:00.0000000Z,IR,False,2026-09-24T14:50:53+00:00
153772,1521285,Ted Hurst III,WR,TB,3000,MIN @ TB,2026-09-27T20:05:00.0000000Z,,False,2026-09-24T14:50:53+00:00
153772,606551,Chris Moore,WR,BAL,3100,BAL @ DAL,2026-09-27T20:25:00.0000000Z,Q,False,2026-09-24T14:50:53+00:00
153772,1222835,Jordan Watkins,WR,SF,3100,ARI @ SF,2026-09-27T20:05:00.0000000Z,,False,2026-09-24T14:50:53+00:00
153772,1057484,Cody White,WR,LV,3200,LV @ NO,2026-09-27T20:25:00.0000000Z,,False,2026-09-24T14:50:53+00:00
153772,1181861,Jacob Cowing,WR,SF,3300,ARI @ SF,2026-09-27T20:05:00.0000000Z,,False,2026-09-24T14:50:53+00:00
153772,1392584,Elijah Sarratt,WR,BAL,3400,BAL @ DAL,2026-09-27T20:25:00.0000000Z,,False,2026-09-24T14:50:53+00:00
153772,607864,Brandin Cooks,WR,SF,3500,ARI @ SF,2026-09-27T20:05:00.0000000Z,,False,2026-09-24T14:50:53+00:00
153772,1277914,Devontez Walker,WR,BAL,3500,BAL @ DAL,2026-09-27T20:25:00.0000000Z,,False,2026-09-24T14:50:53+00:00
153772,1286046,Jack Bech,WR,LV,3500,LV @ NO,2026-09-27T20:25:00.0000000Z,,False,2026-09-24T14:50:53+00:00
153772,867009,Jauan Jennings,WR,MIN,3600,MIN @ TB,2026-09-27T20:05:00.0000000Z,,False,2026-09-24T14:50:53+00:00
153772,754412,Kendrick Bourne,WR,ARI,3700,ARI @ SF,2026-09-27T20:05:00.0000000Z,,False,2026-09-24T14:50:53+00:00
153772,1126817,Jalen Nailor,WR,LV,3700,LV @ NO,2026-09-27T20:25:00.0000000Z,,False,2026-09-24T14:50:53+00:00
153772,727279,Demarcus Robinson,WR,SF,3800,ARI @ SF,2026-09-27T20:05:00.0000000Z,OUT,False,2026-09-24T14:50:53+00:00
153772,1393832,Ryan Flournoy,WR,DAL,3800,BAL @ DAL,2026-09-27T20:25:00.0000000Z,,False,2026-09-24T14:50:53+00:00
153772,1213726,Jalen McMillan,WR,TB,4100,MIN @ TB,2026-09-27T20:05:00.0000000Z,,False,2026-09-24T14:50:53+00:00
153772,1164788,Devaughn Vele,WR,NO,4400,LV @ NO,2026-09-27T20:25:00.0000000Z,,False,2026-09-24T14:50:53+00:00
153772,1108208,Rashod Bateman,WR,BAL,4700,BAL @ DAL,2026-09-27T20:25:00.0000000Z,,False,2026-09-24T14:50:53+00:00
153772,1287828,Marvin Harrison Jr.,WR,ARI,4700,ARI @ SF,2026-09-27T20:05:00.0000000Z,,False,2026-09-24T14:50:53+00:00
153772,1214250,Jordan Addison,WR,MIN,4900,MIN @ TB,2026-09-27T20:05:00.0000000Z,,False,2026-09-24T14:50:53+00:00
153772,1164979,Tre Tucker,WR,LV,5000,LV @ NO,2026-09-27T20:25:00.0000000Z,,False,2026-09-24T14:50:53+00:00
153772,1123529,Michael Wilson,WR,ARI,5200,ARI @ SF,2026-09-27T20:05:00.0000000Z,,False,2026-09-24T14:50:53+00:00
153772,835127,Chris Godwin Jr.,WR,TB,5300,MIN @ TB,2026-09-27T20:05:00.0000000Z,,False,2026-09-24T14:50:53+00:00
153772,835749,Deebo Samuel Sr.,WR,SF,5300,ARI @ SF,2026-09-27T20:05:00.0000000Z,,False,2026-09-24T14:50:53+00:00
153772,1287825,Emeka Egbuka,WR,TB,6200,MIN @ TB,2026-09-27T20:05:00.0000000Z,,False,2026-09-24T14:50:53+00:00
153772,1172053,George Pickens,WR,DAL,6600,BAL @ DAL,2026-09-27T20:25:00.0000000Z,,False,2026-09-24T14:50:53+00:00
153772,593587,Mike Evans,WR,SF,6800,ARI @ SF,2026-09-27T20:05:00.0000000Z,Q,False,2026-09-24T14:50:53+00:00
153772,1177053,Zay Flowers,WR,BAL,6900,BAL @ DAL,2026-09-27T20:25:00.0000000Z,Q,False,2026-09-24T14:50:53+00:00
153772,1122592,Chris Olave,WR,NO,7200,LV @ NO,2026-09-27T20:25:00.0000000Z,,False,2026-09-24T14:50:53+00:00
153772,1069535,Justin Jefferson,WR,MIN,7500,MIN @ TB,2026-09-27T20:05:00.0000000Z,,False,2026-09-24T14:50:53+00:00
153772,1062020,CeeDee Lamb,WR,DAL,7800,BAL @ DAL,2026-09-27T20:25:00.0000000Z,,False,2026-09-24T14:50:53+00:00
153773,331,Cowboys,DST,DAL,2400,BAL @ DAL,2026-09-27T20:25:00.0000000Z,,False,2026-09-24T14:50:53+00:00
153773,341,Raiders,DST,LV,2600,LV @ NO,2026-09-27T20:25:00.0000000Z,,False,2026-09-24T14:50:53+00:00
153773,366,Ravens,DST,BAL,2800,BAL @ DAL,2026-09-27T20:25:00.0000000Z,,False,2026-09-24T14:50:53+00:00
153773,350,Saints,DST,NO,3300,LV @ NO,2026-09-27T20:25:00.0000000Z,,False,2026-09-24T14:50:53+00:00
153773,913163,Tyler Huntley,QB,BAL,4000,BAL @ DAL,2026-09-27T20:25:00.0000000Z,,False,2026-09-24T14:50:53+00:00
153773,913829,Skylar Thompson,QB,BAL,4000,BAL @ DAL,2026-09-27T20:25:00.0000000Z,IR,False,2026-09-24T14:50:53+00:00
153773,1066811,Aidan O'Connell,QB,LV,4000,LV @ NO,2026-09-27T20:25:00.0000000Z,Q,False,2026-09-24T14:50:53+00:00
153773,1108052,Zach Wilson,QB,NO,4000,LV @ NO,2026-09-27T20:25:00.0000000Z,,False,2026-09-24T14:50:53+00:00
153773,1112338,Joe Milton III,QB,DAL,4000,BAL @ DAL,2026-09-27T20:25:00.0000000Z,,False,2026-09-24T14:50:53+00:00
153773,1168245,Sam Howell,QB,DAL,4000,BAL @ DAL,2026-09-27T20:25:00.0000000Z,,False,2026-09-24T14:50:53+00:00
153773,1169299,Joe Fagnano,QB,BAL,4000,BAL @ DAL,2026-09-27T20:25:00.0000000Z,,False,2026-09-24T14:50:53+00:00
153773,1174752,Spencer Rattler,QB,NO,4000,LV @ NO,2026-09-27T20:25:00.0000000Z,,False,2026-09-24T14:50:53+00:00
153773,1400786,Fernando Mendoza,QB,LV,4300,LV @ NO,2026-09-27T20:25:00.0000000Z,,False,2026-09-24T14:50:53+00:00
153773,403308,Kirk Cousins,QB,LV,4800,LV @ NO,2026-09-27T20:25:00.0000000Z,,False,2026-09-24T14:50:53+00:00
153773,1110306,Tyler Shough,QB,NO,5400,LV @ NO,2026-09-27T20:25:00.0000000Z,,False,2026-09-24T14:50:53+00:00
153773,591816,Dak Prescott,QB,DAL,6700,BAL @ DAL,2026-09-27T20:25:00.0000000Z,,False,2026-09-24T14:50:53+00:00
153773,877745,Lamar Jackson,QB,BAL,7500,BAL @ DAL,2026-09-27T20:25:00.0000000Z,,False,2026-09-24T14:50:53+00:00
153773,703015,Dare Ogunbowale,RB,LV,4000,LV @ NO,2026-09-27T20:25:00.0000000Z,,False,2026-09-24T14:50:53+00:00
153773,912553,Jonathan Ward,RB,BAL,4000,BAL @ DAL,2026-09-27T20:25:00.0000000Z,,False,2026-09-24T14:50:53+00:00
153773,975028,Malik Davis,RB,DAL,4000,BAL @ DAL,2026-09-27T20:25:00.0000000Z,IR,False,2026-09-24T14:50:53+00:00
153773,1057457,Connor Heyward,RB,LV,4000,LV @ NO,2026-09-27T20:25:00.0000000Z,,False,2026-09-24T14:50:53+00:00
153773,1059576,Ty Chandler,RB,NO,4000,LV @ NO,2026-09-27T20:25:00.0000000Z,IR,False,2026-09-24T14:50:53+00:00
153773,1110697,Zamir White,RB,NO,4000,LV @ NO,2026-09-27T20:25:00.0000000Z,,False,2026-09-24T14:50:53+00:00
153773,1122182,Dylan Laube,RB,LV,4000,LV @ NO,2026-09-27T20:25:00.0000000Z,,False,2026-09-24T14:50:53+00:00
153773,1130976,Hunter Luepke,RB,DAL,4000,BAL @ DAL,2026-09-27T20:25:00.0000000Z,,False,2026-09-24T14:50:53+00:00
153773,1168918,Tyler Goodson,RB,DAL,4000,BAL @ DAL,2026-09-27T20:25:00.0000000Z,,False,2026-09-24T14:50:53+00:00
153773,1214249,Israel Abanikanda,RB,DAL,4000,BAL @ DAL,2026-09-27T20:25:00.0000000Z,,False,2026-09-24T14:50:53+00:00
153773,1215974,Chris Collier,RB,LV,4000,LV @ NO,2026-09-27T20:25:00.0000000Z,IR,False,2026-09-24T14:50:53+00:00
153773,1229133,Rasheen Ali,RB,BAL,4000,BAL @ DAL,2026-09-27T20:25:00.0000000Z,,False,2026-09-24T14:50:53+00:00
153773,1317230,Roman Hemby,RB,LV,4000,LV @ NO,2026-09-27T20:25:00.0000000Z,,False,2026-09-24T14:50:53+00:00
153773,1378284,Adam Randall,RB,BAL,4000,BAL @ DAL,2026-09-27T20:25:00.0000000Z,IR,False,2026-09-24T14:50:53+00:00
153773,1395681,CJ Donaldson,RB,NO,4000,LV @ NO,2026-09-27T20:25:00.0000000Z,,False,2026-09-24T14:50:53+00:00
153773,1289428,Mike Washington Jr.,RB,LV,4100,LV @ NO,2026-09-27T20:25:00.0000000Z,,False,2026-09-24T14:50:53+00:00
153773,923109,Justice Hill,RB,BAL,4200,BAL @ DAL,2026-09-27T20:25:00.0000000Z,,False,2026-09-24T14:50:53+00:00
153773,1116817,Emari Demercado,RB,DAL,4200,BAL @ DAL,2026-09-27T20:25:00.0000000Z,,False,2026-09-24T14:50:53+00:00
153773,1213867,Kendre Miller,RB,NO,4300,LV @ NO,2026-09-27T20:25:00.0000000Z,,False,2026-09-24T14:50:53+00:00
153773,750846,Alvin Kamara,RB,NO,4800,LV @ NO,2026-09-27T20:25:00.0000000Z,,False,2026-09-24T14:50:53+00:00
153773,978577,Travis Etienne Jr.,RB,NO,5800,LV @ NO,2026-09-27T20:25:00.0000000Z,Q,False,2026-09-24T14:50:53+00:00
153773,1107881,Javonte Williams,RB,DAL,6700,BAL @ DAL,2026-09-27T20:25:00.0000000Z,,False,2026-09-24T14:50:53+00:00
153773,1379646,Ashton Jeanty,RB,LV,7100,LV @ NO,2026-09-27T20:25:00.0000000Z,,False,2026-09-24T14:50:53+00:00
153773,732145,Derrick Henry,RB,BAL,7700,BAL @ DAL,2026-09-27T20:25:00.0000000Z,,False,2026-09-24T14:50:53+00:00
153773,606488,Nick Vannett,TE,BAL,2500,BAL @ DAL,2026-09-27T20:25:00.0000000Z,,False,2026-09-24T14:50:53+00:00
153773,606799,Zach Wood,TE,NO,2500,LV @ NO,2026-09-27T20:25:00.0000000Z,IR,False,2026-09-24T14:50:53+00:00
153773,749968,Durham Smythe,TE,BAL,2500,BAL @ DAL,2026-09-27T20:25:00.0000000Z,,False,2026-09-24T14:50:53+00:00
153773,838318,Chris Myarick,TE,LV,2500,LV @ NO,2026-09-27T20:25:00.0000000Z,,False,2026-09-24T14:50:53+00:00
153773,943093,Ian Thomas,TE,LV,2500,LV @ NO,2026-09-27T20:25:00.0000000Z,,False,2026-09-24T14:50:53+00:00
153773,1056865,Stone Smartt,TE,NO,2500,LV @ NO,2026-09-27T20:25:00.0000000Z,,False,2026-09-24T14:50:53+00:00
153773,1059585,Princeton Fant,TE,DAL,2500,BAL @ DAL,2026-09-27T20:25:00.0000000Z,IR,False,2026-09-24T14:50:53+00:00
153773,1108202,Brevyn Spann-Ford,TE,DAL,2500,BAL @ DAL,2026-09-27T20:25:00.0000000Z,,False,2026-09-24T14:50:53+00:00
153773,1123712,James Mitchell,TE,DAL,2500,BAL @ DAL,2026-09-27T20:25:00.0000000Z,,False,2026-09-24T14:50:53+00:00
153773,1130242,Luke Schoonmaker,TE,DAL,2500,BAL @ DAL,2026-09-27T20:25:00.0000000Z,,False,2026-09-24T14:50:53+00:00
153773,1172752,Treyton Welch,TE,NO,2500,LV @ NO,2026-09-27T20:25:00.0000000Z,,False,2026-09-24T14:50:53+00:00
153773,1229693,Matt Hibner,TE,BAL,2500,BAL @ DAL,2026-09-27T20:25:00.0000000Z,,False,2026-09-24T14:50:53+00:00
153773,1229749,Patrick Gurd,TE,LV,2500,LV @ NO,2026-09-27T20:25:00.0000000Z,,False,2026-09-24T14:50:53+00:00
153773,1286173,Moliki Matavao,TE,NO,2500,LV @ NO,2026-09-27T20:25:00.0000000Z,IR,False,2026-09-24T14:50:53+00:00
153773,1286401,DJ Rogers,TE,DAL,2500,BAL @ DAL,2026-09-27T20:25:00.0000000Z,IR,False,2026-09-24T14:50:53+00:00
153773,1319948,Josh Cuevas,TE,BAL,2500,BAL @ DAL,2026-09-27T20:25:00.0000000Z,,False,2026-09-24T14:50:53+00:00
153773,1323708,Michael Trigg,TE,DAL,2500,BAL @ DAL,2026-09-27T20:25:00.0000000Z,,False,2026-09-24T14:50:53+00:00
153773,1381105,Oscar Delp,TE,NO,2500,LV @ NO,2026-09-27T20:25:00.0000000Z,,False,2026-09-24T14:50:53+00:00
153773,1404295,Ty Pezza,TE,BAL,2500,BAL @ DAL,2026-09-27T20:25:00.0000000Z,,False,2026-09-24T14:50:53+00:00
153773,1468632,Carter Runyon,TE,LV,2500,LV @ NO,2026-09-27T20:25:00.0000000Z,IR,False,2026-09-24T14:50:53+00:00
153773,923911,Noah Fant,TE,NO,3200,LV @ NO,2026-09-27T20:25:00.0000000Z,,False,2026-09-24T14:50:53+00:00
153773,1232592,Michael Mayer,TE,LV,3300,LV @ NO,2026-09-27T20:25:00.0000000Z,,False,2026-09-24T14:50:53+00:00
153773,884609,Juwan Johnson,TE,NO,3700,LV @ NO,2026-09-27T20:25:00.0000000Z,,False,2026-09-24T14:50:53+00:00
153773,1065361,Jake Ferguson,TE,DAL,4100,BAL @ DAL,2026-09-27T20:25:00.0000000Z,,False,2026-09-24T14:50:53+00:00
153773,820699,Mark Andrews,TE,BAL,4400,BAL @ DAL,2026-09-27T20:25:00.0000000Z,,False,2026-09-24T14:50:53+00:00
153773,1285917,Brock Bowers,TE,LV,6600,LV @ NO,2026-09-27T20:25:00.0000000Z,Q,False,2026-09-24T14:50:53+00:00
153773,865958,KaVontae Turpin,WR,DAL,3000,BAL @ DAL,2026-09-27T20:25:00.0000000Z,,False,2026-09-24T14:50:53+00:00
153773,1114364,Shedrick Jackson,WR,BAL,3000,BAL @ DAL,2026-09-27T20:25:00.0000000Z,,False,2026-09-24T14:50:53+00:00
153773,1121887,Justin Shorter,WR,LV,3000,LV @ NO,2026-09-27T20:25:00.0000000Z,IR,False,2026-09-24T14:50:53+00:00
153773,1124664,Cedric Tillman,WR,NO,3000,LV @ NO,2026-09-27T20:25:00.0000000Z,,False,2026-09-24T14:50:53+00:00
153773,1130213,Ronnie Bell,WR,LV,3000,LV @ NO,2026-09-27T20:25:00.0000000Z,,False,2026-09-24T14:50:53+00:00
153773,1130526,Kevin Austin Jr.,WR,NO,3000,LV @ NO,2026-09-27T20:25:00.0000000Z,,False,2026-09-24T14:50:53+00:00
153773,1130833,Deven Thompkins,WR,LV,3000,LV @ NO,2026-09-27T20:25:00.0000000Z,,False,2026-09-24T14:50:53+00:00
153773,1161739,Trey Palmer,WR,NO,3000,LV @ NO,2026-09-27T20:25:00.0000000Z,,False,2026-09-24T14:50:53+00:00
153773,1170916,Jalen Moreno-Cropper,WR,NO,3000,LV @ NO,2026-09-27T20:25:00.0000000Z,,False,2026-09-24T14:50:53+00:00
153773,1176782,Jonathan Mingo,WR,DAL,3000,BAL @ DAL,2026-09-27T20:25:00.0000000Z,,False,2026-09-24T14:50:53+00:00
153773,1180557,Kyrese Rowan,WR,NO,3000,LV @ NO,2026-09-27T20:25:00.0000000Z,,False,2026-09-24T14:50:53+00:00
153773,1182695,Mason Tipton,WR,NO,3000,LV @ NO,2026-09-27T20:25:00.0000000Z,OUT,False,2026-09-24T14:50:53+00:00
153773,1214733,Corey Rucker,WR,LV,3000,LV @ NO,2026-09-27T20:25:00.0000000Z,IR,False,2026-09-24T14:50:53+00:00
153773,1215379,Xavier Guillory,WR,BAL,3000,BAL @ DAL,2026-09-27T20:25:00.0000000Z,,False,2026-09-24T14:50:53+00:00
153773,1222614,Anthony Smith,WR,DAL,3000,BAL @ DAL,2026-09-27T20:25:00.0000000Z,,False,2026-09-24T14:50:53+00:00
153773,1231033,LaJohntay Wester,WR,BAL,3000,BAL @ DAL,2026-09-27T20:25:00.0000000Z,,False,2026-09-24T14:50:53+00:00
153773,1286164,Dont'e Thornton Jr.,WR,LV,3000,LV @ NO,2026-09-27T20:25:00.0000000Z,IR,False,2026-09-24T14:50:53+00:00
153773,1323007,Gage Larvadain,WR,BAL,3000,BAL @ DAL,2026-09-27T20:25:00.0000000Z,,False,2026-09-24T14:50:53+00:00
153773,1325016,Bryce Lance,WR,NO,3000,LV @ NO,2026-09-27T20:25:00.0000000Z,,False,2026-09-24T14:50:53+00:00
153773,1379331,Jordan Hudson,WR,DAL,3000,BAL @ DAL,2026-09-27T20:25:00.0000000Z,,False,2026-09-24T14:50:53+00:00
153773,1384869,Dareke Young,WR,LV,3000,LV @ NO,2026-09-27T20:25:00.0000000Z,Q,False,2026-09-24T14:50:53+00:00
153773,1389217,Camden Brown,WR,DAL,3000,BAL @ DAL,2026-09-27T20:25:00.0000000Z,,False,2026-09-24T14:50:53+00:00
153773,1394692,Jordyn Tyson,WR,NO,3000,LV @ NO,2026-09-27T20:25:00.0000000Z,IR,False,2026-09-24T14:50:53+00:00
153773,1395843,Barion Brown,WR,NO,3000,LV @ NO,2026-09-27T20:25:00.0000000Z,Q,False,2026-09-24T14:50:53+00:00
153773,1441191,Malik Benson,WR,LV,3000,LV @ NO,2026-09-27T20:25:00.0000000Z,,False,2026-09-24T14:50:53+00:00
153773,1458888,Ja'Kobi Lane,WR,BAL,3000,BAL @ DAL,2026-09-27T20:25:00.0000000Z,IR,False,2026-09-24T14:50:53+00:00
153773,606551,Chris Moore,WR,BAL,3100,BAL @ DAL,2026-09-27T20:25:00.0000000Z,Q,False,2026-09-24T14:50:53+00:00
153773,1057484,Cody White,WR,LV,3200,LV @ NO,2026-09-27T20:25:00.0000000Z,,False,2026-09-24T14:50:53+00:00
153773,1392584,Elijah Sarratt,WR,BAL,3400,BAL @ DAL,2026-09-27T20:25:00.0000000Z,,False,2026-09-24T14:50:53+00:00
153773,1277914,Devontez Walker,WR,BAL,3500,BAL @ DAL,2026-09-27T20:25:00.0000000Z,,False,2026-09-24T14:50:53+00:00
153773,1286046,Jack Bech,WR,LV,3500,LV @ NO,2026-09-27T20:25:00.0000000Z,,False,2026-09-24T14:50:53+00:00
153773,1126817,Jalen Nailor,WR,LV,3700,LV @ NO,2026-09-27T20:25:00.0000000Z,,False,2026-09-24T14:50:53+00:00
153773,1393832,Ryan Flournoy,WR,DAL,3800,BAL @ DAL,2026-09-27T20:25:00.0000000Z,,False,2026-09-24T14:50:53+00:00
153773,1164788,Devaughn Vele,WR,NO,4400,LV @ NO,2026-09-27T20:25:00.0000000Z,,False,2026-09-24T14:50:53+00:00
153773,1108208,Rashod Bateman,WR,BAL,4700,BAL @ DAL,2026-09-27T20:25:00.0000000Z,,False,2026-09-24T14:50:53+00:00
153773,1164979,Tre Tucker,WR,LV,5000,LV @ NO,2026-09-27T20:25:00.0000000Z,,False,2026-09-24T14:50:53+00:00
153773,1172053,George Pickens,WR,DAL,6600,BAL @ DAL,2026-09-27T20:25:00.0000000Z,,False,2026-09-24T14:50:53+00:00
153773,1177053,Zay Flowers,WR,BAL,6900,BAL @ DAL,2026-09-27T20:25:00.0000000Z,Q,False,2026-09-24T14:50:53+00:00
153773,1122592,Chris Olave,WR,NO,7200,LV @ NO,2026-09-27T20:25:00.0000000Z,,False,2026-09-24T14:50:53+00:00
153773,1062020,CeeDee Lamb,WR,DAL,7800,BAL @ DAL,2026-09-27T20:25:00.0000000Z,,False,2026-09-24T14:50:53+00:00
