game_id,nhl_game_id,season,kickoff,home_team,away_team,home_b2b,away_b2b,lambda_home,lambda_away,home_edge,home_mean,away_mean,total_mean,p_home,p_reg_home,p_reg_away,p_ot,p_ot_home,p_home_minus_1_5,p_away_minus_1_5,p_over_4.5,p_over_5.5,p_over_6.5,p_over_7.5,top,off_home,def_home,pp_home,pk_home,finish_home,goalie_home,off_away,def_away,pp_away,pk_away,finish_away,goalie_away,home_goalies,away_goalies,model_version,refreshed_at
401891821,2026020006,2026,2026-09-30T23:30:00+00:00,PHI,PIT,False,False,2.627,2.619,0.245,2.997,2.981,5.978,0.508,0.394,0.382,0.224,0.510,0.301,0.297,0.753,0.519,0.412,0.222,"[[3, 2, 0.0693], [2, 3, 0.0654], [4, 3, 0.0523]]",-0.293,0.282,-0.231,0.585,-0.062,0.074,0.070,0.114,0.230,0.440,0.038,-0.056,"[{""id"": 8478435, ""name"": ""Dan Vladar"", ""p"": 0.9193, ""gsax"": 0.0968}, {""id"": 8481035, ""name"": ""Samuel Ersson"", ""p"": 0.0804, ""gsax"": -0.188}, {""id"": 8482783, ""name"": ""Aleksei Kolosov"", ""p"": 0.0004, ""gsax"": -0.0935}, {""id"": 8478905, ""name"": ""Ivan Fedotov"", ""p"": 0.0, ""gsax"": -0.1127}, {""id"": 8478433, ""name"": ""Felix Sandstrom"", ""p"": 0.0, ""gsax"": -0.0673}, {""id"": 8477361, ""name"": ""Calvin Petersen"", ""p"": 0.0, ""gsax"": -0.0568}, {""id"": 8479394, ""name"": ""Carter Hart"", ""p"": 0.0, ""gsax"": -0.0181}, {""id"": 8474889, ""name"": ""Martin Jones"", ""p"": 0.0, ""gsax"": -0.0316}, {""id"": 8470880, ""name"": ""Brian Elliott"", ""p"": 0.0, ""gsax"": -0.0255}, {""id"": 8479312, ""name"": ""Alex Lyon"", ""p"": 0.0, ""gsax"": 0.1675}, {""id"": 8475660, ""name"": ""Cam Talbot"", ""p"": 0.0, ""gsax"": -0.1184}, {""id"": 8476932, ""name"": ""Anthony Stolarz"", ""p"": 0.0, ""gsax"": 0.0761}, {""id"": 8473607, ""name"": ""Michal Neuvirth"", ""p"": 0.0, ""gsax"": -0.0048}, {""id"": 8470093, ""name"": ""Mike McKenna"", ""p"": 0.0, ""gsax"": -0.0039}, {""id"": 8475717, ""name"": ""Calvin Pickard"", ""p"": 0.0, ""gsax"": -0.0884}, {""id"": 8475852, ""name"": ""Petr Mrazek"", ""p"": 0.0, ""gsax"": -0.1511}, {""id"": 8473461, ""name"": ""Steve Mason"", ""p"": 0.0, ""gsax"": 0.0001}, {""id"": 8469548, ""name"": ""Ray Emery"", ""p"": 0.0, ""gsax"": -0.0004}, {""id"": 8467972, ""name"": ""Rob Zepp"", ""p"": 0.0, ""gsax"": -0.0001}, {""id"": 8476763, ""name"": ""Calvin Heeter"", ""p"": 0.0, ""gsax"": -0.0}, {""id"": 8468524, ""name"": ""Ilya Bryzgalov"", ""p"": 0.0, ""gsax"": -0.0007}, {""id"": 8462052, ""name"": ""Brian Boucher"", ""p"": 0.0, ""gsax"": 0.0}, {""id"": 8468038, ""name"": ""Michael Leighton"", ""p"": 0.0, ""gsax"": -0.0003}, {""id"": 8475683, ""name"": ""Sergei Bobrovsky"", ""p"": 0.0, ""gsax"": -0.1047}]","[{""id"": 8481668, ""name"": ""Arturs Silovs"", ""p"": 0.5057, ""gsax"": -0.11}, {""id"": 8479973, ""name"": ""Stuart Skinner"", ""p"": 0.4939, ""gsax"": 0.0004}, {""id"": 8477465, ""name"": ""Tristan Jarry"", ""p"": 0.0003, ""gsax"": -0.1866}, {""id"": 8483703, ""name"": ""Sergei Murashov"", ""p"": 0.0001, ""gsax"": -0.0113}, {""id"": 8477968, ""name"": ""Alex Nedeljkovic"", ""p"": 0.0, ""gsax"": -0.0512}, {""id"": 8482446, ""name"": ""Joel Blomqvist"", ""p"": 0.0, ""gsax"": -0.0648}, {""id"": 8476433, ""name"": ""Magnus Hellberg"", ""p"": 0.0, ""gsax"": -0.0179}, {""id"": 8479193, ""name"": ""Casey DeSmith"", ""p"": 0.0, ""gsax"": 0.1038}, {""id"": 8474682, ""name"": ""Dustin Tokarski"", ""p"": 0.0, ""gsax"": -0.018}, {""id"": 8475839, ""name"": ""Louis Domingue"", ""p"": 0.0, ""gsax"": -0.0011}, {""id"": 8476509, ""name"": ""Maxime Lagace"", ""p"": 0.0, ""gsax"": -0.008}, {""id"": 8476899, ""name"": ""Matt Murray"", ""p"": 0.0, ""gsax"": 0.0033}, {""id"": 8474550, ""name"": ""Antti Niemi"", ""p"": 0.0, ""gsax"": -0.0033}, {""id"": 8470594, ""name"": ""Marc-Andre Fleury"", ""p"": 0.0, ""gsax"": -0.1192}, {""id"": 8473553, ""name"": ""Jeff Zatkoff"", ""p"": 0.0, ""gsax"": -0.0015}, {""id"": 8471306, ""name"": ""Thomas Greiss"", ""p"": 0.0, ""gsax"": -0.0226}, {""id"": 8460712, ""name"": ""Tomas Vokoun"", ""p"": 0.0, ""gsax"": 0.0}, {""id"": 8462161, ""name"": ""Brent Johnson"", ""p"": 0.0, ""gsax"": 0.0}, {""id"": 8475097, ""name"": ""Brad Thiessen"", ""p"": 0.0, ""gsax"": 0.0}]",nhl-v1,2026-09-30T21:44:20+00:00
401892431,2026020008,2026,2026-09-30T23:30:00+00:00,TOR,NYI,True,False,2.548,2.787,0.245,2.911,3.148,6.059,0.468,0.358,0.421,0.221,0.497,0.270,0.333,0.764,0.533,0.426,0.233,"[[2, 3, 0.0664], [3, 2, 0.0657], [3, 4, 0.0515]]",-0.242,-0.178,-0.042,-0.569,0.078,0.001,-0.004,-0.038,-0.534,-0.768,-0.108,0.116,"[{""id"": 8479361, ""name"": ""Joseph Woll"", ""p"": 0.3802, ""gsax"": -0.0526}, {""id"": 8476932, ""name"": ""Anthony Stolarz"", ""p"": 0.2551, ""gsax"": 0.0761}, {""id"": 8482515, ""name"": ""Artur Akhtyamov"", ""p"": 0.1732, ""gsax"": -0.0073}, {""id"": 8483710, ""name"": ""Dennis Hildeby"", ""p"": 0.1158, ""gsax"": 0.0923}, {""id"": 8475683, ""name"": ""Sergei Bobrovsky"", ""p"": 0.0756, ""gsax"": -0.1047}, {""id"": 8480051, ""name"": ""Cayden Primeau"", ""p"": 0.0, ""gsax"": -0.1048}, {""id"": 8476899, ""name"": ""Matt Murray"", ""p"": 0.0, ""gsax"": 0.0033}, {""id"": 8478492, ""name"": ""Ilya Samsonov"", ""p"": 0.0, ""gsax"": -0.0548}, {""id"": 8474889, ""name"": ""Martin Jones"", ""p"": 0.0, ""gsax"": -0.0316}, {""id"": 8478902, ""name"": ""Erik Kallgren"", ""p"": 0.0, ""gsax"": -0.0075}, {""id"": 8475789, ""name"": ""Jack Campbell"", ""p"": 0.0, ""gsax"": -0.0356}, {""id"": 8475852, ""name"": ""Petr Mrazek"", ""p"": 0.0, ""gsax"": -0.1511}, {""id"": 8474636, ""name"": ""Michael Hutchinson"", ""p"": 0.0, ""gsax"": -0.0257}, {""id"": 8475883, ""name"": ""Frederik Andersen"", ""p"": 0.0, ""gsax"": 0.0948}, {""id"": 8479496, ""name"": ""David Rittich"", ""p"": 0.0, ""gsax"": -0.0167}, {""id"": 8479288, ""name"": ""Kasimir Kaskisuo"", ""p"": 0.0, ""gsax"": -0.0003}, {""id"": 8476343, ""name"": ""Garret Sparks"", ""p"": 0.0, ""gsax"": -0.0018}, {""id"": 8470147, ""name"": ""Curtis McElhinney"", ""p"": 0.0, ""gsax"": -0.0099}, {""id"": 8475717, ""name"": ""Calvin Pickard"", ""p"": 0.0, ""gsax"": -0.0884}, {""id"": 8477312, ""name"": ""Antoine Bibeau"", ""p"": 0.0, ""gsax"": 0.0003}, {""id"": 8473523, ""name"": ""Jhonas Enroth"", ""p"": 0.0, ""gsax"": -0.0008}, {""id"": 8473541, ""name"": ""Jonathan Bernier"", ""p"": 0.0, ""gsax"": 0.0003}, {""id"": 8473503, ""name"": ""James Reimer"", ""p"": 0.0, ""gsax"": 0.0222}, {""id"": 8469569, ""name"": ""Drew MacIntyre"", ""p"": 0.0, ""gsax"": -0.0}, {""id"": 8475681, ""name"": ""Ben Scrivens"", ""p"": 0.0, ""gsax"": -0.0011}, {""id"": 8475361, ""name"": ""Jonas Gustavsson"", ""p"": 0.0, ""gsax"": -0.0013}, {""id"": 8475680, ""name"": ""Jussi Rynnas"", ""p"": 0.0, ""gsax"": -0.0001}, {""id"": 8462044, ""name"": ""Jean-Sebastien Giguere"", ""p"": 0.0, ""gsax"": 0.0001}]","[{""id"": 8478009, ""name"": ""Ilya Sorokin"", ""p"": 0.7952, ""gsax"": 0.15}, {""id"": 8479496, ""name"": ""David Rittich"", ""p"": 0.2048, ""gsax"": -0.0167}, {""id"": 8477405, ""name"": ""Marcus Hogberg"", ""p"": 0.0, ""gsax"": -0.1171}, {""id"": 8480819, ""name"": ""Jakub Skarek"", ""p"": 0.0, ""gsax"": -0.0098}, {""id"": 8473575, ""name"": ""Semyon Varlamov"", ""p"": 0.0, ""gsax"": 0.0246}, {""id"": 8471239, ""name"": ""Cory Schneider"", ""p"": 0.0, ""gsax"": 0.0037}, {""id"": 8471306, ""name"": ""Thomas Greiss"", ""p"": 0.0, ""gsax"": -0.0226}, {""id"": 8475215, ""name"": ""Robin Lehner"", ""p"": 0.0, ""gsax"": 0.009}, {""id"": 8470860, ""name"": ""Jaroslav Halak"", ""p"": 0.0, ""gsax"": 0.0045}, {""id"": 8476444, ""name"": ""Christopher Gibson"", ""p"": 0.0, ""gsax"": -0.0027}, {""id"": 8475234, ""name"": ""J-F Berube"", ""p"": 0.0, ""gsax"": -0.0028}, {""id"": 8473607, ""name"": ""Michal Neuvirth"", ""p"": 0.0, ""gsax"": -0.0048}, {""id"": 8473434, ""name"": ""Chad Johnson"", ""p"": 0.0, ""gsax"": -0.0064}, {""id"": 8474690, ""name"": ""Kevin Poulin"", ""p"": 0.0, ""gsax"": -0.0}, {""id"": 8475195, ""name"": ""Anders Nilsson"", ""p"": 0.0, ""gsax"": -0.0036}, {""id"": 8460705, ""name"": ""Evgeni Nabokov"", ""p"": 0.0, ""gsax"": -0.0002}, {""id"": 8468481, ""name"": ""Rick DiPietro"", ""p"": 0.0, ""gsax"": 0.0}, {""id"": 8471219, ""name"": ""Al Montoya"", ""p"": 0.0, ""gsax"": -0.0013}, {""id"": 8474855, ""name"": ""Nathan Lawson"", ""p"": 0.0, ""gsax"": 0.0}, {""id"": 8475156, ""name"": ""Mikko Koskinen"", ""p"": 0.0, ""gsax"": -0.0025}, {""id"": 8460806, ""name"": ""Dwayne Roloson"", ""p"": 0.0, ""gsax"": 0.0}]",nhl-v1,2026-09-30T21:44:20+00:00
401891780,2026020007,2026,2026-10-01T02:00:00+00:00,COL,LAK,False,False,3.015,2.089,0.245,3.390,2.437,5.827,0.657,0.538,0.250,0.212,0.560,0.435,0.182,0.732,0.494,0.385,0.203,"[[3, 2, 0.0759], [4, 1, 0.0647], [2, 3, 0.0551]]",0.319,0.246,0.089,0.243,-0.011,0.132,-0.080,0.223,-0.074,0.118,-0.067,0.017,"[{""id"": 8475809, ""name"": ""Scott Wedgewood"", ""p"": 0.6432, ""gsax"": 0.1675}, {""id"": 8478406, ""name"": ""Mackenzie Blackwood"", ""p"": 0.3564, ""gsax"": 0.0672}, {""id"": 8481529, ""name"": ""Trent Miner"", ""p"": 0.0004, ""gsax"": 0.0297}, {""id"": 8480382, ""name"": ""Alexandar Georgiev"", ""p"": 0.0, ""gsax"": -0.1041}, {""id"": 8481020, ""name"": ""Justus Annunen"", ""p"": 0.0, ""gsax"": 0.1199}, {""id"": 8478039, ""name"": ""Kaapo Kahkonen"", ""p"": 0.0, ""gsax"": -0.0418}, {""id"": 8481031, ""name"": ""Ivan Prosvetov"", ""p"": 0.0, ""gsax"": -0.03}, {""id"": 8480925, ""name"": ""Pavel Francouz"", ""p"": 0.0, ""gsax"": 0.0021}, {""id"": 8477992, ""name"": ""Jonas Johansson"", ""p"": 0.0, ""gsax"": -0.1685}, {""id"": 8475311, ""name"": ""Darcy Kuemper"", ""p"": 0.0, ""gsax"": -0.0652}, {""id"": 8475831, ""name"": ""Philipp Grubauer"", ""p"": 0.0, ""gsax"": -0.0107}, {""id"": 8471227, ""name"": ""Devan Dubnyk"", ""p"": 0.0, ""gsax"": -0.0148}, {""id"": 8480112, ""name"": ""Hunter Miska"", ""p"": 0.0, ""gsax"": -0.0106}, {""id"": 8474636, ""name"": ""Michael Hutchinson"", ""p"": 0.0, ""gsax"": -0.0257}, {""id"": 8477312, ""name"": ""Antoine Bibeau"", ""p"": 0.0, ""gsax"": 0.0003}, {""id"": 8479530, ""name"": ""Adam Werner"", ""p"": 0.0, ""gsax"": -0.0004}, {""id"": 8473575, ""name"": ""Semyon Varlamov"", ""p"": 0.0, ""gsax"": 0.0246}, {""id"": 8473541, ""name"": ""Jonathan Bernier"", ""p"": 0.0, ""gsax"": 0.0003}, {""id"": 8477202, ""name"": ""Andrew Hammond"", ""p"": 0.0, ""gsax"": -0.0117}, {""id"": 8475717, ""name"": ""Calvin Pickard"", ""p"": 0.0, ""gsax"": -0.0884}, {""id"": 8474092, ""name"": ""Jeremy Smith"", ""p"": 0.0, ""gsax"": -0.0007}, {""id"": 8477484, ""name"": ""Spencer Martin"", ""p"": 0.0, ""gsax"": -0.1604}, {""id"": 8473499, ""name"": ""Reto Berra"", ""p"": 0.0, ""gsax"": -0.0001}, {""id"": 8462044, ""name"": ""Jean-Sebastien Giguere"", ""p"": 0.0, ""gsax"": 0.0001}, {""id"": 8475824, ""name"": ""Sami Aittokallio"", ""p"": 0.0, ""gsax"": 0.0}, {""id"": 8469514, ""name"": ""Peter Budaj"", ""p"": 0.0, ""gsax"": -0.0029}, {""id"": 8470880, ""name"": ""Brian Elliott"", ""p"": 0.0, ""gsax"": -0.0255}, {""id"": 8467950, ""name"": ""Craig Anderson"", ""p"": 0.0, ""gsax"": -0.011}]","[{""id"": 8476341, ""name"": ""Anton Forsberg"", ""p"": 0.7331, ""gsax"": 0.0474}, {""id"": 8475311, ""name"": ""Darcy Kuemper"", ""p"": 0.2667, ""gsax"": -0.0652}, {""id"": 8477831, ""name"": ""Pheonix Copley"", ""p"": 0.0002, ""gsax"": -0.0194}, {""id"": 8479496, ""name"": ""David Rittich"", ""p"": 0.0, ""gsax"": -0.0167}, {""id"": 8481707, ""name"": ""Erik Portillo"", ""p"": 0.0, ""gsax"": 0.012}, {""id"": 8475660, ""name"": ""Cam Talbot"", ""p"": 0.0, ""gsax"": -0.1184}, {""id"": 8476914, ""name"": ""Joonas Korpisalo"", ""p"": 0.0, ""gsax"": -0.003}, {""id"": 8471734, ""name"": ""Jonathan Quick"", ""p"": 0.0, ""gsax"": -0.1049}, {""id"": 8477361, ""name"": ""Calvin Petersen"", ""p"": 0.0, ""gsax"": -0.0568}, {""id"": 8476343, ""name"": ""Garret Sparks"", ""p"": 0.0, ""gsax"": -0.0018}, {""id"": 8477234, ""name"": ""Troy Grosenick"", ""p"": 0.0, ""gsax"": 0.0026}, {""id"": 8475789, ""name"": ""Jack Campbell"", ""p"": 0.0, ""gsax"": -0.0356}, {""id"": 8469514, ""name"": ""Peter Budaj"", ""p"": 0.0, ""gsax"": -0.0029}, {""id"": 8471750, ""name"": ""Ben Bishop"", ""p"": 0.0, ""gsax"": 0.003}, {""id"": 8473553, ""name"": ""Jeff Zatkoff"", ""p"": 0.0, ""gsax"": -0.0015}, {""id"": 8473523, ""name"": ""Jhonas Enroth"", ""p"": 0.0, ""gsax"": -0.0008}, {""id"": 8474889, ""name"": ""Martin Jones"", ""p"": 0.0, ""gsax"": -0.0316}, {""id"": 8475681, ""name"": ""Ben Scrivens"", ""p"": 0.0, ""gsax"": -0.0011}, {""id"": 8473541, ""name"": ""Jonathan Bernier"", ""p"": 0.0, ""gsax"": 0.0003}]",nhl-v1,2026-09-30T21:44:20+00:00
401891781,2026020011,2026,2026-10-01T23:00:00+00:00,CBJ,BUF,False,False,2.824,2.718,0.245,3.183,3.067,6.250,0.524,0.411,0.371,0.218,0.516,0.319,0.289,0.787,0.565,0.458,0.260,"[[3, 2, 0.0661], [2, 3, 0.0607], [4, 3, 0.0549]]",0.005,0.132,-0.146,-0.741,0.015,0.120,0.038,0.052,-0.104,0.054,0.084,0.103,"[{""id"": 8482982, ""name"": ""Jet Greaves"", ""p"": 0.8213, ""gsax"": 0.1711}, {""id"": 8478007, ""name"": ""Elvis Merzlikins"", ""p"": 0.1787, ""gsax"": -0.1138}, {""id"": 8480193, ""name"": ""Daniil Tarasov"", ""p"": 0.0, ""gsax"": -0.0391}, {""id"": 8476876, ""name"": ""Malcolm Subban"", ""p"": 0.0, ""gsax"": -0.0035}, {""id"": 8477484, ""name"": ""Spencer Martin"", ""p"": 0.0, ""gsax"": -0.1604}, {""id"": 8474636, ""name"": ""Michael Hutchinson"", ""p"": 0.0, ""gsax"": -0.0257}, {""id"": 8476903, ""name"": ""Jon Gillies"", ""p"": 0.0, ""gsax"": -0.0276}, {""id"": 8476914, ""name"": ""Joonas Korpisalo"", ""p"": 0.0, ""gsax"": -0.003}, {""id"": 8475234, ""name"": ""J-F Berube"", ""p"": 0.0, ""gsax"": -0.0028}, {""id"": 8480162, ""name"": ""Matiss Kivlenieks"", ""p"": 0.0, ""gsax"": -0.003}, {""id"": 8475683, ""name"": ""Sergei Bobrovsky"", ""p"": 0.0, ""gsax"": -0.1047}, {""id"": 8470147, ""name"": ""Curtis McElhinney"", ""p"": 0.0, ""gsax"": -0.0099}, {""id"": 8476341, ""name"": ""Anton Forsberg"", ""p"": 0.0, ""gsax"": 0.0474}, {""id"": 8470093, ""name"": ""Mike McKenna"", ""p"": 0.0, ""gsax"": -0.004}, {""id"": 8473461, ""name"": ""Steve Mason"", ""p"": 0.0, ""gsax"": 0.0001}, {""id"": 8474057, ""name"": ""Allen York"", ""p"": 0.0, ""gsax"": 0.0}, {""id"": 8468166, ""name"": ""Curtis Sanford"", ""p"": 0.0, ""gsax"": -0.0001}, {""id"": 8464999, ""name"": ""Mathieu Garon"", ""p"": 0.0, ""gsax"": -0.0002}]","[{""id"": 8479312, ""name"": ""Alex Lyon"", ""p"": 0.504, ""gsax"": 0.1675}, {""id"": 8480045, ""name"": ""Ukko-Pekka Luukkonen"", ""p"": 0.4541, ""gsax"": 0.0393}, {""id"": 8481551, ""name"": ""Colten Ellis"", ""p"": 0.0419, ""gsax"": 0.0195}, {""id"": 8473503, ""name"": ""James Reimer"", ""p"": 0.0, ""gsax"": 0.0222}, {""id"": 8482221, ""name"": ""Devon Levi"", ""p"": 0.0, ""gsax"": -0.0328}, {""id"": 8477480, ""name"": ""Eric Comrie"", ""p"": 0.0, ""gsax"": -0.0419}, {""id"": 8467950, ""name"": ""Craig Anderson"", ""p"": 0.0, ""gsax"": -0.011}, {""id"": 8474682, ""name"": ""Dustin Tokarski"", ""p"": 0.0, ""gsax"": -0.018}, {""id"": 8477180, ""name"": ""Aaron Dell"", ""p"": 0.0, ""gsax"": -0.0084}, {""id"": 8475920, ""name"": ""Michael Houser"", ""p"": 0.0, ""gsax"": 0.0007}, {""id"": 8476876, ""name"": ""Malcolm Subban"", ""p"": 0.0, ""gsax"": -0.0035}, {""id"": 8476999, ""name"": ""Linus Ullmark"", ""p"": 0.0, ""gsax"": 0.0513}, {""id"": 8475622, ""name"": ""Carter Hutton"", ""p"": 0.0, ""gsax"": -0.0249}, {""id"": 8477992, ""name"": ""Jonas Johansson"", ""p"": 0.0, ""gsax"": -0.1685}, {""id"": 8473434, ""name"": ""Chad Johnson"", ""p"": 0.0, ""gsax"": -0.0064}, {""id"": 8475215, ""name"": ""Robin Lehner"", ""p"": 0.0, ""gsax"": 0.009}, {""id"": 8475195, ""name"": ""Anders Nilsson"", ""p"": 0.0, ""gsax"": -0.0036}, {""id"": 8476309, ""name"": ""Jason Kasdorf"", ""p"": 0.0, ""gsax"": -0.0001}, {""id"": 8474765, ""name"": ""Anders Lindback"", ""p"": 0.0, ""gsax"": -0.0011}, {""id"": 8475252, ""name"": ""Matt Hackett"", ""p"": 0.0, ""gsax"": -0.0005}, {""id"": 8477092, ""name"": ""Andrey Makarov"", ""p"": 0.0, ""gsax"": 0.0}, {""id"": 8473607, ""name"": ""Michal Neuvirth"", ""p"": 0.0, ""gsax"": -0.0047}, {""id"": 8473523, ""name"": ""Jhonas Enroth"", ""p"": 0.0, ""gsax"": -0.0009}, {""id"": 8476319, ""name"": ""Nathan Lieuwen"", ""p"": 0.0, ""gsax"": 0.0}, {""id"": 8475303, ""name"": ""Connor Knapp"", ""p"": 0.0, ""gsax"": -0.0}, {""id"": 8468011, ""name"": ""Ryan Miller"", ""p"": 0.0, ""gsax"": -0.0057}, {""id"": 8459579, ""name"": ""Patrick Lalime"", ""p"": 0.0, ""gsax"": -0.0}]",nhl-v1,2026-10-01T15:27:20+00:00
401891817,2026020009,2026,2026-10-01T23:00:00+00:00,NJD,PHI,False,True,2.638,2.147,0.245,3.031,2.517,5.548,0.590,0.467,0.304,0.229,0.536,0.365,0.226,0.693,0.444,0.338,0.167,"[[3, 2, 0.0781], [2, 3, 0.064], [2, 1, 0.059]]",-0.058,0.086,0.779,0.151,-0.138,0.021,-0.321,0.240,-0.196,0.597,-0.070,0.015,"[{""id"": 8474596, ""name"": ""Jake Allen"", ""p"": 0.4059, ""gsax"": 0.0786}, {""id"": 8474593, ""name"": ""Jacob Markstrom"", ""p"": 0.3685, ""gsax"": -0.0527}, {""id"": 8482076, ""name"": ""Nico Daws"", ""p"": 0.2256, ""gsax"": 0.0371}, {""id"": 8478039, ""name"": ""Kaapo Kahkonen"", ""p"": 0.0, ""gsax"": -0.0418}, {""id"": 8481033, ""name"": ""Akira Schmid"", ""p"": 0.0, ""gsax"": -0.0215}, {""id"": 8477970, ""name"": ""Vitek Vanecek"", ""p"": 0.0, ""gsax"": -0.1421}, {""id"": 8478406, ""name"": ""Mackenzie Blackwood"", ""p"": 0.0, ""gsax"": 0.0519}, {""id"": 8477202, ""name"": ""Andrew Hammond"", ""p"": 0.0, ""gsax"": -0.0117}, {""id"": 8476903, ""name"": ""Jon Gillies"", ""p"": 0.0, ""gsax"": -0.0276}, {""id"": 8473541, ""name"": ""Jonathan Bernier"", ""p"": 0.0, ""gsax"": 0.0003}, {""id"": 8475809, ""name"": ""Scott Wedgewood"", ""p"": 0.0, ""gsax"": 0.1675}, {""id"": 8477180, ""name"": ""Aaron Dell"", ""p"": 0.0, ""gsax"": -0.0084}, {""id"": 8477480, ""name"": ""Eric Comrie"", ""p"": 0.0, ""gsax"": -0.0419}, {""id"": 8471239, ""name"": ""Cory Schneider"", ""p"": 0.0, ""gsax"": 0.0037}, {""id"": 8475839, ""name"": ""Louis Domingue"", ""p"": 0.0, ""gsax"": -0.0011}, {""id"": 8480213, ""name"": ""Gilles Senn"", ""p"": 0.0, ""gsax"": 0.0001}, {""id"": 8476234, ""name"": ""Keith Kinkaid"", ""p"": 0.0, ""gsax"": -0.002}, {""id"": 8475663, ""name"": ""Eddie Lack"", ""p"": 0.0, ""gsax"": -0.0014}, {""id"": 8478965, ""name"": ""Kenneth Appleby"", ""p"": 0.0, ""gsax"": -0.0083}, {""id"": 8466339, ""name"": ""Scott Clemmensen"", ""p"": 0.0, ""gsax"": -0.0004}, {""id"": 8455710, ""name"": ""Martin Brodeur"", ""p"": 0.0, ""gsax"": -0.0005}, {""id"": 8460704, ""name"": ""Johan Hedberg"", ""p"": 0.0, ""gsax"": -0.0001}, {""id"": 8470093, ""name"": ""Mike McKenna"", ""p"": 0.0, ""gsax"": -0.004}]","[{""id"": 8478435, ""name"": ""Dan Vladar"", ""p"": 0.8158, ""gsax"": 0.0602}, {""id"": 8481035, ""name"": ""Samuel Ersson"", ""p"": 0.1833, ""gsax"": -0.188}, {""id"": 8482783, ""name"": ""Aleksei Kolosov"", ""p"": 0.0009, ""gsax"": -0.0935}, {""id"": 8478905, ""name"": ""Ivan Fedotov"", ""p"": 0.0, ""gsax"": -0.1127}, {""id"": 8478433, ""name"": ""Felix Sandstrom"", ""p"": 0.0, ""gsax"": -0.0673}, {""id"": 8477361, ""name"": ""Calvin Petersen"", ""p"": 0.0, ""gsax"": -0.0568}, {""id"": 8479394, ""name"": ""Carter Hart"", ""p"": 0.0, ""gsax"": -0.0181}, {""id"": 8474889, ""name"": ""Martin Jones"", ""p"": 0.0, ""gsax"": -0.0316}, {""id"": 8470880, ""name"": ""Brian Elliott"", ""p"": 0.0, ""gsax"": -0.0255}, {""id"": 8479312, ""name"": ""Alex Lyon"", ""p"": 0.0, ""gsax"": 0.1675}, {""id"": 8475660, ""name"": ""Cam Talbot"", ""p"": 0.0, ""gsax"": -0.1184}, {""id"": 8476932, ""name"": ""Anthony Stolarz"", ""p"": 0.0, ""gsax"": 0.1033}, {""id"": 8473607, ""name"": ""Michal Neuvirth"", ""p"": 0.0, ""gsax"": -0.0047}, {""id"": 8470093, ""name"": ""Mike McKenna"", ""p"": 0.0, ""gsax"": -0.004}, {""id"": 8475717, ""name"": ""Calvin Pickard"", ""p"": 0.0, ""gsax"": -0.0884}, {""id"": 8475852, ""name"": ""Petr Mrazek"", ""p"": 0.0, ""gsax"": -0.1511}, {""id"": 8473461, ""name"": ""Steve Mason"", ""p"": 0.0, ""gsax"": 0.0001}, {""id"": 8469548, ""name"": ""Ray Emery"", ""p"": 0.0, ""gsax"": -0.0004}, {""id"": 8467972, ""name"": ""Rob Zepp"", ""p"": 0.0, ""gsax"": -0.0001}, {""id"": 8476763, ""name"": ""Calvin Heeter"", ""p"": 0.0, ""gsax"": -0.0}, {""id"": 8468524, ""name"": ""Ilya Bryzgalov"", ""p"": 0.0, ""gsax"": -0.0007}, {""id"": 8462052, ""name"": ""Brian Boucher"", ""p"": 0.0, ""gsax"": -0.0001}, {""id"": 8468038, ""name"": ""Michael Leighton"", ""p"": 0.0, ""gsax"": -0.0004}, {""id"": 8475683, ""name"": ""Sergei Bobrovsky"", ""p"": 0.0, ""gsax"": -0.1047}]",nhl-v1,2026-10-01T15:27:20+00:00
401891819,2026020010,2026,2026-10-01T23:00:00+00:00,NYR,TBL,False,False,2.569,2.803,0.245,2.930,3.162,6.092,0.469,0.359,0.420,0.221,0.497,0.271,0.332,0.768,0.539,0.432,0.238,"[[2, 3, 0.0658], [3, 2, 0.0653], [3, 4, 0.0517]]",-0.279,0.092,0.500,-0.120,0.074,0.088,-0.032,0.242,0.195,0.257,0.042,0.151,"[{""id"": 8478048, ""name"": ""Igor Shesterkin"", ""p"": 0.6628, ""gsax"": 0.154}, {""id"": 8471734, ""name"": ""Jonathan Quick"", ""p"": 0.1851, ""gsax"": -0.1049}, {""id"": 8482193, ""name"": ""Dylan Garand"", ""p"": 0.1445, ""gsax"": 0.0444}, {""id"": 8477484, ""name"": ""Spencer Martin"", ""p"": 0.0076, ""gsax"": -0.1604}, {""id"": 8475839, ""name"": ""Louis Domingue"", ""p"": 0.0, ""gsax"": -0.0011}, {""id"": 8470860, ""name"": ""Jaroslav Halak"", ""p"": 0.0, ""gsax"": 0.0045}, {""id"": 8480382, ""name"": ""Alexandar Georgiev"", ""p"": 0.0, ""gsax"": -0.1041}, {""id"": 8476234, ""name"": ""Keith Kinkaid"", ""p"": 0.0, ""gsax"": -0.002}, {""id"": 8478903, ""name"": ""Adam Huska"", ""p"": 0.0, ""gsax"": -0.0042}, {""id"": 8468685, ""name"": ""Henrik Lundqvist"", ""p"": 0.0, ""gsax"": 0.0006}, {""id"": 8471715, ""name"": ""Ondrej Pavelec"", ""p"": 0.0, ""gsax"": -0.0001}, {""id"": 8477293, ""name"": ""Antti Raanta"", ""p"": 0.0, ""gsax"": -0.0173}, {""id"": 8476433, ""name"": ""Magnus Hellberg"", ""p"": 0.0, ""gsax"": -0.0179}, {""id"": 8475660, ""name"": ""Cam Talbot"", ""p"": 0.0, ""gsax"": -0.1184}, {""id"": 8477084, ""name"": ""Mackenzie Skapski"", ""p"": 0.0, ""gsax"": 0.0001}, {""id"": 8462047, ""name"": ""Martin Biron"", ""p"": 0.0, ""gsax"": -0.0001}]","[{""id"": 8476883, ""name"": ""Andrei Vasilevskiy"", ""p"": 0.8888, ""gsax"": 0.185}, {""id"": 8477992, ""name"": ""Jonas Johansson"", ""p"": 0.0622, ""gsax"": -0.1685}, {""id"": 8477990, ""name"": ""Brandon Halverson"", ""p"": 0.049, ""gsax"": -0.0642}, {""id"": 8477035, ""name"": ""Matt Tomkins"", ""p"": 0.0, ""gsax"": -0.0036}, {""id"": 8470880, ""name"": ""Brian Elliott"", ""p"": 0.0, ""gsax"": -0.0255}, {""id"": 8476509, ""name"": ""Maxime Lagace"", ""p"": 0.0, ""gsax"": -0.008}, {""id"": 8470147, ""name"": ""Curtis McElhinney"", ""p"": 0.0, ""gsax"": -0.0099}, {""id"": 8476444, ""name"": ""Christopher Gibson"", ""p"": 0.0, ""gsax"": -0.0027}, {""id"": 8475277, ""name"": ""Edward Pasquale"", ""p"": 0.0, ""gsax"": -0.0006}, {""id"": 8475839, ""name"": ""Louis Domingue"", ""p"": 0.0, ""gsax"": -0.0011}, {""id"": 8469514, ""name"": ""Peter Budaj"", ""p"": 0.0, ""gsax"": -0.003}, {""id"": 8471750, ""name"": ""Ben Bishop"", ""p"": 0.0, ""gsax"": 0.003}, {""id"": 8477356, ""name"": ""Kristers Gudlevskis"", ""p"": 0.0, ""gsax"": 0.0001}, {""id"": 8460705, ""name"": ""Evgeni Nabokov"", ""p"": 0.0, ""gsax"": -0.0001}, {""id"": 8474765, ""name"": ""Anders Lindback"", ""p"": 0.0, ""gsax"": -0.0011}, {""id"": 8464999, ""name"": ""Mathieu Garon"", ""p"": 0.0, ""gsax"": -0.0002}, {""id"": 8473638, ""name"": ""Cedrick Desjardins"", ""p"": 0.0, ""gsax"": -0.0}, {""id"": 8460806, ""name"": ""Dwayne Roloson"", ""p"": 0.0, ""gsax"": -0.0002}, {""id"": 8467959, ""name"": ""Sebastien Caron"", ""p"": 0.0, ""gsax"": -0.0}, {""id"": 8474682, ""name"": ""Dustin Tokarski"", ""p"": 0.0, ""gsax"": -0.018}, {""id"": 8469608, ""name"": ""Mike Smith"", ""p"": 0.0, ""gsax"": 0.0157}, {""id"": 8468540, ""name"": ""Dan Ellis"", ""p"": 0.0, ""gsax"": -0.0004}]",nhl-v1,2026-10-01T15:27:20+00:00
401891816,2026020012,2026,2026-10-02T00:00:00+00:00,NSH,MIN,False,False,2.692,2.876,0.245,3.046,3.227,6.273,0.477,0.368,0.414,0.217,0.500,0.281,0.328,0.789,0.569,0.462,0.263,"[[3, 2, 0.0632], [2, 3, 0.0628], [4, 3, 0.0529]]",-0.135,-0.120,0.058,0.466,-0.021,-0.001,-0.077,0.112,0.462,-0.610,0.062,0.049,"[{""id"": 8477424, ""name"": ""Juuse Saros"", ""p"": 0.5692, ""gsax"": -0.093}, {""id"": 8481020, ""name"": ""Justus Annunen"", ""p"": 0.4308, ""gsax"": 0.1199}, {""id"": 8475809, ""name"": ""Scott Wedgewood"", ""p"": 0.0, ""gsax"": 0.1675}, {""id"": 8480947, ""name"": ""Kevin Lankinen"", ""p"": 0.0, ""gsax"": -0.1995}, {""id"": 8482137, ""name"": ""Yaroslav Askarov"", ""p"": 0.0, ""gsax"": -0.1888}, {""id"": 8478971, ""name"": ""Connor Ingram"", ""p"": 0.0, ""gsax"": -0.0574}, {""id"": 8479496, ""name"": ""David Rittich"", ""p"": 0.0, ""gsax"": -0.0167}, {""id"": 8471469, ""name"": ""Pekka Rinne"", ""p"": 0.0, ""gsax"": -0.0069}, {""id"": 8476992, ""name"": ""Marek Mazanec"", ""p"": 0.0, ""gsax"": -0.0009}, {""id"": 8475622, ""name"": ""Carter Hutton"", ""p"": 0.0, ""gsax"": -0.0249}, {""id"": 8471227, ""name"": ""Devan Dubnyk"", ""p"": 0.0, ""gsax"": -0.0148}, {""id"": 8462152, ""name"": ""Chris Mason"", ""p"": 0.0, ""gsax"": -0.0002}, {""id"": 8474765, ""name"": ""Anders Lindback"", ""p"": 0.0, ""gsax"": -0.0011}]","[{""id"": 8482661, ""name"": ""Jesper Wallstedt"", ""p"": 0.7899, ""gsax"": 0.0709}, {""id"": 8479406, ""name"": ""Filip Gustavsson"", ""p"": 0.2101, ""gsax"": -0.035}, {""id"": 8470594, ""name"": ""Marc-Andre Fleury"", ""p"": 0.0, ""gsax"": -0.1192}, {""id"": 8475660, ""name"": ""Cam Talbot"", ""p"": 0.0, ""gsax"": -0.1184}, {""id"": 8478039, ""name"": ""Kaapo Kahkonen"", ""p"": 0.0, ""gsax"": -0.0418}, {""id"": 8471774, ""name"": ""Alex Stalock"", ""p"": 0.0, ""gsax"": -0.0235}, {""id"": 8471227, ""name"": ""Devan Dubnyk"", ""p"": 0.0, ""gsax"": -0.0148}, {""id"": 8475311, ""name"": ""Darcy Kuemper"", ""p"": 0.0, ""gsax"": -0.1383}, {""id"": 8473404, ""name"": ""Niklas Backstrom"", ""p"": 0.0, ""gsax"": -0.001}, {""id"": 8474202, ""name"": ""John Curry"", ""p"": 0.0, ""gsax"": -0.0001}, {""id"": 8468524, ""name"": ""Ilya Bryzgalov"", ""p"": 0.0, ""gsax"": -0.0007}, {""id"": 8470216, ""name"": ""Josh Harding"", ""p"": 0.0, ""gsax"": 0.0}, {""id"": 8475252, ""name"": ""Matt Hackett"", ""p"": 0.0, ""gsax"": -0.0005}, {""id"": 8460535, ""name"": ""Jose Theodore"", ""p"": 0.0, ""gsax"": -0.0001}, {""id"": 8471418, ""name"": ""Anton Khudobin"", ""p"": 0.0, ""gsax"": -0.022}]",nhl-v1,2026-10-01T15:27:20+00:00
401891777,2026020014,2026,2026-10-02T01:00:00+00:00,CGY,SEA,False,False,2.674,2.415,0.245,3.053,2.779,5.832,0.550,0.431,0.343,0.226,0.524,0.334,0.261,0.734,0.494,0.387,0.203,"[[3, 2, 0.0734], [2, 3, 0.0644], [4, 3, 0.0524]]",-0.222,-0.065,-0.536,-0.145,-0.039,0.057,-0.286,-0.038,-0.400,-0.484,0.042,-0.023,"[{""id"": 8481692, ""name"": ""Dustin Wolf"", ""p"": 0.5444, ""gsax"": 0.0376}, {""id"": 8482445, ""name"": ""Devin Cooley"", ""p"": 0.3356, ""gsax"": 0.1021}, {""id"": 8482949, ""name"": ""Arsenii Sergeev"", ""p"": 0.12, ""gsax"": 0.0217}, {""id"": 8478435, ""name"": ""Dan Vladar"", ""p"": 0.0, ""gsax"": 0.0602}, {""id"": 8474593, ""name"": ""Jacob Markstrom"", ""p"": 0.0, ""gsax"": -0.0527}, {""id"": 8475839, ""name"": ""Louis Domingue"", ""p"": 0.0, ""gsax"": -0.0011}, {""id"": 8479496, ""name"": ""David Rittich"", ""p"": 0.0, ""gsax"": -0.0167}, {""id"": 8475660, ""name"": ""Cam Talbot"", ""p"": 0.0, ""gsax"": -0.1184}, {""id"": 8469608, ""name"": ""Mike Smith"", ""p"": 0.0, ""gsax"": 0.0157}, {""id"": 8476903, ""name"": ""Jon Gillies"", ""p"": 0.0, ""gsax"": -0.0276}, {""id"": 8475663, ""name"": ""Eddie Lack"", ""p"": 0.0, ""gsax"": -0.0014}, {""id"": 8470880, ""name"": ""Brian Elliott"", ""p"": 0.0, ""gsax"": -0.0255}, {""id"": 8473434, ""name"": ""Chad Johnson"", ""p"": 0.0, ""gsax"": -0.0064}, {""id"": 8475299, ""name"": ""Joni Ortio"", ""p"": 0.0, ""gsax"": -0.0002}, {""id"": 8473404, ""name"": ""Niklas Backstrom"", ""p"": 0.0, ""gsax"": -0.001}, {""id"": 8473972, ""name"": ""Jonas Hiller"", ""p"": 0.0, ""gsax"": -0.0007}, {""id"": 8471403, ""name"": ""Karri Ramo"", ""p"": 0.0, ""gsax"": -0.0004}, {""id"": 8469732, ""name"": ""Joey MacDonald"", ""p"": 0.0, ""gsax"": -0.0002}, {""id"": 8473499, ""name"": ""Reto Berra"", ""p"": 0.0, ""gsax"": -0.0003}, {""id"": 8462147, ""name"": ""Miikka Kiprusoff"", ""p"": 0.0, ""gsax"": -0.0002}, {""id"": 8471433, ""name"": ""Daniel Taylor"", ""p"": 0.0, ""gsax"": -0.0004}, {""id"": 8473414, ""name"": ""Leland Irving"", ""p"": 0.0, ""gsax"": -0.0}, {""id"": 8475431, ""name"": ""Henrik Karlsson"", ""p"": 0.0, ""gsax"": -0.0}]","[{""id"": 8478916, ""name"": ""Joey Daccord"", ""p"": 0.3326, ""gsax"": -0.0584}, {""id"": 8483668, ""name"": ""Nikke Kokko"", ""p"": 0.2803, ""gsax"": -0.0133}, {""id"": 8475831, ""name"": ""Philipp Grubauer"", ""p"": 0.267, ""gsax"": -0.0107}, {""id"": 8484910, ""name"": ""Victor Ostman"", ""p"": 0.12, ""gsax"": 0.0257}, {""id"": 8476899, ""name"": ""Matt Murray"", ""p"": 0.0001, ""gsax"": 0.0033}, {""id"": 8478848, ""name"": ""Ales Stezka"", ""p"": 0.0, ""gsax"": -0.0026}, {""id"": 8476904, ""name"": ""Chris Driedger"", ""p"": 0.0, ""gsax"": 0.007}, {""id"": 8474889, ""name"": ""Martin Jones"", ""p"": 0.0, ""gsax"": -0.0316}]",nhl-v1,2026-10-01T15:27:20+00:00
401891828,2026020013,2026,2026-10-02T01:30:00+00:00,UTA,CHI,False,False,3.245,2.229,0.245,3.602,2.563,6.165,0.666,0.551,0.245,0.204,0.564,0.450,0.180,0.776,0.552,0.442,0.249,"[[3, 2, 0.0711], [4, 1, 0.0616], [4, 3, 0.0561]]",0.061,0.134,-0.138,-0.284,0.042,-0.012,-0.329,-0.202,-0.708,-0.025,0.011,0.002,"[{""id"": 8478872, ""name"": ""Karel Vejmelka"", ""p"": 0.9053, ""gsax"": 0.0017}, {""id"": 8477970, ""name"": ""Vitek Vanecek"", ""p"": 0.0947, ""gsax"": -0.1421}, {""id"": 8480191, ""name"": ""Matt Villalta"", ""p"": 0.0, ""gsax"": -0.0039}, {""id"": 8478971, ""name"": ""Connor Ingram"", ""p"": 0.0, ""gsax"": -0.0574}, {""id"": 8483530, ""name"": ""Jaxson Stauber"", ""p"": 0.0, ""gsax"": -0.014}, {""id"": 8481031, ""name"": ""Ivan Prosvetov"", ""p"": 0.0, ""gsax"": -0.03}, {""id"": 8474667, ""name"": ""Harri Sateri"", ""p"": 0.0, ""gsax"": -0.0043}, {""id"": 8475809, ""name"": ""Scott Wedgewood"", ""p"": 0.0, ""gsax"": 0.1675}, {""id"": 8475622, ""name"": ""Carter Hutton"", ""p"": 0.0, ""gsax"": -0.0249}, {""id"": 8475311, ""name"": ""Darcy Kuemper"", ""p"": 0.0, ""gsax"": -0.1383}, {""id"": 8478499, ""name"": ""Adin Hill"", ""p"": 0.0, ""gsax"": -0.1437}, {""id"": 8477293, ""name"": ""Antti Raanta"", ""p"": 0.0, ""gsax"": -0.0173}, {""id"": 8475717, ""name"": ""Calvin Pickard"", ""p"": 0.0, ""gsax"": -0.0884}, {""id"": 8475839, ""name"": ""Louis Domingue"", ""p"": 0.0, ""gsax"": -0.0011}, {""id"": 8469608, ""name"": ""Mike Smith"", ""p"": 0.0, ""gsax"": 0.0157}, {""id"": 8471251, ""name"": ""Justin Peters"", ""p"": 0.0, ""gsax"": -0.0004}, {""id"": 8478999, ""name"": ""Niklas Treutle"", ""p"": 0.0, ""gsax"": -0.0002}, {""id"": 8474765, ""name"": ""Anders Lindback"", ""p"": 0.0, ""gsax"": -0.0011}, {""id"": 8470093, ""name"": ""Mike McKenna"", ""p"": 0.0, ""gsax"": -0.004}, {""id"": 8471227, ""name"": ""Devan Dubnyk"", ""p"": 0.0, ""gsax"": -0.0148}, {""id"": 8471306, ""name"": ""Thomas Greiss"", ""p"": 0.0, ""gsax"": -0.0226}, {""id"": 8475771, ""name"": ""Mark Visentin"", ""p"": 0.0, ""gsax"": -0.0}, {""id"": 8467391, ""name"": ""Jason LaBarbera"", ""p"": 0.0, ""gsax"": -0.0001}, {""id"": 8473434, ""name"": ""Chad Johnson"", ""p"": 0.0, ""gsax"": -0.0064}, {""id"": 8470147, ""name"": ""Curtis McElhinney"", ""p"": 0.0, ""gsax"": -0.0099}, {""id"": 8468524, ""name"": ""Ilya Bryzgalov"", ""p"": 0.0, ""gsax"": -0.0007}]","[{""id"": 8481519, ""name"": ""Spencer Knight"", ""p"": 0.7669, ""gsax"": 0.0367}, {""id"": 8482821, ""name"": ""Arvid Soderblom"", ""p"": 0.2221, ""gsax"": -0.118}, {""id"": 8482123, ""name"": ""Drew Commesso"", ""p"": 0.011, ""gsax"": 0.0241}, {""id"": 8475852, ""name"": ""Petr Mrazek"", ""p"": 0.0, ""gsax"": -0.1511}, {""id"": 8471774, ""name"": ""Alex Stalock"", ""p"": 0.0, ""gsax"": -0.0235}, {""id"": 8471418, ""name"": ""Anton Khudobin"", ""p"": 0.0, ""gsax"": -0.022}, {""id"": 8483530, ""name"": ""Jaxson Stauber"", ""p"": 0.0, ""gsax"": -0.014}, {""id"": 8480947, ""name"": ""Kevin Lankinen"", ""p"": 0.0, ""gsax"": -0.1995}, {""id"": 8480420, ""name"": ""Collin Delia"", ""p"": 0.0, ""gsax"": -0.0218}, {""id"": 8470594, ""name"": ""Marc-Andre Fleury"", ""p"": 0.0, ""gsax"": -0.1192}, {""id"": 8476876, ""name"": ""Malcolm Subban"", ""p"": 0.0, ""gsax"": -0.0035}, {""id"": 8470645, ""name"": ""Corey Crawford"", ""p"": 0.0, ""gsax"": 0.0055}, {""id"": 8475215, ""name"": ""Robin Lehner"", ""p"": 0.0, ""gsax"": 0.009}, {""id"": 8470320, ""name"": ""Cam Ward"", ""p"": 0.0, ""gsax"": -0.0026}, {""id"": 8475234, ""name"": ""J-F Berube"", ""p"": 0.0, ""gsax"": -0.0028}, {""id"": 8476341, ""name"": ""Anton Forsberg"", ""p"": 0.0, ""gsax"": 0.0474}, {""id"": 8471301, ""name"": ""Jeff Glass"", ""p"": 0.0, ""gsax"": -0.0003}, {""id"": 8474152, ""name"": ""Scott Darling"", ""p"": 0.0, ""gsax"": -0.0042}, {""id"": 8477293, ""name"": ""Antti Raanta"", ""p"": 0.0, ""gsax"": -0.0173}, {""id"": 8459140, ""name"": ""Nikolai Khabibulin"", ""p"": 0.0, ""gsax"": -0.0001}, {""id"": 8469548, ""name"": ""Ray Emery"", ""p"": 0.0, ""gsax"": -0.0004}, {""id"": 8475622, ""name"": ""Carter Hutton"", ""p"": 0.0, ""gsax"": -0.0249}, {""id"": 8460612, ""name"": ""Marty Turco"", ""p"": 0.0, ""gsax"": -0.0001}]",nhl-v1,2026-10-01T15:27:20+00:00
401891823,2026020016,2026,2026-10-02T02:00:00+00:00,SJS,FLA,False,False,2.626,2.751,0.245,2.989,3.109,6.098,0.486,0.375,0.404,0.221,0.503,0.286,0.317,0.769,0.540,0.433,0.239,"[[3, 2, 0.0664], [2, 3, 0.0649], [4, 3, 0.0523]]",-0.230,0.088,-0.453,-0.656,0.035,-0.114,-0.059,0.126,0.487,0.649,-0.070,-0.060,"[{""id"": 8477968, ""name"": ""Alex Nedeljkovic"", ""p"": 0.5264, ""gsax"": -0.0512}, {""id"": 8482137, ""name"": ""Yaroslav Askarov"", ""p"": 0.46, ""gsax"": -0.1888}, {""id"": 8476316, ""name"": ""Laurent Brossoit"", ""p"": 0.0137, ""gsax"": 0.0226}, {""id"": 8480382, ""name"": ""Alexandar Georgiev"", ""p"": 0.0, ""gsax"": -0.1041}, {""id"": 8484312, ""name"": ""Georgii Romanov"", ""p"": 0.0, ""gsax"": -0.0394}, {""id"": 8477970, ""name"": ""Vitek Vanecek"", ""p"": 0.0, ""gsax"": -0.1421}, {""id"": 8478406, ""name"": ""Mackenzie Blackwood"", ""p"": 0.0, ""gsax"": 0.0519}, {""id"": 8482445, ""name"": ""Devin Cooley"", ""p"": 0.0, ""gsax"": 0.1021}, {""id"": 8480992, ""name"": ""Magnus Chrona"", ""p"": 0.0, ""gsax"": -0.0461}, {""id"": 8478039, ""name"": ""Kaapo Kahkonen"", ""p"": 0.0, ""gsax"": -0.0418}, {""id"": 8473503, ""name"": ""James Reimer"", ""p"": 0.0, ""gsax"": 0.0222}, {""id"": 8477180, ""name"": ""Aaron Dell"", ""p"": 0.0, ""gsax"": -0.0084}, {""id"": 8480199, ""name"": ""Eetu Makiniemi"", ""p"": 0.0, ""gsax"": 0.0004}, {""id"": 8479313, ""name"": ""Zach Sawchenko"", ""p"": 0.0, ""gsax"": 0.0002}, {""id"": 8478499, ""name"": ""Adin Hill"", ""p"": 0.0, ""gsax"": -0.1437}, {""id"": 8471774, ""name"": ""Alex Stalock"", ""p"": 0.0, ""gsax"": -0.0235}, {""id"": 8480373, ""name"": ""Josef Korenar"", ""p"": 0.0, ""gsax"": -0.0008}, {""id"": 8474889, ""name"": ""Martin Jones"", ""p"": 0.0, ""gsax"": -0.0316}, {""id"": 8482246, ""name"": ""Alexei Melnichuk"", ""p"": 0.0, ""gsax"": -0.0014}, {""id"": 8471227, ""name"": ""Devan Dubnyk"", ""p"": 0.0, ""gsax"": -0.0148}, {""id"": 8474550, ""name"": ""Antti Niemi"", ""p"": 0.0, ""gsax"": -0.0033}, {""id"": 8477234, ""name"": ""Troy Grosenick"", ""p"": 0.0, ""gsax"": 0.0026}, {""id"": 8471306, ""name"": ""Thomas Greiss"", ""p"": 0.0, ""gsax"": -0.0226}, {""id"": 8467511, ""name"": ""Antero Niittymaki"", ""p"": 0.0, ""gsax"": -0.0}]","[{""id"": 8480193, ""name"": ""Daniil Tarasov"", ""p"": 0.5038, ""gsax"": -0.0391}, {""id"": 8475683, ""name"": ""Sergei Bobrovsky"", ""p"": 0.2819, ""gsax"": -0.1047}, {""id"": 8474593, ""name"": ""Jacob Markstrom"", ""p"": 0.2143, ""gsax"": -0.0527}, {""id"": 8477970, ""name"": ""Vitek Vanecek"", ""p"": 0.0, ""gsax"": -0.1421}, {""id"": 8481519, ""name"": ""Spencer Knight"", ""p"": 0.0, ""gsax"": 0.0367}, {""id"": 8476932, ""name"": ""Anthony Stolarz"", ""p"": 0.0, ""gsax"": 0.1033}, {""id"": 8479312, ""name"": ""Alex Lyon"", ""p"": 0.0, ""gsax"": 0.1675}, {""id"": 8477992, ""name"": ""Jonas Johansson"", ""p"": 0.0, ""gsax"": -0.1685}, {""id"": 8476904, ""name"": ""Chris Driedger"", ""p"": 0.0, ""gsax"": 0.007}, {""id"": 8478470, ""name"": ""Samuel Montembeault"", ""p"": 0.0, ""gsax"": 0.0933}, {""id"": 8466141, ""name"": ""Roberto Luongo"", ""p"": 0.0, ""gsax"": -0.0017}, {""id"": 8473503, ""name"": ""James Reimer"", ""p"": 0.0, ""gsax"": 0.0222}, {""id"": 8474636, ""name"": ""Michael Hutchinson"", ""p"": 0.0, ""gsax"": -0.0257}, {""id"": 8474667, ""name"": ""Harri Sateri"", ""p"": 0.0, ""gsax"": -0.0043}, {""id"": 8473499, ""name"": ""Reto Berra"", ""p"": 0.0, ""gsax"": -0.0003}, {""id"": 8471219, ""name"": ""Al Montoya"", ""p"": 0.0, ""gsax"": -0.0013}, {""id"": 8468540, ""name"": ""Dan Ellis"", ""p"": 0.0, ""gsax"": -0.0004}, {""id"": 8466339, ""name"": ""Scott Clemmensen"", ""p"": 0.0, ""gsax"": -0.0004}, {""id"": 8460703, ""name"": ""Tim Thomas"", ""p"": 0.0, ""gsax"": -0.0003}, {""id"": 8460535, ""name"": ""Jose Theodore"", ""p"": 0.0, ""gsax"": -0.0001}, {""id"": 8460712, ""name"": ""Tomas Vokoun"", ""p"": 0.0, ""gsax"": 0.0001}]",nhl-v1,2026-10-01T15:27:20+00:00
401891829,2026020015,2026,2026-10-02T02:00:00+00:00,VAN,EDM,False,False,2.441,3.131,0.245,2.786,3.482,6.269,0.397,0.297,0.491,0.211,0.473,0.220,0.400,0.789,0.569,0.461,0.263,"[[2, 3, 0.0656], [3, 2, 0.0575], [3, 4, 0.0543]]",-0.384,-0.147,-0.011,-0.143,-0.001,-0.161,-0.026,0.192,1.185,-0.323,0.023,-0.105,"[{""id"": 8480947, ""name"": ""Kevin Lankinen"", ""p"": 0.6604, ""gsax"": -0.1995}, {""id"": 8484268, ""name"": ""Nikita Tolopilo"", ""p"": 0.3361, ""gsax"": -0.0861}, {""id"": 8477967, ""name"": ""Thatcher Demko"", ""p"": 0.0035, ""gsax"": 0.0544}, {""id"": 8480238, ""name"": ""Jiri Patera"", ""p"": 0.0, ""gsax"": -0.0592}, {""id"": 8481668, ""name"": ""Arturs Silovs"", ""p"": 0.0, ""gsax"": -0.0855}, {""id"": 8479193, ""name"": ""Casey DeSmith"", ""p"": 0.0, ""gsax"": 0.1038}, {""id"": 8480420, ""name"": ""Collin Delia"", ""p"": 0.0, ""gsax"": -0.0218}, {""id"": 8477484, ""name"": ""Spencer Martin"", ""p"": 0.0, ""gsax"": -0.1604}, {""id"": 8470860, ""name"": ""Jaroslav Halak"", ""p"": 0.0, ""gsax"": 0.0045}, {""id"": 8480022, ""name"": ""Michael DiPietro"", ""p"": 0.0, ""gsax"": -0.0037}, {""id"": 8474651, ""name"": ""Braden Holtby"", ""p"": 0.0, ""gsax"": -0.0063}, {""id"": 8474593, ""name"": ""Jacob Markstrom"", ""p"": 0.0, ""gsax"": -0.0527}, {""id"": 8475839, ""name"": ""Louis Domingue"", ""p"": 0.0, ""gsax"": -0.0011}, {""id"": 8475195, ""name"": ""Anders Nilsson"", ""p"": 0.0, ""gsax"": -0.0036}, {""id"": 8473614, ""name"": ""Richard Bachman"", ""p"": 0.0, ""gsax"": -0.0015}, {""id"": 8468011, ""name"": ""Ryan Miller"", ""p"": 0.0, ""gsax"": -0.0057}, {""id"": 8475663, ""name"": ""Eddie Lack"", ""p"": 0.0, ""gsax"": -0.0014}, {""id"": 8466141, ""name"": ""Roberto Luongo"", ""p"": 0.0, ""gsax"": -0.0017}, {""id"": 8471239, ""name"": ""Cory Schneider"", ""p"": 0.0, ""gsax"": 0.0037}]","[{""id"": 8478971, ""name"": ""Connor Ingram"", ""p"": 0.6325, ""gsax"": -0.0574}, {""id"": 8477465, ""name"": ""Tristan Jarry"", ""p"": 0.366, ""gsax"": -0.1866}, {""id"": 8475717, ""name"": ""Calvin Pickard"", ""p"": 0.0011, ""gsax"": -0.0884}, {""id"": 8479973, ""name"": ""Stuart Skinner"", ""p"": 0.0004, ""gsax"": 0.0004}, {""id"": 8480885, ""name"": ""Olivier Rodrigue"", ""p"": 0.0, ""gsax"": -0.0026}, {""id"": 8475789, ""name"": ""Jack Campbell"", ""p"": 0.0, ""gsax"": -0.0356}, {""id"": 8469608, ""name"": ""Mike Smith"", ""p"": 0.0, ""gsax"": 0.0157}, {""id"": 8475156, ""name"": ""Mikko Koskinen"", ""p"": 0.0, ""gsax"": -0.0025}, {""id"": 8476932, ""name"": ""Anthony Stolarz"", ""p"": 0.0, ""gsax"": 0.1033}, {""id"": 8475660, ""name"": ""Cam Talbot"", ""p"": 0.0, ""gsax"": -0.1184}, {""id"": 8471219, ""name"": ""Al Montoya"", ""p"": 0.0, ""gsax"": -0.0013}, {""id"": 8476316, ""name"": ""Laurent Brossoit"", ""p"": 0.0, ""gsax"": 0.0226}, {""id"": 8475361, ""name"": ""Jonas Gustavsson"", ""p"": 0.0, ""gsax"": -0.0014}, {""id"": 8475195, ""name"": ""Anders Nilsson"", ""p"": 0.0, ""gsax"": -0.0036}, {""id"": 8475681, ""name"": ""Ben Scrivens"", ""p"": 0.0, ""gsax"": -0.0011}, {""id"": 8473614, ""name"": ""Richard Bachman"", ""p"": 0.0, ""gsax"": -0.0015}, {""id"": 8476839, ""name"": ""Viktor Fasth"", ""p"": 0.0, ""gsax"": -0.0002}, {""id"": 8468524, ""name"": ""Ilya Bryzgalov"", ""p"": 0.0, ""gsax"": -0.0007}, {""id"": 8471227, ""name"": ""Devan Dubnyk"", ""p"": 0.0, ""gsax"": -0.0148}, {""id"": 8467391, ""name"": ""Jason LaBarbera"", ""p"": 0.0, ""gsax"": -0.0001}, {""id"": 8459140, ""name"": ""Nikolai Khabibulin"", ""p"": 0.0, ""gsax"": -0.0001}, {""id"": 8469675, ""name"": ""Martin Gerber"", ""p"": 0.0, ""gsax"": 0.0}]",nhl-v1,2026-10-01T15:27:20+00:00
401891803,2026020017,2026,2026-10-02T22:30:00+00:00,DET,NYR,False,True,2.772,2.500,0.244,3.142,2.857,5.999,0.551,0.435,0.343,0.222,0.525,0.339,0.263,0.756,0.523,0.416,0.225,"[[3, 2, 0.0711], [2, 3, 0.0623], [4, 3, 0.054]]",-0.139,0.003,0.784,-0.540,-0.064,0.042,-0.261,0.083,0.490,0.051,0.080,0.055,"[{""id"": 8476434, ""name"": ""John Gibson"", ""p"": 0.8077, ""gsax"": 0.0805}, {""id"": 8475660, ""name"": ""Cam Talbot"", ""p"": 0.1923, ""gsax"": -0.1184}, {""id"": 8479312, ""name"": ""Alex Lyon"", ""p"": 0.0, ""gsax"": 0.1675}, {""id"": 8475852, ""name"": ""Petr Mrazek"", ""p"": 0.0, ""gsax"": -0.1511}, {""id"": 8478024, ""name"": ""Ville Husso"", ""p"": 0.0, ""gsax"": -0.071}, {""id"": 8473503, ""name"": ""James Reimer"", ""p"": 0.0, ""gsax"": 0.0222}, {""id"": 8474636, ""name"": ""Michael Hutchinson"", ""p"": 0.0, ""gsax"": -0.0257}, {""id"": 8477968, ""name"": ""Alex Nedeljkovic"", ""p"": 0.0, ""gsax"": -0.0512}, {""id"": 8476433, ""name"": ""Magnus Hellberg"", ""p"": 0.0, ""gsax"": -0.0179}, {""id"": 8471306, ""name"": ""Thomas Greiss"", ""p"": 0.0, ""gsax"": -0.0226}, {""id"": 8475717, ""name"": ""Calvin Pickard"", ""p"": 0.0, ""gsax"": -0.0884}, {""id"": 8473541, ""name"": ""Jonathan Bernier"", ""p"": 0.0, ""gsax"": 0.0003}, {""id"": 8470657, ""name"": ""Jimmy Howard"", ""p"": 0.0, ""gsax"": -0.0075}, {""id"": 8477480, ""name"": ""Eric Comrie"", ""p"": 0.0, ""gsax"": -0.0419}, {""id"": 8477225, ""name"": ""Jared Coreau"", ""p"": 0.0, ""gsax"": -0.0033}, {""id"": 8475361, ""name"": ""Jonas Gustavsson"", ""p"": 0.0, ""gsax"": -0.0014}, {""id"": 8469152, ""name"": ""Ty Conklin"", ""p"": 0.0, ""gsax"": -0.0002}, {""id"": 8469732, ""name"": ""Joey MacDonald"", ""p"": 0.0, ""gsax"": -0.0002}, {""id"": 8458568, ""name"": ""Chris Osgood"", ""p"": 0.0, ""gsax"": -0.0}]","[{""id"": 8478048, ""name"": ""Igor Shesterkin"", ""p"": 0.4464, ""gsax"": 0.1765}, {""id"": 8471734, ""name"": ""Jonathan Quick"", ""p"": 0.3039, ""gsax"": -0.1049}, {""id"": 8482193, ""name"": ""Dylan Garand"", ""p"": 0.2372, ""gsax"": 0.0444}, {""id"": 8477484, ""name"": ""Spencer Martin"", ""p"": 0.0125, ""gsax"": -0.1604}, {""id"": 8475839, ""name"": ""Louis Domingue"", ""p"": 0.0, ""gsax"": -0.0011}, {""id"": 8470860, ""name"": ""Jaroslav Halak"", ""p"": 0.0, ""gsax"": 0.0045}, {""id"": 8480382, ""name"": ""Alexandar Georgiev"", ""p"": 0.0, ""gsax"": -0.1041}, {""id"": 8476234, ""name"": ""Keith Kinkaid"", ""p"": 0.0, ""gsax"": -0.002}, {""id"": 8478903, ""name"": ""Adam Huska"", ""p"": 0.0, ""gsax"": -0.0042}, {""id"": 8468685, ""name"": ""Henrik Lundqvist"", ""p"": 0.0, ""gsax"": 0.0006}, {""id"": 8471715, ""name"": ""Ondrej Pavelec"", ""p"": 0.0, ""gsax"": -0.0001}, {""id"": 8477293, ""name"": ""Antti Raanta"", ""p"": 0.0, ""gsax"": -0.0173}, {""id"": 8476433, ""name"": ""Magnus Hellberg"", ""p"": 0.0, ""gsax"": -0.0179}, {""id"": 8475660, ""name"": ""Cam Talbot"", ""p"": 0.0, ""gsax"": -0.1184}, {""id"": 8477084, ""name"": ""Mackenzie Skapski"", ""p"": 0.0, ""gsax"": 0.0001}, {""id"": 8462047, ""name"": ""Martin Biron"", ""p"": 0.0, ""gsax"": -0.0}]",nhl-v1,2026-10-02T14:44:07+00:00
401892432,2026020018,2026,2026-10-02T23:00:00+00:00,CAR,WSH,False,False,3.189,2.210,0.244,3.550,2.547,6.096,0.661,0.545,0.248,0.206,0.562,0.445,0.182,0.767,0.541,0.431,0.240,"[[3, 2, 0.0722], [4, 1, 0.062], [4, 3, 0.0556]]",0.328,0.340,0.411,1.236,-0.098,0.079,-0.026,-0.022,0.103,-0.391,-0.034,0.199,"[{""id"": 8483548, ""name"": ""Brandon Bussi"", ""p"": 0.5017, ""gsax"": 0.0629}, {""id"": 8475883, ""name"": ""Frederik Andersen"", ""p"": 0.4982, ""gsax"": 0.0948}, {""id"": 8481611, ""name"": ""Pyotr Kochetkov"", ""p"": 0.0001, ""gsax"": -0.046}, {""id"": 8474682, ""name"": ""Dustin Tokarski"", ""p"": 0.0, ""gsax"": -0.018}, {""id"": 8477484, ""name"": ""Spencer Martin"", ""p"": 0.0, ""gsax"": -0.1604}, {""id"": 8477293, ""name"": ""Antti Raanta"", ""p"": 0.0, ""gsax"": -0.0173}, {""id"": 8479581, ""name"": ""Jack LaFontaine"", ""p"": 0.0, ""gsax"": -0.0061}, {""id"": 8479312, ""name"": ""Alex Lyon"", ""p"": 0.0, ""gsax"": 0.1675}, {""id"": 8477968, ""name"": ""Alex Nedeljkovic"", ""p"": 0.0, ""gsax"": -0.0512}, {""id"": 8475852, ""name"": ""Petr Mrazek"", ""p"": 0.0, ""gsax"": -0.1511}, {""id"": 8473503, ""name"": ""James Reimer"", ""p"": 0.0, ""gsax"": 0.0222}, {""id"": 8476341, ""name"": ""Anton Forsberg"", ""p"": 0.0, ""gsax"": 0.0474}, {""id"": 8470147, ""name"": ""Curtis McElhinney"", ""p"": 0.0, ""gsax"": -0.0099}, {""id"": 8474152, ""name"": ""Scott Darling"", ""p"": 0.0, ""gsax"": -0.0042}, {""id"": 8470320, ""name"": ""Cam Ward"", ""p"": 0.0, ""gsax"": -0.0026}, {""id"": 8475663, ""name"": ""Eddie Lack"", ""p"": 0.0, ""gsax"": -0.0014}, {""id"": 8468038, ""name"": ""Michael Leighton"", ""p"": 0.0, ""gsax"": -0.0004}, {""id"": 8471418, ""name"": ""Anton Khudobin"", ""p"": 0.0, ""gsax"": -0.022}, {""id"": 8471251, ""name"": ""Justin Peters"", ""p"": 0.0, ""gsax"": -0.0004}, {""id"": 8468540, ""name"": ""Dan Ellis"", ""p"": 0.0, ""gsax"": -0.0004}, {""id"": 8462052, ""name"": ""Brian Boucher"", ""p"": 0.0, ""gsax"": -0.0001}]","[{""id"": 8480313, ""name"": ""Logan Thompson"", ""p"": 0.754, ""gsax"": 0.269}, {""id"": 8483532, ""name"": ""Clay Stevenson"", ""p"": 0.1348, ""gsax"": 0.0458}, {""id"": 8479292, ""name"": ""Charlie Lindgren"", ""p"": 0.1112, ""gsax"": -0.0867}, {""id"": 8482411, ""name"": ""Hunter Shepard"", ""p"": 0.0, ""gsax"": -0.0707}, {""id"": 8475311, ""name"": ""Darcy Kuemper"", ""p"": 0.0, ""gsax"": -0.1383}, {""id"": 8478492, ""name"": ""Ilya Samsonov"", ""p"": 0.0, ""gsax"": -0.0548}, {""id"": 8477970, ""name"": ""Vitek Vanecek"", ""p"": 0.0, ""gsax"": -0.1421}, {""id"": 8477831, ""name"": ""Pheonix Copley"", ""p"": 0.0, ""gsax"": -0.0194}, {""id"": 8477457, ""name"": ""Zach Fucale"", ""p"": 0.0, ""gsax"": 0.0024}, {""id"": 8467950, ""name"": ""Craig Anderson"", ""p"": 0.0, ""gsax"": -0.011}, {""id"": 8474651, ""name"": ""Braden Holtby"", ""p"": 0.0, ""gsax"": -0.0063}, {""id"": 8475831, ""name"": ""Philipp Grubauer"", ""p"": 0.0, ""gsax"": -0.0107}, {""id"": 8471251, ""name"": ""Justin Peters"", ""p"": 0.0, ""gsax"": -0.0004}, {""id"": 8470860, ""name"": ""Jaroslav Halak"", ""p"": 0.0, ""gsax"": 0.0045}, {""id"": 8473607, ""name"": ""Michal Neuvirth"", ""p"": 0.0, ""gsax"": -0.0047}, {""id"": 8460712, ""name"": ""Tomas Vokoun"", ""p"": 0.0, ""gsax"": 0.0001}, {""id"": 8473575, ""name"": ""Semyon Varlamov"", ""p"": 0.0, ""gsax"": 0.0246}]",nhl-v1,2026-10-02T14:44:07+00:00
401891831,2026020019,2026,2026-10-03T00:00:00+00:00,WPG,BOS,False,False,2.608,2.646,0.244,2.977,3.008,5.985,0.500,0.387,0.389,0.224,0.508,0.295,0.303,0.754,0.520,0.413,0.223,"[[3, 2, 0.0688], [2, 3, 0.0657], [4, 3, 0.0521]]",-0.199,0.080,-0.304,0.030,-0.019,-0.012,-0.126,-0.005,0.088,-0.181,0.056,0.172,"[{""id"": 8476945, ""name"": ""Connor Hellebuyck"", ""p"": 0.7206, ""gsax"": -0.0003}, {""id"": 8477480, ""name"": ""Eric Comrie"", ""p"": 0.2794, ""gsax"": -0.0419}, {""id"": 8483114, ""name"": ""Thomas Milic"", ""p"": 0.0001, ""gsax"": -0.0185}, {""id"": 8476316, ""name"": ""Laurent Brossoit"", ""p"": 0.0, ""gsax"": 0.0226}, {""id"": 8479496, ""name"": ""David Rittich"", ""p"": 0.0, ""gsax"": -0.0167}, {""id"": 8473461, ""name"": ""Steve Mason"", ""p"": 0.0, ""gsax"": 0.0001}, {""id"": 8474636, ""name"": ""Michael Hutchinson"", ""p"": 0.0, ""gsax"": -0.0257}, {""id"": 8471715, ""name"": ""Ondrej Pavelec"", ""p"": 0.0, ""gsax"": -0.0001}, {""id"": 8471219, ""name"": ""Al Montoya"", ""p"": 0.0, ""gsax"": -0.0013}, {""id"": 8462152, ""name"": ""Chris Mason"", ""p"": 0.0, ""gsax"": -0.0002}]","[{""id"": 8480280, ""name"": ""Jeremy Swayman"", ""p"": 0.8841, ""gsax"": 0.1953}, {""id"": 8476914, ""name"": ""Joonas Korpisalo"", ""p"": 0.1159, ""gsax"": -0.003}, {""id"": 8476999, ""name"": ""Linus Ullmark"", ""p"": 0.0, ""gsax"": 0.0513}, {""id"": 8476234, ""name"": ""Keith Kinkaid"", ""p"": 0.0, ""gsax"": -0.002}, {""id"": 8471695, ""name"": ""Tuukka Rask"", ""p"": 0.0, ""gsax"": -0.0038}, {""id"": 8470860, ""name"": ""Jaroslav Halak"", ""p"": 0.0, ""gsax"": 0.0045}, {""id"": 8478435, ""name"": ""Dan Vladar"", ""p"": 0.0, ""gsax"": 0.0602}, {""id"": 8471418, ""name"": ""Anton Khudobin"", ""p"": 0.0, ""gsax"": -0.022}, {""id"": 8475876, ""name"": ""Zane McIntyre"", ""p"": 0.0, ""gsax"": -0.001}, {""id"": 8476876, ""name"": ""Malcolm Subban"", ""p"": 0.0, ""gsax"": -0.0035}, {""id"": 8475361, ""name"": ""Jonas Gustavsson"", ""p"": 0.0, ""gsax"": -0.0014}, {""id"": 8476844, ""name"": ""Niklas Svedberg"", ""p"": 0.0, ""gsax"": -0.0001}, {""id"": 8473434, ""name"": ""Chad Johnson"", ""p"": 0.0, ""gsax"": -0.0064}, {""id"": 8460703, ""name"": ""Tim Thomas"", ""p"": 0.0, ""gsax"": -0.0003}, {""id"": 8460612, ""name"": ""Marty Turco"", ""p"": 0.0, ""gsax"": -0.0001}]",nhl-v1,2026-10-02T14:44:07+00:00
401891782,2026020020,2026,2026-10-03T01:00:00+00:00,DAL,STL,False,False,2.773,2.310,0.244,3.152,2.670,5.822,0.583,0.464,0.313,0.223,0.535,0.364,0.235,0.732,0.492,0.385,0.202,"[[3, 2, 0.0747], [2, 3, 0.0619], [4, 1, 0.0551]]",-0.191,0.277,0.777,0.206,0.002,0.051,-0.185,0.200,-1.109,-0.068,0.101,0.022,"[{""id"": 8479979, ""name"": ""Jake Oettinger"", ""p"": 0.8646, ""gsax"": 0.0422}, {""id"": 8479193, ""name"": ""Casey DeSmith"", ""p"": 0.1354, ""gsax"": 0.1038}, {""id"": 8475809, ""name"": ""Scott Wedgewood"", ""p"": 0.0, ""gsax"": 0.1675}, {""id"": 8483575, ""name"": ""Matt Murray"", ""p"": 0.0, ""gsax"": 0.0045}, {""id"": 8474651, ""name"": ""Braden Holtby"", ""p"": 0.0, ""gsax"": -0.0063}, {""id"": 8471418, ""name"": ""Anton Khudobin"", ""p"": 0.0, ""gsax"": -0.022}, {""id"": 8471750, ""name"": ""Ben Bishop"", ""p"": 0.0, ""gsax"": 0.003}, {""id"": 8470140, ""name"": ""Kari Lehtonen"", ""p"": 0.0, ""gsax"": -0.0003}, {""id"": 8470093, ""name"": ""Mike McKenna"", ""p"": 0.0, ""gsax"": -0.0041}, {""id"": 8474550, ""name"": ""Antti Niemi"", ""p"": 0.0, ""gsax"": -0.0033}, {""id"": 8473523, ""name"": ""Jhonas Enroth"", ""p"": 0.0, ""gsax"": -0.0009}, {""id"": 8474765, ""name"": ""Anders Lindback"", ""p"": 0.0, ""gsax"": -0.0011}, {""id"": 8475680, ""name"": ""Jussi Rynnas"", ""p"": 0.0, ""gsax"": -0.0002}, {""id"": 8460703, ""name"": ""Tim Thomas"", ""p"": 0.0, ""gsax"": -0.0003}, {""id"": 8468540, ""name"": ""Dan Ellis"", ""p"": 0.0, ""gsax"": -0.0004}, {""id"": 8475789, ""name"": ""Jack Campbell"", ""p"": 0.0, ""gsax"": -0.0356}, {""id"": 8473614, ""name"": ""Richard Bachman"", ""p"": 0.0, ""gsax"": -0.0015}, {""id"": 8476846, ""name"": ""Cristopher Nilstorp"", ""p"": 0.0, ""gsax"": -0.0001}, {""id"": 8467453, ""name"": ""Andrew Raycroft"", ""p"": 0.0, ""gsax"": -0.0001}]","[{""id"": 8480981, ""name"": ""Joel Hofer"", ""p"": 0.6551, ""gsax"": 0.1227}, {""id"": 8476412, ""name"": ""Jordan Binnington"", ""p"": 0.3449, ""gsax"": -0.1698}, {""id"": 8471306, ""name"": ""Thomas Greiss"", ""p"": 0.0, ""gsax"": -0.0226}, {""id"": 8478024, ""name"": ""Ville Husso"", ""p"": 0.0, ""gsax"": -0.071}, {""id"": 8479292, ""name"": ""Charlie Lindgren"", ""p"": 0.0, ""gsax"": -0.0867}, {""id"": 8476903, ""name"": ""Jon Gillies"", ""p"": 0.0, ""gsax"": -0.0276}, {""id"": 8474596, ""name"": ""Jake Allen"", ""p"": 0.0, ""gsax"": 0.0714}, {""id"": 8473434, ""name"": ""Chad Johnson"", ""p"": 0.0, ""gsax"": -0.0064}, {""id"": 8475622, ""name"": ""Carter Hutton"", ""p"": 0.0, ""gsax"": -0.0249}, {""id"": 8477831, ""name"": ""Pheonix Copley"", ""p"": 0.0, ""gsax"": -0.0194}, {""id"": 8470880, ""name"": ""Brian Elliott"", ""p"": 0.0, ""gsax"": -0.0255}, {""id"": 8455710, ""name"": ""Martin Brodeur"", ""p"": 0.0, ""gsax"": -0.0005}, {""id"": 8468011, ""name"": ""Ryan Miller"", ""p"": 0.0, ""gsax"": -0.0057}, {""id"": 8470860, ""name"": ""Jaroslav Halak"", ""p"": 0.0, ""gsax"": 0.0045}, {""id"": 8469152, ""name"": ""Ty Conklin"", ""p"": 0.0, ""gsax"": -0.0002}, {""id"": 8471750, ""name"": ""Ben Bishop"", ""p"": 0.0, ""gsax"": 0.003}]",nhl-v1,2026-10-02T14:44:07+00:00
401892433,2026020021,2026,2026-10-03T02:00:00+00:00,VGK,ANA,False,False,3.186,2.424,0.244,3.540,2.759,6.299,0.626,0.511,0.280,0.208,0.551,0.413,0.210,0.792,0.574,0.466,0.268,"[[3, 2, 0.0687], [4, 3, 0.0573], [4, 1, 0.0551]]",-0.045,0.399,0.816,0.721,0.033,-0.021,0.203,-0.013,-0.125,-0.327,-0.058,-0.071,"[{""id"": 8479394, ""name"": ""Carter Hart"", ""p"": 0.977, ""gsax"": -0.0181}, {""id"": 8478499, ""name"": ""Adin Hill"", ""p"": 0.0197, ""gsax"": -0.1437}, {""id"": 8481033, ""name"": ""Akira Schmid"", ""p"": 0.0032, ""gsax"": -0.035}, {""id"": 8482761, ""name"": ""Carl Lindbom"", ""p"": 0.0001, ""gsax"": -0.0364}, {""id"": 8478492, ""name"": ""Ilya Samsonov"", ""p"": 0.0, ""gsax"": -0.0548}, {""id"": 8480313, ""name"": ""Logan Thompson"", ""p"": 0.0, ""gsax"": 0.269}, {""id"": 8480238, ""name"": ""Jiri Patera"", ""p"": 0.0, ""gsax"": -0.0592}, {""id"": 8476316, ""name"": ""Laurent Brossoit"", ""p"": 0.0, ""gsax"": 0.0226}, {""id"": 8471734, ""name"": ""Jonathan Quick"", ""p"": 0.0, ""gsax"": -0.1049}, {""id"": 8475215, ""name"": ""Robin Lehner"", ""p"": 0.0, ""gsax"": 0.009}, {""id"": 8470594, ""name"": ""Marc-Andre Fleury"", ""p"": 0.0, ""gsax"": -0.1192}, {""id"": 8476861, ""name"": ""Oscar Dansk"", ""p"": 0.0, ""gsax"": -0.0026}, {""id"": 8476876, ""name"": ""Malcolm Subban"", ""p"": 0.0, ""gsax"": -0.0035}, {""id"": 8476509, ""name"": ""Maxime Lagace"", ""p"": 0.0, ""gsax"": -0.008}]","[{""id"": 8480843, ""name"": ""Lukas Dostal"", ""p"": 0.9293, ""gsax"": -0.0708}, {""id"": 8478024, ""name"": ""Ville Husso"", ""p"": 0.0704, ""gsax"": -0.071}, {""id"": 8475852, ""name"": ""Petr Mrazek"", ""p"": 0.0002, ""gsax"": -0.1511}, {""id"": 8476434, ""name"": ""John Gibson"", ""p"": 0.0, ""gsax"": 0.0805}, {""id"": 8473503, ""name"": ""James Reimer"", ""p"": 0.0, ""gsax"": 0.0222}, {""id"": 8480042, ""name"": ""Olle Eriksson Ek"", ""p"": 0.0, ""gsax"": -0.0032}, {""id"": 8476932, ""name"": ""Anthony Stolarz"", ""p"": 0.0, ""gsax"": 0.1033}, {""id"": 8468011, ""name"": ""Ryan Miller"", ""p"": 0.0, ""gsax"": -0.0057}, {""id"": 8479294, ""name"": ""Kevin Boyle"", ""p"": 0.0, ""gsax"": 0.0006}, {""id"": 8473434, ""name"": ""Chad Johnson"", ""p"": 0.0, ""gsax"": -0.0064}, {""id"": 8473499, ""name"": ""Reto Berra"", ""p"": 0.0, ""gsax"": -0.0003}, {""id"": 8473541, ""name"": ""Jonathan Bernier"", ""p"": 0.0, ""gsax"": 0.0003}, {""id"": 8475883, ""name"": ""Frederik Andersen"", ""p"": 0.0, ""gsax"": 0.0948}, {""id"": 8471418, ""name"": ""Anton Khudobin"", ""p"": 0.0, ""gsax"": -0.022}, {""id"": 8468524, ""name"": ""Ilya Bryzgalov"", ""p"": 0.0, ""gsax"": -0.0007}, {""id"": 8467391, ""name"": ""Jason LaBarbera"", ""p"": 0.0, ""gsax"": -0.0001}, {""id"": 8473972, ""name"": ""Jonas Hiller"", ""p"": 0.0, ""gsax"": -0.0006}, {""id"": 8476839, ""name"": ""Viktor Fasth"", ""p"": 0.0, ""gsax"": -0.0002}, {""id"": 8470074, ""name"": ""Jeff Deslauriers"", ""p"": 0.0, ""gsax"": 0.0}, {""id"": 8468540, ""name"": ""Dan Ellis"", ""p"": 0.0, ""gsax"": -0.0004}, {""id"": 8469548, ""name"": ""Ray Emery"", ""p"": 0.0, ""gsax"": -0.0004}, {""id"": 8470147, ""name"": ""Curtis McElhinney"", ""p"": 0.0, ""gsax"": -0.0099}]",nhl-v1,2026-10-02T14:44:07+00:00
401891776,2026020022,2026,2026-10-03T23:00:00+00:00,BUF,CHI,False,False,3.478,2.216,0.244,3.820,2.537,6.357,0.699,0.587,0.220,0.193,0.577,0.488,0.160,0.797,0.585,0.474,0.278,"[[3, 2, 0.0679], [4, 1, 0.0627], [4, 3, 0.0566]]",0.029,0.080,-0.086,-0.005,0.085,0.066,-0.339,-0.219,-0.790,-0.043,0.003,-0.034,"[{""id"": 8480045, ""name"": ""Ukko-Pekka Luukkonen"", ""p"": 0.5711, ""gsax"": -0.001}, {""id"": 8479312, ""name"": ""Alex Lyon"", ""p"": 0.396, ""gsax"": 0.1675}, {""id"": 8481551, ""name"": ""Colten Ellis"", ""p"": 0.0329, ""gsax"": 0.0195}, {""id"": 8473503, ""name"": ""James Reimer"", ""p"": 0.0, ""gsax"": 0.0222}, {""id"": 8482221, ""name"": ""Devon Levi"", ""p"": 0.0, ""gsax"": -0.1222}, {""id"": 8477480, ""name"": ""Eric Comrie"", ""p"": 0.0, ""gsax"": -0.0419}, {""id"": 8467950, ""name"": ""Craig Anderson"", ""p"": 0.0, ""gsax"": -0.011}, {""id"": 8474682, ""name"": ""Dustin Tokarski"", ""p"": 0.0, ""gsax"": -0.018}, {""id"": 8477180, ""name"": ""Aaron Dell"", ""p"": 0.0, ""gsax"": -0.0084}, {""id"": 8475920, ""name"": ""Michael Houser"", ""p"": 0.0, ""gsax"": 0.0007}, {""id"": 8476876, ""name"": ""Malcolm Subban"", ""p"": 0.0, ""gsax"": -0.0035}, {""id"": 8476999, ""name"": ""Linus Ullmark"", ""p"": 0.0, ""gsax"": 0.0513}, {""id"": 8475622, ""name"": ""Carter Hutton"", ""p"": 0.0, ""gsax"": -0.0249}, {""id"": 8477992, ""name"": ""Jonas Johansson"", ""p"": 0.0, ""gsax"": -0.1685}, {""id"": 8473434, ""name"": ""Chad Johnson"", ""p"": 0.0, ""gsax"": -0.0064}, {""id"": 8475215, ""name"": ""Robin Lehner"", ""p"": 0.0, ""gsax"": 0.009}, {""id"": 8475195, ""name"": ""Anders Nilsson"", ""p"": 0.0, ""gsax"": -0.0036}, {""id"": 8476309, ""name"": ""Jason Kasdorf"", ""p"": 0.0, ""gsax"": -0.0001}, {""id"": 8474765, ""name"": ""Anders Lindback"", ""p"": 0.0, ""gsax"": -0.0011}, {""id"": 8475252, ""name"": ""Matt Hackett"", ""p"": 0.0, ""gsax"": -0.0005}, {""id"": 8477092, ""name"": ""Andrey Makarov"", ""p"": 0.0, ""gsax"": 0.0}, {""id"": 8473607, ""name"": ""Michal Neuvirth"", ""p"": 0.0, ""gsax"": -0.0047}, {""id"": 8473523, ""name"": ""Jhonas Enroth"", ""p"": 0.0, ""gsax"": -0.0009}, {""id"": 8476319, ""name"": ""Nathan Lieuwen"", ""p"": 0.0, ""gsax"": 0.0}, {""id"": 8475303, ""name"": ""Connor Knapp"", ""p"": 0.0, ""gsax"": -0.0}, {""id"": 8468011, ""name"": ""Ryan Miller"", ""p"": 0.0, ""gsax"": -0.0057}, {""id"": 8459579, ""name"": ""Patrick Lalime"", ""p"": 0.0, ""gsax"": -0.0}]","[{""id"": 8481519, ""name"": ""Spencer Knight"", ""p"": 0.6167, ""gsax"": 0.0367}, {""id"": 8482821, ""name"": ""Arvid Soderblom"", ""p"": 0.3744, ""gsax"": -0.1509}, {""id"": 8482123, ""name"": ""Drew Commesso"", ""p"": 0.0089, ""gsax"": 0.0241}, {""id"": 8475852, ""name"": ""Petr Mrazek"", ""p"": 0.0, ""gsax"": -0.1511}, {""id"": 8471774, ""name"": ""Alex Stalock"", ""p"": 0.0, ""gsax"": -0.0235}, {""id"": 8471418, ""name"": ""Anton Khudobin"", ""p"": 0.0, ""gsax"": -0.022}, {""id"": 8483530, ""name"": ""Jaxson Stauber"", ""p"": 0.0, ""gsax"": -0.014}, {""id"": 8480947, ""name"": ""Kevin Lankinen"", ""p"": 0.0, ""gsax"": -0.2638}, {""id"": 8480420, ""name"": ""Collin Delia"", ""p"": 0.0, ""gsax"": -0.0218}, {""id"": 8470594, ""name"": ""Marc-Andre Fleury"", ""p"": 0.0, ""gsax"": -0.1192}, {""id"": 8476876, ""name"": ""Malcolm Subban"", ""p"": 0.0, ""gsax"": -0.0035}, {""id"": 8470645, ""name"": ""Corey Crawford"", ""p"": 0.0, ""gsax"": 0.0055}, {""id"": 8475215, ""name"": ""Robin Lehner"", ""p"": 0.0, ""gsax"": 0.009}, {""id"": 8470320, ""name"": ""Cam Ward"", ""p"": 0.0, ""gsax"": -0.0026}, {""id"": 8475234, ""name"": ""J-F Berube"", ""p"": 0.0, ""gsax"": -0.0028}, {""id"": 8476341, ""name"": ""Anton Forsberg"", ""p"": 0.0, ""gsax"": 0.0474}, {""id"": 8471301, ""name"": ""Jeff Glass"", ""p"": 0.0, ""gsax"": -0.0003}, {""id"": 8474152, ""name"": ""Scott Darling"", ""p"": 0.0, ""gsax"": -0.0042}, {""id"": 8477293, ""name"": ""Antti Raanta"", ""p"": 0.0, ""gsax"": -0.0173}, {""id"": 8459140, ""name"": ""Nikolai Khabibulin"", ""p"": 0.0, ""gsax"": -0.0001}, {""id"": 8469548, ""name"": ""Ray Emery"", ""p"": 0.0, ""gsax"": -0.0004}, {""id"": 8475622, ""name"": ""Carter Hutton"", ""p"": 0.0, ""gsax"": -0.0249}, {""id"": 8460612, ""name"": ""Marty Turco"", ""p"": 0.0, ""gsax"": -0.0001}]",nhl-v1,2026-10-02T14:44:07+00:00
401891822,2026020026,2026,2026-10-03T23:00:00+00:00,PIT,MTL,False,False,3.214,2.670,0.244,3.558,3.000,6.558,0.591,0.479,0.313,0.208,0.539,0.384,0.240,0.820,0.614,0.509,0.305,"[[3, 2, 0.0636], [4, 3, 0.0581], [2, 3, 0.052]]",0.113,0.143,0.219,0.401,0.052,-0.052,-0.105,-0.071,-0.129,-0.684,0.036,0.246,"[{""id"": 8481668, ""name"": ""Arturs Silovs"", ""p"": 0.6116, ""gsax"": -0.0855}, {""id"": 8479973, ""name"": ""Stuart Skinner"", ""p"": 0.3881, ""gsax"": 0.0004}, {""id"": 8477465, ""name"": ""Tristan Jarry"", ""p"": 0.0002, ""gsax"": -0.1866}, {""id"": 8483703, ""name"": ""Sergei Murashov"", ""p"": 0.0001, ""gsax"": -0.0113}, {""id"": 8477968, ""name"": ""Alex Nedeljkovic"", ""p"": 0.0, ""gsax"": -0.0512}, {""id"": 8482446, ""name"": ""Joel Blomqvist"", ""p"": 0.0, ""gsax"": -0.0648}, {""id"": 8476433, ""name"": ""Magnus Hellberg"", ""p"": 0.0, ""gsax"": -0.0179}, {""id"": 8479193, ""name"": ""Casey DeSmith"", ""p"": 0.0, ""gsax"": 0.1038}, {""id"": 8474682, ""name"": ""Dustin Tokarski"", ""p"": 0.0, ""gsax"": -0.018}, {""id"": 8475839, ""name"": ""Louis Domingue"", ""p"": 0.0, ""gsax"": -0.0011}, {""id"": 8476509, ""name"": ""Maxime Lagace"", ""p"": 0.0, ""gsax"": -0.008}, {""id"": 8476899, ""name"": ""Matt Murray"", ""p"": 0.0, ""gsax"": 0.0033}, {""id"": 8474550, ""name"": ""Antti Niemi"", ""p"": 0.0, ""gsax"": -0.0033}, {""id"": 8470594, ""name"": ""Marc-Andre Fleury"", ""p"": 0.0, ""gsax"": -0.1192}, {""id"": 8473553, ""name"": ""Jeff Zatkoff"", ""p"": 0.0, ""gsax"": -0.0015}, {""id"": 8471306, ""name"": ""Thomas Greiss"", ""p"": 0.0, ""gsax"": -0.0226}, {""id"": 8460712, ""name"": ""Tomas Vokoun"", ""p"": 0.0, ""gsax"": 0.0001}, {""id"": 8462161, ""name"": ""Brent Johnson"", ""p"": 0.0, ""gsax"": -0.0001}, {""id"": 8475097, ""name"": ""Brad Thiessen"", ""p"": 0.0, ""gsax"": -0.0001}]","[{""id"": 8482487, ""name"": ""Jakub Dobes"", ""p"": 0.9767, ""gsax"": 0.2492}, {""id"": 8484170, ""name"": ""Jacob Fowler"", ""p"": 0.0213, ""gsax"": 0.099}, {""id"": 8478470, ""name"": ""Samuel Montembeault"", ""p"": 0.002, ""gsax"": 0.0933}, {""id"": 8480051, ""name"": ""Cayden Primeau"", ""p"": 0.0, ""gsax"": -0.1048}, {""id"": 8474596, ""name"": ""Jake Allen"", ""p"": 0.0, ""gsax"": 0.0714}, {""id"": 8471679, ""name"": ""Carey Price"", ""p"": 0.0, ""gsax"": -0.0007}, {""id"": 8477202, ""name"": ""Andrew Hammond"", ""p"": 0.0, ""gsax"": -0.0117}, {""id"": 8479292, ""name"": ""Charlie Lindgren"", ""p"": 0.0, ""gsax"": -0.0867}, {""id"": 8476234, ""name"": ""Keith Kinkaid"", ""p"": 0.0, ""gsax"": -0.002}, {""id"": 8474550, ""name"": ""Antti Niemi"", ""p"": 0.0, ""gsax"": -0.0033}, {""id"": 8471219, ""name"": ""Al Montoya"", ""p"": 0.0, ""gsax"": -0.0013}, {""id"": 8477237, ""name"": ""Mike Condon"", ""p"": 0.0, ""gsax"": -0.0037}, {""id"": 8475681, ""name"": ""Ben Scrivens"", ""p"": 0.0, ""gsax"": -0.0011}, {""id"": 8474682, ""name"": ""Dustin Tokarski"", ""p"": 0.0, ""gsax"": -0.018}, {""id"": 8469514, ""name"": ""Peter Budaj"", ""p"": 0.0, ""gsax"": -0.003}, {""id"": 8467913, ""name"": ""Alex Auld"", ""p"": 0.0, ""gsax"": -0.0001}]",nhl-v1,2026-10-02T14:44:07+00:00
401891826,2026020024,2026,2026-10-03T23:00:00+00:00,TBL,WSH,False,True,3.084,2.345,0.244,3.446,2.687,6.133,0.624,0.508,0.280,0.212,0.550,0.408,0.209,0.772,0.546,0.438,0.244,"[[3, 2, 0.0713], [4, 1, 0.057], [4, 3, 0.0561]]",-0.023,0.227,0.028,0.267,0.034,0.141,-0.026,-0.022,0.103,-0.391,-0.034,0.199,"[{""id"": 8476883, ""name"": ""Andrei Vasilevskiy"", ""p"": 0.9126, ""gsax"": 0.166}, {""id"": 8477992, ""name"": ""Jonas Johansson"", ""p"": 0.0489, ""gsax"": -0.1685}, {""id"": 8477990, ""name"": ""Brandon Halverson"", ""p"": 0.0385, ""gsax"": -0.0642}, {""id"": 8477035, ""name"": ""Matt Tomkins"", ""p"": 0.0, ""gsax"": -0.0036}, {""id"": 8470880, ""name"": ""Brian Elliott"", ""p"": 0.0, ""gsax"": -0.0255}, {""id"": 8476509, ""name"": ""Maxime Lagace"", ""p"": 0.0, ""gsax"": -0.008}, {""id"": 8470147, ""name"": ""Curtis McElhinney"", ""p"": 0.0, ""gsax"": -0.0099}, {""id"": 8476444, ""name"": ""Christopher Gibson"", ""p"": 0.0, ""gsax"": -0.0027}, {""id"": 8475277, ""name"": ""Edward Pasquale"", ""p"": 0.0, ""gsax"": -0.0006}, {""id"": 8475839, ""name"": ""Louis Domingue"", ""p"": 0.0, ""gsax"": -0.0011}, {""id"": 8469514, ""name"": ""Peter Budaj"", ""p"": 0.0, ""gsax"": -0.003}, {""id"": 8471750, ""name"": ""Ben Bishop"", ""p"": 0.0, ""gsax"": 0.003}, {""id"": 8477356, ""name"": ""Kristers Gudlevskis"", ""p"": 0.0, ""gsax"": 0.0001}, {""id"": 8460705, ""name"": ""Evgeni Nabokov"", ""p"": 0.0, ""gsax"": -0.0001}, {""id"": 8474765, ""name"": ""Anders Lindback"", ""p"": 0.0, ""gsax"": -0.0011}, {""id"": 8464999, ""name"": ""Mathieu Garon"", ""p"": 0.0, ""gsax"": -0.0002}, {""id"": 8473638, ""name"": ""Cedrick Desjardins"", ""p"": 0.0, ""gsax"": -0.0}, {""id"": 8460806, ""name"": ""Dwayne Roloson"", ""p"": 0.0, ""gsax"": -0.0002}, {""id"": 8467959, ""name"": ""Sebastien Caron"", ""p"": 0.0, ""gsax"": -0.0}, {""id"": 8474682, ""name"": ""Dustin Tokarski"", ""p"": 0.0, ""gsax"": -0.018}, {""id"": 8469608, ""name"": ""Mike Smith"", ""p"": 0.0, ""gsax"": 0.0157}, {""id"": 8468540, ""name"": ""Dan Ellis"", ""p"": 0.0, ""gsax"": -0.0004}]","[{""id"": 8480313, ""name"": ""Logan Thompson"", ""p"": 0.754, ""gsax"": 0.269}, {""id"": 8483532, ""name"": ""Clay Stevenson"", ""p"": 0.1348, ""gsax"": 0.0458}, {""id"": 8479292, ""name"": ""Charlie Lindgren"", ""p"": 0.1112, ""gsax"": -0.0867}, {""id"": 8482411, ""name"": ""Hunter Shepard"", ""p"": 0.0, ""gsax"": -0.0707}, {""id"": 8475311, ""name"": ""Darcy Kuemper"", ""p"": 0.0, ""gsax"": -0.1383}, {""id"": 8478492, ""name"": ""Ilya Samsonov"", ""p"": 0.0, ""gsax"": -0.0548}, {""id"": 8477970, ""name"": ""Vitek Vanecek"", ""p"": 0.0, ""gsax"": -0.1421}, {""id"": 8477831, ""name"": ""Pheonix Copley"", ""p"": 0.0, ""gsax"": -0.0194}, {""id"": 8477457, ""name"": ""Zach Fucale"", ""p"": 0.0, ""gsax"": 0.0024}, {""id"": 8467950, ""name"": ""Craig Anderson"", ""p"": 0.0, ""gsax"": -0.011}, {""id"": 8474651, ""name"": ""Braden Holtby"", ""p"": 0.0, ""gsax"": -0.0063}, {""id"": 8475831, ""name"": ""Philipp Grubauer"", ""p"": 0.0, ""gsax"": -0.0107}, {""id"": 8471251, ""name"": ""Justin Peters"", ""p"": 0.0, ""gsax"": -0.0004}, {""id"": 8470860, ""name"": ""Jaroslav Halak"", ""p"": 0.0, ""gsax"": 0.0045}, {""id"": 8473607, ""name"": ""Michal Neuvirth"", ""p"": 0.0, ""gsax"": -0.0047}, {""id"": 8460712, ""name"": ""Tomas Vokoun"", ""p"": 0.0, ""gsax"": 0.0001}, {""id"": 8473575, ""name"": ""Semyon Varlamov"", ""p"": 0.0, ""gsax"": 0.0246}]",nhl-v1,2026-10-02T14:44:07+00:00
401892434,2026020023,2026,2026-10-03T23:00:00+00:00,TOR,OTT,False,False,2.463,3.094,0.244,2.810,3.446,6.256,0.406,0.305,0.482,0.212,0.476,0.226,0.391,0.787,0.567,0.459,0.261,"[[2, 3, 0.0656], [3, 2, 0.0584], [3, 4, 0.0542]]",-0.250,-0.180,-0.073,-0.481,0.075,0.018,0.017,0.281,0.051,0.406,-0.024,0.044,"[{""id"": 8476932, ""name"": ""Anthony Stolarz"", ""p"": 0.3702, ""gsax"": 0.1033}, {""id"": 8479361, ""name"": ""Joseph Woll"", ""p"": 0.2599, ""gsax"": -0.0348}, {""id"": 8475683, ""name"": ""Sergei Bobrovsky"", ""p"": 0.1723, ""gsax"": -0.1047}, {""id"": 8482515, ""name"": ""Artur Akhtyamov"", ""p"": 0.1184, ""gsax"": -0.0073}, {""id"": 8483710, ""name"": ""Dennis Hildeby"", ""p"": 0.0792, ""gsax"": 0.0923}, {""id"": 8480051, ""name"": ""Cayden Primeau"", ""p"": 0.0, ""gsax"": -0.1048}, {""id"": 8476899, ""name"": ""Matt Murray"", ""p"": 0.0, ""gsax"": 0.0033}, {""id"": 8478492, ""name"": ""Ilya Samsonov"", ""p"": 0.0, ""gsax"": -0.0548}, {""id"": 8474889, ""name"": ""Martin Jones"", ""p"": 0.0, ""gsax"": -0.0316}, {""id"": 8478902, ""name"": ""Erik Kallgren"", ""p"": 0.0, ""gsax"": -0.0075}, {""id"": 8475789, ""name"": ""Jack Campbell"", ""p"": 0.0, ""gsax"": -0.0356}, {""id"": 8475852, ""name"": ""Petr Mrazek"", ""p"": 0.0, ""gsax"": -0.1511}, {""id"": 8474636, ""name"": ""Michael Hutchinson"", ""p"": 0.0, ""gsax"": -0.0257}, {""id"": 8475883, ""name"": ""Frederik Andersen"", ""p"": 0.0, ""gsax"": 0.0948}, {""id"": 8479496, ""name"": ""David Rittich"", ""p"": 0.0, ""gsax"": -0.0167}, {""id"": 8479288, ""name"": ""Kasimir Kaskisuo"", ""p"": 0.0, ""gsax"": -0.0003}, {""id"": 8476343, ""name"": ""Garret Sparks"", ""p"": 0.0, ""gsax"": -0.0018}, {""id"": 8470147, ""name"": ""Curtis McElhinney"", ""p"": 0.0, ""gsax"": -0.0099}, {""id"": 8475717, ""name"": ""Calvin Pickard"", ""p"": 0.0, ""gsax"": -0.0884}, {""id"": 8477312, ""name"": ""Antoine Bibeau"", ""p"": 0.0, ""gsax"": 0.0003}, {""id"": 8473523, ""name"": ""Jhonas Enroth"", ""p"": 0.0, ""gsax"": -0.0009}, {""id"": 8473541, ""name"": ""Jonathan Bernier"", ""p"": 0.0, ""gsax"": 0.0003}, {""id"": 8473503, ""name"": ""James Reimer"", ""p"": 0.0, ""gsax"": 0.0222}, {""id"": 8469569, ""name"": ""Drew MacIntyre"", ""p"": 0.0, ""gsax"": 0.0}, {""id"": 8475681, ""name"": ""Ben Scrivens"", ""p"": 0.0, ""gsax"": -0.0011}, {""id"": 8475361, ""name"": ""Jonas Gustavsson"", ""p"": 0.0, ""gsax"": -0.0014}, {""id"": 8475680, ""name"": ""Jussi Rynnas"", ""p"": 0.0, ""gsax"": -0.0002}, {""id"": 8462044, ""name"": ""Jean-Sebastien Giguere"", ""p"": 0.0, ""gsax"": -0.0}]","[{""id"": 8476999, ""name"": ""Linus Ullmark"", ""p"": 0.7892, ""gsax"": 0.0513}, {""id"": 8473503, ""name"": ""James Reimer"", ""p"": 0.2038, ""gsax"": 0.0222}, {""id"": 8482447, ""name"": ""Leevi Merilainen"", ""p"": 0.0054, ""gsax"": -0.2286}, {""id"": 8481544, ""name"": ""Mads Sogaard"", ""p"": 0.0016, ""gsax"": -0.1113}, {""id"": 8476341, ""name"": ""Anton Forsberg"", ""p"": 0.0, ""gsax"": 0.0474}, {""id"": 8476914, ""name"": ""Joonas Korpisalo"", ""p"": 0.0, ""gsax"": -0.003}, {""id"": 8475660, ""name"": ""Cam Talbot"", ""p"": 0.0, ""gsax"": -0.1184}, {""id"": 8480263, ""name"": ""Dylan Ferguson"", ""p"": 0.0, ""gsax"": 0.007}, {""id"": 8480867, ""name"": ""Kevin Mandolese"", ""p"": 0.0, ""gsax"": 0.0044}, {""id"": 8476433, ""name"": ""Magnus Hellberg"", ""p"": 0.0, ""gsax"": -0.0179}, {""id"": 8479406, ""name"": ""Filip Gustavsson"", ""p"": 0.0, ""gsax"": -0.035}, {""id"": 8476899, ""name"": ""Matt Murray"", ""p"": 0.0, ""gsax"": 0.0033}, {""id"": 8477405, ""name"": ""Marcus Hogberg"", ""p"": 0.0, ""gsax"": -0.1171}, {""id"": 8478916, ""name"": ""Joey Daccord"", ""p"": 0.0, ""gsax"": -0.036}, {""id"": 8467950, ""name"": ""Craig Anderson"", ""p"": 0.0, ""gsax"": -0.011}, {""id"": 8475195, ""name"": ""Anders Nilsson"", ""p"": 0.0, ""gsax"": -0.0036}, {""id"": 8470093, ""name"": ""Mike McKenna"", ""p"": 0.0, ""gsax"": -0.0041}, {""id"": 8477237, ""name"": ""Mike Condon"", ""p"": 0.0, ""gsax"": -0.0037}, {""id"": 8471433, ""name"": ""Daniel Taylor"", ""p"": 0.0, ""gsax"": -0.0004}, {""id"": 8477202, ""name"": ""Andrew Hammond"", ""p"": 0.0, ""gsax"": -0.0117}, {""id"": 8478559, ""name"": ""Matthew O'Connor"", ""p"": 0.0, ""gsax"": -0.0}, {""id"": 8475215, ""name"": ""Robin Lehner"", ""p"": 0.0, ""gsax"": 0.009}, {""id"": 8471750, ""name"": ""Ben Bishop"", ""p"": 0.0, ""gsax"": 0.003}, {""id"": 8467913, ""name"": ""Alex Auld"", ""p"": 0.0, ""gsax"": -0.0001}, {""id"": 8470147, ""name"": ""Curtis McElhinney"", ""p"": 0.0, ""gsax"": -0.0099}, {""id"": 8470880, ""name"": ""Brian Elliott"", ""p"": 0.0, ""gsax"": -0.0255}, {""id"": 8470800, ""name"": ""Mike Brodeur"", ""p"": 0.0, ""gsax"": -0.0}, {""id"": 8469461, ""name"": ""Pascal Leclaire"", ""p"": 0.0, ""gsax"": 0.0}]",nhl-v1,2026-10-02T14:44:07+00:00
401892435,2026020025,2026,2026-10-03T23:00:00+00:00,PHI,CAR,False,True,2.170,2.855,0.244,2.535,3.230,5.765,0.394,0.289,0.490,0.221,0.473,0.209,0.395,0.725,0.483,0.375,0.194,"[[2, 3, 0.0727], [3, 2, 0.0633], [1, 4, 0.0595]]",-0.339,0.211,-0.225,0.612,-0.071,0.029,0.328,0.340,0.411,1.236,-0.098,0.079,"[{""id"": 8478435, ""name"": ""Dan Vladar"", ""p"": 0.7532, ""gsax"": 0.0602}, {""id"": 8479361, ""name"": ""Joseph Woll"", ""p"": 0.1958, ""gsax"": -0.0348}, {""id"": 8481035, ""name"": ""Samuel Ersson"", ""p"": 0.0508, ""gsax"": -0.188}, {""id"": 8482783, ""name"": ""Aleksei Kolosov"", ""p"": 0.0002, ""gsax"": -0.0935}, {""id"": 8478905, ""name"": ""Ivan Fedotov"", ""p"": 0.0, ""gsax"": -0.1127}, {""id"": 8478433, ""name"": ""Felix Sandstrom"", ""p"": 0.0, ""gsax"": -0.0673}, {""id"": 8477361, ""name"": ""Calvin Petersen"", ""p"": 0.0, ""gsax"": -0.0568}, {""id"": 8479394, ""name"": ""Carter Hart"", ""p"": 0.0, ""gsax"": -0.0181}, {""id"": 8474889, ""name"": ""Martin Jones"", ""p"": 0.0, ""gsax"": -0.0316}, {""id"": 8470880, ""name"": ""Brian Elliott"", ""p"": 0.0, ""gsax"": -0.0255}, {""id"": 8479312, ""name"": ""Alex Lyon"", ""p"": 0.0, ""gsax"": 0.1675}, {""id"": 8475660, ""name"": ""Cam Talbot"", ""p"": 0.0, ""gsax"": -0.1184}, {""id"": 8476932, ""name"": ""Anthony Stolarz"", ""p"": 0.0, ""gsax"": 0.1033}, {""id"": 8473607, ""name"": ""Michal Neuvirth"", ""p"": 0.0, ""gsax"": -0.0047}, {""id"": 8470093, ""name"": ""Mike McKenna"", ""p"": 0.0, ""gsax"": -0.0041}, {""id"": 8475717, ""name"": ""Calvin Pickard"", ""p"": 0.0, ""gsax"": -0.0884}, {""id"": 8475852, ""name"": ""Petr Mrazek"", ""p"": 0.0, ""gsax"": -0.1511}, {""id"": 8473461, ""name"": ""Steve Mason"", ""p"": 0.0, ""gsax"": 0.0001}, {""id"": 8469548, ""name"": ""Ray Emery"", ""p"": 0.0, ""gsax"": -0.0004}, {""id"": 8467972, ""name"": ""Rob Zepp"", ""p"": 0.0, ""gsax"": -0.0001}, {""id"": 8476763, ""name"": ""Calvin Heeter"", ""p"": 0.0, ""gsax"": -0.0}, {""id"": 8468524, ""name"": ""Ilya Bryzgalov"", ""p"": 0.0, ""gsax"": -0.0007}, {""id"": 8462052, ""name"": ""Brian Boucher"", ""p"": 0.0, ""gsax"": -0.0001}, {""id"": 8468038, ""name"": ""Michael Leighton"", ""p"": 0.0, ""gsax"": -0.0004}, {""id"": 8475683, ""name"": ""Sergei Bobrovsky"", ""p"": 0.0, ""gsax"": -0.1047}]","[{""id"": 8483548, ""name"": ""Brandon Bussi"", ""p"": 0.5017, ""gsax"": 0.0629}, {""id"": 8475883, ""name"": ""Frederik Andersen"", ""p"": 0.4982, ""gsax"": 0.0948}, {""id"": 8481611, ""name"": ""Pyotr Kochetkov"", ""p"": 0.0001, ""gsax"": -0.046}, {""id"": 8474682, ""name"": ""Dustin Tokarski"", ""p"": 0.0, ""gsax"": -0.018}, {""id"": 8477484, ""name"": ""Spencer Martin"", ""p"": 0.0, ""gsax"": -0.1604}, {""id"": 8477293, ""name"": ""Antti Raanta"", ""p"": 0.0, ""gsax"": -0.0173}, {""id"": 8479581, ""name"": ""Jack LaFontaine"", ""p"": 0.0, ""gsax"": -0.0061}, {""id"": 8479312, ""name"": ""Alex Lyon"", ""p"": 0.0, ""gsax"": 0.1675}, {""id"": 8477968, ""name"": ""Alex Nedeljkovic"", ""p"": 0.0, ""gsax"": -0.0512}, {""id"": 8475852, ""name"": ""Petr Mrazek"", ""p"": 0.0, ""gsax"": -0.1511}, {""id"": 8473503, ""name"": ""James Reimer"", ""p"": 0.0, ""gsax"": 0.0222}, {""id"": 8476341, ""name"": ""Anton Forsberg"", ""p"": 0.0, ""gsax"": 0.0474}, {""id"": 8470147, ""name"": ""Curtis McElhinney"", ""p"": 0.0, ""gsax"": -0.0099}, {""id"": 8474152, ""name"": ""Scott Darling"", ""p"": 0.0, ""gsax"": -0.0042}, {""id"": 8470320, ""name"": ""Cam Ward"", ""p"": 0.0, ""gsax"": -0.0026}, {""id"": 8475663, ""name"": ""Eddie Lack"", ""p"": 0.0, ""gsax"": -0.0014}, {""id"": 8468038, ""name"": ""Michael Leighton"", ""p"": 0.0, ""gsax"": -0.0004}, {""id"": 8471418, ""name"": ""Anton Khudobin"", ""p"": 0.0, ""gsax"": -0.022}, {""id"": 8471251, ""name"": ""Justin Peters"", ""p"": 0.0, ""gsax"": -0.0004}, {""id"": 8468540, ""name"": ""Dan Ellis"", ""p"": 0.0, ""gsax"": -0.0004}, {""id"": 8462052, ""name"": ""Brian Boucher"", ""p"": 0.0, ""gsax"": -0.0001}]",nhl-v1,2026-10-02T14:44:07+00:00
401892436,2026020027,2026,2026-10-03T23:00:00+00:00,CBJ,UTA,False,False,2.869,2.673,0.244,3.228,3.021,6.249,0.538,0.425,0.358,0.218,0.521,0.332,0.277,0.787,0.565,0.458,0.260,"[[3, 2, 0.0668], [2, 3, 0.0599], [4, 3, 0.0554]]",-0.029,0.143,-0.082,-0.761,0.030,0.125,0.077,0.145,-0.120,-0.206,0.053,0.010,"[{""id"": 8482982, ""name"": ""Jet Greaves"", ""p"": 0.8596, ""gsax"": 0.1638}, {""id"": 8478007, ""name"": ""Elvis Merzlikins"", ""p"": 0.1404, ""gsax"": -0.1138}, {""id"": 8480193, ""name"": ""Daniil Tarasov"", ""p"": 0.0, ""gsax"": -0.0391}, {""id"": 8476876, ""name"": ""Malcolm Subban"", ""p"": 0.0, ""gsax"": -0.0035}, {""id"": 8477484, ""name"": ""Spencer Martin"", ""p"": 0.0, ""gsax"": -0.1604}, {""id"": 8474636, ""name"": ""Michael Hutchinson"", ""p"": 0.0, ""gsax"": -0.0257}, {""id"": 8476903, ""name"": ""Jon Gillies"", ""p"": 0.0, ""gsax"": -0.0276}, {""id"": 8476914, ""name"": ""Joonas Korpisalo"", ""p"": 0.0, ""gsax"": -0.003}, {""id"": 8475234, ""name"": ""J-F Berube"", ""p"": 0.0, ""gsax"": -0.0028}, {""id"": 8480162, ""name"": ""Matiss Kivlenieks"", ""p"": 0.0, ""gsax"": -0.003}, {""id"": 8475683, ""name"": ""Sergei Bobrovsky"", ""p"": 0.0, ""gsax"": -0.1047}, {""id"": 8470147, ""name"": ""Curtis McElhinney"", ""p"": 0.0, ""gsax"": -0.0099}, {""id"": 8476341, ""name"": ""Anton Forsberg"", ""p"": 0.0, ""gsax"": 0.0474}, {""id"": 8470093, ""name"": ""Mike McKenna"", ""p"": 0.0, ""gsax"": -0.0041}, {""id"": 8473461, ""name"": ""Steve Mason"", ""p"": 0.0, ""gsax"": 0.0001}, {""id"": 8474057, ""name"": ""Allen York"", ""p"": 0.0, ""gsax"": 0.0}, {""id"": 8468166, ""name"": ""Curtis Sanford"", ""p"": 0.0, ""gsax"": -0.0001}, {""id"": 8464999, ""name"": ""Mathieu Garon"", ""p"": 0.0, ""gsax"": -0.0002}]","[{""id"": 8478872, ""name"": ""Karel Vejmelka"", ""p"": 0.9256, ""gsax"": 0.0221}, {""id"": 8477970, ""name"": ""Vitek Vanecek"", ""p"": 0.0744, ""gsax"": -0.1421}, {""id"": 8480191, ""name"": ""Matt Villalta"", ""p"": 0.0, ""gsax"": -0.0039}, {""id"": 8478971, ""name"": ""Connor Ingram"", ""p"": 0.0, ""gsax"": -0.0574}, {""id"": 8483530, ""name"": ""Jaxson Stauber"", ""p"": 0.0, ""gsax"": -0.014}, {""id"": 8481031, ""name"": ""Ivan Prosvetov"", ""p"": 0.0, ""gsax"": -0.03}, {""id"": 8474667, ""name"": ""Harri Sateri"", ""p"": 0.0, ""gsax"": -0.0043}, {""id"": 8475809, ""name"": ""Scott Wedgewood"", ""p"": 0.0, ""gsax"": 0.1675}, {""id"": 8475622, ""name"": ""Carter Hutton"", ""p"": 0.0, ""gsax"": -0.0249}, {""id"": 8475311, ""name"": ""Darcy Kuemper"", ""p"": 0.0, ""gsax"": -0.1383}, {""id"": 8478499, ""name"": ""Adin Hill"", ""p"": 0.0, ""gsax"": -0.1437}, {""id"": 8477293, ""name"": ""Antti Raanta"", ""p"": 0.0, ""gsax"": -0.0173}, {""id"": 8475717, ""name"": ""Calvin Pickard"", ""p"": 0.0, ""gsax"": -0.0884}, {""id"": 8475839, ""name"": ""Louis Domingue"", ""p"": 0.0, ""gsax"": -0.0011}, {""id"": 8469608, ""name"": ""Mike Smith"", ""p"": 0.0, ""gsax"": 0.0157}, {""id"": 8471251, ""name"": ""Justin Peters"", ""p"": 0.0, ""gsax"": -0.0004}, {""id"": 8478999, ""name"": ""Niklas Treutle"", ""p"": 0.0, ""gsax"": -0.0002}, {""id"": 8474765, ""name"": ""Anders Lindback"", ""p"": 0.0, ""gsax"": -0.0011}, {""id"": 8470093, ""name"": ""Mike McKenna"", ""p"": 0.0, ""gsax"": -0.0041}, {""id"": 8471227, ""name"": ""Devan Dubnyk"", ""p"": 0.0, ""gsax"": -0.0148}, {""id"": 8471306, ""name"": ""Thomas Greiss"", ""p"": 0.0, ""gsax"": -0.0226}, {""id"": 8475771, ""name"": ""Mark Visentin"", ""p"": 0.0, ""gsax"": -0.0}, {""id"": 8467391, ""name"": ""Jason LaBarbera"", ""p"": 0.0, ""gsax"": -0.0001}, {""id"": 8473434, ""name"": ""Chad Johnson"", ""p"": 0.0, ""gsax"": -0.0064}, {""id"": 8470147, ""name"": ""Curtis McElhinney"", ""p"": 0.0, ""gsax"": -0.0099}, {""id"": 8468524, ""name"": ""Ilya Bryzgalov"", ""p"": 0.0, ""gsax"": -0.0007}]",nhl-v1,2026-10-02T14:44:07+00:00
401892437,2026020028,2026,2026-10-03T23:00:00+00:00,EDM,SEA,False,False,3.190,2.400,0.244,3.545,2.736,6.280,0.631,0.516,0.276,0.208,0.552,0.417,0.207,0.790,0.571,0.463,0.265,"[[3, 2, 0.0691], [4, 3, 0.0572], [4, 1, 0.0559]]",-0.015,0.187,1.204,-0.286,0.048,-0.108,-0.256,-0.044,-0.421,-0.445,0.053,-0.020,"[{""id"": 8478971, ""name"": ""Connor Ingram"", ""p"": 0.5086, ""gsax"": -0.0574}, {""id"": 8477465, ""name"": ""Tristan Jarry"", ""p"": 0.2943, ""gsax"": -0.1866}, {""id"": 8482221, ""name"": ""Devon Levi"", ""p"": 0.1958, ""gsax"": -0.1222}, {""id"": 8475717, ""name"": ""Calvin Pickard"", ""p"": 0.0009, ""gsax"": -0.0884}, {""id"": 8479973, ""name"": ""Stuart Skinner"", ""p"": 0.0003, ""gsax"": 0.0004}, {""id"": 8480885, ""name"": ""Olivier Rodrigue"", ""p"": 0.0, ""gsax"": -0.0026}, {""id"": 8475789, ""name"": ""Jack Campbell"", ""p"": 0.0, ""gsax"": -0.0356}, {""id"": 8469608, ""name"": ""Mike Smith"", ""p"": 0.0, ""gsax"": 0.0157}, {""id"": 8475156, ""name"": ""Mikko Koskinen"", ""p"": 0.0, ""gsax"": -0.0025}, {""id"": 8476932, ""name"": ""Anthony Stolarz"", ""p"": 0.0, ""gsax"": 0.1033}, {""id"": 8475660, ""name"": ""Cam Talbot"", ""p"": 0.0, ""gsax"": -0.1184}, {""id"": 8471219, ""name"": ""Al Montoya"", ""p"": 0.0, ""gsax"": -0.0013}, {""id"": 8476316, ""name"": ""Laurent Brossoit"", ""p"": 0.0, ""gsax"": 0.0226}, {""id"": 8475361, ""name"": ""Jonas Gustavsson"", ""p"": 0.0, ""gsax"": -0.0014}, {""id"": 8475195, ""name"": ""Anders Nilsson"", ""p"": 0.0, ""gsax"": -0.0036}, {""id"": 8475681, ""name"": ""Ben Scrivens"", ""p"": 0.0, ""gsax"": -0.0011}, {""id"": 8473614, ""name"": ""Richard Bachman"", ""p"": 0.0, ""gsax"": -0.0015}, {""id"": 8476839, ""name"": ""Viktor Fasth"", ""p"": 0.0, ""gsax"": -0.0002}, {""id"": 8468524, ""name"": ""Ilya Bryzgalov"", ""p"": 0.0, ""gsax"": -0.0007}, {""id"": 8471227, ""name"": ""Devan Dubnyk"", ""p"": 0.0, ""gsax"": -0.0148}, {""id"": 8467391, ""name"": ""Jason LaBarbera"", ""p"": 0.0, ""gsax"": -0.0001}, {""id"": 8459140, ""name"": ""Nikolai Khabibulin"", ""p"": 0.0, ""gsax"": -0.0001}, {""id"": 8469675, ""name"": ""Martin Gerber"", ""p"": 0.0, ""gsax"": 0.0}]","[{""id"": 8478916, ""name"": ""Joey Daccord"", ""p"": 0.4756, ""gsax"": -0.036}, {""id"": 8483668, ""name"": ""Nikke Kokko"", ""p"": 0.2202, ""gsax"": -0.0133}, {""id"": 8475831, ""name"": ""Philipp Grubauer"", ""p"": 0.2098, ""gsax"": -0.0107}, {""id"": 8484910, ""name"": ""Victor Ostman"", ""p"": 0.0943, ""gsax"": 0.0257}, {""id"": 8476899, ""name"": ""Matt Murray"", ""p"": 0.0001, ""gsax"": 0.0033}, {""id"": 8478848, ""name"": ""Ales Stezka"", ""p"": 0.0, ""gsax"": -0.0026}, {""id"": 8476904, ""name"": ""Chris Driedger"", ""p"": 0.0, ""gsax"": 0.007}, {""id"": 8474889, ""name"": ""Martin Jones"", ""p"": 0.0, ""gsax"": -0.0316}]",nhl-v1,2026-10-02T14:44:07+00:00
401891818,2026020029,2026,2026-10-03T23:30:00+00:00,NYI,NJD,False,False,2.592,2.481,0.244,2.970,2.848,5.819,0.525,0.408,0.365,0.227,0.516,0.313,0.280,0.732,0.491,0.385,0.201,"[[3, 2, 0.0723], [2, 3, 0.0663], [4, 3, 0.0515]]",-0.002,-0.029,-0.623,-0.736,-0.116,0.128,-0.025,0.107,0.764,0.186,-0.144,0.029,"[{""id"": 8478009, ""name"": ""Ilya Sorokin"", ""p"": 0.8391, ""gsax"": 0.1558}, {""id"": 8479496, ""name"": ""David Rittich"", ""p"": 0.1609, ""gsax"": -0.0167}, {""id"": 8477405, ""name"": ""Marcus Hogberg"", ""p"": 0.0, ""gsax"": -0.1171}, {""id"": 8480819, ""name"": ""Jakub Skarek"", ""p"": 0.0, ""gsax"": -0.0098}, {""id"": 8473575, ""name"": ""Semyon Varlamov"", ""p"": 0.0, ""gsax"": 0.0246}, {""id"": 8471239, ""name"": ""Cory Schneider"", ""p"": 0.0, ""gsax"": 0.0037}, {""id"": 8471306, ""name"": ""Thomas Greiss"", ""p"": 0.0, ""gsax"": -0.0226}, {""id"": 8475215, ""name"": ""Robin Lehner"", ""p"": 0.0, ""gsax"": 0.009}, {""id"": 8470860, ""name"": ""Jaroslav Halak"", ""p"": 0.0, ""gsax"": 0.0045}, {""id"": 8476444, ""name"": ""Christopher Gibson"", ""p"": 0.0, ""gsax"": -0.0027}, {""id"": 8475234, ""name"": ""J-F Berube"", ""p"": 0.0, ""gsax"": -0.0028}, {""id"": 8473607, ""name"": ""Michal Neuvirth"", ""p"": 0.0, ""gsax"": -0.0047}, {""id"": 8473434, ""name"": ""Chad Johnson"", ""p"": 0.0, ""gsax"": -0.0064}, {""id"": 8474690, ""name"": ""Kevin Poulin"", ""p"": 0.0, ""gsax"": -0.0004}, {""id"": 8475195, ""name"": ""Anders Nilsson"", ""p"": 0.0, ""gsax"": -0.0036}, {""id"": 8460705, ""name"": ""Evgeni Nabokov"", ""p"": 0.0, ""gsax"": -0.0001}, {""id"": 8468481, ""name"": ""Rick DiPietro"", ""p"": 0.0, ""gsax"": -0.0002}, {""id"": 8471219, ""name"": ""Al Montoya"", ""p"": 0.0, ""gsax"": -0.0013}, {""id"": 8474855, ""name"": ""Nathan Lawson"", ""p"": 0.0, ""gsax"": -0.0}, {""id"": 8475156, ""name"": ""Mikko Koskinen"", ""p"": 0.0, ""gsax"": -0.0025}, {""id"": 8460806, ""name"": ""Dwayne Roloson"", ""p"": 0.0, ""gsax"": -0.0002}]","[{""id"": 8474596, ""name"": ""Jake Allen"", ""p"": 0.5332, ""gsax"": 0.0714}, {""id"": 8474593, ""name"": ""Jacob Markstrom"", ""p"": 0.2895, ""gsax"": -0.0527}, {""id"": 8482076, ""name"": ""Nico Daws"", ""p"": 0.1773, ""gsax"": 0.0371}, {""id"": 8478039, ""name"": ""Kaapo Kahkonen"", ""p"": 0.0, ""gsax"": -0.0418}, {""id"": 8481033, ""name"": ""Akira Schmid"", ""p"": 0.0, ""gsax"": -0.035}, {""id"": 8477970, ""name"": ""Vitek Vanecek"", ""p"": 0.0, ""gsax"": -0.1421}, {""id"": 8478406, ""name"": ""Mackenzie Blackwood"", ""p"": 0.0, ""gsax"": 0.0519}, {""id"": 8477202, ""name"": ""Andrew Hammond"", ""p"": 0.0, ""gsax"": -0.0117}, {""id"": 8476903, ""name"": ""Jon Gillies"", ""p"": 0.0, ""gsax"": -0.0276}, {""id"": 8473541, ""name"": ""Jonathan Bernier"", ""p"": 0.0, ""gsax"": 0.0003}, {""id"": 8475809, ""name"": ""Scott Wedgewood"", ""p"": 0.0, ""gsax"": 0.1675}, {""id"": 8477180, ""name"": ""Aaron Dell"", ""p"": 0.0, ""gsax"": -0.0084}, {""id"": 8477480, ""name"": ""Eric Comrie"", ""p"": 0.0, ""gsax"": -0.0419}, {""id"": 8471239, ""name"": ""Cory Schneider"", ""p"": 0.0, ""gsax"": 0.0037}, {""id"": 8475839, ""name"": ""Louis Domingue"", ""p"": 0.0, ""gsax"": -0.0011}, {""id"": 8480213, ""name"": ""Gilles Senn"", ""p"": 0.0, ""gsax"": 0.0001}, {""id"": 8476234, ""name"": ""Keith Kinkaid"", ""p"": 0.0, ""gsax"": -0.002}, {""id"": 8475663, ""name"": ""Eddie Lack"", ""p"": 0.0, ""gsax"": -0.0014}, {""id"": 8478965, ""name"": ""Kenneth Appleby"", ""p"": 0.0, ""gsax"": -0.0083}, {""id"": 8466339, ""name"": ""Scott Clemmensen"", ""p"": 0.0, ""gsax"": -0.0004}, {""id"": 8455710, ""name"": ""Martin Brodeur"", ""p"": 0.0, ""gsax"": -0.0005}, {""id"": 8460704, ""name"": ""Johan Hedberg"", ""p"": 0.0, ""gsax"": -0.0001}, {""id"": 8470093, ""name"": ""Mike McKenna"", ""p"": 0.0, ""gsax"": -0.0041}]",nhl-v1,2026-10-02T14:44:07+00:00
401891814,2026020031,2026,2026-10-04T00:00:00+00:00,MIN,BOS,False,True,3.001,2.498,0.244,3.362,2.842,6.204,0.587,0.471,0.313,0.215,0.537,0.375,0.238,0.781,0.558,0.450,0.254,"[[3, 2, 0.0693], [2, 3, 0.0571], [4, 3, 0.0563]]",-0.068,0.128,0.494,-0.507,0.062,0.063,-0.126,-0.005,0.088,-0.181,0.056,0.172,"[{""id"": 8482661, ""name"": ""Jesper Wallstedt"", ""p"": 0.835, ""gsax"": 0.0826}, {""id"": 8479406, ""name"": ""Filip Gustavsson"", ""p"": 0.165, ""gsax"": -0.035}, {""id"": 8470594, ""name"": ""Marc-Andre Fleury"", ""p"": 0.0, ""gsax"": -0.1192}, {""id"": 8475660, ""name"": ""Cam Talbot"", ""p"": 0.0, ""gsax"": -0.1184}, {""id"": 8478039, ""name"": ""Kaapo Kahkonen"", ""p"": 0.0, ""gsax"": -0.0418}, {""id"": 8471774, ""name"": ""Alex Stalock"", ""p"": 0.0, ""gsax"": -0.0235}, {""id"": 8471227, ""name"": ""Devan Dubnyk"", ""p"": 0.0, ""gsax"": -0.0148}, {""id"": 8475311, ""name"": ""Darcy Kuemper"", ""p"": 0.0, ""gsax"": -0.1383}, {""id"": 8473404, ""name"": ""Niklas Backstrom"", ""p"": 0.0, ""gsax"": -0.001}, {""id"": 8474202, ""name"": ""John Curry"", ""p"": 0.0, ""gsax"": -0.0001}, {""id"": 8468524, ""name"": ""Ilya Bryzgalov"", ""p"": 0.0, ""gsax"": -0.0007}, {""id"": 8470216, ""name"": ""Josh Harding"", ""p"": 0.0, ""gsax"": 0.0}, {""id"": 8475252, ""name"": ""Matt Hackett"", ""p"": 0.0, ""gsax"": -0.0005}, {""id"": 8460535, ""name"": ""Jose Theodore"", ""p"": 0.0, ""gsax"": -0.0001}, {""id"": 8471418, ""name"": ""Anton Khudobin"", ""p"": 0.0, ""gsax"": -0.022}]","[{""id"": 8480280, ""name"": ""Jeremy Swayman"", ""p"": 0.8841, ""gsax"": 0.1953}, {""id"": 8476914, ""name"": ""Joonas Korpisalo"", ""p"": 0.1159, ""gsax"": -0.003}, {""id"": 8476999, ""name"": ""Linus Ullmark"", ""p"": 0.0, ""gsax"": 0.0513}, {""id"": 8476234, ""name"": ""Keith Kinkaid"", ""p"": 0.0, ""gsax"": -0.002}, {""id"": 8471695, ""name"": ""Tuukka Rask"", ""p"": 0.0, ""gsax"": -0.0038}, {""id"": 8470860, ""name"": ""Jaroslav Halak"", ""p"": 0.0, ""gsax"": 0.0045}, {""id"": 8478435, ""name"": ""Dan Vladar"", ""p"": 0.0, ""gsax"": 0.0602}, {""id"": 8471418, ""name"": ""Anton Khudobin"", ""p"": 0.0, ""gsax"": -0.022}, {""id"": 8475876, ""name"": ""Zane McIntyre"", ""p"": 0.0, ""gsax"": -0.001}, {""id"": 8476876, ""name"": ""Malcolm Subban"", ""p"": 0.0, ""gsax"": -0.0035}, {""id"": 8475361, ""name"": ""Jonas Gustavsson"", ""p"": 0.0, ""gsax"": -0.0014}, {""id"": 8476844, ""name"": ""Niklas Svedberg"", ""p"": 0.0, ""gsax"": -0.0001}, {""id"": 8473434, ""name"": ""Chad Johnson"", ""p"": 0.0, ""gsax"": -0.0064}, {""id"": 8460703, ""name"": ""Tim Thomas"", ""p"": 0.0, ""gsax"": -0.0003}, {""id"": 8460612, ""name"": ""Marty Turco"", ""p"": 0.0, ""gsax"": -0.0001}]",nhl-v1,2026-10-02T14:44:07+00:00
401892438,2026020030,2026,2026-10-04T00:00:00+00:00,NSH,DAL,False,True,2.525,2.746,0.244,2.891,3.109,6.000,0.471,0.360,0.418,0.223,0.498,0.271,0.329,0.756,0.523,0.416,0.225,"[[2, 3, 0.067], [3, 2, 0.0667], [3, 4, 0.051]]",-0.153,-0.132,-0.052,0.432,-0.025,-0.019,-0.191,0.277,0.777,0.206,0.002,0.051,"[{""id"": 8477424, ""name"": ""Juuse Saros"", ""p"": 0.6615, ""gsax"": -0.0898}, {""id"": 8481020, ""name"": ""Justus Annunen"", ""p"": 0.3385, ""gsax"": 0.1199}, {""id"": 8475809, ""name"": ""Scott Wedgewood"", ""p"": 0.0, ""gsax"": 0.1675}, {""id"": 8480947, ""name"": ""Kevin Lankinen"", ""p"": 0.0, ""gsax"": -0.2638}, {""id"": 8482137, ""name"": ""Yaroslav Askarov"", ""p"": 0.0, ""gsax"": -0.176}, {""id"": 8478971, ""name"": ""Connor Ingram"", ""p"": 0.0, ""gsax"": -0.0574}, {""id"": 8479496, ""name"": ""David Rittich"", ""p"": 0.0, ""gsax"": -0.0167}, {""id"": 8471469, ""name"": ""Pekka Rinne"", ""p"": 0.0, ""gsax"": -0.0069}, {""id"": 8476992, ""name"": ""Marek Mazanec"", ""p"": 0.0, ""gsax"": -0.0009}, {""id"": 8475622, ""name"": ""Carter Hutton"", ""p"": 0.0, ""gsax"": -0.0249}, {""id"": 8471227, ""name"": ""Devan Dubnyk"", ""p"": 0.0, ""gsax"": -0.0148}, {""id"": 8462152, ""name"": ""Chris Mason"", ""p"": 0.0, ""gsax"": -0.0002}, {""id"": 8474765, ""name"": ""Anders Lindback"", ""p"": 0.0, ""gsax"": -0.0011}]","[{""id"": 8479979, ""name"": ""Jake Oettinger"", ""p"": 0.8646, ""gsax"": 0.0422}, {""id"": 8479193, ""name"": ""Casey DeSmith"", ""p"": 0.1354, ""gsax"": 0.1038}, {""id"": 8475809, ""name"": ""Scott Wedgewood"", ""p"": 0.0, ""gsax"": 0.1675}, {""id"": 8483575, ""name"": ""Matt Murray"", ""p"": 0.0, ""gsax"": 0.0045}, {""id"": 8474651, ""name"": ""Braden Holtby"", ""p"": 0.0, ""gsax"": -0.0063}, {""id"": 8471418, ""name"": ""Anton Khudobin"", ""p"": 0.0, ""gsax"": -0.022}, {""id"": 8471750, ""name"": ""Ben Bishop"", ""p"": 0.0, ""gsax"": 0.003}, {""id"": 8470140, ""name"": ""Kari Lehtonen"", ""p"": 0.0, ""gsax"": -0.0003}, {""id"": 8470093, ""name"": ""Mike McKenna"", ""p"": 0.0, ""gsax"": -0.0041}, {""id"": 8474550, ""name"": ""Antti Niemi"", ""p"": 0.0, ""gsax"": -0.0033}, {""id"": 8473523, ""name"": ""Jhonas Enroth"", ""p"": 0.0, ""gsax"": -0.0009}, {""id"": 8474765, ""name"": ""Anders Lindback"", ""p"": 0.0, ""gsax"": -0.0011}, {""id"": 8475680, ""name"": ""Jussi Rynnas"", ""p"": 0.0, ""gsax"": -0.0002}, {""id"": 8460703, ""name"": ""Tim Thomas"", ""p"": 0.0, ""gsax"": -0.0003}, {""id"": 8468540, ""name"": ""Dan Ellis"", ""p"": 0.0, ""gsax"": -0.0004}, {""id"": 8475789, ""name"": ""Jack Campbell"", ""p"": 0.0, ""gsax"": -0.0356}, {""id"": 8473614, ""name"": ""Richard Bachman"", ""p"": 0.0, ""gsax"": -0.0015}, {""id"": 8476846, ""name"": ""Cristopher Nilstorp"", ""p"": 0.0, ""gsax"": -0.0001}, {""id"": 8467453, ""name"": ""Andrew Raycroft"", ""p"": 0.0, ""gsax"": -0.0001}]",nhl-v1,2026-10-02T14:44:07+00:00
401892439,2026020032,2026,2026-10-04T01:00:00+00:00,COL,STL,False,True,3.147,2.050,0.244,3.515,2.391,5.906,0.682,0.565,0.230,0.205,0.569,0.462,0.166,0.743,0.509,0.398,0.214,"[[3, 2, 0.0748], [4, 1, 0.067], [4, 3, 0.0534]]",0.308,0.239,0.110,0.239,0.014,0.110,-0.185,0.200,-1.109,-0.068,0.101,0.022,"[{""id"": 8475809, ""name"": ""Scott Wedgewood"", ""p"": 0.5054, ""gsax"": 0.1675}, {""id"": 8478406, ""name"": ""Mackenzie Blackwood"", ""p"": 0.4943, ""gsax"": 0.0519}, {""id"": 8481529, ""name"": ""Trent Miner"", ""p"": 0.0003, ""gsax"": 0.0297}, {""id"": 8480382, ""name"": ""Alexandar Georgiev"", ""p"": 0.0, ""gsax"": -0.1041}, {""id"": 8481020, ""name"": ""Justus Annunen"", ""p"": 0.0, ""gsax"": 0.1199}, {""id"": 8478039, ""name"": ""Kaapo Kahkonen"", ""p"": 0.0, ""gsax"": -0.0418}, {""id"": 8481031, ""name"": ""Ivan Prosvetov"", ""p"": 0.0, ""gsax"": -0.03}, {""id"": 8480925, ""name"": ""Pavel Francouz"", ""p"": 0.0, ""gsax"": 0.0021}, {""id"": 8477992, ""name"": ""Jonas Johansson"", ""p"": 0.0, ""gsax"": -0.1685}, {""id"": 8475311, ""name"": ""Darcy Kuemper"", ""p"": 0.0, ""gsax"": -0.1383}, {""id"": 8475831, ""name"": ""Philipp Grubauer"", ""p"": 0.0, ""gsax"": -0.0107}, {""id"": 8471227, ""name"": ""Devan Dubnyk"", ""p"": 0.0, ""gsax"": -0.0148}, {""id"": 8480112, ""name"": ""Hunter Miska"", ""p"": 0.0, ""gsax"": -0.0106}, {""id"": 8474636, ""name"": ""Michael Hutchinson"", ""p"": 0.0, ""gsax"": -0.0257}, {""id"": 8477312, ""name"": ""Antoine Bibeau"", ""p"": 0.0, ""gsax"": 0.0003}, {""id"": 8479530, ""name"": ""Adam Werner"", ""p"": 0.0, ""gsax"": -0.0004}, {""id"": 8473575, ""name"": ""Semyon Varlamov"", ""p"": 0.0, ""gsax"": 0.0246}, {""id"": 8473541, ""name"": ""Jonathan Bernier"", ""p"": 0.0, ""gsax"": 0.0003}, {""id"": 8477202, ""name"": ""Andrew Hammond"", ""p"": 0.0, ""gsax"": -0.0117}, {""id"": 8475717, ""name"": ""Calvin Pickard"", ""p"": 0.0, ""gsax"": -0.0884}, {""id"": 8474092, ""name"": ""Jeremy Smith"", ""p"": 0.0, ""gsax"": -0.0007}, {""id"": 8477484, ""name"": ""Spencer Martin"", ""p"": 0.0, ""gsax"": -0.1604}, {""id"": 8473499, ""name"": ""Reto Berra"", ""p"": 0.0, ""gsax"": -0.0003}, {""id"": 8462044, ""name"": ""Jean-Sebastien Giguere"", ""p"": 0.0, ""gsax"": -0.0}, {""id"": 8475824, ""name"": ""Sami Aittokallio"", ""p"": 0.0, ""gsax"": -0.0}, {""id"": 8469514, ""name"": ""Peter Budaj"", ""p"": 0.0, ""gsax"": -0.003}, {""id"": 8470880, ""name"": ""Brian Elliott"", ""p"": 0.0, ""gsax"": -0.0255}, {""id"": 8467950, ""name"": ""Craig Anderson"", ""p"": 0.0, ""gsax"": -0.011}]","[{""id"": 8480981, ""name"": ""Joel Hofer"", ""p"": 0.6551, ""gsax"": 0.1227}, {""id"": 8476412, ""name"": ""Jordan Binnington"", ""p"": 0.3449, ""gsax"": -0.1698}, {""id"": 8471306, ""name"": ""Thomas Greiss"", ""p"": 0.0, ""gsax"": -0.0226}, {""id"": 8478024, ""name"": ""Ville Husso"", ""p"": 0.0, ""gsax"": -0.071}, {""id"": 8479292, ""name"": ""Charlie Lindgren"", ""p"": 0.0, ""gsax"": -0.0867}, {""id"": 8476903, ""name"": ""Jon Gillies"", ""p"": 0.0, ""gsax"": -0.0276}, {""id"": 8474596, ""name"": ""Jake Allen"", ""p"": 0.0, ""gsax"": 0.0714}, {""id"": 8473434, ""name"": ""Chad Johnson"", ""p"": 0.0, ""gsax"": -0.0064}, {""id"": 8475622, ""name"": ""Carter Hutton"", ""p"": 0.0, ""gsax"": -0.0249}, {""id"": 8477831, ""name"": ""Pheonix Copley"", ""p"": 0.0, ""gsax"": -0.0194}, {""id"": 8470880, ""name"": ""Brian Elliott"", ""p"": 0.0, ""gsax"": -0.0255}, {""id"": 8455710, ""name"": ""Martin Brodeur"", ""p"": 0.0, ""gsax"": -0.0005}, {""id"": 8468011, ""name"": ""Ryan Miller"", ""p"": 0.0, ""gsax"": -0.0057}, {""id"": 8470860, ""name"": ""Jaroslav Halak"", ""p"": 0.0, ""gsax"": 0.0045}, {""id"": 8469152, ""name"": ""Ty Conklin"", ""p"": 0.0, ""gsax"": -0.0002}, {""id"": 8471750, ""name"": ""Ben Bishop"", ""p"": 0.0, ""gsax"": 0.003}]",nhl-v1,2026-10-02T14:44:07+00:00
401892440,2026020033,2026,2026-10-04T02:00:00+00:00,VAN,CGY,False,False,2.679,2.795,0.244,3.038,3.149,6.187,0.488,0.378,0.403,0.219,0.504,0.289,0.317,0.779,0.555,0.448,0.251,"[[3, 2, 0.0652], [2, 3, 0.0636], [4, 3, 0.053]]",-0.378,-0.158,-0.051,-0.164,0.023,-0.215,-0.215,-0.095,-0.577,-0.123,-0.047,0.033,"[{""id"": 8480947, ""name"": ""Kevin Lankinen"", ""p"": 0.7269, ""gsax"": -0.2638}, {""id"": 8484268, ""name"": ""Nikita Tolopilo"", ""p"": 0.2703, ""gsax"": -0.0861}, {""id"": 8477967, ""name"": ""Thatcher Demko"", ""p"": 0.0028, ""gsax"": 0.0544}, {""id"": 8480238, ""name"": ""Jiri Patera"", ""p"": 0.0, ""gsax"": -0.0592}, {""id"": 8481668, ""name"": ""Arturs Silovs"", ""p"": 0.0, ""gsax"": -0.0855}, {""id"": 8479193, ""name"": ""Casey DeSmith"", ""p"": 0.0, ""gsax"": 0.1038}, {""id"": 8480420, ""name"": ""Collin Delia"", ""p"": 0.0, ""gsax"": -0.0218}, {""id"": 8477484, ""name"": ""Spencer Martin"", ""p"": 0.0, ""gsax"": -0.1604}, {""id"": 8470860, ""name"": ""Jaroslav Halak"", ""p"": 0.0, ""gsax"": 0.0045}, {""id"": 8480022, ""name"": ""Michael DiPietro"", ""p"": 0.0, ""gsax"": -0.0037}, {""id"": 8474651, ""name"": ""Braden Holtby"", ""p"": 0.0, ""gsax"": -0.0063}, {""id"": 8474593, ""name"": ""Jacob Markstrom"", ""p"": 0.0, ""gsax"": -0.0527}, {""id"": 8475839, ""name"": ""Louis Domingue"", ""p"": 0.0, ""gsax"": -0.0011}, {""id"": 8475195, ""name"": ""Anders Nilsson"", ""p"": 0.0, ""gsax"": -0.0036}, {""id"": 8473614, ""name"": ""Richard Bachman"", ""p"": 0.0, ""gsax"": -0.0015}, {""id"": 8468011, ""name"": ""Ryan Miller"", ""p"": 0.0, ""gsax"": -0.0057}, {""id"": 8475663, ""name"": ""Eddie Lack"", ""p"": 0.0, ""gsax"": -0.0014}, {""id"": 8466141, ""name"": ""Roberto Luongo"", ""p"": 0.0, ""gsax"": -0.0017}, {""id"": 8471239, ""name"": ""Cory Schneider"", ""p"": 0.0, ""gsax"": 0.0037}]","[{""id"": 8481692, ""name"": ""Dustin Wolf"", ""p"": 0.642, ""gsax"": 0.0055}, {""id"": 8482445, ""name"": ""Devin Cooley"", ""p"": 0.2637, ""gsax"": 0.1021}, {""id"": 8482949, ""name"": ""Arsenii Sergeev"", ""p"": 0.0943, ""gsax"": 0.0217}, {""id"": 8478435, ""name"": ""Dan Vladar"", ""p"": 0.0, ""gsax"": 0.0602}, {""id"": 8474593, ""name"": ""Jacob Markstrom"", ""p"": 0.0, ""gsax"": -0.0527}, {""id"": 8475839, ""name"": ""Louis Domingue"", ""p"": 0.0, ""gsax"": -0.0011}, {""id"": 8479496, ""name"": ""David Rittich"", ""p"": 0.0, ""gsax"": -0.0167}, {""id"": 8475660, ""name"": ""Cam Talbot"", ""p"": 0.0, ""gsax"": -0.1184}, {""id"": 8469608, ""name"": ""Mike Smith"", ""p"": 0.0, ""gsax"": 0.0157}, {""id"": 8476903, ""name"": ""Jon Gillies"", ""p"": 0.0, ""gsax"": -0.0276}, {""id"": 8475663, ""name"": ""Eddie Lack"", ""p"": 0.0, ""gsax"": -0.0014}, {""id"": 8470880, ""name"": ""Brian Elliott"", ""p"": 0.0, ""gsax"": -0.0255}, {""id"": 8473434, ""name"": ""Chad Johnson"", ""p"": 0.0, ""gsax"": -0.0064}, {""id"": 8475299, ""name"": ""Joni Ortio"", ""p"": 0.0, ""gsax"": -0.0002}, {""id"": 8473404, ""name"": ""Niklas Backstrom"", ""p"": 0.0, ""gsax"": -0.001}, {""id"": 8473972, ""name"": ""Jonas Hiller"", ""p"": 0.0, ""gsax"": -0.0006}, {""id"": 8471403, ""name"": ""Karri Ramo"", ""p"": 0.0, ""gsax"": -0.0004}, {""id"": 8469732, ""name"": ""Joey MacDonald"", ""p"": 0.0, ""gsax"": -0.0002}, {""id"": 8473499, ""name"": ""Reto Berra"", ""p"": 0.0, ""gsax"": -0.0003}, {""id"": 8462147, ""name"": ""Miikka Kiprusoff"", ""p"": 0.0, ""gsax"": -0.0002}, {""id"": 8471433, ""name"": ""Daniel Taylor"", ""p"": 0.0, ""gsax"": -0.0004}, {""id"": 8473414, ""name"": ""Leland Irving"", ""p"": 0.0, ""gsax"": -0.0}, {""id"": 8475431, ""name"": ""Henrik Karlsson"", ""p"": 0.0, ""gsax"": -0.0}]",nhl-v1,2026-10-02T14:44:07+00:00
401892441,2026020034,2026,2026-10-04T02:00:00+00:00,SJS,LAK,False,False,2.545,2.776,0.244,2.908,3.138,6.045,0.469,0.359,0.420,0.222,0.498,0.271,0.331,0.762,0.531,0.424,0.231,"[[2, 3, 0.0665], [3, 2, 0.066], [3, 4, 0.0514]]",-0.250,0.090,-0.348,-0.782,0.040,-0.122,-0.071,0.237,-0.067,0.098,-0.066,-0.031,"[{""id"": 8482137, ""name"": ""Yaroslav Askarov"", ""p"": 0.5757, ""gsax"": -0.176}, {""id"": 8477968, ""name"": ""Alex Nedeljkovic"", ""p"": 0.4136, ""gsax"": -0.0512}, {""id"": 8476316, ""name"": ""Laurent Brossoit"", ""p"": 0.0107, ""gsax"": 0.0226}, {""id"": 8480382, ""name"": ""Alexandar Georgiev"", ""p"": 0.0, ""gsax"": -0.1041}, {""id"": 8484312, ""name"": ""Georgii Romanov"", ""p"": 0.0, ""gsax"": -0.0394}, {""id"": 8477970, ""name"": ""Vitek Vanecek"", ""p"": 0.0, ""gsax"": -0.1421}, {""id"": 8478406, ""name"": ""Mackenzie Blackwood"", ""p"": 0.0, ""gsax"": 0.0519}, {""id"": 8482445, ""name"": ""Devin Cooley"", ""p"": 0.0, ""gsax"": 0.1021}, {""id"": 8480992, ""name"": ""Magnus Chrona"", ""p"": 0.0, ""gsax"": -0.0461}, {""id"": 8478039, ""name"": ""Kaapo Kahkonen"", ""p"": 0.0, ""gsax"": -0.0418}, {""id"": 8473503, ""name"": ""James Reimer"", ""p"": 0.0, ""gsax"": 0.0222}, {""id"": 8477180, ""name"": ""Aaron Dell"", ""p"": 0.0, ""gsax"": -0.0084}, {""id"": 8480199, ""name"": ""Eetu Makiniemi"", ""p"": 0.0, ""gsax"": 0.0004}, {""id"": 8479313, ""name"": ""Zach Sawchenko"", ""p"": 0.0, ""gsax"": 0.0002}, {""id"": 8478499, ""name"": ""Adin Hill"", ""p"": 0.0, ""gsax"": -0.1437}, {""id"": 8471774, ""name"": ""Alex Stalock"", ""p"": 0.0, ""gsax"": -0.0235}, {""id"": 8480373, ""name"": ""Josef Korenar"", ""p"": 0.0, ""gsax"": -0.0008}, {""id"": 8474889, ""name"": ""Martin Jones"", ""p"": 0.0, ""gsax"": -0.0316}, {""id"": 8482246, ""name"": ""Alexei Melnichuk"", ""p"": 0.0, ""gsax"": -0.0014}, {""id"": 8471227, ""name"": ""Devan Dubnyk"", ""p"": 0.0, ""gsax"": -0.0148}, {""id"": 8474550, ""name"": ""Antti Niemi"", ""p"": 0.0, ""gsax"": -0.0033}, {""id"": 8477234, ""name"": ""Troy Grosenick"", ""p"": 0.0, ""gsax"": 0.0026}, {""id"": 8471306, ""name"": ""Thomas Greiss"", ""p"": 0.0, ""gsax"": -0.0226}, {""id"": 8467511, ""name"": ""Antero Niittymaki"", ""p"": 0.0, ""gsax"": -0.0}]","[{""id"": 8476341, ""name"": ""Anton Forsberg"", ""p"": 0.576, ""gsax"": 0.0474}, {""id"": 8475311, ""name"": ""Darcy Kuemper"", ""p"": 0.4238, ""gsax"": -0.1383}, {""id"": 8477831, ""name"": ""Pheonix Copley"", ""p"": 0.0002, ""gsax"": -0.0194}, {""id"": 8479496, ""name"": ""David Rittich"", ""p"": 0.0, ""gsax"": -0.0167}, {""id"": 8481707, ""name"": ""Erik Portillo"", ""p"": 0.0, ""gsax"": 0.012}, {""id"": 8475660, ""name"": ""Cam Talbot"", ""p"": 0.0, ""gsax"": -0.1184}, {""id"": 8476914, ""name"": ""Joonas Korpisalo"", ""p"": 0.0, ""gsax"": -0.003}, {""id"": 8471734, ""name"": ""Jonathan Quick"", ""p"": 0.0, ""gsax"": -0.1049}, {""id"": 8477361, ""name"": ""Calvin Petersen"", ""p"": 0.0, ""gsax"": -0.0568}, {""id"": 8476343, ""name"": ""Garret Sparks"", ""p"": 0.0, ""gsax"": -0.0018}, {""id"": 8477234, ""name"": ""Troy Grosenick"", ""p"": 0.0, ""gsax"": 0.0026}, {""id"": 8475789, ""name"": ""Jack Campbell"", ""p"": 0.0, ""gsax"": -0.0356}, {""id"": 8469514, ""name"": ""Peter Budaj"", ""p"": 0.0, ""gsax"": -0.003}, {""id"": 8471750, ""name"": ""Ben Bishop"", ""p"": 0.0, ""gsax"": 0.003}, {""id"": 8473553, ""name"": ""Jeff Zatkoff"", ""p"": 0.0, ""gsax"": -0.0015}, {""id"": 8473523, ""name"": ""Jhonas Enroth"", ""p"": 0.0, ""gsax"": -0.0009}, {""id"": 8474889, ""name"": ""Martin Jones"", ""p"": 0.0, ""gsax"": -0.0316}, {""id"": 8475681, ""name"": ""Ben Scrivens"", ""p"": 0.0, ""gsax"": -0.0011}, {""id"": 8473541, ""name"": ""Jonathan Bernier"", ""p"": 0.0, ""gsax"": 0.0003}]",nhl-v1,2026-10-02T14:44:07+00:00
401892442,2026020035,2026,2026-10-04T17:00:00+00:00,DET,WPG,False,False,2.764,2.452,0.244,3.137,2.810,5.948,0.558,0.441,0.337,0.223,0.527,0.344,0.257,0.749,0.514,0.407,0.218,"[[3, 2, 0.0721], [2, 3, 0.0625], [4, 3, 0.0537]]",-0.139,0.003,0.784,-0.540,-0.064,0.042,-0.199,0.080,-0.304,0.030,-0.019,-0.012,"[{""id"": 8476434, ""name"": ""John Gibson"", ""p"": 0.8077, ""gsax"": 0.0805}, {""id"": 8475660, ""name"": ""Cam Talbot"", ""p"": 0.1923, ""gsax"": -0.1184}, {""id"": 8479312, ""name"": ""Alex Lyon"", ""p"": 0.0, ""gsax"": 0.1675}, {""id"": 8475852, ""name"": ""Petr Mrazek"", ""p"": 0.0, ""gsax"": -0.1511}, {""id"": 8478024, ""name"": ""Ville Husso"", ""p"": 0.0, ""gsax"": -0.071}, {""id"": 8473503, ""name"": ""James Reimer"", ""p"": 0.0, ""gsax"": 0.0222}, {""id"": 8474636, ""name"": ""Michael Hutchinson"", ""p"": 0.0, ""gsax"": -0.0257}, {""id"": 8477968, ""name"": ""Alex Nedeljkovic"", ""p"": 0.0, ""gsax"": -0.0512}, {""id"": 8476433, ""name"": ""Magnus Hellberg"", ""p"": 0.0, ""gsax"": -0.0179}, {""id"": 8471306, ""name"": ""Thomas Greiss"", ""p"": 0.0, ""gsax"": -0.0226}, {""id"": 8475717, ""name"": ""Calvin Pickard"", ""p"": 0.0, ""gsax"": -0.0884}, {""id"": 8473541, ""name"": ""Jonathan Bernier"", ""p"": 0.0, ""gsax"": 0.0003}, {""id"": 8470657, ""name"": ""Jimmy Howard"", ""p"": 0.0, ""gsax"": -0.0075}, {""id"": 8477480, ""name"": ""Eric Comrie"", ""p"": 0.0, ""gsax"": -0.0419}, {""id"": 8477225, ""name"": ""Jared Coreau"", ""p"": 0.0, ""gsax"": -0.0033}, {""id"": 8475361, ""name"": ""Jonas Gustavsson"", ""p"": 0.0, ""gsax"": -0.0014}, {""id"": 8469152, ""name"": ""Ty Conklin"", ""p"": 0.0, ""gsax"": -0.0002}, {""id"": 8469732, ""name"": ""Joey MacDonald"", ""p"": 0.0, ""gsax"": -0.0002}, {""id"": 8458568, ""name"": ""Chris Osgood"", ""p"": 0.0, ""gsax"": -0.0}]","[{""id"": 8476945, ""name"": ""Connor Hellebuyck"", ""p"": 0.7206, ""gsax"": -0.0003}, {""id"": 8477480, ""name"": ""Eric Comrie"", ""p"": 0.2794, ""gsax"": -0.0419}, {""id"": 8483114, ""name"": ""Thomas Milic"", ""p"": 0.0001, ""gsax"": -0.0185}, {""id"": 8476316, ""name"": ""Laurent Brossoit"", ""p"": 0.0, ""gsax"": 0.0226}, {""id"": 8479496, ""name"": ""David Rittich"", ""p"": 0.0, ""gsax"": -0.0167}, {""id"": 8473461, ""name"": ""Steve Mason"", ""p"": 0.0, ""gsax"": 0.0001}, {""id"": 8474636, ""name"": ""Michael Hutchinson"", ""p"": 0.0, ""gsax"": -0.0257}, {""id"": 8471715, ""name"": ""Ondrej Pavelec"", ""p"": 0.0, ""gsax"": -0.0001}, {""id"": 8471219, ""name"": ""Al Montoya"", ""p"": 0.0, ""gsax"": -0.0013}, {""id"": 8462152, ""name"": ""Chris Mason"", ""p"": 0.0, ""gsax"": -0.0002}]",nhl-v1,2026-10-02T14:44:07+00:00
401892443,2026020036,2026,2026-10-04T22:00:00+00:00,NYR,UTA,False,True,2.822,2.607,0.244,3.186,2.959,6.144,0.541,0.427,0.354,0.220,0.522,0.333,0.273,0.774,0.548,0.441,0.245,"[[3, 2, 0.0686], [2, 3, 0.0611], [4, 3, 0.0548]]",-0.261,0.083,0.490,0.051,0.080,0.117,0.077,0.145,-0.120,-0.206,0.053,0.010,"[{""id"": 8478048, ""name"": ""Igor Shesterkin"", ""p"": 0.7289, ""gsax"": 0.1765}, {""id"": 8471734, ""name"": ""Jonathan Quick"", ""p"": 0.1488, ""gsax"": -0.1049}, {""id"": 8482193, ""name"": ""Dylan Garand"", ""p"": 0.1162, ""gsax"": 0.0444}, {""id"": 8477484, ""name"": ""Spencer Martin"", ""p"": 0.0061, ""gsax"": -0.1604}, {""id"": 8475839, ""name"": ""Louis Domingue"", ""p"": 0.0, ""gsax"": -0.0011}, {""id"": 8470860, ""name"": ""Jaroslav Halak"", ""p"": 0.0, ""gsax"": 0.0045}, {""id"": 8480382, ""name"": ""Alexandar Georgiev"", ""p"": 0.0, ""gsax"": -0.1041}, {""id"": 8476234, ""name"": ""Keith Kinkaid"", ""p"": 0.0, ""gsax"": -0.002}, {""id"": 8478903, ""name"": ""Adam Huska"", ""p"": 0.0, ""gsax"": -0.0042}, {""id"": 8468685, ""name"": ""Henrik Lundqvist"", ""p"": 0.0, ""gsax"": 0.0006}, {""id"": 8471715, ""name"": ""Ondrej Pavelec"", ""p"": 0.0, ""gsax"": -0.0001}, {""id"": 8477293, ""name"": ""Antti Raanta"", ""p"": 0.0, ""gsax"": -0.0173}, {""id"": 8476433, ""name"": ""Magnus Hellberg"", ""p"": 0.0, ""gsax"": -0.0179}, {""id"": 8475660, ""name"": ""Cam Talbot"", ""p"": 0.0, ""gsax"": -0.1184}, {""id"": 8477084, ""name"": ""Mackenzie Skapski"", ""p"": 0.0, ""gsax"": 0.0001}, {""id"": 8462047, ""name"": ""Martin Biron"", ""p"": 0.0, ""gsax"": -0.0}]","[{""id"": 8478872, ""name"": ""Karel Vejmelka"", ""p"": 0.9256, ""gsax"": 0.0221}, {""id"": 8477970, ""name"": ""Vitek Vanecek"", ""p"": 0.0744, ""gsax"": -0.1421}, {""id"": 8480191, ""name"": ""Matt Villalta"", ""p"": 0.0, ""gsax"": -0.0039}, {""id"": 8478971, ""name"": ""Connor Ingram"", ""p"": 0.0, ""gsax"": -0.0574}, {""id"": 8483530, ""name"": ""Jaxson Stauber"", ""p"": 0.0, ""gsax"": -0.014}, {""id"": 8481031, ""name"": ""Ivan Prosvetov"", ""p"": 0.0, ""gsax"": -0.03}, {""id"": 8474667, ""name"": ""Harri Sateri"", ""p"": 0.0, ""gsax"": -0.0043}, {""id"": 8475809, ""name"": ""Scott Wedgewood"", ""p"": 0.0, ""gsax"": 0.1675}, {""id"": 8475622, ""name"": ""Carter Hutton"", ""p"": 0.0, ""gsax"": -0.0249}, {""id"": 8475311, ""name"": ""Darcy Kuemper"", ""p"": 0.0, ""gsax"": -0.1383}, {""id"": 8478499, ""name"": ""Adin Hill"", ""p"": 0.0, ""gsax"": -0.1437}, {""id"": 8477293, ""name"": ""Antti Raanta"", ""p"": 0.0, ""gsax"": -0.0173}, {""id"": 8475717, ""name"": ""Calvin Pickard"", ""p"": 0.0, ""gsax"": -0.0884}, {""id"": 8475839, ""name"": ""Louis Domingue"", ""p"": 0.0, ""gsax"": -0.0011}, {""id"": 8469608, ""name"": ""Mike Smith"", ""p"": 0.0, ""gsax"": 0.0157}, {""id"": 8471251, ""name"": ""Justin Peters"", ""p"": 0.0, ""gsax"": -0.0004}, {""id"": 8478999, ""name"": ""Niklas Treutle"", ""p"": 0.0, ""gsax"": -0.0002}, {""id"": 8474765, ""name"": ""Anders Lindback"", ""p"": 0.0, ""gsax"": -0.0011}, {""id"": 8470093, ""name"": ""Mike McKenna"", ""p"": 0.0, ""gsax"": -0.0041}, {""id"": 8471227, ""name"": ""Devan Dubnyk"", ""p"": 0.0, ""gsax"": -0.0148}, {""id"": 8471306, ""name"": ""Thomas Greiss"", ""p"": 0.0, ""gsax"": -0.0226}, {""id"": 8475771, ""name"": ""Mark Visentin"", ""p"": 0.0, ""gsax"": -0.0}, {""id"": 8467391, ""name"": ""Jason LaBarbera"", ""p"": 0.0, ""gsax"": -0.0001}, {""id"": 8473434, ""name"": ""Chad Johnson"", ""p"": 0.0, ""gsax"": -0.0064}, {""id"": 8470147, ""name"": ""Curtis McElhinney"", ""p"": 0.0, ""gsax"": -0.0099}, {""id"": 8468524, ""name"": ""Ilya Bryzgalov"", ""p"": 0.0, ""gsax"": -0.0007}]",nhl-v1,2026-10-02T14:44:07+00:00
401891778,2026020037,2026,2026-10-05T00:00:00+00:00,ANA,FLA,False,False,3.040,2.782,0.244,3.388,3.119,6.506,0.547,0.436,0.352,0.212,0.524,0.344,0.274,0.815,0.606,0.501,0.297,"[[3, 2, 0.063], [4, 3, 0.0569], [2, 3, 0.0556]]",0.203,-0.013,-0.125,-0.327,-0.058,-0.071,-0.062,0.146,0.607,0.550,-0.073,-0.056,"[{""id"": 8480843, ""name"": ""Lukas Dostal"", ""p"": 0.9293, ""gsax"": -0.0708}, {""id"": 8478024, ""name"": ""Ville Husso"", ""p"": 0.0704, ""gsax"": -0.071}, {""id"": 8475852, ""name"": ""Petr Mrazek"", ""p"": 0.0002, ""gsax"": -0.1511}, {""id"": 8476434, ""name"": ""John Gibson"", ""p"": 0.0, ""gsax"": 0.0805}, {""id"": 8473503, ""name"": ""James Reimer"", ""p"": 0.0, ""gsax"": 0.0222}, {""id"": 8480042, ""name"": ""Olle Eriksson Ek"", ""p"": 0.0, ""gsax"": -0.0032}, {""id"": 8476932, ""name"": ""Anthony Stolarz"", ""p"": 0.0, ""gsax"": 0.1033}, {""id"": 8468011, ""name"": ""Ryan Miller"", ""p"": 0.0, ""gsax"": -0.0057}, {""id"": 8479294, ""name"": ""Kevin Boyle"", ""p"": 0.0, ""gsax"": 0.0006}, {""id"": 8473434, ""name"": ""Chad Johnson"", ""p"": 0.0, ""gsax"": -0.0064}, {""id"": 8473499, ""name"": ""Reto Berra"", ""p"": 0.0, ""gsax"": -0.0003}, {""id"": 8473541, ""name"": ""Jonathan Bernier"", ""p"": 0.0, ""gsax"": 0.0003}, {""id"": 8475883, ""name"": ""Frederik Andersen"", ""p"": 0.0, ""gsax"": 0.0948}, {""id"": 8471418, ""name"": ""Anton Khudobin"", ""p"": 0.0, ""gsax"": -0.022}, {""id"": 8468524, ""name"": ""Ilya Bryzgalov"", ""p"": 0.0, ""gsax"": -0.0007}, {""id"": 8467391, ""name"": ""Jason LaBarbera"", ""p"": 0.0, ""gsax"": -0.0001}, {""id"": 8473972, ""name"": ""Jonas Hiller"", ""p"": 0.0, ""gsax"": -0.0006}, {""id"": 8476839, ""name"": ""Viktor Fasth"", ""p"": 0.0, ""gsax"": -0.0002}, {""id"": 8470074, ""name"": ""Jeff Deslauriers"", ""p"": 0.0, ""gsax"": 0.0}, {""id"": 8468540, ""name"": ""Dan Ellis"", ""p"": 0.0, ""gsax"": -0.0004}, {""id"": 8469548, ""name"": ""Ray Emery"", ""p"": 0.0, ""gsax"": -0.0004}, {""id"": 8470147, ""name"": ""Curtis McElhinney"", ""p"": 0.0, ""gsax"": -0.0099}]","[{""id"": 8480193, ""name"": ""Daniil Tarasov"", ""p"": 0.4051, ""gsax"": -0.0391}, {""id"": 8475683, ""name"": ""Sergei Bobrovsky"", ""p"": 0.2267, ""gsax"": -0.1047}, {""id"": 8481033, ""name"": ""Akira Schmid"", ""p"": 0.1958, ""gsax"": -0.035}, {""id"": 8474593, ""name"": ""Jacob Markstrom"", ""p"": 0.1723, ""gsax"": -0.0527}, {""id"": 8477970, ""name"": ""Vitek Vanecek"", ""p"": 0.0, ""gsax"": -0.1421}, {""id"": 8481519, ""name"": ""Spencer Knight"", ""p"": 0.0, ""gsax"": 0.0367}, {""id"": 8476932, ""name"": ""Anthony Stolarz"", ""p"": 0.0, ""gsax"": 0.1033}, {""id"": 8479312, ""name"": ""Alex Lyon"", ""p"": 0.0, ""gsax"": 0.1675}, {""id"": 8477992, ""name"": ""Jonas Johansson"", ""p"": 0.0, ""gsax"": -0.1685}, {""id"": 8476904, ""name"": ""Chris Driedger"", ""p"": 0.0, ""gsax"": 0.007}, {""id"": 8478470, ""name"": ""Samuel Montembeault"", ""p"": 0.0, ""gsax"": 0.0933}, {""id"": 8466141, ""name"": ""Roberto Luongo"", ""p"": 0.0, ""gsax"": -0.0017}, {""id"": 8473503, ""name"": ""James Reimer"", ""p"": 0.0, ""gsax"": 0.0222}, {""id"": 8474636, ""name"": ""Michael Hutchinson"", ""p"": 0.0, ""gsax"": -0.0257}, {""id"": 8474667, ""name"": ""Harri Sateri"", ""p"": 0.0, ""gsax"": -0.0043}, {""id"": 8473499, ""name"": ""Reto Berra"", ""p"": 0.0, ""gsax"": -0.0003}, {""id"": 8471219, ""name"": ""Al Montoya"", ""p"": 0.0, ""gsax"": -0.0013}, {""id"": 8468540, ""name"": ""Dan Ellis"", ""p"": 0.0, ""gsax"": -0.0004}, {""id"": 8466339, ""name"": ""Scott Clemmensen"", ""p"": 0.0, ""gsax"": -0.0004}, {""id"": 8460703, ""name"": ""Tim Thomas"", ""p"": 0.0, ""gsax"": -0.0003}, {""id"": 8460535, ""name"": ""Jose Theodore"", ""p"": 0.0, ""gsax"": -0.0001}, {""id"": 8460712, ""name"": ""Tomas Vokoun"", ""p"": 0.0, ""gsax"": 0.0001}]",nhl-v1,2026-10-02T14:44:07+00:00
401891824,2026020038,2026,2026-10-05T00:00:00+00:00,SEA,CGY,True,True,2.717,2.342,0.244,3.097,2.705,5.802,0.569,0.450,0.325,0.225,0.530,0.351,0.246,0.730,0.489,0.382,0.199,"[[3, 2, 0.0745], [2, 3, 0.0633], [4, 1, 0.0535]]",-0.256,-0.044,-0.421,-0.445,0.053,-0.020,-0.215,-0.095,-0.577,-0.123,-0.047,0.033,"[{""id"": 8478916, ""name"": ""Joey Daccord"", ""p"": 0.4756, ""gsax"": -0.036}, {""id"": 8483668, ""name"": ""Nikke Kokko"", ""p"": 0.2202, ""gsax"": -0.0133}, {""id"": 8475831, ""name"": ""Philipp Grubauer"", ""p"": 0.2098, ""gsax"": -0.0107}, {""id"": 8484910, ""name"": ""Victor Ostman"", ""p"": 0.0943, ""gsax"": 0.0257}, {""id"": 8476899, ""name"": ""Matt Murray"", ""p"": 0.0001, ""gsax"": 0.0033}, {""id"": 8478848, ""name"": ""Ales Stezka"", ""p"": 0.0, ""gsax"": -0.0026}, {""id"": 8476904, ""name"": ""Chris Driedger"", ""p"": 0.0, ""gsax"": 0.007}, {""id"": 8474889, ""name"": ""Martin Jones"", ""p"": 0.0, ""gsax"": -0.0316}]","[{""id"": 8481692, ""name"": ""Dustin Wolf"", ""p"": 0.642, ""gsax"": 0.0055}, {""id"": 8482445, ""name"": ""Devin Cooley"", ""p"": 0.2637, ""gsax"": 0.1021}, {""id"": 8482949, ""name"": ""Arsenii Sergeev"", ""p"": 0.0943, ""gsax"": 0.0217}, {""id"": 8478435, ""name"": ""Dan Vladar"", ""p"": 0.0, ""gsax"": 0.0602}, {""id"": 8474593, ""name"": ""Jacob Markstrom"", ""p"": 0.0, ""gsax"": -0.0527}, {""id"": 8475839, ""name"": ""Louis Domingue"", ""p"": 0.0, ""gsax"": -0.0011}, {""id"": 8479496, ""name"": ""David Rittich"", ""p"": 0.0, ""gsax"": -0.0167}, {""id"": 8475660, ""name"": ""Cam Talbot"", ""p"": 0.0, ""gsax"": -0.1184}, {""id"": 8469608, ""name"": ""Mike Smith"", ""p"": 0.0, ""gsax"": 0.0157}, {""id"": 8476903, ""name"": ""Jon Gillies"", ""p"": 0.0, ""gsax"": -0.0276}, {""id"": 8475663, ""name"": ""Eddie Lack"", ""p"": 0.0, ""gsax"": -0.0014}, {""id"": 8470880, ""name"": ""Brian Elliott"", ""p"": 0.0, ""gsax"": -0.0255}, {""id"": 8473434, ""name"": ""Chad Johnson"", ""p"": 0.0, ""gsax"": -0.0064}, {""id"": 8475299, ""name"": ""Joni Ortio"", ""p"": 0.0, ""gsax"": -0.0002}, {""id"": 8473404, ""name"": ""Niklas Backstrom"", ""p"": 0.0, ""gsax"": -0.001}, {""id"": 8473972, ""name"": ""Jonas Hiller"", ""p"": 0.0, ""gsax"": -0.0006}, {""id"": 8471403, ""name"": ""Karri Ramo"", ""p"": 0.0, ""gsax"": -0.0004}, {""id"": 8469732, ""name"": ""Joey MacDonald"", ""p"": 0.0, ""gsax"": -0.0002}, {""id"": 8473499, ""name"": ""Reto Berra"", ""p"": 0.0, ""gsax"": -0.0003}, {""id"": 8462147, ""name"": ""Miikka Kiprusoff"", ""p"": 0.0, ""gsax"": -0.0002}, {""id"": 8471433, ""name"": ""Daniel Taylor"", ""p"": 0.0, ""gsax"": -0.0004}, {""id"": 8473414, ""name"": ""Leland Irving"", ""p"": 0.0, ""gsax"": -0.0}, {""id"": 8475431, ""name"": ""Henrik Karlsson"", ""p"": 0.0, ""gsax"": -0.0}]",nhl-v1,2026-10-02T14:44:07+00:00
401892444,2026020039,2026,2026-10-05T01:00:00+00:00,VAN,VGK,True,False,2.014,3.284,0.244,2.353,3.641,5.994,0.306,0.218,0.583,0.199,0.442,0.153,0.487,0.755,0.525,0.412,0.226,"[[2, 3, 0.07], [1, 4, 0.0681], [2, 5, 0.0529]]",-0.378,-0.158,-0.051,-0.164,0.023,-0.215,-0.045,0.399,0.816,0.721,0.033,-0.021,"[{""id"": 8480947, ""name"": ""Kevin Lankinen"", ""p"": 0.7269, ""gsax"": -0.2638}, {""id"": 8484268, ""name"": ""Nikita Tolopilo"", ""p"": 0.2703, ""gsax"": -0.0861}, {""id"": 8477967, ""name"": ""Thatcher Demko"", ""p"": 0.0028, ""gsax"": 0.0544}, {""id"": 8480238, ""name"": ""Jiri Patera"", ""p"": 0.0, ""gsax"": -0.0592}, {""id"": 8481668, ""name"": ""Arturs Silovs"", ""p"": 0.0, ""gsax"": -0.0855}, {""id"": 8479193, ""name"": ""Casey DeSmith"", ""p"": 0.0, ""gsax"": 0.1038}, {""id"": 8480420, ""name"": ""Collin Delia"", ""p"": 0.0, ""gsax"": -0.0218}, {""id"": 8477484, ""name"": ""Spencer Martin"", ""p"": 0.0, ""gsax"": -0.1604}, {""id"": 8470860, ""name"": ""Jaroslav Halak"", ""p"": 0.0, ""gsax"": 0.0045}, {""id"": 8480022, ""name"": ""Michael DiPietro"", ""p"": 0.0, ""gsax"": -0.0037}, {""id"": 8474651, ""name"": ""Braden Holtby"", ""p"": 0.0, ""gsax"": -0.0063}, {""id"": 8474593, ""name"": ""Jacob Markstrom"", ""p"": 0.0, ""gsax"": -0.0527}, {""id"": 8475839, ""name"": ""Louis Domingue"", ""p"": 0.0, ""gsax"": -0.0011}, {""id"": 8475195, ""name"": ""Anders Nilsson"", ""p"": 0.0, ""gsax"": -0.0036}, {""id"": 8473614, ""name"": ""Richard Bachman"", ""p"": 0.0, ""gsax"": -0.0015}, {""id"": 8468011, ""name"": ""Ryan Miller"", ""p"": 0.0, ""gsax"": -0.0057}, {""id"": 8475663, ""name"": ""Eddie Lack"", ""p"": 0.0, ""gsax"": -0.0014}, {""id"": 8466141, ""name"": ""Roberto Luongo"", ""p"": 0.0, ""gsax"": -0.0017}, {""id"": 8471239, ""name"": ""Cory Schneider"", ""p"": 0.0, ""gsax"": 0.0037}]","[{""id"": 8479394, ""name"": ""Carter Hart"", ""p"": 0.977, ""gsax"": -0.0181}, {""id"": 8478499, ""name"": ""Adin Hill"", ""p"": 0.0197, ""gsax"": -0.1437}, {""id"": 8481033, ""name"": ""Akira Schmid"", ""p"": 0.0032, ""gsax"": -0.035}, {""id"": 8482761, ""name"": ""Carl Lindbom"", ""p"": 0.0001, ""gsax"": -0.0364}, {""id"": 8478492, ""name"": ""Ilya Samsonov"", ""p"": 0.0, ""gsax"": -0.0548}, {""id"": 8480313, ""name"": ""Logan Thompson"", ""p"": 0.0, ""gsax"": 0.269}, {""id"": 8480238, ""name"": ""Jiri Patera"", ""p"": 0.0, ""gsax"": -0.0592}, {""id"": 8476316, ""name"": ""Laurent Brossoit"", ""p"": 0.0, ""gsax"": 0.0226}, {""id"": 8471734, ""name"": ""Jonathan Quick"", ""p"": 0.0, ""gsax"": -0.1049}, {""id"": 8475215, ""name"": ""Robin Lehner"", ""p"": 0.0, ""gsax"": 0.009}, {""id"": 8470594, ""name"": ""Marc-Andre Fleury"", ""p"": 0.0, ""gsax"": -0.1192}, {""id"": 8476861, ""name"": ""Oscar Dansk"", ""p"": 0.0, ""gsax"": -0.0026}, {""id"": 8476876, ""name"": ""Malcolm Subban"", ""p"": 0.0, ""gsax"": -0.0035}, {""id"": 8476509, ""name"": ""Maxime Lagace"", ""p"": 0.0, ""gsax"": -0.008}]",nhl-v1,2026-10-02T14:44:07+00:00
401892445,2026020040,2026,2026-10-05T23:00:00+00:00,TBL,PHI,False,False,3.075,2.171,0.244,3.443,2.514,5.958,0.652,0.534,0.255,0.211,0.558,0.432,0.187,0.750,0.517,0.407,0.220,"[[3, 2, 0.0742], [4, 1, 0.0625], [4, 3, 0.0545]]",-0.023,0.227,0.028,0.267,0.034,0.141,-0.339,0.211,-0.225,0.612,-0.071,0.029,"[{""id"": 8476883, ""name"": ""Andrei Vasilevskiy"", ""p"": 0.9126, ""gsax"": 0.166}, {""id"": 8477992, ""name"": ""Jonas Johansson"", ""p"": 0.0489, ""gsax"": -0.1685}, {""id"": 8477990, ""name"": ""Brandon Halverson"", ""p"": 0.0385, ""gsax"": -0.0642}, {""id"": 8477035, ""name"": ""Matt Tomkins"", ""p"": 0.0, ""gsax"": -0.0036}, {""id"": 8470880, ""name"": ""Brian Elliott"", ""p"": 0.0, ""gsax"": -0.0255}, {""id"": 8476509, ""name"": ""Maxime Lagace"", ""p"": 0.0, ""gsax"": -0.008}, {""id"": 8470147, ""name"": ""Curtis McElhinney"", ""p"": 0.0, ""gsax"": -0.0099}, {""id"": 8476444, ""name"": ""Christopher Gibson"", ""p"": 0.0, ""gsax"": -0.0027}, {""id"": 8475277, ""name"": ""Edward Pasquale"", ""p"": 0.0, ""gsax"": -0.0006}, {""id"": 8475839, ""name"": ""Louis Domingue"", ""p"": 0.0, ""gsax"": -0.0011}, {""id"": 8469514, ""name"": ""Peter Budaj"", ""p"": 0.0, ""gsax"": -0.003}, {""id"": 8471750, ""name"": ""Ben Bishop"", ""p"": 0.0, ""gsax"": 0.003}, {""id"": 8477356, ""name"": ""Kristers Gudlevskis"", ""p"": 0.0, ""gsax"": 0.0001}, {""id"": 8460705, ""name"": ""Evgeni Nabokov"", ""p"": 0.0, ""gsax"": -0.0001}, {""id"": 8474765, ""name"": ""Anders Lindback"", ""p"": 0.0, ""gsax"": -0.0011}, {""id"": 8464999, ""name"": ""Mathieu Garon"", ""p"": 0.0, ""gsax"": -0.0002}, {""id"": 8473638, ""name"": ""Cedrick Desjardins"", ""p"": 0.0, ""gsax"": -0.0}, {""id"": 8460806, ""name"": ""Dwayne Roloson"", ""p"": 0.0, ""gsax"": -0.0002}, {""id"": 8467959, ""name"": ""Sebastien Caron"", ""p"": 0.0, ""gsax"": -0.0}, {""id"": 8474682, ""name"": ""Dustin Tokarski"", ""p"": 0.0, ""gsax"": -0.018}, {""id"": 8469608, ""name"": ""Mike Smith"", ""p"": 0.0, ""gsax"": 0.0157}, {""id"": 8468540, ""name"": ""Dan Ellis"", ""p"": 0.0, ""gsax"": -0.0004}]","[{""id"": 8478435, ""name"": ""Dan Vladar"", ""p"": 0.7532, ""gsax"": 0.0602}, {""id"": 8479361, ""name"": ""Joseph Woll"", ""p"": 0.1958, ""gsax"": -0.0348}, {""id"": 8481035, ""name"": ""Samuel Ersson"", ""p"": 0.0508, ""gsax"": -0.188}, {""id"": 8482783, ""name"": ""Aleksei Kolosov"", ""p"": 0.0002, ""gsax"": -0.0935}, {""id"": 8478905, ""name"": ""Ivan Fedotov"", ""p"": 0.0, ""gsax"": -0.1127}, {""id"": 8478433, ""name"": ""Felix Sandstrom"", ""p"": 0.0, ""gsax"": -0.0673}, {""id"": 8477361, ""name"": ""Calvin Petersen"", ""p"": 0.0, ""gsax"": -0.0568}, {""id"": 8479394, ""name"": ""Carter Hart"", ""p"": 0.0, ""gsax"": -0.0181}, {""id"": 8474889, ""name"": ""Martin Jones"", ""p"": 0.0, ""gsax"": -0.0316}, {""id"": 8470880, ""name"": ""Brian Elliott"", ""p"": 0.0, ""gsax"": -0.0255}, {""id"": 8479312, ""name"": ""Alex Lyon"", ""p"": 0.0, ""gsax"": 0.1675}, {""id"": 8475660, ""name"": ""Cam Talbot"", ""p"": 0.0, ""gsax"": -0.1184}, {""id"": 8476932, ""name"": ""Anthony Stolarz"", ""p"": 0.0, ""gsax"": 0.1033}, {""id"": 8473607, ""name"": ""Michal Neuvirth"", ""p"": 0.0, ""gsax"": -0.0047}, {""id"": 8470093, ""name"": ""Mike McKenna"", ""p"": 0.0, ""gsax"": -0.0041}, {""id"": 8475717, ""name"": ""Calvin Pickard"", ""p"": 0.0, ""gsax"": -0.0884}, {""id"": 8475852, ""name"": ""Petr Mrazek"", ""p"": 0.0, ""gsax"": -0.1511}, {""id"": 8473461, ""name"": ""Steve Mason"", ""p"": 0.0, ""gsax"": 0.0001}, {""id"": 8469548, ""name"": ""Ray Emery"", ""p"": 0.0, ""gsax"": -0.0004}, {""id"": 8467972, ""name"": ""Rob Zepp"", ""p"": 0.0, ""gsax"": -0.0001}, {""id"": 8476763, ""name"": ""Calvin Heeter"", ""p"": 0.0, ""gsax"": -0.0}, {""id"": 8468524, ""name"": ""Ilya Bryzgalov"", ""p"": 0.0, ""gsax"": -0.0007}, {""id"": 8462052, ""name"": ""Brian Boucher"", ""p"": 0.0, ""gsax"": -0.0001}, {""id"": 8468038, ""name"": ""Michael Leighton"", ""p"": 0.0, ""gsax"": -0.0004}, {""id"": 8475683, ""name"": ""Sergei Bobrovsky"", ""p"": 0.0, ""gsax"": -0.1047}]",nhl-v1,2026-10-02T14:44:07+00:00
401892446,2026020041,2026,2026-10-05T23:30:00+00:00,BOS,OTT,False,False,2.650,2.725,0.244,3.014,3.083,6.097,0.494,0.382,0.396,0.221,0.506,0.292,0.310,0.768,0.539,0.433,0.238,"[[3, 2, 0.0669], [2, 3, 0.0645], [4, 3, 0.0526]]",-0.126,-0.005,0.088,-0.181,0.056,0.172,0.017,0.281,0.051,0.406,-0.024,0.044,"[{""id"": 8480280, ""name"": ""Jeremy Swayman"", ""p"": 0.8841, ""gsax"": 0.1953}, {""id"": 8476914, ""name"": ""Joonas Korpisalo"", ""p"": 0.1159, ""gsax"": -0.003}, {""id"": 8476999, ""name"": ""Linus Ullmark"", ""p"": 0.0, ""gsax"": 0.0513}, {""id"": 8476234, ""name"": ""Keith Kinkaid"", ""p"": 0.0, ""gsax"": -0.002}, {""id"": 8471695, ""name"": ""Tuukka Rask"", ""p"": 0.0, ""gsax"": -0.0038}, {""id"": 8470860, ""name"": ""Jaroslav Halak"", ""p"": 0.0, ""gsax"": 0.0045}, {""id"": 8478435, ""name"": ""Dan Vladar"", ""p"": 0.0, ""gsax"": 0.0602}, {""id"": 8471418, ""name"": ""Anton Khudobin"", ""p"": 0.0, ""gsax"": -0.022}, {""id"": 8475876, ""name"": ""Zane McIntyre"", ""p"": 0.0, ""gsax"": -0.001}, {""id"": 8476876, ""name"": ""Malcolm Subban"", ""p"": 0.0, ""gsax"": -0.0035}, {""id"": 8475361, ""name"": ""Jonas Gustavsson"", ""p"": 0.0, ""gsax"": -0.0014}, {""id"": 8476844, ""name"": ""Niklas Svedberg"", ""p"": 0.0, ""gsax"": -0.0001}, {""id"": 8473434, ""name"": ""Chad Johnson"", ""p"": 0.0, ""gsax"": -0.0064}, {""id"": 8460703, ""name"": ""Tim Thomas"", ""p"": 0.0, ""gsax"": -0.0003}, {""id"": 8460612, ""name"": ""Marty Turco"", ""p"": 0.0, ""gsax"": -0.0001}]","[{""id"": 8476999, ""name"": ""Linus Ullmark"", ""p"": 0.7892, ""gsax"": 0.0513}, {""id"": 8473503, ""name"": ""James Reimer"", ""p"": 0.2038, ""gsax"": 0.0222}, {""id"": 8482447, ""name"": ""Leevi Merilainen"", ""p"": 0.0054, ""gsax"": -0.2286}, {""id"": 8481544, ""name"": ""Mads Sogaard"", ""p"": 0.0016, ""gsax"": -0.1113}, {""id"": 8476341, ""name"": ""Anton Forsberg"", ""p"": 0.0, ""gsax"": 0.0474}, {""id"": 8476914, ""name"": ""Joonas Korpisalo"", ""p"": 0.0, ""gsax"": -0.003}, {""id"": 8475660, ""name"": ""Cam Talbot"", ""p"": 0.0, ""gsax"": -0.1184}, {""id"": 8480263, ""name"": ""Dylan Ferguson"", ""p"": 0.0, ""gsax"": 0.007}, {""id"": 8480867, ""name"": ""Kevin Mandolese"", ""p"": 0.0, ""gsax"": 0.0044}, {""id"": 8476433, ""name"": ""Magnus Hellberg"", ""p"": 0.0, ""gsax"": -0.0179}, {""id"": 8479406, ""name"": ""Filip Gustavsson"", ""p"": 0.0, ""gsax"": -0.035}, {""id"": 8476899, ""name"": ""Matt Murray"", ""p"": 0.0, ""gsax"": 0.0033}, {""id"": 8477405, ""name"": ""Marcus Hogberg"", ""p"": 0.0, ""gsax"": -0.1171}, {""id"": 8478916, ""name"": ""Joey Daccord"", ""p"": 0.0, ""gsax"": -0.036}, {""id"": 8467950, ""name"": ""Craig Anderson"", ""p"": 0.0, ""gsax"": -0.011}, {""id"": 8475195, ""name"": ""Anders Nilsson"", ""p"": 0.0, ""gsax"": -0.0036}, {""id"": 8470093, ""name"": ""Mike McKenna"", ""p"": 0.0, ""gsax"": -0.0041}, {""id"": 8477237, ""name"": ""Mike Condon"", ""p"": 0.0, ""gsax"": -0.0037}, {""id"": 8471433, ""name"": ""Daniel Taylor"", ""p"": 0.0, ""gsax"": -0.0004}, {""id"": 8477202, ""name"": ""Andrew Hammond"", ""p"": 0.0, ""gsax"": -0.0117}, {""id"": 8478559, ""name"": ""Matthew O'Connor"", ""p"": 0.0, ""gsax"": -0.0}, {""id"": 8475215, ""name"": ""Robin Lehner"", ""p"": 0.0, ""gsax"": 0.009}, {""id"": 8471750, ""name"": ""Ben Bishop"", ""p"": 0.0, ""gsax"": 0.003}, {""id"": 8467913, ""name"": ""Alex Auld"", ""p"": 0.0, ""gsax"": -0.0001}, {""id"": 8470147, ""name"": ""Curtis McElhinney"", ""p"": 0.0, ""gsax"": -0.0099}, {""id"": 8470880, ""name"": ""Brian Elliott"", ""p"": 0.0, ""gsax"": -0.0255}, {""id"": 8470800, ""name"": ""Mike Brodeur"", ""p"": 0.0, ""gsax"": -0.0}, {""id"": 8469461, ""name"": ""Pascal Leclaire"", ""p"": 0.0, ""gsax"": 0.0}]",nhl-v1,2026-10-02T14:44:07+00:00
401892447,2026020042,2026,2026-10-05T23:30:00+00:00,PIT,WPG,False,True,3.172,2.265,0.244,3.532,2.603,6.135,0.650,0.534,0.258,0.207,0.559,0.434,0.191,0.772,0.547,0.437,0.245,"[[3, 2, 0.0716], [4, 1, 0.0601], [4, 3, 0.056]]",0.113,0.143,0.219,0.401,0.052,-0.052,-0.199,0.080,-0.304,0.030,-0.019,-0.012,"[{""id"": 8481668, ""name"": ""Arturs Silovs"", ""p"": 0.6116, ""gsax"": -0.0855}, {""id"": 8479973, ""name"": ""Stuart Skinner"", ""p"": 0.3881, ""gsax"": 0.0004}, {""id"": 8477465, ""name"": ""Tristan Jarry"", ""p"": 0.0002, ""gsax"": -0.1866}, {""id"": 8483703, ""name"": ""Sergei Murashov"", ""p"": 0.0001, ""gsax"": -0.0113}, {""id"": 8477968, ""name"": ""Alex Nedeljkovic"", ""p"": 0.0, ""gsax"": -0.0512}, {""id"": 8482446, ""name"": ""Joel Blomqvist"", ""p"": 0.0, ""gsax"": -0.0648}, {""id"": 8476433, ""name"": ""Magnus Hellberg"", ""p"": 0.0, ""gsax"": -0.0179}, {""id"": 8479193, ""name"": ""Casey DeSmith"", ""p"": 0.0, ""gsax"": 0.1038}, {""id"": 8474682, ""name"": ""Dustin Tokarski"", ""p"": 0.0, ""gsax"": -0.018}, {""id"": 8475839, ""name"": ""Louis Domingue"", ""p"": 0.0, ""gsax"": -0.0011}, {""id"": 8476509, ""name"": ""Maxime Lagace"", ""p"": 0.0, ""gsax"": -0.008}, {""id"": 8476899, ""name"": ""Matt Murray"", ""p"": 0.0, ""gsax"": 0.0033}, {""id"": 8474550, ""name"": ""Antti Niemi"", ""p"": 0.0, ""gsax"": -0.0033}, {""id"": 8470594, ""name"": ""Marc-Andre Fleury"", ""p"": 0.0, ""gsax"": -0.1192}, {""id"": 8473553, ""name"": ""Jeff Zatkoff"", ""p"": 0.0, ""gsax"": -0.0015}, {""id"": 8471306, ""name"": ""Thomas Greiss"", ""p"": 0.0, ""gsax"": -0.0226}, {""id"": 8460712, ""name"": ""Tomas Vokoun"", ""p"": 0.0, ""gsax"": 0.0001}, {""id"": 8462161, ""name"": ""Brent Johnson"", ""p"": 0.0, ""gsax"": -0.0001}, {""id"": 8475097, ""name"": ""Brad Thiessen"", ""p"": 0.0, ""gsax"": -0.0001}]","[{""id"": 8476945, ""name"": ""Connor Hellebuyck"", ""p"": 0.7206, ""gsax"": -0.0003}, {""id"": 8477480, ""name"": ""Eric Comrie"", ""p"": 0.2794, ""gsax"": -0.0419}, {""id"": 8483114, ""name"": ""Thomas Milic"", ""p"": 0.0001, ""gsax"": -0.0185}, {""id"": 8476316, ""name"": ""Laurent Brossoit"", ""p"": 0.0, ""gsax"": 0.0226}, {""id"": 8479496, ""name"": ""David Rittich"", ""p"": 0.0, ""gsax"": -0.0167}, {""id"": 8473461, ""name"": ""Steve Mason"", ""p"": 0.0, ""gsax"": 0.0001}, {""id"": 8474636, ""name"": ""Michael Hutchinson"", ""p"": 0.0, ""gsax"": -0.0257}, {""id"": 8471715, ""name"": ""Ondrej Pavelec"", ""p"": 0.0, ""gsax"": -0.0001}, {""id"": 8471219, ""name"": ""Al Montoya"", ""p"": 0.0, ""gsax"": -0.0013}, {""id"": 8462152, ""name"": ""Chris Mason"", ""p"": 0.0, ""gsax"": -0.0002}]",nhl-v1,2026-10-02T14:44:07+00:00
401892448,2026020043,2026,2026-10-06T00:00:00+00:00,DAL,SJS,False,False,3.160,2.223,0.244,3.522,2.562,6.084,0.655,0.539,0.254,0.207,0.560,0.438,0.187,0.766,0.539,0.429,0.238,"[[3, 2, 0.0723], [4, 1, 0.0614], [4, 3, 0.0556]]",-0.191,0.277,0.777,0.206,0.002,0.051,-0.250,0.090,-0.348,-0.782,0.040,-0.122,"[{""id"": 8479979, ""name"": ""Jake Oettinger"", ""p"": 0.8646, ""gsax"": 0.0422}, {""id"": 8479193, ""name"": ""Casey DeSmith"", ""p"": 0.1354, ""gsax"": 0.1038}, {""id"": 8475809, ""name"": ""Scott Wedgewood"", ""p"": 0.0, ""gsax"": 0.1675}, {""id"": 8483575, ""name"": ""Matt Murray"", ""p"": 0.0, ""gsax"": 0.0045}, {""id"": 8474651, ""name"": ""Braden Holtby"", ""p"": 0.0, ""gsax"": -0.0063}, {""id"": 8471418, ""name"": ""Anton Khudobin"", ""p"": 0.0, ""gsax"": -0.022}, {""id"": 8471750, ""name"": ""Ben Bishop"", ""p"": 0.0, ""gsax"": 0.003}, {""id"": 8470140, ""name"": ""Kari Lehtonen"", ""p"": 0.0, ""gsax"": -0.0003}, {""id"": 8470093, ""name"": ""Mike McKenna"", ""p"": 0.0, ""gsax"": -0.0041}, {""id"": 8474550, ""name"": ""Antti Niemi"", ""p"": 0.0, ""gsax"": -0.0033}, {""id"": 8473523, ""name"": ""Jhonas Enroth"", ""p"": 0.0, ""gsax"": -0.0009}, {""id"": 8474765, ""name"": ""Anders Lindback"", ""p"": 0.0, ""gsax"": -0.0011}, {""id"": 8475680, ""name"": ""Jussi Rynnas"", ""p"": 0.0, ""gsax"": -0.0002}, {""id"": 8460703, ""name"": ""Tim Thomas"", ""p"": 0.0, ""gsax"": -0.0003}, {""id"": 8468540, ""name"": ""Dan Ellis"", ""p"": 0.0, ""gsax"": -0.0004}, {""id"": 8475789, ""name"": ""Jack Campbell"", ""p"": 0.0, ""gsax"": -0.0356}, {""id"": 8473614, ""name"": ""Richard Bachman"", ""p"": 0.0, ""gsax"": -0.0015}, {""id"": 8476846, ""name"": ""Cristopher Nilstorp"", ""p"": 0.0, ""gsax"": -0.0001}, {""id"": 8467453, ""name"": ""Andrew Raycroft"", ""p"": 0.0, ""gsax"": -0.0001}]","[{""id"": 8482137, ""name"": ""Yaroslav Askarov"", ""p"": 0.5757, ""gsax"": -0.176}, {""id"": 8477968, ""name"": ""Alex Nedeljkovic"", ""p"": 0.4136, ""gsax"": -0.0512}, {""id"": 8476316, ""name"": ""Laurent Brossoit"", ""p"": 0.0107, ""gsax"": 0.0226}, {""id"": 8480382, ""name"": ""Alexandar Georgiev"", ""p"": 0.0, ""gsax"": -0.1041}, {""id"": 8484312, ""name"": ""Georgii Romanov"", ""p"": 0.0, ""gsax"": -0.0394}, {""id"": 8477970, ""name"": ""Vitek Vanecek"", ""p"": 0.0, ""gsax"": -0.1421}, {""id"": 8478406, ""name"": ""Mackenzie Blackwood"", ""p"": 0.0, ""gsax"": 0.0519}, {""id"": 8482445, ""name"": ""Devin Cooley"", ""p"": 0.0, ""gsax"": 0.1021}, {""id"": 8480992, ""name"": ""Magnus Chrona"", ""p"": 0.0, ""gsax"": -0.0461}, {""id"": 8478039, ""name"": ""Kaapo Kahkonen"", ""p"": 0.0, ""gsax"": -0.0418}, {""id"": 8473503, ""name"": ""James Reimer"", ""p"": 0.0, ""gsax"": 0.0222}, {""id"": 8477180, ""name"": ""Aaron Dell"", ""p"": 0.0, ""gsax"": -0.0084}, {""id"": 8480199, ""name"": ""Eetu Makiniemi"", ""p"": 0.0, ""gsax"": 0.0004}, {""id"": 8479313, ""name"": ""Zach Sawchenko"", ""p"": 0.0, ""gsax"": 0.0002}, {""id"": 8478499, ""name"": ""Adin Hill"", ""p"": 0.0, ""gsax"": -0.1437}, {""id"": 8471774, ""name"": ""Alex Stalock"", ""p"": 0.0, ""gsax"": -0.0235}, {""id"": 8480373, ""name"": ""Josef Korenar"", ""p"": 0.0, ""gsax"": -0.0008}, {""id"": 8474889, ""name"": ""Martin Jones"", ""p"": 0.0, ""gsax"": -0.0316}, {""id"": 8482246, ""name"": ""Alexei Melnichuk"", ""p"": 0.0, ""gsax"": -0.0014}, {""id"": 8471227, ""name"": ""Devan Dubnyk"", ""p"": 0.0, ""gsax"": -0.0148}, {""id"": 8474550, ""name"": ""Antti Niemi"", ""p"": 0.0, ""gsax"": -0.0033}, {""id"": 8477234, ""name"": ""Troy Grosenick"", ""p"": 0.0, ""gsax"": 0.0026}, {""id"": 8471306, ""name"": ""Thomas Greiss"", ""p"": 0.0, ""gsax"": -0.0226}, {""id"": 8467511, ""name"": ""Antero Niittymaki"", ""p"": 0.0, ""gsax"": -0.0}]",nhl-v1,2026-10-02T14:44:07+00:00
401891815,2026020045,2026,2026-10-06T23:00:00+00:00,MTL,CAR,False,False,2.494,3.082,0.244,2.841,3.434,6.275,0.413,0.311,0.476,0.213,0.478,0.231,0.385,0.790,0.570,0.462,0.264,"[[2, 3, 0.0651], [3, 2, 0.0587], [3, 4, 0.0542]]",-0.105,-0.071,-0.129,-0.684,0.036,0.246,0.328,0.340,0.411,1.236,-0.098,0.079,"[{""id"": 8482487, ""name"": ""Jakub Dobes"", ""p"": 0.9767, ""gsax"": 0.2492}, {""id"": 8484170, ""name"": ""Jacob Fowler"", ""p"": 0.0213, ""gsax"": 0.099}, {""id"": 8478470, ""name"": ""Samuel Montembeault"", ""p"": 0.002, ""gsax"": 0.0933}, {""id"": 8480051, ""name"": ""Cayden Primeau"", ""p"": 0.0, ""gsax"": -0.1048}, {""id"": 8474596, ""name"": ""Jake Allen"", ""p"": 0.0, ""gsax"": 0.0714}, {""id"": 8471679, ""name"": ""Carey Price"", ""p"": 0.0, ""gsax"": -0.0007}, {""id"": 8477202, ""name"": ""Andrew Hammond"", ""p"": 0.0, ""gsax"": -0.0117}, {""id"": 8479292, ""name"": ""Charlie Lindgren"", ""p"": 0.0, ""gsax"": -0.0867}, {""id"": 8476234, ""name"": ""Keith Kinkaid"", ""p"": 0.0, ""gsax"": -0.002}, {""id"": 8474550, ""name"": ""Antti Niemi"", ""p"": 0.0, ""gsax"": -0.0033}, {""id"": 8471219, ""name"": ""Al Montoya"", ""p"": 0.0, ""gsax"": -0.0013}, {""id"": 8477237, ""name"": ""Mike Condon"", ""p"": 0.0, ""gsax"": -0.0037}, {""id"": 8475681, ""name"": ""Ben Scrivens"", ""p"": 0.0, ""gsax"": -0.0011}, {""id"": 8474682, ""name"": ""Dustin Tokarski"", ""p"": 0.0, ""gsax"": -0.018}, {""id"": 8469514, ""name"": ""Peter Budaj"", ""p"": 0.0, ""gsax"": -0.003}, {""id"": 8467913, ""name"": ""Alex Auld"", ""p"": 0.0, ""gsax"": -0.0001}]","[{""id"": 8483548, ""name"": ""Brandon Bussi"", ""p"": 0.5017, ""gsax"": 0.0629}, {""id"": 8475883, ""name"": ""Frederik Andersen"", ""p"": 0.4982, ""gsax"": 0.0948}, {""id"": 8481611, ""name"": ""Pyotr Kochetkov"", ""p"": 0.0001, ""gsax"": -0.046}, {""id"": 8474682, ""name"": ""Dustin Tokarski"", ""p"": 0.0, ""gsax"": -0.018}, {""id"": 8477484, ""name"": ""Spencer Martin"", ""p"": 0.0, ""gsax"": -0.1604}, {""id"": 8477293, ""name"": ""Antti Raanta"", ""p"": 0.0, ""gsax"": -0.0173}, {""id"": 8479581, ""name"": ""Jack LaFontaine"", ""p"": 0.0, ""gsax"": -0.0061}, {""id"": 8479312, ""name"": ""Alex Lyon"", ""p"": 0.0, ""gsax"": 0.1675}, {""id"": 8477968, ""name"": ""Alex Nedeljkovic"", ""p"": 0.0, ""gsax"": -0.0512}, {""id"": 8475852, ""name"": ""Petr Mrazek"", ""p"": 0.0, ""gsax"": -0.1511}, {""id"": 8473503, ""name"": ""James Reimer"", ""p"": 0.0, ""gsax"": 0.0222}, {""id"": 8476341, ""name"": ""Anton Forsberg"", ""p"": 0.0, ""gsax"": 0.0474}, {""id"": 8470147, ""name"": ""Curtis McElhinney"", ""p"": 0.0, ""gsax"": -0.0099}, {""id"": 8474152, ""name"": ""Scott Darling"", ""p"": 0.0, ""gsax"": -0.0042}, {""id"": 8470320, ""name"": ""Cam Ward"", ""p"": 0.0, ""gsax"": -0.0026}, {""id"": 8475663, ""name"": ""Eddie Lack"", ""p"": 0.0, ""gsax"": -0.0014}, {""id"": 8468038, ""name"": ""Michael Leighton"", ""p"": 0.0, ""gsax"": -0.0004}, {""id"": 8471418, ""name"": ""Anton Khudobin"", ""p"": 0.0, ""gsax"": -0.022}, {""id"": 8471251, ""name"": ""Justin Peters"", ""p"": 0.0, ""gsax"": -0.0004}, {""id"": 8468540, ""name"": ""Dan Ellis"", ""p"": 0.0, ""gsax"": -0.0004}, {""id"": 8462052, ""name"": ""Brian Boucher"", ""p"": 0.0, ""gsax"": -0.0001}]",nhl-v1,2026-10-02T14:44:07+00:00
401892449,2026020044,2026,2026-10-06T23:00:00+00:00,TOR,NSH,False,False,2.911,2.778,0.244,3.263,3.121,6.385,0.527,0.416,0.368,0.215,0.517,0.325,0.287,0.802,0.587,0.481,0.280,"[[3, 2, 0.0642], [2, 3, 0.0585], [4, 3, 0.0557]]",-0.250,-0.180,-0.073,-0.481,0.075,0.018,-0.153,-0.132,-0.052,0.432,-0.025,-0.019,"[{""id"": 8476932, ""name"": ""Anthony Stolarz"", ""p"": 0.3702, ""gsax"": 0.1033}, {""id"": 8479361, ""name"": ""Joseph Woll"", ""p"": 0.2599, ""gsax"": -0.0348}, {""id"": 8475683, ""name"": ""Sergei Bobrovsky"", ""p"": 0.1723, ""gsax"": -0.1047}, {""id"": 8482515, ""name"": ""Artur Akhtyamov"", ""p"": 0.1184, ""gsax"": -0.0073}, {""id"": 8483710, ""name"": ""Dennis Hildeby"", ""p"": 0.0792, ""gsax"": 0.0923}, {""id"": 8480051, ""name"": ""Cayden Primeau"", ""p"": 0.0, ""gsax"": -0.1048}, {""id"": 8476899, ""name"": ""Matt Murray"", ""p"": 0.0, ""gsax"": 0.0033}, {""id"": 8478492, ""name"": ""Ilya Samsonov"", ""p"": 0.0, ""gsax"": -0.0548}, {""id"": 8474889, ""name"": ""Martin Jones"", ""p"": 0.0, ""gsax"": -0.0316}, {""id"": 8478902, ""name"": ""Erik Kallgren"", ""p"": 0.0, ""gsax"": -0.0075}, {""id"": 8475789, ""name"": ""Jack Campbell"", ""p"": 0.0, ""gsax"": -0.0356}, {""id"": 8475852, ""name"": ""Petr Mrazek"", ""p"": 0.0, ""gsax"": -0.1511}, {""id"": 8474636, ""name"": ""Michael Hutchinson"", ""p"": 0.0, ""gsax"": -0.0257}, {""id"": 8475883, ""name"": ""Frederik Andersen"", ""p"": 0.0, ""gsax"": 0.0948}, {""id"": 8479496, ""name"": ""David Rittich"", ""p"": 0.0, ""gsax"": -0.0167}, {""id"": 8479288, ""name"": ""Kasimir Kaskisuo"", ""p"": 0.0, ""gsax"": -0.0003}, {""id"": 8476343, ""name"": ""Garret Sparks"", ""p"": 0.0, ""gsax"": -0.0018}, {""id"": 8470147, ""name"": ""Curtis McElhinney"", ""p"": 0.0, ""gsax"": -0.0099}, {""id"": 8475717, ""name"": ""Calvin Pickard"", ""p"": 0.0, ""gsax"": -0.0884}, {""id"": 8477312, ""name"": ""Antoine Bibeau"", ""p"": 0.0, ""gsax"": 0.0003}, {""id"": 8473523, ""name"": ""Jhonas Enroth"", ""p"": 0.0, ""gsax"": -0.0009}, {""id"": 8473541, ""name"": ""Jonathan Bernier"", ""p"": 0.0, ""gsax"": 0.0003}, {""id"": 8473503, ""name"": ""James Reimer"", ""p"": 0.0, ""gsax"": 0.0222}, {""id"": 8469569, ""name"": ""Drew MacIntyre"", ""p"": 0.0, ""gsax"": 0.0}, {""id"": 8475681, ""name"": ""Ben Scrivens"", ""p"": 0.0, ""gsax"": -0.0011}, {""id"": 8475361, ""name"": ""Jonas Gustavsson"", ""p"": 0.0, ""gsax"": -0.0014}, {""id"": 8475680, ""name"": ""Jussi Rynnas"", ""p"": 0.0, ""gsax"": -0.0002}, {""id"": 8462044, ""name"": ""Jean-Sebastien Giguere"", ""p"": 0.0, ""gsax"": -0.0}]","[{""id"": 8477424, ""name"": ""Juuse Saros"", ""p"": 0.6615, ""gsax"": -0.0898}, {""id"": 8481020, ""name"": ""Justus Annunen"", ""p"": 0.3385, ""gsax"": 0.1199}, {""id"": 8475809, ""name"": ""Scott Wedgewood"", ""p"": 0.0, ""gsax"": 0.1675}, {""id"": 8480947, ""name"": ""Kevin Lankinen"", ""p"": 0.0, ""gsax"": -0.2638}, {""id"": 8482137, ""name"": ""Yaroslav Askarov"", ""p"": 0.0, ""gsax"": -0.176}, {""id"": 8478971, ""name"": ""Connor Ingram"", ""p"": 0.0, ""gsax"": -0.0574}, {""id"": 8479496, ""name"": ""David Rittich"", ""p"": 0.0, ""gsax"": -0.0167}, {""id"": 8471469, ""name"": ""Pekka Rinne"", ""p"": 0.0, ""gsax"": -0.0069}, {""id"": 8476992, ""name"": ""Marek Mazanec"", ""p"": 0.0, ""gsax"": -0.0009}, {""id"": 8475622, ""name"": ""Carter Hutton"", ""p"": 0.0, ""gsax"": -0.0249}, {""id"": 8471227, ""name"": ""Devan Dubnyk"", ""p"": 0.0, ""gsax"": -0.0148}, {""id"": 8462152, ""name"": ""Chris Mason"", ""p"": 0.0, ""gsax"": -0.0002}, {""id"": 8474765, ""name"": ""Anders Lindback"", ""p"": 0.0, ""gsax"": -0.0011}]",nhl-v1,2026-10-02T14:44:07+00:00
401892450,2026020046,2026,2026-10-06T23:00:00+00:00,DET,OTT,False,True,2.548,2.695,0.244,2.916,3.058,5.974,0.483,0.370,0.406,0.224,0.502,0.281,0.318,0.753,0.519,0.412,0.222,"[[3, 2, 0.0678], [2, 3, 0.0668], [4, 3, 0.0511]]",-0.139,0.003,0.784,-0.540,-0.064,0.042,0.017,0.281,0.051,0.406,-0.024,0.044,"[{""id"": 8476434, ""name"": ""John Gibson"", ""p"": 0.8077, ""gsax"": 0.0805}, {""id"": 8475660, ""name"": ""Cam Talbot"", ""p"": 0.1923, ""gsax"": -0.1184}, {""id"": 8479312, ""name"": ""Alex Lyon"", ""p"": 0.0, ""gsax"": 0.1675}, {""id"": 8475852, ""name"": ""Petr Mrazek"", ""p"": 0.0, ""gsax"": -0.1511}, {""id"": 8478024, ""name"": ""Ville Husso"", ""p"": 0.0, ""gsax"": -0.071}, {""id"": 8473503, ""name"": ""James Reimer"", ""p"": 0.0, ""gsax"": 0.0222}, {""id"": 8474636, ""name"": ""Michael Hutchinson"", ""p"": 0.0, ""gsax"": -0.0257}, {""id"": 8477968, ""name"": ""Alex Nedeljkovic"", ""p"": 0.0, ""gsax"": -0.0512}, {""id"": 8476433, ""name"": ""Magnus Hellberg"", ""p"": 0.0, ""gsax"": -0.0179}, {""id"": 8471306, ""name"": ""Thomas Greiss"", ""p"": 0.0, ""gsax"": -0.0226}, {""id"": 8475717, ""name"": ""Calvin Pickard"", ""p"": 0.0, ""gsax"": -0.0884}, {""id"": 8473541, ""name"": ""Jonathan Bernier"", ""p"": 0.0, ""gsax"": 0.0003}, {""id"": 8470657, ""name"": ""Jimmy Howard"", ""p"": 0.0, ""gsax"": -0.0075}, {""id"": 8477480, ""name"": ""Eric Comrie"", ""p"": 0.0, ""gsax"": -0.0419}, {""id"": 8477225, ""name"": ""Jared Coreau"", ""p"": 0.0, ""gsax"": -0.0033}, {""id"": 8475361, ""name"": ""Jonas Gustavsson"", ""p"": 0.0, ""gsax"": -0.0014}, {""id"": 8469152, ""name"": ""Ty Conklin"", ""p"": 0.0, ""gsax"": -0.0002}, {""id"": 8469732, ""name"": ""Joey MacDonald"", ""p"": 0.0, ""gsax"": -0.0002}, {""id"": 8458568, ""name"": ""Chris Osgood"", ""p"": 0.0, ""gsax"": -0.0}]","[{""id"": 8476999, ""name"": ""Linus Ullmark"", ""p"": 0.7892, ""gsax"": 0.0513}, {""id"": 8473503, ""name"": ""James Reimer"", ""p"": 0.2038, ""gsax"": 0.0222}, {""id"": 8482447, ""name"": ""Leevi Merilainen"", ""p"": 0.0054, ""gsax"": -0.2286}, {""id"": 8481544, ""name"": ""Mads Sogaard"", ""p"": 0.0016, ""gsax"": -0.1113}, {""id"": 8476341, ""name"": ""Anton Forsberg"", ""p"": 0.0, ""gsax"": 0.0474}, {""id"": 8476914, ""name"": ""Joonas Korpisalo"", ""p"": 0.0, ""gsax"": -0.003}, {""id"": 8475660, ""name"": ""Cam Talbot"", ""p"": 0.0, ""gsax"": -0.1184}, {""id"": 8480263, ""name"": ""Dylan Ferguson"", ""p"": 0.0, ""gsax"": 0.007}, {""id"": 8480867, ""name"": ""Kevin Mandolese"", ""p"": 0.0, ""gsax"": 0.0044}, {""id"": 8476433, ""name"": ""Magnus Hellberg"", ""p"": 0.0, ""gsax"": -0.0179}, {""id"": 8479406, ""name"": ""Filip Gustavsson"", ""p"": 0.0, ""gsax"": -0.035}, {""id"": 8476899, ""name"": ""Matt Murray"", ""p"": 0.0, ""gsax"": 0.0033}, {""id"": 8477405, ""name"": ""Marcus Hogberg"", ""p"": 0.0, ""gsax"": -0.1171}, {""id"": 8478916, ""name"": ""Joey Daccord"", ""p"": 0.0, ""gsax"": -0.036}, {""id"": 8467950, ""name"": ""Craig Anderson"", ""p"": 0.0, ""gsax"": -0.011}, {""id"": 8475195, ""name"": ""Anders Nilsson"", ""p"": 0.0, ""gsax"": -0.0036}, {""id"": 8470093, ""name"": ""Mike McKenna"", ""p"": 0.0, ""gsax"": -0.0041}, {""id"": 8477237, ""name"": ""Mike Condon"", ""p"": 0.0, ""gsax"": -0.0037}, {""id"": 8471433, ""name"": ""Daniel Taylor"", ""p"": 0.0, ""gsax"": -0.0004}, {""id"": 8477202, ""name"": ""Andrew Hammond"", ""p"": 0.0, ""gsax"": -0.0117}, {""id"": 8478559, ""name"": ""Matthew O'Connor"", ""p"": 0.0, ""gsax"": -0.0}, {""id"": 8475215, ""name"": ""Robin Lehner"", ""p"": 0.0, ""gsax"": 0.009}, {""id"": 8471750, ""name"": ""Ben Bishop"", ""p"": 0.0, ""gsax"": 0.003}, {""id"": 8467913, ""name"": ""Alex Auld"", ""p"": 0.0, ""gsax"": -0.0001}, {""id"": 8470147, ""name"": ""Curtis McElhinney"", ""p"": 0.0, ""gsax"": -0.0099}, {""id"": 8470880, ""name"": ""Brian Elliott"", ""p"": 0.0, ""gsax"": -0.0255}, {""id"": 8470800, ""name"": ""Mike Brodeur"", ""p"": 0.0, ""gsax"": -0.0}, {""id"": 8469461, ""name"": ""Pascal Leclaire"", ""p"": 0.0, ""gsax"": 0.0}]",nhl-v1,2026-10-02T14:44:07+00:00
401892451,2026020047,2026,2026-10-06T23:00:00+00:00,NJD,UTA,False,False,2.722,2.692,0.244,3.085,3.047,6.132,0.511,0.399,0.381,0.221,0.512,0.307,0.297,0.773,0.545,0.439,0.243,"[[3, 2, 0.0673], [2, 3, 0.0631], [4, 3, 0.0536]]",-0.025,0.107,0.764,0.186,-0.144,0.029,0.077,0.145,-0.120,-0.206,0.053,0.010,"[{""id"": 8474596, ""name"": ""Jake Allen"", ""p"": 0.5332, ""gsax"": 0.0714}, {""id"": 8474593, ""name"": ""Jacob Markstrom"", ""p"": 0.2895, ""gsax"": -0.0527}, {""id"": 8482076, ""name"": ""Nico Daws"", ""p"": 0.1773, ""gsax"": 0.0371}, {""id"": 8478039, ""name"": ""Kaapo Kahkonen"", ""p"": 0.0, ""gsax"": -0.0418}, {""id"": 8481033, ""name"": ""Akira Schmid"", ""p"": 0.0, ""gsax"": -0.035}, {""id"": 8477970, ""name"": ""Vitek Vanecek"", ""p"": 0.0, ""gsax"": -0.1421}, {""id"": 8478406, ""name"": ""Mackenzie Blackwood"", ""p"": 0.0, ""gsax"": 0.0519}, {""id"": 8477202, ""name"": ""Andrew Hammond"", ""p"": 0.0, ""gsax"": -0.0117}, {""id"": 8476903, ""name"": ""Jon Gillies"", ""p"": 0.0, ""gsax"": -0.0276}, {""id"": 8473541, ""name"": ""Jonathan Bernier"", ""p"": 0.0, ""gsax"": 0.0003}, {""id"": 8475809, ""name"": ""Scott Wedgewood"", ""p"": 0.0, ""gsax"": 0.1675}, {""id"": 8477180, ""name"": ""Aaron Dell"", ""p"": 0.0, ""gsax"": -0.0084}, {""id"": 8477480, ""name"": ""Eric Comrie"", ""p"": 0.0, ""gsax"": -0.0419}, {""id"": 8471239, ""name"": ""Cory Schneider"", ""p"": 0.0, ""gsax"": 0.0037}, {""id"": 8475839, ""name"": ""Louis Domingue"", ""p"": 0.0, ""gsax"": -0.0011}, {""id"": 8480213, ""name"": ""Gilles Senn"", ""p"": 0.0, ""gsax"": 0.0001}, {""id"": 8476234, ""name"": ""Keith Kinkaid"", ""p"": 0.0, ""gsax"": -0.002}, {""id"": 8475663, ""name"": ""Eddie Lack"", ""p"": 0.0, ""gsax"": -0.0014}, {""id"": 8478965, ""name"": ""Kenneth Appleby"", ""p"": 0.0, ""gsax"": -0.0083}, {""id"": 8466339, ""name"": ""Scott Clemmensen"", ""p"": 0.0, ""gsax"": -0.0004}, {""id"": 8455710, ""name"": ""Martin Brodeur"", ""p"": 0.0, ""gsax"": -0.0005}, {""id"": 8460704, ""name"": ""Johan Hedberg"", ""p"": 0.0, ""gsax"": -0.0001}, {""id"": 8470093, ""name"": ""Mike McKenna"", ""p"": 0.0, ""gsax"": -0.0041}]","[{""id"": 8478872, ""name"": ""Karel Vejmelka"", ""p"": 0.9256, ""gsax"": 0.0221}, {""id"": 8477970, ""name"": ""Vitek Vanecek"", ""p"": 0.0744, ""gsax"": -0.1421}, {""id"": 8480191, ""name"": ""Matt Villalta"", ""p"": 0.0, ""gsax"": -0.0039}, {""id"": 8478971, ""name"": ""Connor Ingram"", ""p"": 0.0, ""gsax"": -0.0574}, {""id"": 8483530, ""name"": ""Jaxson Stauber"", ""p"": 0.0, ""gsax"": -0.014}, {""id"": 8481031, ""name"": ""Ivan Prosvetov"", ""p"": 0.0, ""gsax"": -0.03}, {""id"": 8474667, ""name"": ""Harri Sateri"", ""p"": 0.0, ""gsax"": -0.0043}, {""id"": 8475809, ""name"": ""Scott Wedgewood"", ""p"": 0.0, ""gsax"": 0.1675}, {""id"": 8475622, ""name"": ""Carter Hutton"", ""p"": 0.0, ""gsax"": -0.0249}, {""id"": 8475311, ""name"": ""Darcy Kuemper"", ""p"": 0.0, ""gsax"": -0.1383}, {""id"": 8478499, ""name"": ""Adin Hill"", ""p"": 0.0, ""gsax"": -0.1437}, {""id"": 8477293, ""name"": ""Antti Raanta"", ""p"": 0.0, ""gsax"": -0.0173}, {""id"": 8475717, ""name"": ""Calvin Pickard"", ""p"": 0.0, ""gsax"": -0.0884}, {""id"": 8475839, ""name"": ""Louis Domingue"", ""p"": 0.0, ""gsax"": -0.0011}, {""id"": 8469608, ""name"": ""Mike Smith"", ""p"": 0.0, ""gsax"": 0.0157}, {""id"": 8471251, ""name"": ""Justin Peters"", ""p"": 0.0, ""gsax"": -0.0004}, {""id"": 8478999, ""name"": ""Niklas Treutle"", ""p"": 0.0, ""gsax"": -0.0002}, {""id"": 8474765, ""name"": ""Anders Lindback"", ""p"": 0.0, ""gsax"": -0.0011}, {""id"": 8470093, ""name"": ""Mike McKenna"", ""p"": 0.0, ""gsax"": -0.0041}, {""id"": 8471227, ""name"": ""Devan Dubnyk"", ""p"": 0.0, ""gsax"": -0.0148}, {""id"": 8471306, ""name"": ""Thomas Greiss"", ""p"": 0.0, ""gsax"": -0.0226}, {""id"": 8475771, ""name"": ""Mark Visentin"", ""p"": 0.0, ""gsax"": -0.0}, {""id"": 8467391, ""name"": ""Jason LaBarbera"", ""p"": 0.0, ""gsax"": -0.0001}, {""id"": 8473434, ""name"": ""Chad Johnson"", ""p"": 0.0, ""gsax"": -0.0064}, {""id"": 8470147, ""name"": ""Curtis McElhinney"", ""p"": 0.0, ""gsax"": -0.0099}, {""id"": 8468524, ""name"": ""Ilya Bryzgalov"", ""p"": 0.0, ""gsax"": -0.0007}]",nhl-v1,2026-10-02T14:44:07+00:00
401892453,2026020049,2026,2026-10-06T23:00:00+00:00,BUF,MIN,False,False,3.113,2.772,0.244,3.458,3.106,6.563,0.559,0.448,0.341,0.210,0.528,0.356,0.264,0.820,0.615,0.510,0.306,"[[3, 2, 0.0625], [4, 3, 0.0574], [2, 3, 0.054]]",0.029,0.080,-0.086,-0.005,0.085,0.066,-0.068,0.128,0.494,-0.507,0.062,0.063,"[{""id"": 8480045, ""name"": ""Ukko-Pekka Luukkonen"", ""p"": 0.5711, ""gsax"": -0.001}, {""id"": 8479312, ""name"": ""Alex Lyon"", ""p"": 0.396, ""gsax"": 0.1675}, {""id"": 8481551, ""name"": ""Colten Ellis"", ""p"": 0.0329, ""gsax"": 0.0195}, {""id"": 8473503, ""name"": ""James Reimer"", ""p"": 0.0, ""gsax"": 0.0222}, {""id"": 8482221, ""name"": ""Devon Levi"", ""p"": 0.0, ""gsax"": -0.1222}, {""id"": 8477480, ""name"": ""Eric Comrie"", ""p"": 0.0, ""gsax"": -0.0419}, {""id"": 8467950, ""name"": ""Craig Anderson"", ""p"": 0.0, ""gsax"": -0.011}, {""id"": 8474682, ""name"": ""Dustin Tokarski"", ""p"": 0.0, ""gsax"": -0.018}, {""id"": 8477180, ""name"": ""Aaron Dell"", ""p"": 0.0, ""gsax"": -0.0084}, {""id"": 8475920, ""name"": ""Michael Houser"", ""p"": 0.0, ""gsax"": 0.0007}, {""id"": 8476876, ""name"": ""Malcolm Subban"", ""p"": 0.0, ""gsax"": -0.0035}, {""id"": 8476999, ""name"": ""Linus Ullmark"", ""p"": 0.0, ""gsax"": 0.0513}, {""id"": 8475622, ""name"": ""Carter Hutton"", ""p"": 0.0, ""gsax"": -0.0249}, {""id"": 8477992, ""name"": ""Jonas Johansson"", ""p"": 0.0, ""gsax"": -0.1685}, {""id"": 8473434, ""name"": ""Chad Johnson"", ""p"": 0.0, ""gsax"": -0.0064}, {""id"": 8475215, ""name"": ""Robin Lehner"", ""p"": 0.0, ""gsax"": 0.009}, {""id"": 8475195, ""name"": ""Anders Nilsson"", ""p"": 0.0, ""gsax"": -0.0036}, {""id"": 8476309, ""name"": ""Jason Kasdorf"", ""p"": 0.0, ""gsax"": -0.0001}, {""id"": 8474765, ""name"": ""Anders Lindback"", ""p"": 0.0, ""gsax"": -0.0011}, {""id"": 8475252, ""name"": ""Matt Hackett"", ""p"": 0.0, ""gsax"": -0.0005}, {""id"": 8477092, ""name"": ""Andrey Makarov"", ""p"": 0.0, ""gsax"": 0.0}, {""id"": 8473607, ""name"": ""Michal Neuvirth"", ""p"": 0.0, ""gsax"": -0.0047}, {""id"": 8473523, ""name"": ""Jhonas Enroth"", ""p"": 0.0, ""gsax"": -0.0009}, {""id"": 8476319, ""name"": ""Nathan Lieuwen"", ""p"": 0.0, ""gsax"": 0.0}, {""id"": 8475303, ""name"": ""Connor Knapp"", ""p"": 0.0, ""gsax"": -0.0}, {""id"": 8468011, ""name"": ""Ryan Miller"", ""p"": 0.0, ""gsax"": -0.0057}, {""id"": 8459579, ""name"": ""Patrick Lalime"", ""p"": 0.0, ""gsax"": -0.0}]","[{""id"": 8482661, ""name"": ""Jesper Wallstedt"", ""p"": 0.835, ""gsax"": 0.0826}, {""id"": 8479406, ""name"": ""Filip Gustavsson"", ""p"": 0.165, ""gsax"": -0.035}, {""id"": 8470594, ""name"": ""Marc-Andre Fleury"", ""p"": 0.0, ""gsax"": -0.1192}, {""id"": 8475660, ""name"": ""Cam Talbot"", ""p"": 0.0, ""gsax"": -0.1184}, {""id"": 8478039, ""name"": ""Kaapo Kahkonen"", ""p"": 0.0, ""gsax"": -0.0418}, {""id"": 8471774, ""name"": ""Alex Stalock"", ""p"": 0.0, ""gsax"": -0.0235}, {""id"": 8471227, ""name"": ""Devan Dubnyk"", ""p"": 0.0, ""gsax"": -0.0148}, {""id"": 8475311, ""name"": ""Darcy Kuemper"", ""p"": 0.0, ""gsax"": -0.1383}, {""id"": 8473404, ""name"": ""Niklas Backstrom"", ""p"": 0.0, ""gsax"": -0.001}, {""id"": 8474202, ""name"": ""John Curry"", ""p"": 0.0, ""gsax"": -0.0001}, {""id"": 8468524, ""name"": ""Ilya Bryzgalov"", ""p"": 0.0, ""gsax"": -0.0007}, {""id"": 8470216, ""name"": ""Josh Harding"", ""p"": 0.0, ""gsax"": 0.0}, {""id"": 8475252, ""name"": ""Matt Hackett"", ""p"": 0.0, ""gsax"": -0.0005}, {""id"": 8460535, ""name"": ""Jose Theodore"", ""p"": 0.0, ""gsax"": -0.0001}, {""id"": 8471418, ""name"": ""Anton Khudobin"", ""p"": 0.0, ""gsax"": -0.022}]",nhl-v1,2026-10-02T14:44:07+00:00
401892452,2026020048,2026,2026-10-06T23:30:00+00:00,NYR,NYI,False,False,2.819,2.371,0.244,3.193,2.728,5.921,0.580,0.462,0.317,0.222,0.534,0.363,0.239,0.746,0.510,0.402,0.215,"[[3, 2, 0.0733], [2, 3, 0.0611], [4, 3, 0.0539]]",-0.261,0.083,0.490,0.051,0.080,0.117,-0.002,-0.029,-0.623,-0.736,-0.116,0.128,"[{""id"": 8478048, ""name"": ""Igor Shesterkin"", ""p"": 0.7289, ""gsax"": 0.1765}, {""id"": 8471734, ""name"": ""Jonathan Quick"", ""p"": 0.1488, ""gsax"": -0.1049}, {""id"": 8482193, ""name"": ""Dylan Garand"", ""p"": 0.1162, ""gsax"": 0.0444}, {""id"": 8477484, ""name"": ""Spencer Martin"", ""p"": 0.0061, ""gsax"": -0.1604}, {""id"": 8475839, ""name"": ""Louis Domingue"", ""p"": 0.0, ""gsax"": -0.0011}, {""id"": 8470860, ""name"": ""Jaroslav Halak"", ""p"": 0.0, ""gsax"": 0.0045}, {""id"": 8480382, ""name"": ""Alexandar Georgiev"", ""p"": 0.0, ""gsax"": -0.1041}, {""id"": 8476234, ""name"": ""Keith Kinkaid"", ""p"": 0.0, ""gsax"": -0.002}, {""id"": 8478903, ""name"": ""Adam Huska"", ""p"": 0.0, ""gsax"": -0.0042}, {""id"": 8468685, ""name"": ""Henrik Lundqvist"", ""p"": 0.0, ""gsax"": 0.0006}, {""id"": 8471715, ""name"": ""Ondrej Pavelec"", ""p"": 0.0, ""gsax"": -0.0001}, {""id"": 8477293, ""name"": ""Antti Raanta"", ""p"": 0.0, ""gsax"": -0.0173}, {""id"": 8476433, ""name"": ""Magnus Hellberg"", ""p"": 0.0, ""gsax"": -0.0179}, {""id"": 8475660, ""name"": ""Cam Talbot"", ""p"": 0.0, ""gsax"": -0.1184}, {""id"": 8477084, ""name"": ""Mackenzie Skapski"", ""p"": 0.0, ""gsax"": 0.0001}, {""id"": 8462047, ""name"": ""Martin Biron"", ""p"": 0.0, ""gsax"": -0.0}]","[{""id"": 8478009, ""name"": ""Ilya Sorokin"", ""p"": 0.8391, ""gsax"": 0.1558}, {""id"": 8479496, ""name"": ""David Rittich"", ""p"": 0.1609, ""gsax"": -0.0167}, {""id"": 8477405, ""name"": ""Marcus Hogberg"", ""p"": 0.0, ""gsax"": -0.1171}, {""id"": 8480819, ""name"": ""Jakub Skarek"", ""p"": 0.0, ""gsax"": -0.0098}, {""id"": 8473575, ""name"": ""Semyon Varlamov"", ""p"": 0.0, ""gsax"": 0.0246}, {""id"": 8471239, ""name"": ""Cory Schneider"", ""p"": 0.0, ""gsax"": 0.0037}, {""id"": 8471306, ""name"": ""Thomas Greiss"", ""p"": 0.0, ""gsax"": -0.0226}, {""id"": 8475215, ""name"": ""Robin Lehner"", ""p"": 0.0, ""gsax"": 0.009}, {""id"": 8470860, ""name"": ""Jaroslav Halak"", ""p"": 0.0, ""gsax"": 0.0045}, {""id"": 8476444, ""name"": ""Christopher Gibson"", ""p"": 0.0, ""gsax"": -0.0027}, {""id"": 8475234, ""name"": ""J-F Berube"", ""p"": 0.0, ""gsax"": -0.0028}, {""id"": 8473607, ""name"": ""Michal Neuvirth"", ""p"": 0.0, ""gsax"": -0.0047}, {""id"": 8473434, ""name"": ""Chad Johnson"", ""p"": 0.0, ""gsax"": -0.0064}, {""id"": 8474690, ""name"": ""Kevin Poulin"", ""p"": 0.0, ""gsax"": -0.0004}, {""id"": 8475195, ""name"": ""Anders Nilsson"", ""p"": 0.0, ""gsax"": -0.0036}, {""id"": 8460705, ""name"": ""Evgeni Nabokov"", ""p"": 0.0, ""gsax"": -0.0001}, {""id"": 8468481, ""name"": ""Rick DiPietro"", ""p"": 0.0, ""gsax"": -0.0002}, {""id"": 8471219, ""name"": ""Al Montoya"", ""p"": 0.0, ""gsax"": -0.0013}, {""id"": 8474855, ""name"": ""Nathan Lawson"", ""p"": 0.0, ""gsax"": -0.0}, {""id"": 8475156, ""name"": ""Mikko Koskinen"", ""p"": 0.0, ""gsax"": -0.0025}, {""id"": 8460806, ""name"": ""Dwayne Roloson"", ""p"": 0.0, ""gsax"": -0.0002}]",nhl-v1,2026-10-02T14:44:07+00:00
401891779,2026020050,2026,2026-10-07T00:00:00+00:00,CHI,STL,False,False,2.347,2.847,0.244,2.710,3.215,5.925,0.425,0.318,0.461,0.221,0.483,0.235,0.368,0.747,0.511,0.403,0.215,"[[2, 3, 0.0699], [3, 2, 0.0642], [1, 4, 0.0541]]",-0.339,-0.219,-0.790,-0.043,0.003,-0.034,-0.185,0.200,-1.109,-0.068,0.101,0.022,"[{""id"": 8481519, ""name"": ""Spencer Knight"", ""p"": 0.6167, ""gsax"": 0.0367}, {""id"": 8482821, ""name"": ""Arvid Soderblom"", ""p"": 0.3744, ""gsax"": -0.1509}, {""id"": 8482123, ""name"": ""Drew Commesso"", ""p"": 0.0089, ""gsax"": 0.0241}, {""id"": 8475852, ""name"": ""Petr Mrazek"", ""p"": 0.0, ""gsax"": -0.1511}, {""id"": 8471774, ""name"": ""Alex Stalock"", ""p"": 0.0, ""gsax"": -0.0235}, {""id"": 8471418, ""name"": ""Anton Khudobin"", ""p"": 0.0, ""gsax"": -0.022}, {""id"": 8483530, ""name"": ""Jaxson Stauber"", ""p"": 0.0, ""gsax"": -0.014}, {""id"": 8480947, ""name"": ""Kevin Lankinen"", ""p"": 0.0, ""gsax"": -0.2638}, {""id"": 8480420, ""name"": ""Collin Delia"", ""p"": 0.0, ""gsax"": -0.0218}, {""id"": 8470594, ""name"": ""Marc-Andre Fleury"", ""p"": 0.0, ""gsax"": -0.1192}, {""id"": 8476876, ""name"": ""Malcolm Subban"", ""p"": 0.0, ""gsax"": -0.0035}, {""id"": 8470645, ""name"": ""Corey Crawford"", ""p"": 0.0, ""gsax"": 0.0055}, {""id"": 8475215, ""name"": ""Robin Lehner"", ""p"": 0.0, ""gsax"": 0.009}, {""id"": 8470320, ""name"": ""Cam Ward"", ""p"": 0.0, ""gsax"": -0.0026}, {""id"": 8475234, ""name"": ""J-F Berube"", ""p"": 0.0, ""gsax"": -0.0028}, {""id"": 8476341, ""name"": ""Anton Forsberg"", ""p"": 0.0, ""gsax"": 0.0474}, {""id"": 8471301, ""name"": ""Jeff Glass"", ""p"": 0.0, ""gsax"": -0.0003}, {""id"": 8474152, ""name"": ""Scott Darling"", ""p"": 0.0, ""gsax"": -0.0042}, {""id"": 8477293, ""name"": ""Antti Raanta"", ""p"": 0.0, ""gsax"": -0.0173}, {""id"": 8459140, ""name"": ""Nikolai Khabibulin"", ""p"": 0.0, ""gsax"": -0.0001}, {""id"": 8469548, ""name"": ""Ray Emery"", ""p"": 0.0, ""gsax"": -0.0004}, {""id"": 8475622, ""name"": ""Carter Hutton"", ""p"": 0.0, ""gsax"": -0.0249}, {""id"": 8460612, ""name"": ""Marty Turco"", ""p"": 0.0, ""gsax"": -0.0001}]","[{""id"": 8480981, ""name"": ""Joel Hofer"", ""p"": 0.6551, ""gsax"": 0.1227}, {""id"": 8476412, ""name"": ""Jordan Binnington"", ""p"": 0.3449, ""gsax"": -0.1698}, {""id"": 8471306, ""name"": ""Thomas Greiss"", ""p"": 0.0, ""gsax"": -0.0226}, {""id"": 8478024, ""name"": ""Ville Husso"", ""p"": 0.0, ""gsax"": -0.071}, {""id"": 8479292, ""name"": ""Charlie Lindgren"", ""p"": 0.0, ""gsax"": -0.0867}, {""id"": 8476903, ""name"": ""Jon Gillies"", ""p"": 0.0, ""gsax"": -0.0276}, {""id"": 8474596, ""name"": ""Jake Allen"", ""p"": 0.0, ""gsax"": 0.0714}, {""id"": 8473434, ""name"": ""Chad Johnson"", ""p"": 0.0, ""gsax"": -0.0064}, {""id"": 8475622, ""name"": ""Carter Hutton"", ""p"": 0.0, ""gsax"": -0.0249}, {""id"": 8477831, ""name"": ""Pheonix Copley"", ""p"": 0.0, ""gsax"": -0.0194}, {""id"": 8470880, ""name"": ""Brian Elliott"", ""p"": 0.0, ""gsax"": -0.0255}, {""id"": 8455710, ""name"": ""Martin Brodeur"", ""p"": 0.0, ""gsax"": -0.0005}, {""id"": 8468011, ""name"": ""Ryan Miller"", ""p"": 0.0, ""gsax"": -0.0057}, {""id"": 8470860, ""name"": ""Jaroslav Halak"", ""p"": 0.0, ""gsax"": 0.0045}, {""id"": 8469152, ""name"": ""Ty Conklin"", ""p"": 0.0, ""gsax"": -0.0002}, {""id"": 8471750, ""name"": ""Ben Bishop"", ""p"": 0.0, ""gsax"": 0.003}]",nhl-v1,2026-10-02T14:44:07+00:00
401892454,2026020051,2026,2026-10-07T01:40:00+00:00,SEA,VGK,False,False,2.276,2.915,0.244,2.636,3.283,5.920,0.402,0.298,0.483,0.219,0.476,0.218,0.389,0.746,0.510,0.402,0.215,"[[2, 3, 0.0705], [3, 2, 0.0624], [1, 4, 0.0569]]",-0.256,-0.044,-0.421,-0.445,0.053,-0.020,-0.045,0.399,0.816,0.721,0.033,-0.021,"[{""id"": 8478916, ""name"": ""Joey Daccord"", ""p"": 0.4756, ""gsax"": -0.036}, {""id"": 8483668, ""name"": ""Nikke Kokko"", ""p"": 0.2202, ""gsax"": -0.0133}, {""id"": 8475831, ""name"": ""Philipp Grubauer"", ""p"": 0.2098, ""gsax"": -0.0107}, {""id"": 8484910, ""name"": ""Victor Ostman"", ""p"": 0.0943, ""gsax"": 0.0257}, {""id"": 8476899, ""name"": ""Matt Murray"", ""p"": 0.0001, ""gsax"": 0.0033}, {""id"": 8478848, ""name"": ""Ales Stezka"", ""p"": 0.0, ""gsax"": -0.0026}, {""id"": 8476904, ""name"": ""Chris Driedger"", ""p"": 0.0, ""gsax"": 0.007}, {""id"": 8474889, ""name"": ""Martin Jones"", ""p"": 0.0, ""gsax"": -0.0316}]","[{""id"": 8479394, ""name"": ""Carter Hart"", ""p"": 0.977, ""gsax"": -0.0181}, {""id"": 8478499, ""name"": ""Adin Hill"", ""p"": 0.0197, ""gsax"": -0.1437}, {""id"": 8481033, ""name"": ""Akira Schmid"", ""p"": 0.0032, ""gsax"": -0.035}, {""id"": 8482761, ""name"": ""Carl Lindbom"", ""p"": 0.0001, ""gsax"": -0.0364}, {""id"": 8478492, ""name"": ""Ilya Samsonov"", ""p"": 0.0, ""gsax"": -0.0548}, {""id"": 8480313, ""name"": ""Logan Thompson"", ""p"": 0.0, ""gsax"": 0.269}, {""id"": 8480238, ""name"": ""Jiri Patera"", ""p"": 0.0, ""gsax"": -0.0592}, {""id"": 8476316, ""name"": ""Laurent Brossoit"", ""p"": 0.0, ""gsax"": 0.0226}, {""id"": 8471734, ""name"": ""Jonathan Quick"", ""p"": 0.0, ""gsax"": -0.1049}, {""id"": 8475215, ""name"": ""Robin Lehner"", ""p"": 0.0, ""gsax"": 0.009}, {""id"": 8470594, ""name"": ""Marc-Andre Fleury"", ""p"": 0.0, ""gsax"": -0.1192}, {""id"": 8476861, ""name"": ""Oscar Dansk"", ""p"": 0.0, ""gsax"": -0.0026}, {""id"": 8476876, ""name"": ""Malcolm Subban"", ""p"": 0.0, ""gsax"": -0.0035}, {""id"": 8476509, ""name"": ""Maxime Lagace"", ""p"": 0.0, ""gsax"": -0.008}]",nhl-v1,2026-10-02T14:44:07+00:00
401891806,2026020052,2026,2026-10-07T02:00:00+00:00,LAK,FLA,False,False,2.784,2.494,0.244,3.155,2.850,6.005,0.554,0.438,0.341,0.222,0.526,0.341,0.260,0.757,0.524,0.417,0.226,"[[3, 2, 0.0712], [2, 3, 0.062], [4, 3, 0.0541]]",-0.071,0.237,-0.067,0.098,-0.066,-0.031,-0.062,0.146,0.607,0.550,-0.073,-0.056,"[{""id"": 8476341, ""name"": ""Anton Forsberg"", ""p"": 0.576, ""gsax"": 0.0474}, {""id"": 8475311, ""name"": ""Darcy Kuemper"", ""p"": 0.4238, ""gsax"": -0.1383}, {""id"": 8477831, ""name"": ""Pheonix Copley"", ""p"": 0.0002, ""gsax"": -0.0194}, {""id"": 8479496, ""name"": ""David Rittich"", ""p"": 0.0, ""gsax"": -0.0167}, {""id"": 8481707, ""name"": ""Erik Portillo"", ""p"": 0.0, ""gsax"": 0.012}, {""id"": 8475660, ""name"": ""Cam Talbot"", ""p"": 0.0, ""gsax"": -0.1184}, {""id"": 8476914, ""name"": ""Joonas Korpisalo"", ""p"": 0.0, ""gsax"": -0.003}, {""id"": 8471734, ""name"": ""Jonathan Quick"", ""p"": 0.0, ""gsax"": -0.1049}, {""id"": 8477361, ""name"": ""Calvin Petersen"", ""p"": 0.0, ""gsax"": -0.0568}, {""id"": 8476343, ""name"": ""Garret Sparks"", ""p"": 0.0, ""gsax"": -0.0018}, {""id"": 8477234, ""name"": ""Troy Grosenick"", ""p"": 0.0, ""gsax"": 0.0026}, {""id"": 8475789, ""name"": ""Jack Campbell"", ""p"": 0.0, ""gsax"": -0.0356}, {""id"": 8469514, ""name"": ""Peter Budaj"", ""p"": 0.0, ""gsax"": -0.003}, {""id"": 8471750, ""name"": ""Ben Bishop"", ""p"": 0.0, ""gsax"": 0.003}, {""id"": 8473553, ""name"": ""Jeff Zatkoff"", ""p"": 0.0, ""gsax"": -0.0015}, {""id"": 8473523, ""name"": ""Jhonas Enroth"", ""p"": 0.0, ""gsax"": -0.0009}, {""id"": 8474889, ""name"": ""Martin Jones"", ""p"": 0.0, ""gsax"": -0.0316}, {""id"": 8475681, ""name"": ""Ben Scrivens"", ""p"": 0.0, ""gsax"": -0.0011}, {""id"": 8473541, ""name"": ""Jonathan Bernier"", ""p"": 0.0, ""gsax"": 0.0003}]","[{""id"": 8480193, ""name"": ""Daniil Tarasov"", ""p"": 0.4051, ""gsax"": -0.0391}, {""id"": 8475683, ""name"": ""Sergei Bobrovsky"", ""p"": 0.2267, ""gsax"": -0.1047}, {""id"": 8481033, ""name"": ""Akira Schmid"", ""p"": 0.1958, ""gsax"": -0.035}, {""id"": 8474593, ""name"": ""Jacob Markstrom"", ""p"": 0.1723, ""gsax"": -0.0527}, {""id"": 8477970, ""name"": ""Vitek Vanecek"", ""p"": 0.0, ""gsax"": -0.1421}, {""id"": 8481519, ""name"": ""Spencer Knight"", ""p"": 0.0, ""gsax"": 0.0367}, {""id"": 8476932, ""name"": ""Anthony Stolarz"", ""p"": 0.0, ""gsax"": 0.1033}, {""id"": 8479312, ""name"": ""Alex Lyon"", ""p"": 0.0, ""gsax"": 0.1675}, {""id"": 8477992, ""name"": ""Jonas Johansson"", ""p"": 0.0, ""gsax"": -0.1685}, {""id"": 8476904, ""name"": ""Chris Driedger"", ""p"": 0.0, ""gsax"": 0.007}, {""id"": 8478470, ""name"": ""Samuel Montembeault"", ""p"": 0.0, ""gsax"": 0.0933}, {""id"": 8466141, ""name"": ""Roberto Luongo"", ""p"": 0.0, ""gsax"": -0.0017}, {""id"": 8473503, ""name"": ""James Reimer"", ""p"": 0.0, ""gsax"": 0.0222}, {""id"": 8474636, ""name"": ""Michael Hutchinson"", ""p"": 0.0, ""gsax"": -0.0257}, {""id"": 8474667, ""name"": ""Harri Sateri"", ""p"": 0.0, ""gsax"": -0.0043}, {""id"": 8473499, ""name"": ""Reto Berra"", ""p"": 0.0, ""gsax"": -0.0003}, {""id"": 8471219, ""name"": ""Al Montoya"", ""p"": 0.0, ""gsax"": -0.0013}, {""id"": 8468540, ""name"": ""Dan Ellis"", ""p"": 0.0, ""gsax"": -0.0004}, {""id"": 8466339, ""name"": ""Scott Clemmensen"", ""p"": 0.0, ""gsax"": -0.0004}, {""id"": 8460703, ""name"": ""Tim Thomas"", ""p"": 0.0, ""gsax"": -0.0003}, {""id"": 8460535, ""name"": ""Jose Theodore"", ""p"": 0.0, ""gsax"": -0.0001}, {""id"": 8460712, ""name"": ""Tomas Vokoun"", ""p"": 0.0, ""gsax"": 0.0001}]",nhl-v1,2026-10-02T14:44:07+00:00
401891830,2026020053,2026,2026-10-07T23:30:00+00:00,WSH,PIT,False,False,2.862,2.837,0.244,3.214,3.181,6.394,0.511,0.400,0.384,0.215,0.511,0.311,0.302,0.803,0.589,0.483,0.281,"[[3, 2, 0.0632], [2, 3, 0.0593], [4, 3, 0.0551]]",-0.026,-0.022,0.103,-0.391,-0.034,0.199,0.113,0.143,0.219,0.401,0.052,-0.052,"[{""id"": 8480313, ""name"": ""Logan Thompson"", ""p"": 0.754, ""gsax"": 0.269}, {""id"": 8483532, ""name"": ""Clay Stevenson"", ""p"": 0.1348, ""gsax"": 0.0458}, {""id"": 8479292, ""name"": ""Charlie Lindgren"", ""p"": 0.1112, ""gsax"": -0.0867}, {""id"": 8482411, ""name"": ""Hunter Shepard"", ""p"": 0.0, ""gsax"": -0.0707}, {""id"": 8475311, ""name"": ""Darcy Kuemper"", ""p"": 0.0, ""gsax"": -0.1383}, {""id"": 8478492, ""name"": ""Ilya Samsonov"", ""p"": 0.0, ""gsax"": -0.0548}, {""id"": 8477970, ""name"": ""Vitek Vanecek"", ""p"": 0.0, ""gsax"": -0.1421}, {""id"": 8477831, ""name"": ""Pheonix Copley"", ""p"": 0.0, ""gsax"": -0.0194}, {""id"": 8477457, ""name"": ""Zach Fucale"", ""p"": 0.0, ""gsax"": 0.0024}, {""id"": 8467950, ""name"": ""Craig Anderson"", ""p"": 0.0, ""gsax"": -0.011}, {""id"": 8474651, ""name"": ""Braden Holtby"", ""p"": 0.0, ""gsax"": -0.0063}, {""id"": 8475831, ""name"": ""Philipp Grubauer"", ""p"": 0.0, ""gsax"": -0.0107}, {""id"": 8471251, ""name"": ""Justin Peters"", ""p"": 0.0, ""gsax"": -0.0004}, {""id"": 8470860, ""name"": ""Jaroslav Halak"", ""p"": 0.0, ""gsax"": 0.0045}, {""id"": 8473607, ""name"": ""Michal Neuvirth"", ""p"": 0.0, ""gsax"": -0.0047}, {""id"": 8460712, ""name"": ""Tomas Vokoun"", ""p"": 0.0, ""gsax"": 0.0001}, {""id"": 8473575, ""name"": ""Semyon Varlamov"", ""p"": 0.0, ""gsax"": 0.0246}]","[{""id"": 8481668, ""name"": ""Arturs Silovs"", ""p"": 0.6116, ""gsax"": -0.0855}, {""id"": 8479973, ""name"": ""Stuart Skinner"", ""p"": 0.3881, ""gsax"": 0.0004}, {""id"": 8477465, ""name"": ""Tristan Jarry"", ""p"": 0.0002, ""gsax"": -0.1866}, {""id"": 8483703, ""name"": ""Sergei Murashov"", ""p"": 0.0001, ""gsax"": -0.0113}, {""id"": 8477968, ""name"": ""Alex Nedeljkovic"", ""p"": 0.0, ""gsax"": -0.0512}, {""id"": 8482446, ""name"": ""Joel Blomqvist"", ""p"": 0.0, ""gsax"": -0.0648}, {""id"": 8476433, ""name"": ""Magnus Hellberg"", ""p"": 0.0, ""gsax"": -0.0179}, {""id"": 8479193, ""name"": ""Casey DeSmith"", ""p"": 0.0, ""gsax"": 0.1038}, {""id"": 8474682, ""name"": ""Dustin Tokarski"", ""p"": 0.0, ""gsax"": -0.018}, {""id"": 8475839, ""name"": ""Louis Domingue"", ""p"": 0.0, ""gsax"": -0.0011}, {""id"": 8476509, ""name"": ""Maxime Lagace"", ""p"": 0.0, ""gsax"": -0.008}, {""id"": 8476899, ""name"": ""Matt Murray"", ""p"": 0.0, ""gsax"": 0.0033}, {""id"": 8474550, ""name"": ""Antti Niemi"", ""p"": 0.0, ""gsax"": -0.0033}, {""id"": 8470594, ""name"": ""Marc-Andre Fleury"", ""p"": 0.0, ""gsax"": -0.1192}, {""id"": 8473553, ""name"": ""Jeff Zatkoff"", ""p"": 0.0, ""gsax"": -0.0015}, {""id"": 8471306, ""name"": ""Thomas Greiss"", ""p"": 0.0, ""gsax"": -0.0226}, {""id"": 8460712, ""name"": ""Tomas Vokoun"", ""p"": 0.0, ""gsax"": 0.0001}, {""id"": 8462161, ""name"": ""Brent Johnson"", ""p"": 0.0, ""gsax"": -0.0001}, {""id"": 8475097, ""name"": ""Brad Thiessen"", ""p"": 0.0, ""gsax"": -0.0001}]",nhl-v1,2026-10-02T14:44:07+00:00
401892455,2026020054,2026,2026-10-07T23:30:00+00:00,WPG,COL,False,False,2.310,3.017,0.244,2.664,3.379,6.043,0.393,0.291,0.494,0.215,0.472,0.213,0.401,0.762,0.531,0.422,0.232,"[[2, 3, 0.0691], [3, 2, 0.06], [1, 4, 0.0568]]",-0.199,0.080,-0.304,0.030,-0.019,-0.012,0.308,0.239,0.110,0.239,0.014,0.110,"[{""id"": 8476945, ""name"": ""Connor Hellebuyck"", ""p"": 0.7206, ""gsax"": -0.0003}, {""id"": 8477480, ""name"": ""Eric Comrie"", ""p"": 0.2794, ""gsax"": -0.0419}, {""id"": 8483114, ""name"": ""Thomas Milic"", ""p"": 0.0001, ""gsax"": -0.0185}, {""id"": 8476316, ""name"": ""Laurent Brossoit"", ""p"": 0.0, ""gsax"": 0.0226}, {""id"": 8479496, ""name"": ""David Rittich"", ""p"": 0.0, ""gsax"": -0.0167}, {""id"": 8473461, ""name"": ""Steve Mason"", ""p"": 0.0, ""gsax"": 0.0001}, {""id"": 8474636, ""name"": ""Michael Hutchinson"", ""p"": 0.0, ""gsax"": -0.0257}, {""id"": 8471715, ""name"": ""Ondrej Pavelec"", ""p"": 0.0, ""gsax"": -0.0001}, {""id"": 8471219, ""name"": ""Al Montoya"", ""p"": 0.0, ""gsax"": -0.0013}, {""id"": 8462152, ""name"": ""Chris Mason"", ""p"": 0.0, ""gsax"": -0.0002}]","[{""id"": 8475809, ""name"": ""Scott Wedgewood"", ""p"": 0.5054, ""gsax"": 0.1675}, {""id"": 8478406, ""name"": ""Mackenzie Blackwood"", ""p"": 0.4943, ""gsax"": 0.0519}, {""id"": 8481529, ""name"": ""Trent Miner"", ""p"": 0.0003, ""gsax"": 0.0297}, {""id"": 8480382, ""name"": ""Alexandar Georgiev"", ""p"": 0.0, ""gsax"": -0.1041}, {""id"": 8481020, ""name"": ""Justus Annunen"", ""p"": 0.0, ""gsax"": 0.1199}, {""id"": 8478039, ""name"": ""Kaapo Kahkonen"", ""p"": 0.0, ""gsax"": -0.0418}, {""id"": 8481031, ""name"": ""Ivan Prosvetov"", ""p"": 0.0, ""gsax"": -0.03}, {""id"": 8480925, ""name"": ""Pavel Francouz"", ""p"": 0.0, ""gsax"": 0.0021}, {""id"": 8477992, ""name"": ""Jonas Johansson"", ""p"": 0.0, ""gsax"": -0.1685}, {""id"": 8475311, ""name"": ""Darcy Kuemper"", ""p"": 0.0, ""gsax"": -0.1383}, {""id"": 8475831, ""name"": ""Philipp Grubauer"", ""p"": 0.0, ""gsax"": -0.0107}, {""id"": 8471227, ""name"": ""Devan Dubnyk"", ""p"": 0.0, ""gsax"": -0.0148}, {""id"": 8480112, ""name"": ""Hunter Miska"", ""p"": 0.0, ""gsax"": -0.0106}, {""id"": 8474636, ""name"": ""Michael Hutchinson"", ""p"": 0.0, ""gsax"": -0.0257}, {""id"": 8477312, ""name"": ""Antoine Bibeau"", ""p"": 0.0, ""gsax"": 0.0003}, {""id"": 8479530, ""name"": ""Adam Werner"", ""p"": 0.0, ""gsax"": -0.0004}, {""id"": 8473575, ""name"": ""Semyon Varlamov"", ""p"": 0.0, ""gsax"": 0.0246}, {""id"": 8473541, ""name"": ""Jonathan Bernier"", ""p"": 0.0, ""gsax"": 0.0003}, {""id"": 8477202, ""name"": ""Andrew Hammond"", ""p"": 0.0, ""gsax"": -0.0117}, {""id"": 8475717, ""name"": ""Calvin Pickard"", ""p"": 0.0, ""gsax"": -0.0884}, {""id"": 8474092, ""name"": ""Jeremy Smith"", ""p"": 0.0, ""gsax"": -0.0007}, {""id"": 8477484, ""name"": ""Spencer Martin"", ""p"": 0.0, ""gsax"": -0.1604}, {""id"": 8473499, ""name"": ""Reto Berra"", ""p"": 0.0, ""gsax"": -0.0003}, {""id"": 8462044, ""name"": ""Jean-Sebastien Giguere"", ""p"": 0.0, ""gsax"": -0.0}, {""id"": 8475824, ""name"": ""Sami Aittokallio"", ""p"": 0.0, ""gsax"": -0.0}, {""id"": 8469514, ""name"": ""Peter Budaj"", ""p"": 0.0, ""gsax"": -0.003}, {""id"": 8470880, ""name"": ""Brian Elliott"", ""p"": 0.0, ""gsax"": -0.0255}, {""id"": 8467950, ""name"": ""Craig Anderson"", ""p"": 0.0, ""gsax"": -0.011}]",nhl-v1,2026-10-02T14:44:07+00:00
401892456,2026020055,2026,2026-10-08T02:00:00+00:00,ANA,EDM,False,False,3.048,2.973,0.244,3.387,3.305,6.691,0.518,0.410,0.380,0.210,0.514,0.321,0.300,0.833,0.634,0.531,0.325,"[[3, 2, 0.0586], [4, 3, 0.0563], [2, 3, 0.0543]]",0.203,-0.013,-0.125,-0.327,-0.058,-0.071,-0.015,0.187,1.204,-0.286,0.048,-0.108,"[{""id"": 8480843, ""name"": ""Lukas Dostal"", ""p"": 0.9293, ""gsax"": -0.0708}, {""id"": 8478024, ""name"": ""Ville Husso"", ""p"": 0.0704, ""gsax"": -0.071}, {""id"": 8475852, ""name"": ""Petr Mrazek"", ""p"": 0.0002, ""gsax"": -0.1511}, {""id"": 8476434, ""name"": ""John Gibson"", ""p"": 0.0, ""gsax"": 0.0805}, {""id"": 8473503, ""name"": ""James Reimer"", ""p"": 0.0, ""gsax"": 0.0222}, {""id"": 8480042, ""name"": ""Olle Eriksson Ek"", ""p"": 0.0, ""gsax"": -0.0032}, {""id"": 8476932, ""name"": ""Anthony Stolarz"", ""p"": 0.0, ""gsax"": 0.1033}, {""id"": 8468011, ""name"": ""Ryan Miller"", ""p"": 0.0, ""gsax"": -0.0057}, {""id"": 8479294, ""name"": ""Kevin Boyle"", ""p"": 0.0, ""gsax"": 0.0006}, {""id"": 8473434, ""name"": ""Chad Johnson"", ""p"": 0.0, ""gsax"": -0.0064}, {""id"": 8473499, ""name"": ""Reto Berra"", ""p"": 0.0, ""gsax"": -0.0003}, {""id"": 8473541, ""name"": ""Jonathan Bernier"", ""p"": 0.0, ""gsax"": 0.0003}, {""id"": 8475883, ""name"": ""Frederik Andersen"", ""p"": 0.0, ""gsax"": 0.0948}, {""id"": 8471418, ""name"": ""Anton Khudobin"", ""p"": 0.0, ""gsax"": -0.022}, {""id"": 8468524, ""name"": ""Ilya Bryzgalov"", ""p"": 0.0, ""gsax"": -0.0007}, {""id"": 8467391, ""name"": ""Jason LaBarbera"", ""p"": 0.0, ""gsax"": -0.0001}, {""id"": 8473972, ""name"": ""Jonas Hiller"", ""p"": 0.0, ""gsax"": -0.0006}, {""id"": 8476839, ""name"": ""Viktor Fasth"", ""p"": 0.0, ""gsax"": -0.0002}, {""id"": 8470074, ""name"": ""Jeff Deslauriers"", ""p"": 0.0, ""gsax"": 0.0}, {""id"": 8468540, ""name"": ""Dan Ellis"", ""p"": 0.0, ""gsax"": -0.0004}, {""id"": 8469548, ""name"": ""Ray Emery"", ""p"": 0.0, ""gsax"": -0.0004}, {""id"": 8470147, ""name"": ""Curtis McElhinney"", ""p"": 0.0, ""gsax"": -0.0099}]","[{""id"": 8478971, ""name"": ""Connor Ingram"", ""p"": 0.5086, ""gsax"": -0.0574}, {""id"": 8477465, ""name"": ""Tristan Jarry"", ""p"": 0.2943, ""gsax"": -0.1866}, {""id"": 8482221, ""name"": ""Devon Levi"", ""p"": 0.1958, ""gsax"": -0.1222}, {""id"": 8475717, ""name"": ""Calvin Pickard"", ""p"": 0.0009, ""gsax"": -0.0884}, {""id"": 8479973, ""name"": ""Stuart Skinner"", ""p"": 0.0003, ""gsax"": 0.0004}, {""id"": 8480885, ""name"": ""Olivier Rodrigue"", ""p"": 0.0, ""gsax"": -0.0026}, {""id"": 8475789, ""name"": ""Jack Campbell"", ""p"": 0.0, ""gsax"": -0.0356}, {""id"": 8469608, ""name"": ""Mike Smith"", ""p"": 0.0, ""gsax"": 0.0157}, {""id"": 8475156, ""name"": ""Mikko Koskinen"", ""p"": 0.0, ""gsax"": -0.0025}, {""id"": 8476932, ""name"": ""Anthony Stolarz"", ""p"": 0.0, ""gsax"": 0.1033}, {""id"": 8475660, ""name"": ""Cam Talbot"", ""p"": 0.0, ""gsax"": -0.1184}, {""id"": 8471219, ""name"": ""Al Montoya"", ""p"": 0.0, ""gsax"": -0.0013}, {""id"": 8476316, ""name"": ""Laurent Brossoit"", ""p"": 0.0, ""gsax"": 0.0226}, {""id"": 8475361, ""name"": ""Jonas Gustavsson"", ""p"": 0.0, ""gsax"": -0.0014}, {""id"": 8475195, ""name"": ""Anders Nilsson"", ""p"": 0.0, ""gsax"": -0.0036}, {""id"": 8475681, ""name"": ""Ben Scrivens"", ""p"": 0.0, ""gsax"": -0.0011}, {""id"": 8473614, ""name"": ""Richard Bachman"", ""p"": 0.0, ""gsax"": -0.0015}, {""id"": 8476839, ""name"": ""Viktor Fasth"", ""p"": 0.0, ""gsax"": -0.0002}, {""id"": 8468524, ""name"": ""Ilya Bryzgalov"", ""p"": 0.0, ""gsax"": -0.0007}, {""id"": 8471227, ""name"": ""Devan Dubnyk"", ""p"": 0.0, ""gsax"": -0.0148}, {""id"": 8467391, ""name"": ""Jason LaBarbera"", ""p"": 0.0, ""gsax"": -0.0001}, {""id"": 8459140, ""name"": ""Nikolai Khabibulin"", ""p"": 0.0, ""gsax"": -0.0001}, {""id"": 8469675, ""name"": ""Martin Gerber"", ""p"": 0.0, ""gsax"": 0.0}]",nhl-v1,2026-10-02T14:44:07+00:00
401891820,2026020059,2026,2026-10-08T23:00:00+00:00,OTT,PHI,False,False,2.946,2.109,0.244,3.324,2.461,5.785,0.643,0.524,0.261,0.216,0.555,0.420,0.191,0.727,0.487,0.378,0.197,"[[3, 2, 0.0764], [4, 1, 0.0634], [2, 3, 0.0569]]",0.017,0.281,0.051,0.406,-0.024,0.044,-0.339,0.211,-0.225,0.612,-0.071,0.029,"[{""id"": 8476999, ""name"": ""Linus Ullmark"", ""p"": 0.7892, ""gsax"": 0.0513}, {""id"": 8473503, ""name"": ""James Reimer"", ""p"": 0.2038, ""gsax"": 0.0222}, {""id"": 8482447, ""name"": ""Leevi Merilainen"", ""p"": 0.0054, ""gsax"": -0.2286}, {""id"": 8481544, ""name"": ""Mads Sogaard"", ""p"": 0.0016, ""gsax"": -0.1113}, {""id"": 8476341, ""name"": ""Anton Forsberg"", ""p"": 0.0, ""gsax"": 0.0474}, {""id"": 8476914, ""name"": ""Joonas Korpisalo"", ""p"": 0.0, ""gsax"": -0.003}, {""id"": 8475660, ""name"": ""Cam Talbot"", ""p"": 0.0, ""gsax"": -0.1184}, {""id"": 8480263, ""name"": ""Dylan Ferguson"", ""p"": 0.0, ""gsax"": 0.007}, {""id"": 8480867, ""name"": ""Kevin Mandolese"", ""p"": 0.0, ""gsax"": 0.0044}, {""id"": 8476433, ""name"": ""Magnus Hellberg"", ""p"": 0.0, ""gsax"": -0.0179}, {""id"": 8479406, ""name"": ""Filip Gustavsson"", ""p"": 0.0, ""gsax"": -0.035}, {""id"": 8476899, ""name"": ""Matt Murray"", ""p"": 0.0, ""gsax"": 0.0033}, {""id"": 8477405, ""name"": ""Marcus Hogberg"", ""p"": 0.0, ""gsax"": -0.1171}, {""id"": 8478916, ""name"": ""Joey Daccord"", ""p"": 0.0, ""gsax"": -0.036}, {""id"": 8467950, ""name"": ""Craig Anderson"", ""p"": 0.0, ""gsax"": -0.011}, {""id"": 8475195, ""name"": ""Anders Nilsson"", ""p"": 0.0, ""gsax"": -0.0036}, {""id"": 8470093, ""name"": ""Mike McKenna"", ""p"": 0.0, ""gsax"": -0.0041}, {""id"": 8477237, ""name"": ""Mike Condon"", ""p"": 0.0, ""gsax"": -0.0037}, {""id"": 8471433, ""name"": ""Daniel Taylor"", ""p"": 0.0, ""gsax"": -0.0004}, {""id"": 8477202, ""name"": ""Andrew Hammond"", ""p"": 0.0, ""gsax"": -0.0117}, {""id"": 8478559, ""name"": ""Matthew O'Connor"", ""p"": 0.0, ""gsax"": -0.0}, {""id"": 8475215, ""name"": ""Robin Lehner"", ""p"": 0.0, ""gsax"": 0.009}, {""id"": 8471750, ""name"": ""Ben Bishop"", ""p"": 0.0, ""gsax"": 0.003}, {""id"": 8467913, ""name"": ""Alex Auld"", ""p"": 0.0, ""gsax"": -0.0001}, {""id"": 8470147, ""name"": ""Curtis McElhinney"", ""p"": 0.0, ""gsax"": -0.0099}, {""id"": 8470880, ""name"": ""Brian Elliott"", ""p"": 0.0, ""gsax"": -0.0255}, {""id"": 8470800, ""name"": ""Mike Brodeur"", ""p"": 0.0, ""gsax"": -0.0}, {""id"": 8469461, ""name"": ""Pascal Leclaire"", ""p"": 0.0, ""gsax"": 0.0}]","[{""id"": 8478435, ""name"": ""Dan Vladar"", ""p"": 0.7532, ""gsax"": 0.0602}, {""id"": 8479361, ""name"": ""Joseph Woll"", ""p"": 0.1958, ""gsax"": -0.0348}, {""id"": 8481035, ""name"": ""Samuel Ersson"", ""p"": 0.0508, ""gsax"": -0.188}, {""id"": 8482783, ""name"": ""Aleksei Kolosov"", ""p"": 0.0002, ""gsax"": -0.0935}, {""id"": 8478905, ""name"": ""Ivan Fedotov"", ""p"": 0.0, ""gsax"": -0.1127}, {""id"": 8478433, ""name"": ""Felix Sandstrom"", ""p"": 0.0, ""gsax"": -0.0673}, {""id"": 8477361, ""name"": ""Calvin Petersen"", ""p"": 0.0, ""gsax"": -0.0568}, {""id"": 8479394, ""name"": ""Carter Hart"", ""p"": 0.0, ""gsax"": -0.0181}, {""id"": 8474889, ""name"": ""Martin Jones"", ""p"": 0.0, ""gsax"": -0.0316}, {""id"": 8470880, ""name"": ""Brian Elliott"", ""p"": 0.0, ""gsax"": -0.0255}, {""id"": 8479312, ""name"": ""Alex Lyon"", ""p"": 0.0, ""gsax"": 0.1675}, {""id"": 8475660, ""name"": ""Cam Talbot"", ""p"": 0.0, ""gsax"": -0.1184}, {""id"": 8476932, ""name"": ""Anthony Stolarz"", ""p"": 0.0, ""gsax"": 0.1033}, {""id"": 8473607, ""name"": ""Michal Neuvirth"", ""p"": 0.0, ""gsax"": -0.0047}, {""id"": 8470093, ""name"": ""Mike McKenna"", ""p"": 0.0, ""gsax"": -0.0041}, {""id"": 8475717, ""name"": ""Calvin Pickard"", ""p"": 0.0, ""gsax"": -0.0884}, {""id"": 8475852, ""name"": ""Petr Mrazek"", ""p"": 0.0, ""gsax"": -0.1511}, {""id"": 8473461, ""name"": ""Steve Mason"", ""p"": 0.0, ""gsax"": 0.0001}, {""id"": 8469548, ""name"": ""Ray Emery"", ""p"": 0.0, ""gsax"": -0.0004}, {""id"": 8467972, ""name"": ""Rob Zepp"", ""p"": 0.0, ""gsax"": -0.0001}, {""id"": 8476763, ""name"": ""Calvin Heeter"", ""p"": 0.0, ""gsax"": -0.0}, {""id"": 8468524, ""name"": ""Ilya Bryzgalov"", ""p"": 0.0, ""gsax"": -0.0007}, {""id"": 8462052, ""name"": ""Brian Boucher"", ""p"": 0.0, ""gsax"": -0.0001}, {""id"": 8468038, ""name"": ""Michael Leighton"", ""p"": 0.0, ""gsax"": -0.0004}, {""id"": 8475683, ""name"": ""Sergei Bobrovsky"", ""p"": 0.0, ""gsax"": -0.1047}]",nhl-v1,2026-10-02T14:44:07+00:00
401892457,2026020056,2026,2026-10-08T23:00:00+00:00,BOS,UTA,False,False,2.870,2.779,0.244,3.224,3.124,6.348,0.521,0.410,0.374,0.216,0.515,0.319,0.292,0.798,0.581,0.475,0.274,"[[3, 2, 0.0645], [2, 3, 0.0594], [4, 3, 0.0553]]",-0.126,-0.005,0.088,-0.181,0.056,0.172,0.077,0.145,-0.120,-0.206,0.053,0.010,"[{""id"": 8480280, ""name"": ""Jeremy Swayman"", ""p"": 0.8841, ""gsax"": 0.1953}, {""id"": 8476914, ""name"": ""Joonas Korpisalo"", ""p"": 0.1159, ""gsax"": -0.003}, {""id"": 8476999, ""name"": ""Linus Ullmark"", ""p"": 0.0, ""gsax"": 0.0513}, {""id"": 8476234, ""name"": ""Keith Kinkaid"", ""p"": 0.0, ""gsax"": -0.002}, {""id"": 8471695, ""name"": ""Tuukka Rask"", ""p"": 0.0, ""gsax"": -0.0038}, {""id"": 8470860, ""name"": ""Jaroslav Halak"", ""p"": 0.0, ""gsax"": 0.0045}, {""id"": 8478435, ""name"": ""Dan Vladar"", ""p"": 0.0, ""gsax"": 0.0602}, {""id"": 8471418, ""name"": ""Anton Khudobin"", ""p"": 0.0, ""gsax"": -0.022}, {""id"": 8475876, ""name"": ""Zane McIntyre"", ""p"": 0.0, ""gsax"": -0.001}, {""id"": 8476876, ""name"": ""Malcolm Subban"", ""p"": 0.0, ""gsax"": -0.0035}, {""id"": 8475361, ""name"": ""Jonas Gustavsson"", ""p"": 0.0, ""gsax"": -0.0014}, {""id"": 8476844, ""name"": ""Niklas Svedberg"", ""p"": 0.0, ""gsax"": -0.0001}, {""id"": 8473434, ""name"": ""Chad Johnson"", ""p"": 0.0, ""gsax"": -0.0064}, {""id"": 8460703, ""name"": ""Tim Thomas"", ""p"": 0.0, ""gsax"": -0.0003}, {""id"": 8460612, ""name"": ""Marty Turco"", ""p"": 0.0, ""gsax"": -0.0001}]","[{""id"": 8478872, ""name"": ""Karel Vejmelka"", ""p"": 0.9256, ""gsax"": 0.0221}, {""id"": 8477970, ""name"": ""Vitek Vanecek"", ""p"": 0.0744, ""gsax"": -0.1421}, {""id"": 8480191, ""name"": ""Matt Villalta"", ""p"": 0.0, ""gsax"": -0.0039}, {""id"": 8478971, ""name"": ""Connor Ingram"", ""p"": 0.0, ""gsax"": -0.0574}, {""id"": 8483530, ""name"": ""Jaxson Stauber"", ""p"": 0.0, ""gsax"": -0.014}, {""id"": 8481031, ""name"": ""Ivan Prosvetov"", ""p"": 0.0, ""gsax"": -0.03}, {""id"": 8474667, ""name"": ""Harri Sateri"", ""p"": 0.0, ""gsax"": -0.0043}, {""id"": 8475809, ""name"": ""Scott Wedgewood"", ""p"": 0.0, ""gsax"": 0.1675}, {""id"": 8475622, ""name"": ""Carter Hutton"", ""p"": 0.0, ""gsax"": -0.0249}, {""id"": 8475311, ""name"": ""Darcy Kuemper"", ""p"": 0.0, ""gsax"": -0.1383}, {""id"": 8478499, ""name"": ""Adin Hill"", ""p"": 0.0, ""gsax"": -0.1437}, {""id"": 8477293, ""name"": ""Antti Raanta"", ""p"": 0.0, ""gsax"": -0.0173}, {""id"": 8475717, ""name"": ""Calvin Pickard"", ""p"": 0.0, ""gsax"": -0.0884}, {""id"": 8475839, ""name"": ""Louis Domingue"", ""p"": 0.0, ""gsax"": -0.0011}, {""id"": 8469608, ""name"": ""Mike Smith"", ""p"": 0.0, ""gsax"": 0.0157}, {""id"": 8471251, ""name"": ""Justin Peters"", ""p"": 0.0, ""gsax"": -0.0004}, {""id"": 8478999, ""name"": ""Niklas Treutle"", ""p"": 0.0, ""gsax"": -0.0002}, {""id"": 8474765, ""name"": ""Anders Lindback"", ""p"": 0.0, ""gsax"": -0.0011}, {""id"": 8470093, ""name"": ""Mike McKenna"", ""p"": 0.0, ""gsax"": -0.0041}, {""id"": 8471227, ""name"": ""Devan Dubnyk"", ""p"": 0.0, ""gsax"": -0.0148}, {""id"": 8471306, ""name"": ""Thomas Greiss"", ""p"": 0.0, ""gsax"": -0.0226}, {""id"": 8475771, ""name"": ""Mark Visentin"", ""p"": 0.0, ""gsax"": -0.0}, {""id"": 8467391, ""name"": ""Jason LaBarbera"", ""p"": 0.0, ""gsax"": -0.0001}, {""id"": 8473434, ""name"": ""Chad Johnson"", ""p"": 0.0, ""gsax"": -0.0064}, {""id"": 8470147, ""name"": ""Curtis McElhinney"", ""p"": 0.0, ""gsax"": -0.0099}, {""id"": 8468524, ""name"": ""Ilya Bryzgalov"", ""p"": 0.0, ""gsax"": -0.0007}]",nhl-v1,2026-10-02T14:44:07+00:00
401892458,2026020057,2026,2026-10-08T23:00:00+00:00,BUF,DAL,False,False,2.949,2.665,0.244,3.305,3.009,6.314,0.552,0.438,0.346,0.216,0.525,0.345,0.267,0.794,0.576,0.469,0.269,"[[3, 2, 0.0664], [2, 3, 0.0581], [4, 3, 0.0562]]",0.029,0.080,-0.086,-0.005,0.085,0.066,-0.191,0.277,0.777,0.206,0.002,0.051,"[{""id"": 8480045, ""name"": ""Ukko-Pekka Luukkonen"", ""p"": 0.5711, ""gsax"": -0.001}, {""id"": 8479312, ""name"": ""Alex Lyon"", ""p"": 0.396, ""gsax"": 0.1675}, {""id"": 8481551, ""name"": ""Colten Ellis"", ""p"": 0.0329, ""gsax"": 0.0195}, {""id"": 8473503, ""name"": ""James Reimer"", ""p"": 0.0, ""gsax"": 0.0222}, {""id"": 8482221, ""name"": ""Devon Levi"", ""p"": 0.0, ""gsax"": -0.1222}, {""id"": 8477480, ""name"": ""Eric Comrie"", ""p"": 0.0, ""gsax"": -0.0419}, {""id"": 8467950, ""name"": ""Craig Anderson"", ""p"": 0.0, ""gsax"": -0.011}, {""id"": 8474682, ""name"": ""Dustin Tokarski"", ""p"": 0.0, ""gsax"": -0.018}, {""id"": 8477180, ""name"": ""Aaron Dell"", ""p"": 0.0, ""gsax"": -0.0084}, {""id"": 8475920, ""name"": ""Michael Houser"", ""p"": 0.0, ""gsax"": 0.0007}, {""id"": 8476876, ""name"": ""Malcolm Subban"", ""p"": 0.0, ""gsax"": -0.0035}, {""id"": 8476999, ""name"": ""Linus Ullmark"", ""p"": 0.0, ""gsax"": 0.0513}, {""id"": 8475622, ""name"": ""Carter Hutton"", ""p"": 0.0, ""gsax"": -0.0249}, {""id"": 8477992, ""name"": ""Jonas Johansson"", ""p"": 0.0, ""gsax"": -0.1685}, {""id"": 8473434, ""name"": ""Chad Johnson"", ""p"": 0.0, ""gsax"": -0.0064}, {""id"": 8475215, ""name"": ""Robin Lehner"", ""p"": 0.0, ""gsax"": 0.009}, {""id"": 8475195, ""name"": ""Anders Nilsson"", ""p"": 0.0, ""gsax"": -0.0036}, {""id"": 8476309, ""name"": ""Jason Kasdorf"", ""p"": 0.0, ""gsax"": -0.0001}, {""id"": 8474765, ""name"": ""Anders Lindback"", ""p"": 0.0, ""gsax"": -0.0011}, {""id"": 8475252, ""name"": ""Matt Hackett"", ""p"": 0.0, ""gsax"": -0.0005}, {""id"": 8477092, ""name"": ""Andrey Makarov"", ""p"": 0.0, ""gsax"": 0.0}, {""id"": 8473607, ""name"": ""Michal Neuvirth"", ""p"": 0.0, ""gsax"": -0.0047}, {""id"": 8473523, ""name"": ""Jhonas Enroth"", ""p"": 0.0, ""gsax"": -0.0009}, {""id"": 8476319, ""name"": ""Nathan Lieuwen"", ""p"": 0.0, ""gsax"": 0.0}, {""id"": 8475303, ""name"": ""Connor Knapp"", ""p"": 0.0, ""gsax"": -0.0}, {""id"": 8468011, ""name"": ""Ryan Miller"", ""p"": 0.0, ""gsax"": -0.0057}, {""id"": 8459579, ""name"": ""Patrick Lalime"", ""p"": 0.0, ""gsax"": -0.0}]","[{""id"": 8479979, ""name"": ""Jake Oettinger"", ""p"": 0.8646, ""gsax"": 0.0422}, {""id"": 8479193, ""name"": ""Casey DeSmith"", ""p"": 0.1354, ""gsax"": 0.1038}, {""id"": 8475809, ""name"": ""Scott Wedgewood"", ""p"": 0.0, ""gsax"": 0.1675}, {""id"": 8483575, ""name"": ""Matt Murray"", ""p"": 0.0, ""gsax"": 0.0045}, {""id"": 8474651, ""name"": ""Braden Holtby"", ""p"": 0.0, ""gsax"": -0.0063}, {""id"": 8471418, ""name"": ""Anton Khudobin"", ""p"": 0.0, ""gsax"": -0.022}, {""id"": 8471750, ""name"": ""Ben Bishop"", ""p"": 0.0, ""gsax"": 0.003}, {""id"": 8470140, ""name"": ""Kari Lehtonen"", ""p"": 0.0, ""gsax"": -0.0003}, {""id"": 8470093, ""name"": ""Mike McKenna"", ""p"": 0.0, ""gsax"": -0.0041}, {""id"": 8474550, ""name"": ""Antti Niemi"", ""p"": 0.0, ""gsax"": -0.0033}, {""id"": 8473523, ""name"": ""Jhonas Enroth"", ""p"": 0.0, ""gsax"": -0.0009}, {""id"": 8474765, ""name"": ""Anders Lindback"", ""p"": 0.0, ""gsax"": -0.0011}, {""id"": 8475680, ""name"": ""Jussi Rynnas"", ""p"": 0.0, ""gsax"": -0.0002}, {""id"": 8460703, ""name"": ""Tim Thomas"", ""p"": 0.0, ""gsax"": -0.0003}, {""id"": 8468540, ""name"": ""Dan Ellis"", ""p"": 0.0, ""gsax"": -0.0004}, {""id"": 8475789, ""name"": ""Jack Campbell"", ""p"": 0.0, ""gsax"": -0.0356}, {""id"": 8473614, ""name"": ""Richard Bachman"", ""p"": 0.0, ""gsax"": -0.0015}, {""id"": 8476846, ""name"": ""Cristopher Nilstorp"", ""p"": 0.0, ""gsax"": -0.0001}, {""id"": 8467453, ""name"": ""Andrew Raycroft"", ""p"": 0.0, ""gsax"": -0.0001}]",nhl-v1,2026-10-02T14:44:07+00:00
401892459,2026020058,2026,2026-10-08T23:00:00+00:00,MTL,NSH,False,False,3.142,2.492,0.244,3.496,2.829,6.325,0.609,0.494,0.295,0.210,0.545,0.397,0.223,0.795,0.578,0.470,0.271,"[[3, 2, 0.0679], [4, 3, 0.0573], [2, 3, 0.0538]]",-0.105,-0.071,-0.129,-0.684,0.036,0.246,-0.153,-0.132,-0.052,0.432,-0.025,-0.019,"[{""id"": 8482487, ""name"": ""Jakub Dobes"", ""p"": 0.9767, ""gsax"": 0.2492}, {""id"": 8484170, ""name"": ""Jacob Fowler"", ""p"": 0.0213, ""gsax"": 0.099}, {""id"": 8478470, ""name"": ""Samuel Montembeault"", ""p"": 0.002, ""gsax"": 0.0933}, {""id"": 8480051, ""name"": ""Cayden Primeau"", ""p"": 0.0, ""gsax"": -0.1048}, {""id"": 8474596, ""name"": ""Jake Allen"", ""p"": 0.0, ""gsax"": 0.0714}, {""id"": 8471679, ""name"": ""Carey Price"", ""p"": 0.0, ""gsax"": -0.0007}, {""id"": 8477202, ""name"": ""Andrew Hammond"", ""p"": 0.0, ""gsax"": -0.0117}, {""id"": 8479292, ""name"": ""Charlie Lindgren"", ""p"": 0.0, ""gsax"": -0.0867}, {""id"": 8476234, ""name"": ""Keith Kinkaid"", ""p"": 0.0, ""gsax"": -0.002}, {""id"": 8474550, ""name"": ""Antti Niemi"", ""p"": 0.0, ""gsax"": -0.0033}, {""id"": 8471219, ""name"": ""Al Montoya"", ""p"": 0.0, ""gsax"": -0.0013}, {""id"": 8477237, ""name"": ""Mike Condon"", ""p"": 0.0, ""gsax"": -0.0037}, {""id"": 8475681, ""name"": ""Ben Scrivens"", ""p"": 0.0, ""gsax"": -0.0011}, {""id"": 8474682, ""name"": ""Dustin Tokarski"", ""p"": 0.0, ""gsax"": -0.018}, {""id"": 8469514, ""name"": ""Peter Budaj"", ""p"": 0.0, ""gsax"": -0.003}, {""id"": 8467913, ""name"": ""Alex Auld"", ""p"": 0.0, ""gsax"": -0.0001}]","[{""id"": 8477424, ""name"": ""Juuse Saros"", ""p"": 0.6615, ""gsax"": -0.0898}, {""id"": 8481020, ""name"": ""Justus Annunen"", ""p"": 0.3385, ""gsax"": 0.1199}, {""id"": 8475809, ""name"": ""Scott Wedgewood"", ""p"": 0.0, ""gsax"": 0.1675}, {""id"": 8480947, ""name"": ""Kevin Lankinen"", ""p"": 0.0, ""gsax"": -0.2638}, {""id"": 8482137, ""name"": ""Yaroslav Askarov"", ""p"": 0.0, ""gsax"": -0.176}, {""id"": 8478971, ""name"": ""Connor Ingram"", ""p"": 0.0, ""gsax"": -0.0574}, {""id"": 8479496, ""name"": ""David Rittich"", ""p"": 0.0, ""gsax"": -0.0167}, {""id"": 8471469, ""name"": ""Pekka Rinne"", ""p"": 0.0, ""gsax"": -0.0069}, {""id"": 8476992, ""name"": ""Marek Mazanec"", ""p"": 0.0, ""gsax"": -0.0009}, {""id"": 8475622, ""name"": ""Carter Hutton"", ""p"": 0.0, ""gsax"": -0.0249}, {""id"": 8471227, ""name"": ""Devan Dubnyk"", ""p"": 0.0, ""gsax"": -0.0148}, {""id"": 8462152, ""name"": ""Chris Mason"", ""p"": 0.0, ""gsax"": -0.0002}, {""id"": 8474765, ""name"": ""Anders Lindback"", ""p"": 0.0, ""gsax"": -0.0011}]",nhl-v1,2026-10-02T14:44:07+00:00
401892460,2026020060,2026,2026-10-08T23:00:00+00:00,TBL,MIN,False,False,3.120,2.602,0.244,3.471,2.938,6.410,0.588,0.474,0.315,0.211,0.538,0.379,0.240,0.804,0.591,0.485,0.283,"[[3, 2, 0.066], [4, 3, 0.0575], [2, 3, 0.0543]]",-0.023,0.227,0.028,0.267,0.034,0.141,-0.068,0.128,0.494,-0.507,0.062,0.063,"[{""id"": 8476883, ""name"": ""Andrei Vasilevskiy"", ""p"": 0.9126, ""gsax"": 0.166}, {""id"": 8477992, ""name"": ""Jonas Johansson"", ""p"": 0.0489, ""gsax"": -0.1685}, {""id"": 8477990, ""name"": ""Brandon Halverson"", ""p"": 0.0385, ""gsax"": -0.0642}, {""id"": 8477035, ""name"": ""Matt Tomkins"", ""p"": 0.0, ""gsax"": -0.0036}, {""id"": 8470880, ""name"": ""Brian Elliott"", ""p"": 0.0, ""gsax"": -0.0255}, {""id"": 8476509, ""name"": ""Maxime Lagace"", ""p"": 0.0, ""gsax"": -0.008}, {""id"": 8470147, ""name"": ""Curtis McElhinney"", ""p"": 0.0, ""gsax"": -0.0099}, {""id"": 8476444, ""name"": ""Christopher Gibson"", ""p"": 0.0, ""gsax"": -0.0027}, {""id"": 8475277, ""name"": ""Edward Pasquale"", ""p"": 0.0, ""gsax"": -0.0006}, {""id"": 8475839, ""name"": ""Louis Domingue"", ""p"": 0.0, ""gsax"": -0.0011}, {""id"": 8469514, ""name"": ""Peter Budaj"", ""p"": 0.0, ""gsax"": -0.003}, {""id"": 8471750, ""name"": ""Ben Bishop"", ""p"": 0.0, ""gsax"": 0.003}, {""id"": 8477356, ""name"": ""Kristers Gudlevskis"", ""p"": 0.0, ""gsax"": 0.0001}, {""id"": 8460705, ""name"": ""Evgeni Nabokov"", ""p"": 0.0, ""gsax"": -0.0001}, {""id"": 8474765, ""name"": ""Anders Lindback"", ""p"": 0.0, ""gsax"": -0.0011}, {""id"": 8464999, ""name"": ""Mathieu Garon"", ""p"": 0.0, ""gsax"": -0.0002}, {""id"": 8473638, ""name"": ""Cedrick Desjardins"", ""p"": 0.0, ""gsax"": -0.0}, {""id"": 8460806, ""name"": ""Dwayne Roloson"", ""p"": 0.0, ""gsax"": -0.0002}, {""id"": 8467959, ""name"": ""Sebastien Caron"", ""p"": 0.0, ""gsax"": -0.0}, {""id"": 8474682, ""name"": ""Dustin Tokarski"", ""p"": 0.0, ""gsax"": -0.018}, {""id"": 8469608, ""name"": ""Mike Smith"", ""p"": 0.0, ""gsax"": 0.0157}, {""id"": 8468540, ""name"": ""Dan Ellis"", ""p"": 0.0, ""gsax"": -0.0004}]","[{""id"": 8482661, ""name"": ""Jesper Wallstedt"", ""p"": 0.835, ""gsax"": 0.0826}, {""id"": 8479406, ""name"": ""Filip Gustavsson"", ""p"": 0.165, ""gsax"": -0.035}, {""id"": 8470594, ""name"": ""Marc-Andre Fleury"", ""p"": 0.0, ""gsax"": -0.1192}, {""id"": 8475660, ""name"": ""Cam Talbot"", ""p"": 0.0, ""gsax"": -0.1184}, {""id"": 8478039, ""name"": ""Kaapo Kahkonen"", ""p"": 0.0, ""gsax"": -0.0418}, {""id"": 8471774, ""name"": ""Alex Stalock"", ""p"": 0.0, ""gsax"": -0.0235}, {""id"": 8471227, ""name"": ""Devan Dubnyk"", ""p"": 0.0, ""gsax"": -0.0148}, {""id"": 8475311, ""name"": ""Darcy Kuemper"", ""p"": 0.0, ""gsax"": -0.1383}, {""id"": 8473404, ""name"": ""Niklas Backstrom"", ""p"": 0.0, ""gsax"": -0.001}, {""id"": 8474202, ""name"": ""John Curry"", ""p"": 0.0, ""gsax"": -0.0001}, {""id"": 8468524, ""name"": ""Ilya Bryzgalov"", ""p"": 0.0, ""gsax"": -0.0007}, {""id"": 8470216, ""name"": ""Josh Harding"", ""p"": 0.0, ""gsax"": 0.0}, {""id"": 8475252, ""name"": ""Matt Hackett"", ""p"": 0.0, ""gsax"": -0.0005}, {""id"": 8460535, ""name"": ""Jose Theodore"", ""p"": 0.0, ""gsax"": -0.0001}, {""id"": 8471418, ""name"": ""Anton Khudobin"", ""p"": 0.0, ""gsax"": -0.022}]",nhl-v1,2026-10-02T14:44:07+00:00
401892461,2026020061,2026,2026-10-08T23:00:00+00:00,CAR,VAN,False,False,3.770,1.823,0.244,4.092,2.130,6.222,0.790,0.688,0.145,0.166,0.613,0.592,0.101,0.780,0.566,0.447,0.261,"[[4, 1, 0.0758], [3, 2, 0.0663], [5, 2, 0.0615]]",0.328,0.340,0.411,1.236,-0.098,0.079,-0.378,-0.158,-0.051,-0.164,0.023,-0.215,"[{""id"": 8483548, ""name"": ""Brandon Bussi"", ""p"": 0.5017, ""gsax"": 0.0629}, {""id"": 8475883, ""name"": ""Frederik Andersen"", ""p"": 0.4982, ""gsax"": 0.0948}, {""id"": 8481611, ""name"": ""Pyotr Kochetkov"", ""p"": 0.0001, ""gsax"": -0.046}, {""id"": 8474682, ""name"": ""Dustin Tokarski"", ""p"": 0.0, ""gsax"": -0.018}, {""id"": 8477484, ""name"": ""Spencer Martin"", ""p"": 0.0, ""gsax"": -0.1604}, {""id"": 8477293, ""name"": ""Antti Raanta"", ""p"": 0.0, ""gsax"": -0.0173}, {""id"": 8479581, ""name"": ""Jack LaFontaine"", ""p"": 0.0, ""gsax"": -0.0061}, {""id"": 8479312, ""name"": ""Alex Lyon"", ""p"": 0.0, ""gsax"": 0.1675}, {""id"": 8477968, ""name"": ""Alex Nedeljkovic"", ""p"": 0.0, ""gsax"": -0.0512}, {""id"": 8475852, ""name"": ""Petr Mrazek"", ""p"": 0.0, ""gsax"": -0.1511}, {""id"": 8473503, ""name"": ""James Reimer"", ""p"": 0.0, ""gsax"": 0.0222}, {""id"": 8476341, ""name"": ""Anton Forsberg"", ""p"": 0.0, ""gsax"": 0.0474}, {""id"": 8470147, ""name"": ""Curtis McElhinney"", ""p"": 0.0, ""gsax"": -0.0099}, {""id"": 8474152, ""name"": ""Scott Darling"", ""p"": 0.0, ""gsax"": -0.0042}, {""id"": 8470320, ""name"": ""Cam Ward"", ""p"": 0.0, ""gsax"": -0.0026}, {""id"": 8475663, ""name"": ""Eddie Lack"", ""p"": 0.0, ""gsax"": -0.0014}, {""id"": 8468038, ""name"": ""Michael Leighton"", ""p"": 0.0, ""gsax"": -0.0004}, {""id"": 8471418, ""name"": ""Anton Khudobin"", ""p"": 0.0, ""gsax"": -0.022}, {""id"": 8471251, ""name"": ""Justin Peters"", ""p"": 0.0, ""gsax"": -0.0004}, {""id"": 8468540, ""name"": ""Dan Ellis"", ""p"": 0.0, ""gsax"": -0.0004}, {""id"": 8462052, ""name"": ""Brian Boucher"", ""p"": 0.0, ""gsax"": -0.0001}]","[{""id"": 8480947, ""name"": ""Kevin Lankinen"", ""p"": 0.7269, ""gsax"": -0.2638}, {""id"": 8484268, ""name"": ""Nikita Tolopilo"", ""p"": 0.2703, ""gsax"": -0.0861}, {""id"": 8477967, ""name"": ""Thatcher Demko"", ""p"": 0.0028, ""gsax"": 0.0544}, {""id"": 8480238, ""name"": ""Jiri Patera"", ""p"": 0.0, ""gsax"": -0.0592}, {""id"": 8481668, ""name"": ""Arturs Silovs"", ""p"": 0.0, ""gsax"": -0.0855}, {""id"": 8479193, ""name"": ""Casey DeSmith"", ""p"": 0.0, ""gsax"": 0.1038}, {""id"": 8480420, ""name"": ""Collin Delia"", ""p"": 0.0, ""gsax"": -0.0218}, {""id"": 8477484, ""name"": ""Spencer Martin"", ""p"": 0.0, ""gsax"": -0.1604}, {""id"": 8470860, ""name"": ""Jaroslav Halak"", ""p"": 0.0, ""gsax"": 0.0045}, {""id"": 8480022, ""name"": ""Michael DiPietro"", ""p"": 0.0, ""gsax"": -0.0037}, {""id"": 8474651, ""name"": ""Braden Holtby"", ""p"": 0.0, ""gsax"": -0.0063}, {""id"": 8474593, ""name"": ""Jacob Markstrom"", ""p"": 0.0, ""gsax"": -0.0527}, {""id"": 8475839, ""name"": ""Louis Domingue"", ""p"": 0.0, ""gsax"": -0.0011}, {""id"": 8475195, ""name"": ""Anders Nilsson"", ""p"": 0.0, ""gsax"": -0.0036}, {""id"": 8473614, ""name"": ""Richard Bachman"", ""p"": 0.0, ""gsax"": -0.0015}, {""id"": 8468011, ""name"": ""Ryan Miller"", ""p"": 0.0, ""gsax"": -0.0057}, {""id"": 8475663, ""name"": ""Eddie Lack"", ""p"": 0.0, ""gsax"": -0.0014}, {""id"": 8466141, ""name"": ""Roberto Luongo"", ""p"": 0.0, ""gsax"": -0.0017}, {""id"": 8471239, ""name"": ""Cory Schneider"", ""p"": 0.0, ""gsax"": 0.0037}]",nhl-v1,2026-10-02T14:44:07+00:00
401892462,2026020062,2026,2026-10-08T23:30:00+00:00,NYI,CHI,False,False,3.048,2.232,0.244,3.416,2.577,5.993,0.638,0.520,0.268,0.212,0.554,0.419,0.198,0.755,0.523,0.414,0.225,"[[3, 2, 0.0736], [4, 1, 0.0603], [2, 3, 0.0553]]",-0.002,-0.029,-0.623,-0.736,-0.116,0.128,-0.339,-0.219,-0.790,-0.043,0.003,-0.034,"[{""id"": 8478009, ""name"": ""Ilya Sorokin"", ""p"": 0.8391, ""gsax"": 0.1558}, {""id"": 8479496, ""name"": ""David Rittich"", ""p"": 0.1609, ""gsax"": -0.0167}, {""id"": 8477405, ""name"": ""Marcus Hogberg"", ""p"": 0.0, ""gsax"": -0.1171}, {""id"": 8480819, ""name"": ""Jakub Skarek"", ""p"": 0.0, ""gsax"": -0.0098}, {""id"": 8473575, ""name"": ""Semyon Varlamov"", ""p"": 0.0, ""gsax"": 0.0246}, {""id"": 8471239, ""name"": ""Cory Schneider"", ""p"": 0.0, ""gsax"": 0.0037}, {""id"": 8471306, ""name"": ""Thomas Greiss"", ""p"": 0.0, ""gsax"": -0.0226}, {""id"": 8475215, ""name"": ""Robin Lehner"", ""p"": 0.0, ""gsax"": 0.009}, {""id"": 8470860, ""name"": ""Jaroslav Halak"", ""p"": 0.0, ""gsax"": 0.0045}, {""id"": 8476444, ""name"": ""Christopher Gibson"", ""p"": 0.0, ""gsax"": -0.0027}, {""id"": 8475234, ""name"": ""J-F Berube"", ""p"": 0.0, ""gsax"": -0.0028}, {""id"": 8473607, ""name"": ""Michal Neuvirth"", ""p"": 0.0, ""gsax"": -0.0047}, {""id"": 8473434, ""name"": ""Chad Johnson"", ""p"": 0.0, ""gsax"": -0.0064}, {""id"": 8474690, ""name"": ""Kevin Poulin"", ""p"": 0.0, ""gsax"": -0.0004}, {""id"": 8475195, ""name"": ""Anders Nilsson"", ""p"": 0.0, ""gsax"": -0.0036}, {""id"": 8460705, ""name"": ""Evgeni Nabokov"", ""p"": 0.0, ""gsax"": -0.0001}, {""id"": 8468481, ""name"": ""Rick DiPietro"", ""p"": 0.0, ""gsax"": -0.0002}, {""id"": 8471219, ""name"": ""Al Montoya"", ""p"": 0.0, ""gsax"": -0.0013}, {""id"": 8474855, ""name"": ""Nathan Lawson"", ""p"": 0.0, ""gsax"": -0.0}, {""id"": 8475156, ""name"": ""Mikko Koskinen"", ""p"": 0.0, ""gsax"": -0.0025}, {""id"": 8460806, ""name"": ""Dwayne Roloson"", ""p"": 0.0, ""gsax"": -0.0002}]","[{""id"": 8481519, ""name"": ""Spencer Knight"", ""p"": 0.6167, ""gsax"": 0.0367}, {""id"": 8482821, ""name"": ""Arvid Soderblom"", ""p"": 0.3744, ""gsax"": -0.1509}, {""id"": 8482123, ""name"": ""Drew Commesso"", ""p"": 0.0089, ""gsax"": 0.0241}, {""id"": 8475852, ""name"": ""Petr Mrazek"", ""p"": 0.0, ""gsax"": -0.1511}, {""id"": 8471774, ""name"": ""Alex Stalock"", ""p"": 0.0, ""gsax"": -0.0235}, {""id"": 8471418, ""name"": ""Anton Khudobin"", ""p"": 0.0, ""gsax"": -0.022}, {""id"": 8483530, ""name"": ""Jaxson Stauber"", ""p"": 0.0, ""gsax"": -0.014}, {""id"": 8480947, ""name"": ""Kevin Lankinen"", ""p"": 0.0, ""gsax"": -0.2638}, {""id"": 8480420, ""name"": ""Collin Delia"", ""p"": 0.0, ""gsax"": -0.0218}, {""id"": 8470594, ""name"": ""Marc-Andre Fleury"", ""p"": 0.0, ""gsax"": -0.1192}, {""id"": 8476876, ""name"": ""Malcolm Subban"", ""p"": 0.0, ""gsax"": -0.0035}, {""id"": 8470645, ""name"": ""Corey Crawford"", ""p"": 0.0, ""gsax"": 0.0055}, {""id"": 8475215, ""name"": ""Robin Lehner"", ""p"": 0.0, ""gsax"": 0.009}, {""id"": 8470320, ""name"": ""Cam Ward"", ""p"": 0.0, ""gsax"": -0.0026}, {""id"": 8475234, ""name"": ""J-F Berube"", ""p"": 0.0, ""gsax"": -0.0028}, {""id"": 8476341, ""name"": ""Anton Forsberg"", ""p"": 0.0, ""gsax"": 0.0474}, {""id"": 8471301, ""name"": ""Jeff Glass"", ""p"": 0.0, ""gsax"": -0.0003}, {""id"": 8474152, ""name"": ""Scott Darling"", ""p"": 0.0, ""gsax"": -0.0042}, {""id"": 8477293, ""name"": ""Antti Raanta"", ""p"": 0.0, ""gsax"": -0.0173}, {""id"": 8459140, ""name"": ""Nikolai Khabibulin"", ""p"": 0.0, ""gsax"": -0.0001}, {""id"": 8469548, ""name"": ""Ray Emery"", ""p"": 0.0, ""gsax"": -0.0004}, {""id"": 8475622, ""name"": ""Carter Hutton"", ""p"": 0.0, ""gsax"": -0.0249}, {""id"": 8460612, ""name"": ""Marty Turco"", ""p"": 0.0, ""gsax"": -0.0001}]",nhl-v1,2026-10-02T14:44:07+00:00
401891825,2026020063,2026,2026-10-09T00:00:00+00:00,STL,SJS,False,False,2.991,2.283,0.244,3.361,2.631,5.991,0.621,0.503,0.282,0.215,0.548,0.403,0.210,0.755,0.522,0.414,0.225,"[[3, 2, 0.0734], [4, 1, 0.0582], [2, 3, 0.0569]]",-0.185,0.200,-1.109,-0.068,0.101,0.022,-0.250,0.090,-0.348,-0.782,0.040,-0.122,"[{""id"": 8480981, ""name"": ""Joel Hofer"", ""p"": 0.6551, ""gsax"": 0.1227}, {""id"": 8476412, ""name"": ""Jordan Binnington"", ""p"": 0.3449, ""gsax"": -0.1698}, {""id"": 8471306, ""name"": ""Thomas Greiss"", ""p"": 0.0, ""gsax"": -0.0226}, {""id"": 8478024, ""name"": ""Ville Husso"", ""p"": 0.0, ""gsax"": -0.071}, {""id"": 8479292, ""name"": ""Charlie Lindgren"", ""p"": 0.0, ""gsax"": -0.0867}, {""id"": 8476903, ""name"": ""Jon Gillies"", ""p"": 0.0, ""gsax"": -0.0276}, {""id"": 8474596, ""name"": ""Jake Allen"", ""p"": 0.0, ""gsax"": 0.0714}, {""id"": 8473434, ""name"": ""Chad Johnson"", ""p"": 0.0, ""gsax"": -0.0064}, {""id"": 8475622, ""name"": ""Carter Hutton"", ""p"": 0.0, ""gsax"": -0.0249}, {""id"": 8477831, ""name"": ""Pheonix Copley"", ""p"": 0.0, ""gsax"": -0.0194}, {""id"": 8470880, ""name"": ""Brian Elliott"", ""p"": 0.0, ""gsax"": -0.0255}, {""id"": 8455710, ""name"": ""Martin Brodeur"", ""p"": 0.0, ""gsax"": -0.0005}, {""id"": 8468011, ""name"": ""Ryan Miller"", ""p"": 0.0, ""gsax"": -0.0057}, {""id"": 8470860, ""name"": ""Jaroslav Halak"", ""p"": 0.0, ""gsax"": 0.0045}, {""id"": 8469152, ""name"": ""Ty Conklin"", ""p"": 0.0, ""gsax"": -0.0002}, {""id"": 8471750, ""name"": ""Ben Bishop"", ""p"": 0.0, ""gsax"": 0.003}]","[{""id"": 8482137, ""name"": ""Yaroslav Askarov"", ""p"": 0.5757, ""gsax"": -0.176}, {""id"": 8477968, ""name"": ""Alex Nedeljkovic"", ""p"": 0.4136, ""gsax"": -0.0512}, {""id"": 8476316, ""name"": ""Laurent Brossoit"", ""p"": 0.0107, ""gsax"": 0.0226}, {""id"": 8480382, ""name"": ""Alexandar Georgiev"", ""p"": 0.0, ""gsax"": -0.1041}, {""id"": 8484312, ""name"": ""Georgii Romanov"", ""p"": 0.0, ""gsax"": -0.0394}, {""id"": 8477970, ""name"": ""Vitek Vanecek"", ""p"": 0.0, ""gsax"": -0.1421}, {""id"": 8478406, ""name"": ""Mackenzie Blackwood"", ""p"": 0.0, ""gsax"": 0.0519}, {""id"": 8482445, ""name"": ""Devin Cooley"", ""p"": 0.0, ""gsax"": 0.1021}, {""id"": 8480992, ""name"": ""Magnus Chrona"", ""p"": 0.0, ""gsax"": -0.0461}, {""id"": 8478039, ""name"": ""Kaapo Kahkonen"", ""p"": 0.0, ""gsax"": -0.0418}, {""id"": 8473503, ""name"": ""James Reimer"", ""p"": 0.0, ""gsax"": 0.0222}, {""id"": 8477180, ""name"": ""Aaron Dell"", ""p"": 0.0, ""gsax"": -0.0084}, {""id"": 8480199, ""name"": ""Eetu Makiniemi"", ""p"": 0.0, ""gsax"": 0.0004}, {""id"": 8479313, ""name"": ""Zach Sawchenko"", ""p"": 0.0, ""gsax"": 0.0002}, {""id"": 8478499, ""name"": ""Adin Hill"", ""p"": 0.0, ""gsax"": -0.1437}, {""id"": 8471774, ""name"": ""Alex Stalock"", ""p"": 0.0, ""gsax"": -0.0235}, {""id"": 8480373, ""name"": ""Josef Korenar"", ""p"": 0.0, ""gsax"": -0.0008}, {""id"": 8474889, ""name"": ""Martin Jones"", ""p"": 0.0, ""gsax"": -0.0316}, {""id"": 8482246, ""name"": ""Alexei Melnichuk"", ""p"": 0.0, ""gsax"": -0.0014}, {""id"": 8471227, ""name"": ""Devan Dubnyk"", ""p"": 0.0, ""gsax"": -0.0148}, {""id"": 8474550, ""name"": ""Antti Niemi"", ""p"": 0.0, ""gsax"": -0.0033}, {""id"": 8477234, ""name"": ""Troy Grosenick"", ""p"": 0.0, ""gsax"": 0.0026}, {""id"": 8471306, ""name"": ""Thomas Greiss"", ""p"": 0.0, ""gsax"": -0.0226}, {""id"": 8467511, ""name"": ""Antero Niittymaki"", ""p"": 0.0, ""gsax"": -0.0}]",nhl-v1,2026-10-02T14:44:07+00:00
401892463,2026020064,2026,2026-10-09T01:00:00+00:00,CGY,COL,False,True,2.214,3.092,0.244,2.564,3.453,6.018,0.366,0.268,0.521,0.211,0.463,0.193,0.426,0.758,0.527,0.417,0.228,"[[2, 3, 0.0698], [1, 4, 0.0604], [3, 2, 0.0579]]",-0.215,-0.095,-0.577,-0.123,-0.047,0.033,0.308,0.239,0.110,0.239,0.014,0.110,"[{""id"": 8481692, ""name"": ""Dustin Wolf"", ""p"": 0.642, ""gsax"": 0.0055}, {""id"": 8482445, ""name"": ""Devin Cooley"", ""p"": 0.2637, ""gsax"": 0.1021}, {""id"": 8482949, ""name"": ""Arsenii Sergeev"", ""p"": 0.0943, ""gsax"": 0.0217}, {""id"": 8478435, ""name"": ""Dan Vladar"", ""p"": 0.0, ""gsax"": 0.0602}, {""id"": 8474593, ""name"": ""Jacob Markstrom"", ""p"": 0.0, ""gsax"": -0.0527}, {""id"": 8475839, ""name"": ""Louis Domingue"", ""p"": 0.0, ""gsax"": -0.0011}, {""id"": 8479496, ""name"": ""David Rittich"", ""p"": 0.0, ""gsax"": -0.0167}, {""id"": 8475660, ""name"": ""Cam Talbot"", ""p"": 0.0, ""gsax"": -0.1184}, {""id"": 8469608, ""name"": ""Mike Smith"", ""p"": 0.0, ""gsax"": 0.0157}, {""id"": 8476903, ""name"": ""Jon Gillies"", ""p"": 0.0, ""gsax"": -0.0276}, {""id"": 8475663, ""name"": ""Eddie Lack"", ""p"": 0.0, ""gsax"": -0.0014}, {""id"": 8470880, ""name"": ""Brian Elliott"", ""p"": 0.0, ""gsax"": -0.0255}, {""id"": 8473434, ""name"": ""Chad Johnson"", ""p"": 0.0, ""gsax"": -0.0064}, {""id"": 8475299, ""name"": ""Joni Ortio"", ""p"": 0.0, ""gsax"": -0.0002}, {""id"": 8473404, ""name"": ""Niklas Backstrom"", ""p"": 0.0, ""gsax"": -0.001}, {""id"": 8473972, ""name"": ""Jonas Hiller"", ""p"": 0.0, ""gsax"": -0.0006}, {""id"": 8471403, ""name"": ""Karri Ramo"", ""p"": 0.0, ""gsax"": -0.0004}, {""id"": 8469732, ""name"": ""Joey MacDonald"", ""p"": 0.0, ""gsax"": -0.0002}, {""id"": 8473499, ""name"": ""Reto Berra"", ""p"": 0.0, ""gsax"": -0.0003}, {""id"": 8462147, ""name"": ""Miikka Kiprusoff"", ""p"": 0.0, ""gsax"": -0.0002}, {""id"": 8471433, ""name"": ""Daniel Taylor"", ""p"": 0.0, ""gsax"": -0.0004}, {""id"": 8473414, ""name"": ""Leland Irving"", ""p"": 0.0, ""gsax"": -0.0}, {""id"": 8475431, ""name"": ""Henrik Karlsson"", ""p"": 0.0, ""gsax"": -0.0}]","[{""id"": 8475809, ""name"": ""Scott Wedgewood"", ""p"": 0.5054, ""gsax"": 0.1675}, {""id"": 8478406, ""name"": ""Mackenzie Blackwood"", ""p"": 0.4943, ""gsax"": 0.0519}, {""id"": 8481529, ""name"": ""Trent Miner"", ""p"": 0.0003, ""gsax"": 0.0297}, {""id"": 8480382, ""name"": ""Alexandar Georgiev"", ""p"": 0.0, ""gsax"": -0.1041}, {""id"": 8481020, ""name"": ""Justus Annunen"", ""p"": 0.0, ""gsax"": 0.1199}, {""id"": 8478039, ""name"": ""Kaapo Kahkonen"", ""p"": 0.0, ""gsax"": -0.0418}, {""id"": 8481031, ""name"": ""Ivan Prosvetov"", ""p"": 0.0, ""gsax"": -0.03}, {""id"": 8480925, ""name"": ""Pavel Francouz"", ""p"": 0.0, ""gsax"": 0.0021}, {""id"": 8477992, ""name"": ""Jonas Johansson"", ""p"": 0.0, ""gsax"": -0.1685}, {""id"": 8475311, ""name"": ""Darcy Kuemper"", ""p"": 0.0, ""gsax"": -0.1383}, {""id"": 8475831, ""name"": ""Philipp Grubauer"", ""p"": 0.0, ""gsax"": -0.0107}, {""id"": 8471227, ""name"": ""Devan Dubnyk"", ""p"": 0.0, ""gsax"": -0.0148}, {""id"": 8480112, ""name"": ""Hunter Miska"", ""p"": 0.0, ""gsax"": -0.0106}, {""id"": 8474636, ""name"": ""Michael Hutchinson"", ""p"": 0.0, ""gsax"": -0.0257}, {""id"": 8477312, ""name"": ""Antoine Bibeau"", ""p"": 0.0, ""gsax"": 0.0003}, {""id"": 8479530, ""name"": ""Adam Werner"", ""p"": 0.0, ""gsax"": -0.0004}, {""id"": 8473575, ""name"": ""Semyon Varlamov"", ""p"": 0.0, ""gsax"": 0.0246}, {""id"": 8473541, ""name"": ""Jonathan Bernier"", ""p"": 0.0, ""gsax"": 0.0003}, {""id"": 8477202, ""name"": ""Andrew Hammond"", ""p"": 0.0, ""gsax"": -0.0117}, {""id"": 8475717, ""name"": ""Calvin Pickard"", ""p"": 0.0, ""gsax"": -0.0884}, {""id"": 8474092, ""name"": ""Jeremy Smith"", ""p"": 0.0, ""gsax"": -0.0007}, {""id"": 8477484, ""name"": ""Spencer Martin"", ""p"": 0.0, ""gsax"": -0.1604}, {""id"": 8473499, ""name"": ""Reto Berra"", ""p"": 0.0, ""gsax"": -0.0003}, {""id"": 8462044, ""name"": ""Jean-Sebastien Giguere"", ""p"": 0.0, ""gsax"": -0.0}, {""id"": 8475824, ""name"": ""Sami Aittokallio"", ""p"": 0.0, ""gsax"": -0.0}, {""id"": 8469514, ""name"": ""Peter Budaj"", ""p"": 0.0, ""gsax"": -0.003}, {""id"": 8470880, ""name"": ""Brian Elliott"", ""p"": 0.0, ""gsax"": -0.0255}, {""id"": 8467950, ""name"": ""Craig Anderson"", ""p"": 0.0, ""gsax"": -0.011}]",nhl-v1,2026-10-02T14:44:07+00:00
401892464,2026020065,2026,2026-10-09T02:00:00+00:00,VGK,TOR,False,False,3.347,2.100,0.244,3.700,2.428,6.128,0.700,0.587,0.216,0.197,0.577,0.486,0.157,0.771,0.547,0.435,0.245,"[[3, 2, 0.0714], [4, 1, 0.0663], [5, 2, 0.0551]]",-0.045,0.399,0.816,0.721,0.033,-0.021,-0.250,-0.180,-0.073,-0.481,0.075,0.018,"[{""id"": 8479394, ""name"": ""Carter Hart"", ""p"": 0.977, ""gsax"": -0.0181}, {""id"": 8478499, ""name"": ""Adin Hill"", ""p"": 0.0197, ""gsax"": -0.1437}, {""id"": 8481033, ""name"": ""Akira Schmid"", ""p"": 0.0032, ""gsax"": -0.035}, {""id"": 8482761, ""name"": ""Carl Lindbom"", ""p"": 0.0001, ""gsax"": -0.0364}, {""id"": 8478492, ""name"": ""Ilya Samsonov"", ""p"": 0.0, ""gsax"": -0.0548}, {""id"": 8480313, ""name"": ""Logan Thompson"", ""p"": 0.0, ""gsax"": 0.269}, {""id"": 8480238, ""name"": ""Jiri Patera"", ""p"": 0.0, ""gsax"": -0.0592}, {""id"": 8476316, ""name"": ""Laurent Brossoit"", ""p"": 0.0, ""gsax"": 0.0226}, {""id"": 8471734, ""name"": ""Jonathan Quick"", ""p"": 0.0, ""gsax"": -0.1049}, {""id"": 8475215, ""name"": ""Robin Lehner"", ""p"": 0.0, ""gsax"": 0.009}, {""id"": 8470594, ""name"": ""Marc-Andre Fleury"", ""p"": 0.0, ""gsax"": -0.1192}, {""id"": 8476861, ""name"": ""Oscar Dansk"", ""p"": 0.0, ""gsax"": -0.0026}, {""id"": 8476876, ""name"": ""Malcolm Subban"", ""p"": 0.0, ""gsax"": -0.0035}, {""id"": 8476509, ""name"": ""Maxime Lagace"", ""p"": 0.0, ""gsax"": -0.008}]","[{""id"": 8476932, ""name"": ""Anthony Stolarz"", ""p"": 0.3702, ""gsax"": 0.1033}, {""id"": 8479361, ""name"": ""Joseph Woll"", ""p"": 0.2599, ""gsax"": -0.0348}, {""id"": 8475683, ""name"": ""Sergei Bobrovsky"", ""p"": 0.1723, ""gsax"": -0.1047}, {""id"": 8482515, ""name"": ""Artur Akhtyamov"", ""p"": 0.1184, ""gsax"": -0.0073}, {""id"": 8483710, ""name"": ""Dennis Hildeby"", ""p"": 0.0792, ""gsax"": 0.0923}, {""id"": 8480051, ""name"": ""Cayden Primeau"", ""p"": 0.0, ""gsax"": -0.1048}, {""id"": 8476899, ""name"": ""Matt Murray"", ""p"": 0.0, ""gsax"": 0.0033}, {""id"": 8478492, ""name"": ""Ilya Samsonov"", ""p"": 0.0, ""gsax"": -0.0548}, {""id"": 8474889, ""name"": ""Martin Jones"", ""p"": 0.0, ""gsax"": -0.0316}, {""id"": 8478902, ""name"": ""Erik Kallgren"", ""p"": 0.0, ""gsax"": -0.0075}, {""id"": 8475789, ""name"": ""Jack Campbell"", ""p"": 0.0, ""gsax"": -0.0356}, {""id"": 8475852, ""name"": ""Petr Mrazek"", ""p"": 0.0, ""gsax"": -0.1511}, {""id"": 8474636, ""name"": ""Michael Hutchinson"", ""p"": 0.0, ""gsax"": -0.0257}, {""id"": 8475883, ""name"": ""Frederik Andersen"", ""p"": 0.0, ""gsax"": 0.0948}, {""id"": 8479496, ""name"": ""David Rittich"", ""p"": 0.0, ""gsax"": -0.0167}, {""id"": 8479288, ""name"": ""Kasimir Kaskisuo"", ""p"": 0.0, ""gsax"": -0.0003}, {""id"": 8476343, ""name"": ""Garret Sparks"", ""p"": 0.0, ""gsax"": -0.0018}, {""id"": 8470147, ""name"": ""Curtis McElhinney"", ""p"": 0.0, ""gsax"": -0.0099}, {""id"": 8475717, ""name"": ""Calvin Pickard"", ""p"": 0.0, ""gsax"": -0.0884}, {""id"": 8477312, ""name"": ""Antoine Bibeau"", ""p"": 0.0, ""gsax"": 0.0003}, {""id"": 8473523, ""name"": ""Jhonas Enroth"", ""p"": 0.0, ""gsax"": -0.0009}, {""id"": 8473541, ""name"": ""Jonathan Bernier"", ""p"": 0.0, ""gsax"": 0.0003}, {""id"": 8473503, ""name"": ""James Reimer"", ""p"": 0.0, ""gsax"": 0.0222}, {""id"": 8469569, ""name"": ""Drew MacIntyre"", ""p"": 0.0, ""gsax"": 0.0}, {""id"": 8475681, ""name"": ""Ben Scrivens"", ""p"": 0.0, ""gsax"": -0.0011}, {""id"": 8475361, ""name"": ""Jonas Gustavsson"", ""p"": 0.0, ""gsax"": -0.0014}, {""id"": 8475680, ""name"": ""Jussi Rynnas"", ""p"": 0.0, ""gsax"": -0.0002}, {""id"": 8462044, ""name"": ""Jean-Sebastien Giguere"", ""p"": 0.0, ""gsax"": -0.0}]",nhl-v1,2026-10-02T14:44:07+00:00
401892465,2026020066,2026,2026-10-09T23:00:00+00:00,DET,SEA,False,False,2.918,2.436,0.244,3.285,2.785,6.071,0.585,0.468,0.314,0.218,0.536,0.370,0.238,0.765,0.535,0.428,0.235,"[[3, 2, 0.0713], [2, 3, 0.059], [4, 3, 0.0553]]",-0.139,0.003,0.784,-0.540,-0.064,0.042,-0.256,-0.044,-0.421,-0.445,0.053,-0.020,"[{""id"": 8476434, ""name"": ""John Gibson"", ""p"": 0.8077, ""gsax"": 0.0805}, {""id"": 8475660, ""name"": ""Cam Talbot"", ""p"": 0.1923, ""gsax"": -0.1184}, {""id"": 8479312, ""name"": ""Alex Lyon"", ""p"": 0.0, ""gsax"": 0.1675}, {""id"": 8475852, ""name"": ""Petr Mrazek"", ""p"": 0.0, ""gsax"": -0.1511}, {""id"": 8478024, ""name"": ""Ville Husso"", ""p"": 0.0, ""gsax"": -0.071}, {""id"": 8473503, ""name"": ""James Reimer"", ""p"": 0.0, ""gsax"": 0.0222}, {""id"": 8474636, ""name"": ""Michael Hutchinson"", ""p"": 0.0, ""gsax"": -0.0257}, {""id"": 8477968, ""name"": ""Alex Nedeljkovic"", ""p"": 0.0, ""gsax"": -0.0512}, {""id"": 8476433, ""name"": ""Magnus Hellberg"", ""p"": 0.0, ""gsax"": -0.0179}, {""id"": 8471306, ""name"": ""Thomas Greiss"", ""p"": 0.0, ""gsax"": -0.0226}, {""id"": 8475717, ""name"": ""Calvin Pickard"", ""p"": 0.0, ""gsax"": -0.0884}, {""id"": 8473541, ""name"": ""Jonathan Bernier"", ""p"": 0.0, ""gsax"": 0.0003}, {""id"": 8470657, ""name"": ""Jimmy Howard"", ""p"": 0.0, ""gsax"": -0.0075}, {""id"": 8477480, ""name"": ""Eric Comrie"", ""p"": 0.0, ""gsax"": -0.0419}, {""id"": 8477225, ""name"": ""Jared Coreau"", ""p"": 0.0, ""gsax"": -0.0033}, {""id"": 8475361, ""name"": ""Jonas Gustavsson"", ""p"": 0.0, ""gsax"": -0.0014}, {""id"": 8469152, ""name"": ""Ty Conklin"", ""p"": 0.0, ""gsax"": -0.0002}, {""id"": 8469732, ""name"": ""Joey MacDonald"", ""p"": 0.0, ""gsax"": -0.0002}, {""id"": 8458568, ""name"": ""Chris Osgood"", ""p"": 0.0, ""gsax"": -0.0}]","[{""id"": 8478916, ""name"": ""Joey Daccord"", ""p"": 0.4756, ""gsax"": -0.036}, {""id"": 8483668, ""name"": ""Nikke Kokko"", ""p"": 0.2202, ""gsax"": -0.0133}, {""id"": 8475831, ""name"": ""Philipp Grubauer"", ""p"": 0.2098, ""gsax"": -0.0107}, {""id"": 8484910, ""name"": ""Victor Ostman"", ""p"": 0.0943, ""gsax"": 0.0257}, {""id"": 8476899, ""name"": ""Matt Murray"", ""p"": 0.0001, ""gsax"": 0.0033}, {""id"": 8478848, ""name"": ""Ales Stezka"", ""p"": 0.0, ""gsax"": -0.0026}, {""id"": 8476904, ""name"": ""Chris Driedger"", ""p"": 0.0, ""gsax"": 0.007}, {""id"": 8474889, ""name"": ""Martin Jones"", ""p"": 0.0, ""gsax"": -0.0316}]",nhl-v1,2026-10-02T14:44:07+00:00
401892466,2026020067,2026,2026-10-09T23:00:00+00:00,WSH,NYR,False,False,2.794,2.499,0.244,3.164,2.855,6.019,0.555,0.438,0.340,0.221,0.526,0.342,0.260,0.759,0.526,0.419,0.228,"[[3, 2, 0.071], [2, 3, 0.0618], [4, 3, 0.0543]]",-0.026,-0.022,0.103,-0.391,-0.034,0.199,-0.261,0.083,0.490,0.051,0.080,0.117,"[{""id"": 8480313, ""name"": ""Logan Thompson"", ""p"": 0.754, ""gsax"": 0.269}, {""id"": 8483532, ""name"": ""Clay Stevenson"", ""p"": 0.1348, ""gsax"": 0.0458}, {""id"": 8479292, ""name"": ""Charlie Lindgren"", ""p"": 0.1112, ""gsax"": -0.0867}, {""id"": 8482411, ""name"": ""Hunter Shepard"", ""p"": 0.0, ""gsax"": -0.0707}, {""id"": 8475311, ""name"": ""Darcy Kuemper"", ""p"": 0.0, ""gsax"": -0.1383}, {""id"": 8478492, ""name"": ""Ilya Samsonov"", ""p"": 0.0, ""gsax"": -0.0548}, {""id"": 8477970, ""name"": ""Vitek Vanecek"", ""p"": 0.0, ""gsax"": -0.1421}, {""id"": 8477831, ""name"": ""Pheonix Copley"", ""p"": 0.0, ""gsax"": -0.0194}, {""id"": 8477457, ""name"": ""Zach Fucale"", ""p"": 0.0, ""gsax"": 0.0024}, {""id"": 8467950, ""name"": ""Craig Anderson"", ""p"": 0.0, ""gsax"": -0.011}, {""id"": 8474651, ""name"": ""Braden Holtby"", ""p"": 0.0, ""gsax"": -0.0063}, {""id"": 8475831, ""name"": ""Philipp Grubauer"", ""p"": 0.0, ""gsax"": -0.0107}, {""id"": 8471251, ""name"": ""Justin Peters"", ""p"": 0.0, ""gsax"": -0.0004}, {""id"": 8470860, ""name"": ""Jaroslav Halak"", ""p"": 0.0, ""gsax"": 0.0045}, {""id"": 8473607, ""name"": ""Michal Neuvirth"", ""p"": 0.0, ""gsax"": -0.0047}, {""id"": 8460712, ""name"": ""Tomas Vokoun"", ""p"": 0.0, ""gsax"": 0.0001}, {""id"": 8473575, ""name"": ""Semyon Varlamov"", ""p"": 0.0, ""gsax"": 0.0246}]","[{""id"": 8478048, ""name"": ""Igor Shesterkin"", ""p"": 0.7289, ""gsax"": 0.1765}, {""id"": 8471734, ""name"": ""Jonathan Quick"", ""p"": 0.1488, ""gsax"": -0.1049}, {""id"": 8482193, ""name"": ""Dylan Garand"", ""p"": 0.1162, ""gsax"": 0.0444}, {""id"": 8477484, ""name"": ""Spencer Martin"", ""p"": 0.0061, ""gsax"": -0.1604}, {""id"": 8475839, ""name"": ""Louis Domingue"", ""p"": 0.0, ""gsax"": -0.0011}, {""id"": 8470860, ""name"": ""Jaroslav Halak"", ""p"": 0.0, ""gsax"": 0.0045}, {""id"": 8480382, ""name"": ""Alexandar Georgiev"", ""p"": 0.0, ""gsax"": -0.1041}, {""id"": 8476234, ""name"": ""Keith Kinkaid"", ""p"": 0.0, ""gsax"": -0.002}, {""id"": 8478903, ""name"": ""Adam Huska"", ""p"": 0.0, ""gsax"": -0.0042}, {""id"": 8468685, ""name"": ""Henrik Lundqvist"", ""p"": 0.0, ""gsax"": 0.0006}, {""id"": 8471715, ""name"": ""Ondrej Pavelec"", ""p"": 0.0, ""gsax"": -0.0001}, {""id"": 8477293, ""name"": ""Antti Raanta"", ""p"": 0.0, ""gsax"": -0.0173}, {""id"": 8476433, ""name"": ""Magnus Hellberg"", ""p"": 0.0, ""gsax"": -0.0179}, {""id"": 8475660, ""name"": ""Cam Talbot"", ""p"": 0.0, ""gsax"": -0.1184}, {""id"": 8477084, ""name"": ""Mackenzie Skapski"", ""p"": 0.0, ""gsax"": 0.0001}, {""id"": 8462047, ""name"": ""Martin Biron"", ""p"": 0.0, ""gsax"": -0.0}]",nhl-v1,2026-10-02T14:44:07+00:00
401892467,2026020068,2026,2026-10-09T23:00:00+00:00,CBJ,PIT,False,False,2.873,2.776,0.244,3.227,3.121,6.349,0.522,0.411,0.373,0.216,0.515,0.320,0.291,0.798,0.581,0.475,0.274,"[[3, 2, 0.0645], [2, 3, 0.0594], [4, 3, 0.0553]]",-0.029,0.143,-0.082,-0.761,0.030,0.125,0.113,0.143,0.219,0.401,0.052,-0.052,"[{""id"": 8482982, ""name"": ""Jet Greaves"", ""p"": 0.8596, ""gsax"": 0.1638}, {""id"": 8478007, ""name"": ""Elvis Merzlikins"", ""p"": 0.1404, ""gsax"": -0.1138}, {""id"": 8480193, ""name"": ""Daniil Tarasov"", ""p"": 0.0, ""gsax"": -0.0391}, {""id"": 8476876, ""name"": ""Malcolm Subban"", ""p"": 0.0, ""gsax"": -0.0035}, {""id"": 8477484, ""name"": ""Spencer Martin"", ""p"": 0.0, ""gsax"": -0.1604}, {""id"": 8474636, ""name"": ""Michael Hutchinson"", ""p"": 0.0, ""gsax"": -0.0257}, {""id"": 8476903, ""name"": ""Jon Gillies"", ""p"": 0.0, ""gsax"": -0.0276}, {""id"": 8476914, ""name"": ""Joonas Korpisalo"", ""p"": 0.0, ""gsax"": -0.003}, {""id"": 8475234, ""name"": ""J-F Berube"", ""p"": 0.0, ""gsax"": -0.0028}, {""id"": 8480162, ""name"": ""Matiss Kivlenieks"", ""p"": 0.0, ""gsax"": -0.003}, {""id"": 8475683, ""name"": ""Sergei Bobrovsky"", ""p"": 0.0, ""gsax"": -0.1047}, {""id"": 8470147, ""name"": ""Curtis McElhinney"", ""p"": 0.0, ""gsax"": -0.0099}, {""id"": 8476341, ""name"": ""Anton Forsberg"", ""p"": 0.0, ""gsax"": 0.0474}, {""id"": 8470093, ""name"": ""Mike McKenna"", ""p"": 0.0, ""gsax"": -0.0041}, {""id"": 8473461, ""name"": ""Steve Mason"", ""p"": 0.0, ""gsax"": 0.0001}, {""id"": 8474057, ""name"": ""Allen York"", ""p"": 0.0, ""gsax"": 0.0}, {""id"": 8468166, ""name"": ""Curtis Sanford"", ""p"": 0.0, ""gsax"": -0.0001}, {""id"": 8464999, ""name"": ""Mathieu Garon"", ""p"": 0.0, ""gsax"": -0.0002}]","[{""id"": 8481668, ""name"": ""Arturs Silovs"", ""p"": 0.6116, ""gsax"": -0.0855}, {""id"": 8479973, ""name"": ""Stuart Skinner"", ""p"": 0.3881, ""gsax"": 0.0004}, {""id"": 8477465, ""name"": ""Tristan Jarry"", ""p"": 0.0002, ""gsax"": -0.1866}, {""id"": 8483703, ""name"": ""Sergei Murashov"", ""p"": 0.0001, ""gsax"": -0.0113}, {""id"": 8477968, ""name"": ""Alex Nedeljkovic"", ""p"": 0.0, ""gsax"": -0.0512}, {""id"": 8482446, ""name"": ""Joel Blomqvist"", ""p"": 0.0, ""gsax"": -0.0648}, {""id"": 8476433, ""name"": ""Magnus Hellberg"", ""p"": 0.0, ""gsax"": -0.0179}, {""id"": 8479193, ""name"": ""Casey DeSmith"", ""p"": 0.0, ""gsax"": 0.1038}, {""id"": 8474682, ""name"": ""Dustin Tokarski"", ""p"": 0.0, ""gsax"": -0.018}, {""id"": 8475839, ""name"": ""Louis Domingue"", ""p"": 0.0, ""gsax"": -0.0011}, {""id"": 8476509, ""name"": ""Maxime Lagace"", ""p"": 0.0, ""gsax"": -0.008}, {""id"": 8476899, ""name"": ""Matt Murray"", ""p"": 0.0, ""gsax"": 0.0033}, {""id"": 8474550, ""name"": ""Antti Niemi"", ""p"": 0.0, ""gsax"": -0.0033}, {""id"": 8470594, ""name"": ""Marc-Andre Fleury"", ""p"": 0.0, ""gsax"": -0.1192}, {""id"": 8473553, ""name"": ""Jeff Zatkoff"", ""p"": 0.0, ""gsax"": -0.0015}, {""id"": 8471306, ""name"": ""Thomas Greiss"", ""p"": 0.0, ""gsax"": -0.0226}, {""id"": 8460712, ""name"": ""Tomas Vokoun"", ""p"": 0.0, ""gsax"": 0.0001}, {""id"": 8462161, ""name"": ""Brent Johnson"", ""p"": 0.0, ""gsax"": -0.0001}, {""id"": 8475097, ""name"": ""Brad Thiessen"", ""p"": 0.0, ""gsax"": -0.0001}]",nhl-v1,2026-10-02T14:44:07+00:00
401892468,2026020069,2026,2026-10-10T00:00:00+00:00,WPG,ANA,False,False,2.820,2.789,0.244,3.175,3.136,6.312,0.511,0.400,0.383,0.217,0.512,0.310,0.300,0.794,0.575,0.469,0.269,"[[3, 2, 0.0646], [2, 3, 0.0605], [4, 3, 0.0547]]",-0.199,0.080,-0.304,0.030,-0.019,-0.012,0.203,-0.013,-0.125,-0.327,-0.058,-0.071,"[{""id"": 8476945, ""name"": ""Connor Hellebuyck"", ""p"": 0.7206, ""gsax"": -0.0003}, {""id"": 8477480, ""name"": ""Eric Comrie"", ""p"": 0.2794, ""gsax"": -0.0419}, {""id"": 8483114, ""name"": ""Thomas Milic"", ""p"": 0.0001, ""gsax"": -0.0185}, {""id"": 8476316, ""name"": ""Laurent Brossoit"", ""p"": 0.0, ""gsax"": 0.0226}, {""id"": 8479496, ""name"": ""David Rittich"", ""p"": 0.0, ""gsax"": -0.0167}, {""id"": 8473461, ""name"": ""Steve Mason"", ""p"": 0.0, ""gsax"": 0.0001}, {""id"": 8474636, ""name"": ""Michael Hutchinson"", ""p"": 0.0, ""gsax"": -0.0257}, {""id"": 8471715, ""name"": ""Ondrej Pavelec"", ""p"": 0.0, ""gsax"": -0.0001}, {""id"": 8471219, ""name"": ""Al Montoya"", ""p"": 0.0, ""gsax"": -0.0013}, {""id"": 8462152, ""name"": ""Chris Mason"", ""p"": 0.0, ""gsax"": -0.0002}]","[{""id"": 8480843, ""name"": ""Lukas Dostal"", ""p"": 0.9293, ""gsax"": -0.0708}, {""id"": 8478024, ""name"": ""Ville Husso"", ""p"": 0.0704, ""gsax"": -0.071}, {""id"": 8475852, ""name"": ""Petr Mrazek"", ""p"": 0.0002, ""gsax"": -0.1511}, {""id"": 8476434, ""name"": ""John Gibson"", ""p"": 0.0, ""gsax"": 0.0805}, {""id"": 8473503, ""name"": ""James Reimer"", ""p"": 0.0, ""gsax"": 0.0222}, {""id"": 8480042, ""name"": ""Olle Eriksson Ek"", ""p"": 0.0, ""gsax"": -0.0032}, {""id"": 8476932, ""name"": ""Anthony Stolarz"", ""p"": 0.0, ""gsax"": 0.1033}, {""id"": 8468011, ""name"": ""Ryan Miller"", ""p"": 0.0, ""gsax"": -0.0057}, {""id"": 8479294, ""name"": ""Kevin Boyle"", ""p"": 0.0, ""gsax"": 0.0006}, {""id"": 8473434, ""name"": ""Chad Johnson"", ""p"": 0.0, ""gsax"": -0.0064}, {""id"": 8473499, ""name"": ""Reto Berra"", ""p"": 0.0, ""gsax"": -0.0003}, {""id"": 8473541, ""name"": ""Jonathan Bernier"", ""p"": 0.0, ""gsax"": 0.0003}, {""id"": 8475883, ""name"": ""Frederik Andersen"", ""p"": 0.0, ""gsax"": 0.0948}, {""id"": 8471418, ""name"": ""Anton Khudobin"", ""p"": 0.0, ""gsax"": -0.022}, {""id"": 8468524, ""name"": ""Ilya Bryzgalov"", ""p"": 0.0, ""gsax"": -0.0007}, {""id"": 8467391, ""name"": ""Jason LaBarbera"", ""p"": 0.0, ""gsax"": -0.0001}, {""id"": 8473972, ""name"": ""Jonas Hiller"", ""p"": 0.0, ""gsax"": -0.0006}, {""id"": 8476839, ""name"": ""Viktor Fasth"", ""p"": 0.0, ""gsax"": -0.0002}, {""id"": 8470074, ""name"": ""Jeff Deslauriers"", ""p"": 0.0, ""gsax"": 0.0}, {""id"": 8468540, ""name"": ""Dan Ellis"", ""p"": 0.0, ""gsax"": -0.0004}, {""id"": 8469548, ""name"": ""Ray Emery"", ""p"": 0.0, ""gsax"": -0.0004}, {""id"": 8470147, ""name"": ""Curtis McElhinney"", ""p"": 0.0, ""gsax"": -0.0099}]",nhl-v1,2026-10-02T14:44:07+00:00
