game_id,season,week,market,prediction,threshold,model_version,refreshed_at
401640992,2024,5,margin,-5.880,10.421,2f5151950a0b,2026-09-27T13:55:45+00:00
401640992,2024,5,margin,-1.124,10.717,73d507ab32ad,2026-09-25T00:53:43+00:00
401640992,2024,5,total,58.168,9.165,64a8b2aa5365,2026-09-25T00:53:43+00:00
401640992,2024,5,total,59.816,9.053,d6d4061d19f7,2026-09-27T13:55:45+00:00
401856696,2026,4,margin,26.240,10.421,2f5151950a0b,2026-09-26T15:07:46+00:00
401856696,2026,4,margin,26.262,10.717,73d507ab32ad,2026-09-25T00:53:43+00:00
401856696,2026,4,total,51.822,9.165,64a8b2aa5365,2026-09-25T00:53:43+00:00
401856696,2026,4,total,51.736,9.053,d6d4061d19f7,2026-09-26T15:07:46+00:00
401856697,2026,4,margin,13.121,10.421,2f5151950a0b,2026-09-26T15:07:46+00:00
401856697,2026,4,margin,13.021,10.717,73d507ab32ad,2026-09-25T00:53:43+00:00
401856697,2026,4,total,55.337,9.165,64a8b2aa5365,2026-09-25T00:53:43+00:00
401856697,2026,4,total,54.985,9.053,d6d4061d19f7,2026-09-26T15:07:46+00:00
401856698,2026,4,margin,-2.650,10.421,2f5151950a0b,2026-09-26T15:07:46+00:00
401856698,2026,4,margin,-2.674,10.717,73d507ab32ad,2026-09-25T00:53:43+00:00
401856698,2026,4,total,55.121,9.165,64a8b2aa5365,2026-09-25T00:53:43+00:00
401856698,2026,4,total,54.767,9.053,d6d4061d19f7,2026-09-26T15:07:46+00:00
401856699,2026,4,margin,-1.078,10.421,2f5151950a0b,2026-09-26T15:07:46+00:00
401856699,2026,4,margin,-1.271,10.717,73d507ab32ad,2026-09-25T00:53:43+00:00
401856699,2026,4,total,58.865,9.165,64a8b2aa5365,2026-09-25T00:53:43+00:00
401856699,2026,4,total,57.997,9.053,d6d4061d19f7,2026-09-26T15:07:46+00:00
401856700,2026,4,margin,15.507,10.421,2f5151950a0b,2026-09-26T15:07:46+00:00
401856700,2026,4,margin,14.750,10.717,73d507ab32ad,2026-09-25T00:53:43+00:00
401856700,2026,4,total,44.199,9.165,64a8b2aa5365,2026-09-25T00:53:43+00:00
401856700,2026,4,total,43.292,9.053,d6d4061d19f7,2026-09-26T15:07:46+00:00
401856702,2026,4,margin,10.788,10.421,2f5151950a0b,2026-09-26T15:07:46+00:00
401856702,2026,4,margin,11.095,10.717,73d507ab32ad,2026-09-25T00:53:43+00:00
401856702,2026,4,total,44.427,9.165,64a8b2aa5365,2026-09-25T00:53:43+00:00
401856702,2026,4,total,44.048,9.053,d6d4061d19f7,2026-09-26T15:07:46+00:00
401856703,2026,4,margin,6.606,10.421,2f5151950a0b,2026-09-26T15:07:46+00:00
401856703,2026,4,margin,6.174,10.717,73d507ab32ad,2026-09-25T00:53:43+00:00
401856703,2026,4,total,54.324,9.165,64a8b2aa5365,2026-09-25T00:53:43+00:00
401856703,2026,4,total,53.886,9.053,d6d4061d19f7,2026-09-26T15:07:46+00:00
401856704,2026,4,margin,-0.441,10.421,2f5151950a0b,2026-09-26T15:07:46+00:00
401856704,2026,4,margin,-0.758,10.717,73d507ab32ad,2026-09-25T00:53:43+00:00
401856704,2026,4,total,53.847,9.165,64a8b2aa5365,2026-09-25T00:53:43+00:00
401856704,2026,4,total,52.828,9.053,d6d4061d19f7,2026-09-26T15:07:46+00:00
401856804,2026,4,margin,-1.158,10.421,2f5151950a0b,2026-09-26T15:07:46+00:00
401856804,2026,4,margin,-0.892,10.717,73d507ab32ad,2026-09-25T00:53:43+00:00
401856804,2026,4,total,45.688,9.165,64a8b2aa5365,2026-09-25T00:53:43+00:00
401856804,2026,4,total,45.221,9.053,d6d4061d19f7,2026-09-26T15:07:46+00:00
401856805,2026,4,margin,24.982,10.421,2f5151950a0b,2026-09-26T15:07:46+00:00
401856805,2026,4,margin,24.330,10.717,73d507ab32ad,2026-09-25T00:53:43+00:00
401856805,2026,4,total,52.128,9.165,64a8b2aa5365,2026-09-25T00:53:43+00:00
401856805,2026,4,total,51.763,9.053,d6d4061d19f7,2026-09-26T15:07:46+00:00
401856806,2026,4,margin,-6.133,10.421,2f5151950a0b,2026-09-26T15:07:46+00:00
401856806,2026,4,margin,-6.509,10.717,73d507ab32ad,2026-09-25T00:53:43+00:00
401856806,2026,4,total,50.924,9.165,64a8b2aa5365,2026-09-25T00:53:43+00:00
401856806,2026,4,total,50.351,9.053,d6d4061d19f7,2026-09-26T15:07:46+00:00
401856813,2026,4,margin,4.765,10.421,2f5151950a0b,2026-09-26T15:07:46+00:00
401856813,2026,4,margin,4.686,10.717,73d507ab32ad,2026-09-25T00:53:43+00:00
401856813,2026,4,total,61.566,9.165,64a8b2aa5365,2026-09-25T00:53:43+00:00
401856813,2026,4,total,61.485,9.053,d6d4061d19f7,2026-09-26T15:07:46+00:00
401856814,2026,4,margin,-4.306,10.421,2f5151950a0b,2026-09-26T15:07:46+00:00
401856814,2026,4,margin,-4.328,10.717,73d507ab32ad,2026-09-25T00:53:43+00:00
401856814,2026,4,total,55.899,9.165,64a8b2aa5365,2026-09-25T00:53:43+00:00
401856814,2026,4,total,55.316,9.053,d6d4061d19f7,2026-09-26T15:07:46+00:00
401856815,2026,4,margin,2.952,10.421,2f5151950a0b,2026-09-26T15:07:46+00:00
401856815,2026,4,margin,3.229,10.717,73d507ab32ad,2026-09-25T00:53:43+00:00
401856815,2026,4,total,52.443,9.165,64a8b2aa5365,2026-09-25T00:53:43+00:00
401856815,2026,4,total,52.191,9.053,d6d4061d19f7,2026-09-26T15:07:46+00:00
401856816,2026,4,margin,-7.374,10.421,2f5151950a0b,2026-09-26T15:07:46+00:00
401856816,2026,4,margin,-7.143,10.717,73d507ab32ad,2026-09-25T00:53:43+00:00
401856816,2026,4,total,50.687,9.165,64a8b2aa5365,2026-09-25T00:53:43+00:00
401856816,2026,4,total,49.939,9.053,d6d4061d19f7,2026-09-26T15:07:46+00:00
401856881,2026,4,margin,4.838,10.421,2f5151950a0b,2026-09-26T15:07:46+00:00
401856881,2026,4,margin,4.344,10.717,73d507ab32ad,2026-09-25T00:53:43+00:00
401856881,2026,4,total,54.933,9.165,64a8b2aa5365,2026-09-25T00:53:43+00:00
401856881,2026,4,total,54.115,9.053,d6d4061d19f7,2026-09-26T15:07:46+00:00
401858234,2026,4,margin,-2.653,10.421,2f5151950a0b,2026-09-26T15:07:46+00:00
401858234,2026,4,margin,-2.529,10.717,73d507ab32ad,2026-09-25T00:53:43+00:00
401858234,2026,4,total,45.499,9.165,64a8b2aa5365,2026-09-25T00:53:43+00:00
401858234,2026,4,total,44.783,9.053,d6d4061d19f7,2026-09-26T15:07:46+00:00
401858238,2026,4,margin,31.797,10.421,2f5151950a0b,2026-09-26T15:07:46+00:00
401858238,2026,4,margin,31.938,10.717,73d507ab32ad,2026-09-25T00:53:43+00:00
401858238,2026,4,total,42.326,9.165,64a8b2aa5365,2026-09-25T00:53:43+00:00
401858238,2026,4,total,41.061,9.053,d6d4061d19f7,2026-09-26T15:07:46+00:00
401858239,2026,4,margin,11.946,10.421,2f5151950a0b,2026-09-26T15:07:46+00:00
401858239,2026,4,margin,11.436,10.717,73d507ab32ad,2026-09-25T00:53:43+00:00
401858239,2026,4,total,49.499,9.165,64a8b2aa5365,2026-09-25T00:53:43+00:00
401858239,2026,4,total,48.801,9.053,d6d4061d19f7,2026-09-26T15:07:46+00:00
401858240,2026,4,margin,-6.936,10.421,2f5151950a0b,2026-09-26T15:07:46+00:00
401858240,2026,4,margin,-7.088,10.717,73d507ab32ad,2026-09-25T00:53:43+00:00
401858240,2026,4,total,55.662,9.165,64a8b2aa5365,2026-09-25T00:53:43+00:00
401858240,2026,4,total,55.675,9.053,d6d4061d19f7,2026-09-26T15:07:46+00:00
401858241,2026,4,margin,25.261,10.421,2f5151950a0b,2026-09-26T15:07:46+00:00
401858241,2026,4,margin,25.099,10.717,73d507ab32ad,2026-09-25T00:53:43+00:00
401858241,2026,4,total,59.710,9.165,64a8b2aa5365,2026-09-25T00:53:43+00:00
401858241,2026,4,total,59.340,9.053,d6d4061d19f7,2026-09-26T15:07:46+00:00
401858242,2026,4,margin,-7.022,10.421,2f5151950a0b,2026-09-26T15:07:46+00:00
401858242,2026,4,margin,-6.858,10.717,73d507ab32ad,2026-09-25T00:53:43+00:00
401858242,2026,4,total,54.512,9.165,64a8b2aa5365,2026-09-25T00:53:43+00:00
401858242,2026,4,total,53.537,9.053,d6d4061d19f7,2026-09-26T15:07:46+00:00
401858243,2026,4,margin,13.307,10.421,2f5151950a0b,2026-09-26T15:07:46+00:00
401858243,2026,4,margin,13.024,10.717,73d507ab32ad,2026-09-25T00:53:43+00:00
401858243,2026,4,total,51.641,9.165,64a8b2aa5365,2026-09-25T00:53:43+00:00
401858243,2026,4,total,51.396,9.053,d6d4061d19f7,2026-09-26T15:07:46+00:00
401858461,2026,4,margin,21.802,10.421,2f5151950a0b,2026-09-26T15:07:46+00:00
401858461,2026,4,margin,21.594,10.717,73d507ab32ad,2026-09-25T00:53:43+00:00
401858461,2026,4,total,48.119,9.165,64a8b2aa5365,2026-09-25T00:53:43+00:00
401858461,2026,4,total,46.542,9.053,d6d4061d19f7,2026-09-26T15:07:46+00:00
401858462,2026,4,margin,-0.395,10.421,2f5151950a0b,2026-09-26T15:07:46+00:00
401858462,2026,4,margin,-0.296,10.717,73d507ab32ad,2026-09-25T00:53:43+00:00
401858462,2026,4,total,59.964,9.165,64a8b2aa5365,2026-09-25T00:53:43+00:00
401858462,2026,4,total,59.840,9.053,d6d4061d19f7,2026-09-26T15:07:46+00:00
401858463,2026,4,margin,-1.707,10.421,2f5151950a0b,2026-09-26T15:07:46+00:00
401858463,2026,4,margin,-1.552,10.717,73d507ab32ad,2026-09-25T00:53:43+00:00
401858463,2026,4,total,45.832,9.165,64a8b2aa5365,2026-09-25T00:53:43+00:00
401858463,2026,4,total,45.464,9.053,d6d4061d19f7,2026-09-26T15:07:46+00:00
401858464,2026,4,margin,-6.426,10.421,2f5151950a0b,2026-09-26T15:07:46+00:00
401858464,2026,4,margin,-6.143,10.717,73d507ab32ad,2026-09-25T00:53:43+00:00
401858464,2026,4,total,52.254,9.165,64a8b2aa5365,2026-09-25T00:53:43+00:00
401858464,2026,4,total,51.838,9.053,d6d4061d19f7,2026-09-26T15:07:46+00:00
401858465,2026,4,margin,23.203,10.421,2f5151950a0b,2026-09-26T15:07:46+00:00
401858465,2026,4,margin,23.202,10.717,73d507ab32ad,2026-09-25T00:53:43+00:00
401858465,2026,4,total,52.492,9.165,64a8b2aa5365,2026-09-25T00:53:43+00:00
401858465,2026,4,total,51.506,9.053,d6d4061d19f7,2026-09-26T15:07:46+00:00
401858466,2026,4,margin,22.371,10.421,2f5151950a0b,2026-09-26T15:07:46+00:00
401858466,2026,4,margin,22.179,10.717,73d507ab32ad,2026-09-25T00:53:43+00:00
401858466,2026,4,total,44.844,9.165,64a8b2aa5365,2026-09-25T00:53:43+00:00
401858466,2026,4,total,43.966,9.053,d6d4061d19f7,2026-09-26T15:07:46+00:00
401858467,2026,4,margin,-16.390,10.421,2f5151950a0b,2026-09-26T15:07:46+00:00
401858467,2026,4,margin,-16.429,10.717,73d507ab32ad,2026-09-25T00:53:43+00:00
401858467,2026,4,total,58.828,9.165,64a8b2aa5365,2026-09-25T00:53:43+00:00
401858467,2026,4,total,58.392,9.053,d6d4061d19f7,2026-09-26T15:07:46+00:00
401858469,2026,4,margin,-5.233,10.421,2f5151950a0b,2026-09-26T15:07:46+00:00
401858469,2026,4,margin,-4.898,10.717,73d507ab32ad,2026-09-25T00:53:43+00:00
401858469,2026,4,total,57.202,9.165,64a8b2aa5365,2026-09-25T00:53:43+00:00
401858469,2026,4,total,57.290,9.053,d6d4061d19f7,2026-09-26T15:07:46+00:00
401858470,2026,4,margin,18.162,10.421,2f5151950a0b,2026-09-26T15:07:46+00:00
401858470,2026,4,margin,18.289,10.717,73d507ab32ad,2026-09-25T00:53:43+00:00
401858470,2026,4,total,52.142,9.165,64a8b2aa5365,2026-09-25T00:53:43+00:00
401858470,2026,4,total,52.254,9.053,d6d4061d19f7,2026-09-26T15:07:46+00:00
401860891,2026,4,margin,6.663,10.421,2f5151950a0b,2026-09-26T15:07:46+00:00
401860891,2026,4,margin,7.196,10.717,73d507ab32ad,2026-09-25T00:53:43+00:00
401860891,2026,4,total,43.696,9.165,64a8b2aa5365,2026-09-25T00:53:43+00:00
401860891,2026,4,total,43.661,9.053,d6d4061d19f7,2026-09-26T15:07:46+00:00
401860893,2026,4,margin,14.223,10.421,2f5151950a0b,2026-09-26T15:07:46+00:00
401860893,2026,4,margin,14.468,10.717,73d507ab32ad,2026-09-25T00:53:43+00:00
401860893,2026,4,total,50.104,9.165,64a8b2aa5365,2026-09-25T00:53:43+00:00
401860893,2026,4,total,49.842,9.053,d6d4061d19f7,2026-09-26T15:07:46+00:00
401860894,2026,4,margin,9.609,10.421,2f5151950a0b,2026-09-26T15:07:46+00:00
401860894,2026,4,margin,9.356,10.717,73d507ab32ad,2026-09-25T00:53:43+00:00
401860894,2026,4,total,48.904,9.165,64a8b2aa5365,2026-09-25T00:53:43+00:00
401860894,2026,4,total,48.788,9.053,d6d4061d19f7,2026-09-26T15:07:46+00:00
401860895,2026,4,margin,-9.376,10.421,2f5151950a0b,2026-09-26T15:07:46+00:00
401860895,2026,4,margin,-9.269,10.717,73d507ab32ad,2026-09-25T00:53:43+00:00
401860895,2026,4,total,53.102,9.165,64a8b2aa5365,2026-09-25T00:53:43+00:00
401860895,2026,4,total,52.491,9.053,d6d4061d19f7,2026-09-26T15:07:46+00:00
401860896,2026,4,margin,26.728,10.421,2f5151950a0b,2026-09-26T15:07:46+00:00
401860896,2026,4,margin,26.867,10.717,73d507ab32ad,2026-09-25T00:53:43+00:00
401860896,2026,4,total,59.358,9.165,64a8b2aa5365,2026-09-25T00:53:43+00:00
401860896,2026,4,total,59.233,9.053,d6d4061d19f7,2026-09-26T15:07:46+00:00
401860897,2026,4,margin,-1.709,10.421,2f5151950a0b,2026-09-26T15:07:46+00:00
401860897,2026,4,margin,-1.946,10.717,73d507ab32ad,2026-09-25T00:53:43+00:00
401860897,2026,4,total,45.801,9.165,64a8b2aa5365,2026-09-25T00:53:43+00:00
401860897,2026,4,total,45.826,9.053,d6d4061d19f7,2026-09-26T15:07:46+00:00
401861970,2026,4,margin,2.564,10.421,2f5151950a0b,2026-09-26T15:07:46+00:00
401861970,2026,4,margin,2.778,10.717,73d507ab32ad,2026-09-25T00:53:43+00:00
401861970,2026,4,total,52.747,9.165,64a8b2aa5365,2026-09-25T00:53:43+00:00
401861970,2026,4,total,52.033,9.053,d6d4061d19f7,2026-09-26T15:07:46+00:00
401862778,2026,4,margin,-6.908,10.421,2f5151950a0b,2026-09-26T15:07:46+00:00
401862778,2026,4,margin,-6.736,10.717,73d507ab32ad,2026-09-25T00:53:43+00:00
401862778,2026,4,total,55.928,9.165,64a8b2aa5365,2026-09-25T00:53:43+00:00
401862778,2026,4,total,55.703,9.053,d6d4061d19f7,2026-09-26T15:07:46+00:00
401862779,2026,4,margin,-0.241,10.421,2f5151950a0b,2026-09-26T15:07:46+00:00
401862779,2026,4,margin,-0.331,10.717,73d507ab32ad,2026-09-25T00:53:43+00:00
401862779,2026,4,total,51.863,9.165,64a8b2aa5365,2026-09-25T00:53:43+00:00
401862779,2026,4,total,51.492,9.053,d6d4061d19f7,2026-09-26T15:07:46+00:00
401862780,2026,4,margin,-9.381,10.421,2f5151950a0b,2026-09-26T15:07:46+00:00
401862780,2026,4,margin,-9.069,10.717,73d507ab32ad,2026-09-25T00:53:43+00:00
401862780,2026,4,total,47.423,9.165,64a8b2aa5365,2026-09-25T00:53:43+00:00
401862780,2026,4,total,46.867,9.053,d6d4061d19f7,2026-09-26T15:07:46+00:00
401862782,2026,4,margin,4.237,10.421,2f5151950a0b,2026-09-26T15:07:46+00:00
401862782,2026,4,margin,4.227,10.717,73d507ab32ad,2026-09-25T00:53:43+00:00
401862782,2026,4,total,59.625,9.165,64a8b2aa5365,2026-09-25T00:53:43+00:00
401862782,2026,4,total,59.157,9.053,d6d4061d19f7,2026-09-26T15:07:46+00:00
401862784,2026,4,margin,14.069,10.421,2f5151950a0b,2026-09-26T15:07:46+00:00
401862784,2026,4,margin,14.486,10.717,73d507ab32ad,2026-09-25T00:53:43+00:00
401862784,2026,4,total,55.704,9.165,64a8b2aa5365,2026-09-25T00:53:43+00:00
401862784,2026,4,total,55.076,9.053,d6d4061d19f7,2026-09-26T15:07:46+00:00
401862785,2026,4,margin,-10.321,10.421,2f5151950a0b,2026-09-26T15:07:46+00:00
401862785,2026,4,margin,-9.843,10.717,73d507ab32ad,2026-09-25T00:53:43+00:00
401862785,2026,4,total,53.899,9.165,64a8b2aa5365,2026-09-25T00:53:43+00:00
401862785,2026,4,total,53.389,9.053,d6d4061d19f7,2026-09-26T15:07:46+00:00
401864509,2026,4,margin,-10.423,10.421,2f5151950a0b,2026-09-26T15:07:46+00:00
401864509,2026,4,margin,-9.804,10.717,73d507ab32ad,2026-09-25T00:53:43+00:00
401864509,2026,4,total,48.849,9.165,64a8b2aa5365,2026-09-25T00:53:43+00:00
401864509,2026,4,total,48.883,9.053,d6d4061d19f7,2026-09-26T15:07:46+00:00
401864510,2026,4,margin,1.486,10.421,2f5151950a0b,2026-09-26T15:07:46+00:00
401864510,2026,4,margin,1.731,10.717,73d507ab32ad,2026-09-25T00:53:43+00:00
401864510,2026,4,total,47.742,9.165,64a8b2aa5365,2026-09-25T00:53:43+00:00
401864510,2026,4,total,47.231,9.053,d6d4061d19f7,2026-09-26T15:07:46+00:00
401864511,2026,4,margin,12.243,10.421,2f5151950a0b,2026-09-26T15:07:46+00:00
401864511,2026,4,margin,11.983,10.717,73d507ab32ad,2026-09-25T00:53:43+00:00
401864511,2026,4,total,55.766,9.165,64a8b2aa5365,2026-09-25T00:53:43+00:00
401864511,2026,4,total,55.540,9.053,d6d4061d19f7,2026-09-26T15:07:46+00:00
401864512,2026,4,margin,-2.692,10.421,2f5151950a0b,2026-09-26T15:07:46+00:00
401864512,2026,4,margin,-2.745,10.717,73d507ab32ad,2026-09-25T00:53:43+00:00
401864512,2026,4,total,52.291,9.165,64a8b2aa5365,2026-09-25T00:53:43+00:00
401864512,2026,4,total,51.547,9.053,d6d4061d19f7,2026-09-26T15:07:46+00:00
401864572,2026,4,margin,12.343,10.421,2f5151950a0b,2026-09-26T15:07:46+00:00
401864572,2026,4,margin,11.970,10.717,73d507ab32ad,2026-09-25T00:53:43+00:00
401864572,2026,4,total,50.786,9.165,64a8b2aa5365,2026-09-25T00:53:43+00:00
401864572,2026,4,total,49.291,9.053,d6d4061d19f7,2026-09-26T15:07:46+00:00
401864576,2026,4,margin,15.891,10.421,2f5151950a0b,2026-09-26T15:07:46+00:00
401864576,2026,4,margin,16.131,10.717,73d507ab32ad,2026-09-25T00:53:43+00:00
401864576,2026,4,total,52.644,9.165,64a8b2aa5365,2026-09-25T00:53:43+00:00
401864576,2026,4,total,52.070,9.053,d6d4061d19f7,2026-09-26T15:07:46+00:00
401864579,2026,4,margin,0.134,10.421,2f5151950a0b,2026-09-26T15:07:46+00:00
401864579,2026,4,margin,0.331,10.717,73d507ab32ad,2026-09-25T00:53:43+00:00
401864579,2026,4,total,48.274,9.165,64a8b2aa5365,2026-09-25T00:53:43+00:00
401864579,2026,4,total,47.546,9.053,d6d4061d19f7,2026-09-26T15:07:46+00:00
401866425,2026,4,margin,2.005,10.421,2f5151950a0b,2026-09-26T15:07:46+00:00
401866425,2026,4,margin,1.802,10.717,73d507ab32ad,2026-09-25T00:53:43+00:00
401866425,2026,4,total,50.228,9.165,64a8b2aa5365,2026-09-25T00:53:43+00:00
401866425,2026,4,total,49.810,9.053,d6d4061d19f7,2026-09-26T15:07:46+00:00
401866429,2026,4,margin,4.682,10.421,2f5151950a0b,2026-09-26T15:07:46+00:00
401866429,2026,4,margin,5.092,10.717,73d507ab32ad,2026-09-25T00:53:43+00:00
401866429,2026,4,total,51.678,9.165,64a8b2aa5365,2026-09-25T00:53:43+00:00
401866429,2026,4,total,51.774,9.053,d6d4061d19f7,2026-09-26T15:07:46+00:00
401869931,2026,4,margin,4.095,10.421,2f5151950a0b,2026-09-26T15:07:46+00:00
401869931,2026,4,margin,4.188,10.717,73d507ab32ad,2026-09-25T00:53:43+00:00
401869931,2026,4,total,55.168,9.165,64a8b2aa5365,2026-09-25T00:53:43+00:00
401869931,2026,4,total,54.419,9.053,d6d4061d19f7,2026-09-26T15:07:46+00:00
401869941,2026,4,margin,2.929,10.421,2f5151950a0b,2026-09-26T15:07:46+00:00
401869941,2026,4,margin,3.017,10.717,73d507ab32ad,2026-09-25T00:53:43+00:00
401869941,2026,4,total,55.293,9.165,64a8b2aa5365,2026-09-25T00:53:43+00:00
401869941,2026,4,total,54.791,9.053,d6d4061d19f7,2026-09-26T15:07:46+00:00
401869961,2026,4,margin,3.428,10.421,2f5151950a0b,2026-09-26T15:07:46+00:00
401869961,2026,4,margin,3.769,10.717,73d507ab32ad,2026-09-25T00:53:43+00:00
401869961,2026,4,total,50.595,9.165,64a8b2aa5365,2026-09-25T00:53:43+00:00
401869961,2026,4,total,50.242,9.053,d6d4061d19f7,2026-09-26T15:07:46+00:00
401871048,2026,4,margin,10.311,10.421,2f5151950a0b,2026-09-26T15:07:46+00:00
401871048,2026,4,margin,10.289,10.717,73d507ab32ad,2026-09-25T00:53:43+00:00
401871048,2026,4,total,55.127,9.165,64a8b2aa5365,2026-09-25T00:53:43+00:00
401871048,2026,4,total,54.597,9.053,d6d4061d19f7,2026-09-26T15:07:46+00:00
401856705,2026,5,margin,12.760,10.421,2f5151950a0b,2026-09-27T13:55:45+00:00
401856705,2026,5,margin,17.094,10.717,73d507ab32ad,2026-09-25T00:53:43+00:00
401856705,2026,5,total,53.047,9.165,64a8b2aa5365,2026-09-25T00:53:43+00:00
401856705,2026,5,total,51.321,9.053,d6d4061d19f7,2026-09-27T13:55:45+00:00
401856707,2026,5,margin,-4.012,10.421,2f5151950a0b,2026-09-27T13:55:45+00:00
401856707,2026,5,margin,-6.136,10.717,73d507ab32ad,2026-09-25T00:53:43+00:00
401856707,2026,5,total,57.132,9.165,64a8b2aa5365,2026-09-25T00:53:43+00:00
401856707,2026,5,total,57.744,9.053,d6d4061d19f7,2026-09-27T13:55:45+00:00
401856708,2026,5,margin,6.339,10.421,2f5151950a0b,2026-09-27T13:55:45+00:00
401856708,2026,5,margin,3.099,10.717,73d507ab32ad,2026-09-25T00:53:43+00:00
401856708,2026,5,total,49.556,9.165,64a8b2aa5365,2026-09-25T00:53:43+00:00
401856708,2026,5,total,48.957,9.053,d6d4061d19f7,2026-09-27T13:55:45+00:00
401856709,2026,5,margin,-6.376,10.421,2f5151950a0b,2026-09-27T13:55:45+00:00
401856709,2026,5,margin,-9.147,10.717,73d507ab32ad,2026-09-25T00:53:43+00:00
401856709,2026,5,total,49.678,9.165,64a8b2aa5365,2026-09-25T00:53:43+00:00
401856709,2026,5,total,53.197,9.053,d6d4061d19f7,2026-09-27T13:55:45+00:00
401856710,2026,5,margin,8.071,10.421,2f5151950a0b,2026-09-27T13:55:45+00:00
401856710,2026,5,margin,8.285,10.717,73d507ab32ad,2026-09-25T00:53:43+00:00
401856710,2026,5,total,56.216,9.165,64a8b2aa5365,2026-09-25T00:53:43+00:00
401856710,2026,5,total,52.601,9.053,d6d4061d19f7,2026-09-27T13:55:45+00:00
401856711,2026,5,margin,10.213,10.421,2f5151950a0b,2026-09-27T13:55:45+00:00
401856711,2026,5,margin,6.518,10.717,73d507ab32ad,2026-09-25T00:53:43+00:00
401856711,2026,5,total,54.099,9.165,64a8b2aa5365,2026-09-25T00:53:43+00:00
401856711,2026,5,total,51.405,9.053,d6d4061d19f7,2026-09-27T13:55:45+00:00
401856807,2026,5,margin,21.431,10.421,2f5151950a0b,2026-09-27T13:55:45+00:00
401856807,2026,5,margin,20.002,10.717,73d507ab32ad,2026-09-25T00:53:43+00:00
401856807,2026,5,total,55.392,9.165,64a8b2aa5365,2026-09-25T00:53:43+00:00
401856807,2026,5,total,54.567,9.053,d6d4061d19f7,2026-09-27T13:55:45+00:00
401856817,2026,5,margin,10.766,10.421,2f5151950a0b,2026-09-27T13:55:45+00:00
401856817,2026,5,margin,7.635,10.717,73d507ab32ad,2026-09-25T00:53:43+00:00
401856817,2026,5,total,58.301,9.165,64a8b2aa5365,2026-09-25T00:53:43+00:00
401856817,2026,5,total,57.106,9.053,d6d4061d19f7,2026-09-27T13:55:45+00:00
401856818,2026,5,margin,-13.506,10.421,2f5151950a0b,2026-09-27T13:55:45+00:00
401856818,2026,5,margin,-13.364,10.717,73d507ab32ad,2026-09-25T00:53:43+00:00
401856818,2026,5,total,54.280,9.165,64a8b2aa5365,2026-09-25T00:53:43+00:00
401856818,2026,5,total,53.045,9.053,d6d4061d19f7,2026-09-27T13:55:45+00:00
401856819,2026,5,margin,10.692,10.421,2f5151950a0b,2026-09-27T13:55:45+00:00
401856819,2026,5,margin,9.989,10.717,73d507ab32ad,2026-09-25T00:53:43+00:00
401856819,2026,5,total,52.212,9.165,64a8b2aa5365,2026-09-25T00:53:43+00:00
401856819,2026,5,total,52.562,9.053,d6d4061d19f7,2026-09-27T13:55:45+00:00
401856820,2026,5,margin,12.711,10.421,2f5151950a0b,2026-09-27T13:55:45+00:00
401856820,2026,5,margin,9.385,10.717,73d507ab32ad,2026-09-25T00:53:43+00:00
401856820,2026,5,total,57.666,9.165,64a8b2aa5365,2026-09-25T00:53:43+00:00
401856820,2026,5,total,57.439,9.053,d6d4061d19f7,2026-09-27T13:55:45+00:00
401856821,2026,5,margin,-0.227,10.421,2f5151950a0b,2026-09-27T13:55:45+00:00
401856821,2026,5,margin,-6.188,10.717,73d507ab32ad,2026-09-25T00:53:43+00:00
401856821,2026,5,total,54.990,9.165,64a8b2aa5365,2026-09-25T00:53:43+00:00
401856821,2026,5,total,53.597,9.053,d6d4061d19f7,2026-09-27T13:55:45+00:00
401856822,2026,5,margin,10.203,10.421,2f5151950a0b,2026-09-27T13:55:45+00:00
401856822,2026,5,margin,10.778,10.717,73d507ab32ad,2026-09-25T00:53:43+00:00
401856822,2026,5,total,53.033,9.165,64a8b2aa5365,2026-09-25T00:53:43+00:00
401856822,2026,5,total,53.254,9.053,d6d4061d19f7,2026-09-27T13:55:45+00:00
401858245,2026,5,margin,7.739,10.421,2f5151950a0b,2026-09-27T13:55:45+00:00
401858245,2026,5,margin,7.914,10.717,73d507ab32ad,2026-09-25T00:53:43+00:00
401858245,2026,5,total,55.531,9.165,64a8b2aa5365,2026-09-25T00:53:43+00:00
401858245,2026,5,total,53.877,9.053,d6d4061d19f7,2026-09-27T13:55:45+00:00
401858246,2026,5,margin,23.074,10.421,2f5151950a0b,2026-09-27T13:55:45+00:00
401858246,2026,5,margin,24.511,10.717,73d507ab32ad,2026-09-25T00:53:43+00:00
401858246,2026,5,total,55.372,9.165,64a8b2aa5365,2026-09-25T00:53:43+00:00
401858246,2026,5,total,52.530,9.053,d6d4061d19f7,2026-09-27T13:55:45+00:00
401858247,2026,5,margin,5.904,10.421,2f5151950a0b,2026-09-27T13:55:45+00:00
401858247,2026,5,margin,3.379,10.717,73d507ab32ad,2026-09-25T00:53:43+00:00
401858247,2026,5,total,50.830,9.165,64a8b2aa5365,2026-09-25T00:53:43+00:00
401858247,2026,5,total,50.191,9.053,d6d4061d19f7,2026-09-27T13:55:45+00:00
401858248,2026,5,margin,-7.478,10.421,2f5151950a0b,2026-09-27T13:55:45+00:00
401858248,2026,5,margin,-9.938,10.717,73d507ab32ad,2026-09-25T00:53:43+00:00
401858248,2026,5,total,54.264,9.165,64a8b2aa5365,2026-09-25T00:53:43+00:00
401858248,2026,5,total,53.724,9.053,d6d4061d19f7,2026-09-27T13:55:45+00:00
401858249,2026,5,margin,-15.093,10.421,2f5151950a0b,2026-09-27T13:55:45+00:00
401858249,2026,5,margin,-17.958,10.717,73d507ab32ad,2026-09-25T00:53:43+00:00
401858249,2026,5,total,44.151,9.165,64a8b2aa5365,2026-09-25T00:53:43+00:00
401858249,2026,5,total,42.878,9.053,d6d4061d19f7,2026-09-27T13:55:45+00:00
401858250,2026,5,margin,-11.708,10.421,2f5151950a0b,2026-09-27T13:55:45+00:00
401858250,2026,5,margin,-7.898,10.717,73d507ab32ad,2026-09-25T00:53:43+00:00
401858250,2026,5,total,48.076,9.165,64a8b2aa5365,2026-09-25T00:53:43+00:00
401858250,2026,5,total,48.176,9.053,d6d4061d19f7,2026-09-27T13:55:45+00:00
401858251,2026,5,margin,19.717,10.421,2f5151950a0b,2026-09-27T13:55:45+00:00
401858251,2026,5,margin,16.622,10.717,73d507ab32ad,2026-09-25T00:53:43+00:00
401858251,2026,5,total,50.793,9.165,64a8b2aa5365,2026-09-25T00:53:43+00:00
401858251,2026,5,total,50.783,9.053,d6d4061d19f7,2026-09-27T13:55:45+00:00
401858252,2026,5,margin,6.723,10.421,2f5151950a0b,2026-09-27T13:55:45+00:00
401858252,2026,5,margin,5.855,10.717,73d507ab32ad,2026-09-25T00:53:43+00:00
401858252,2026,5,total,55.130,9.165,64a8b2aa5365,2026-09-25T00:53:43+00:00
401858252,2026,5,total,54.143,9.053,d6d4061d19f7,2026-09-27T13:55:45+00:00
401858253,2026,5,margin,1.854,10.421,2f5151950a0b,2026-09-27T13:55:45+00:00
401858253,2026,5,margin,2.772,10.717,73d507ab32ad,2026-09-25T00:53:43+00:00
401858253,2026,5,total,53.803,9.165,64a8b2aa5365,2026-09-25T00:53:43+00:00
401858253,2026,5,total,52.364,9.053,d6d4061d19f7,2026-09-27T13:55:45+00:00
401858472,2026,5,margin,10.762,10.421,2f5151950a0b,2026-09-27T13:55:45+00:00
401858472,2026,5,margin,6.954,10.717,73d507ab32ad,2026-09-25T00:53:43+00:00
401858472,2026,5,total,62.824,9.165,64a8b2aa5365,2026-09-25T00:53:43+00:00
401858472,2026,5,total,64.016,9.053,d6d4061d19f7,2026-09-27T13:55:45+00:00
401858473,2026,5,margin,-5.955,10.421,2f5151950a0b,2026-09-27T13:55:45+00:00
401858473,2026,5,margin,-7.493,10.717,73d507ab32ad,2026-09-25T00:53:43+00:00
401858473,2026,5,total,45.147,9.165,64a8b2aa5365,2026-09-25T00:53:43+00:00
401858473,2026,5,total,45.404,9.053,d6d4061d19f7,2026-09-27T13:55:45+00:00
401858474,2026,5,margin,-12.890,10.421,2f5151950a0b,2026-09-27T13:55:45+00:00
401858474,2026,5,margin,-13.736,10.717,73d507ab32ad,2026-09-25T00:53:43+00:00
401858474,2026,5,total,50.368,9.165,64a8b2aa5365,2026-09-25T00:53:43+00:00
401858474,2026,5,total,48.231,9.053,d6d4061d19f7,2026-09-27T13:55:45+00:00
401858475,2026,5,margin,10.922,10.421,2f5151950a0b,2026-09-27T13:55:45+00:00
401858475,2026,5,margin,7.472,10.717,73d507ab32ad,2026-09-25T00:53:43+00:00
401858475,2026,5,total,60.691,9.165,64a8b2aa5365,2026-09-25T00:53:43+00:00
401858475,2026,5,total,60.199,9.053,d6d4061d19f7,2026-09-27T13:55:45+00:00
401858476,2026,5,margin,-4.524,10.421,2f5151950a0b,2026-09-27T13:55:45+00:00
401858476,2026,5,margin,-16.673,10.717,73d507ab32ad,2026-09-25T00:53:43+00:00
401858476,2026,5,total,46.717,9.165,64a8b2aa5365,2026-09-25T00:53:43+00:00
401858476,2026,5,total,45.287,9.053,d6d4061d19f7,2026-09-27T13:55:45+00:00
401858477,2026,5,margin,-16.172,10.421,2f5151950a0b,2026-09-27T13:55:45+00:00
401858477,2026,5,margin,-18.774,10.717,73d507ab32ad,2026-09-25T00:53:43+00:00
401858477,2026,5,total,56.989,9.165,64a8b2aa5365,2026-09-25T00:53:43+00:00
401858477,2026,5,total,57.038,9.053,d6d4061d19f7,2026-09-27T13:55:45+00:00
401858478,2026,5,margin,4.016,10.421,2f5151950a0b,2026-09-27T13:55:45+00:00
401858478,2026,5,margin,2.426,10.717,73d507ab32ad,2026-09-25T00:53:43+00:00
401858478,2026,5,total,55.866,9.165,64a8b2aa5365,2026-09-25T00:53:43+00:00
401858478,2026,5,total,56.073,9.053,d6d4061d19f7,2026-09-27T13:55:45+00:00
401858479,2026,5,margin,8.069,10.421,2f5151950a0b,2026-09-27T13:55:45+00:00
401858479,2026,5,margin,1.247,10.717,73d507ab32ad,2026-09-25T00:53:43+00:00
401858479,2026,5,total,47.176,9.165,64a8b2aa5365,2026-09-25T00:53:43+00:00
401858479,2026,5,total,45.974,9.053,d6d4061d19f7,2026-09-27T13:55:45+00:00
401860898,2026,5,margin,15.068,10.421,2f5151950a0b,2026-09-27T13:55:45+00:00
401860898,2026,5,margin,8.353,10.717,73d507ab32ad,2026-09-25T00:53:43+00:00
401860898,2026,5,total,50.900,9.165,64a8b2aa5365,2026-09-25T00:53:43+00:00
401860898,2026,5,total,49.948,9.053,d6d4061d19f7,2026-09-27T13:55:45+00:00
401860899,2026,5,margin,-9.894,10.421,2f5151950a0b,2026-09-27T13:55:45+00:00
401860899,2026,5,margin,-13.128,10.717,73d507ab32ad,2026-09-25T00:53:43+00:00
401860899,2026,5,total,60.497,9.165,64a8b2aa5365,2026-09-25T00:53:43+00:00
401860899,2026,5,total,59.929,9.053,d6d4061d19f7,2026-09-27T13:55:45+00:00
401860900,2026,5,margin,-1.367,10.421,2f5151950a0b,2026-09-27T13:55:45+00:00
401860900,2026,5,margin,-5.079,10.717,73d507ab32ad,2026-09-25T00:53:43+00:00
401860900,2026,5,total,58.356,9.165,64a8b2aa5365,2026-09-25T00:53:43+00:00
401860900,2026,5,total,57.907,9.053,d6d4061d19f7,2026-09-27T13:55:45+00:00
401860921,2026,5,margin,14.865,10.421,2f5151950a0b,2026-09-27T13:55:45+00:00
401860921,2026,5,margin,14.300,10.717,73d507ab32ad,2026-09-25T00:53:43+00:00
401860921,2026,5,total,41.818,9.165,64a8b2aa5365,2026-09-25T00:53:43+00:00
401860921,2026,5,total,45.293,9.053,d6d4061d19f7,2026-09-27T13:55:45+00:00
401862786,2026,5,margin,-7.711,10.421,2f5151950a0b,2026-09-27T13:55:45+00:00
401862786,2026,5,margin,-12.628,10.717,73d507ab32ad,2026-09-25T00:53:43+00:00
401862786,2026,5,total,57.978,9.165,64a8b2aa5365,2026-09-25T00:53:43+00:00
401862786,2026,5,total,59.202,9.053,d6d4061d19f7,2026-09-27T13:55:45+00:00
401862787,2026,5,margin,-23.470,10.421,2f5151950a0b,2026-09-27T13:55:45+00:00
401862787,2026,5,margin,-20.840,10.717,73d507ab32ad,2026-09-25T00:53:43+00:00
401862787,2026,5,total,57.746,9.165,64a8b2aa5365,2026-09-25T00:53:43+00:00
401862787,2026,5,total,56.023,9.053,d6d4061d19f7,2026-09-27T13:55:45+00:00
401862788,2026,5,margin,-9.724,10.421,2f5151950a0b,2026-09-27T13:55:45+00:00
401862788,2026,5,margin,-18.487,10.717,73d507ab32ad,2026-09-25T00:53:43+00:00
401862788,2026,5,total,47.002,9.165,64a8b2aa5365,2026-09-25T00:53:43+00:00
401862788,2026,5,total,51.381,9.053,d6d4061d19f7,2026-09-27T13:55:45+00:00
401862791,2026,5,margin,-4.843,10.421,2f5151950a0b,2026-09-27T13:55:45+00:00
401862791,2026,5,margin,-4.807,10.717,73d507ab32ad,2026-09-25T00:53:43+00:00
401862791,2026,5,total,54.091,9.165,64a8b2aa5365,2026-09-25T00:53:43+00:00
401862791,2026,5,total,52.273,9.053,d6d4061d19f7,2026-09-27T13:55:45+00:00
401862792,2026,5,margin,14.799,10.421,2f5151950a0b,2026-09-27T13:55:45+00:00
401862792,2026,5,margin,8.946,10.717,73d507ab32ad,2026-09-25T00:53:43+00:00
401862792,2026,5,total,60.155,9.165,64a8b2aa5365,2026-09-25T00:53:43+00:00
401862792,2026,5,total,58.249,9.053,d6d4061d19f7,2026-09-27T13:55:45+00:00
401864513,2026,5,margin,0.748,10.421,2f5151950a0b,2026-09-27T13:55:45+00:00
401864513,2026,5,margin,-0.001,10.717,73d507ab32ad,2026-09-25T00:53:43+00:00
401864513,2026,5,total,51.982,9.165,64a8b2aa5365,2026-09-25T00:53:43+00:00
401864513,2026,5,total,52.411,9.053,d6d4061d19f7,2026-09-27T13:55:45+00:00
401864514,2026,5,margin,15.746,10.421,2f5151950a0b,2026-09-27T13:55:45+00:00
401864514,2026,5,margin,10.780,10.717,73d507ab32ad,2026-09-25T00:53:43+00:00
401864514,2026,5,total,48.729,9.165,64a8b2aa5365,2026-09-25T00:53:43+00:00
401864514,2026,5,total,48.548,9.053,d6d4061d19f7,2026-09-27T13:55:45+00:00
401864515,2026,5,margin,10.699,10.421,2f5151950a0b,2026-09-27T13:55:45+00:00
401864515,2026,5,margin,13.028,10.717,73d507ab32ad,2026-09-25T00:53:43+00:00
401864515,2026,5,total,48.977,9.165,64a8b2aa5365,2026-09-25T00:53:43+00:00
401864515,2026,5,total,48.255,9.053,d6d4061d19f7,2026-09-27T13:55:45+00:00
401866430,2026,5,margin,5.296,10.421,2f5151950a0b,2026-09-27T13:55:45+00:00
401866430,2026,5,margin,1.950,10.717,73d507ab32ad,2026-09-25T00:53:43+00:00
401866430,2026,5,total,45.135,9.165,64a8b2aa5365,2026-09-25T00:53:43+00:00
401866430,2026,5,total,46.544,9.053,d6d4061d19f7,2026-09-27T13:55:45+00:00
401866431,2026,5,margin,-14.517,10.421,2f5151950a0b,2026-09-27T13:55:45+00:00
401866431,2026,5,margin,-16.906,10.717,73d507ab32ad,2026-09-25T00:53:43+00:00
401866431,2026,5,total,51.921,9.165,64a8b2aa5365,2026-09-25T00:53:43+00:00
401866431,2026,5,total,49.672,9.053,d6d4061d19f7,2026-09-27T13:55:45+00:00
401866432,2026,5,margin,-9.147,10.421,2f5151950a0b,2026-09-27T13:55:45+00:00
401866432,2026,5,margin,-7.904,10.717,73d507ab32ad,2026-09-25T00:53:43+00:00
401866432,2026,5,total,42.866,9.165,64a8b2aa5365,2026-09-25T00:53:43+00:00
401866432,2026,5,total,43.557,9.053,d6d4061d19f7,2026-09-27T13:55:45+00:00
401866433,2026,5,margin,1.639,10.421,2f5151950a0b,2026-09-27T13:55:45+00:00
401866433,2026,5,margin,1.581,10.717,73d507ab32ad,2026-09-25T00:53:43+00:00
401866433,2026,5,total,53.191,9.165,64a8b2aa5365,2026-09-25T00:53:43+00:00
401866433,2026,5,total,49.631,9.053,d6d4061d19f7,2026-09-27T13:55:45+00:00
401866434,2026,5,margin,-13.996,10.421,2f5151950a0b,2026-09-27T13:55:45+00:00
401866434,2026,5,margin,-10.823,10.717,73d507ab32ad,2026-09-25T00:53:43+00:00
401866434,2026,5,total,51.850,9.165,64a8b2aa5365,2026-09-25T00:53:43+00:00
401866434,2026,5,total,50.458,9.053,d6d4061d19f7,2026-09-27T13:55:45+00:00
401866477,2026,5,margin,13.333,10.421,2f5151950a0b,2026-09-27T13:55:45+00:00
401866477,2026,5,margin,12.365,10.717,73d507ab32ad,2026-09-25T00:53:43+00:00
401866477,2026,5,total,47.185,9.165,64a8b2aa5365,2026-09-25T00:53:43+00:00
401866477,2026,5,total,44.390,9.053,d6d4061d19f7,2026-09-27T13:55:45+00:00
401869842,2026,5,margin,-1.623,10.421,2f5151950a0b,2026-09-27T13:55:45+00:00
401869842,2026,5,margin,1.301,10.717,73d507ab32ad,2026-09-25T00:53:43+00:00
401869842,2026,5,total,46.180,9.165,64a8b2aa5365,2026-09-25T00:53:43+00:00
401869842,2026,5,total,45.335,9.053,d6d4061d19f7,2026-09-27T13:55:45+00:00
401869932,2026,5,margin,1.824,10.421,2f5151950a0b,2026-09-27T13:55:45+00:00
401869932,2026,5,margin,-2.326,10.717,73d507ab32ad,2026-09-25T00:53:43+00:00
401869932,2026,5,total,48.871,9.165,64a8b2aa5365,2026-09-25T00:53:43+00:00
401869932,2026,5,total,45.524,9.053,d6d4061d19f7,2026-09-27T13:55:45+00:00
401869942,2026,5,margin,-7.544,10.421,2f5151950a0b,2026-09-27T13:55:45+00:00
401869942,2026,5,margin,-0.970,10.717,73d507ab32ad,2026-09-25T00:53:43+00:00
401869942,2026,5,total,54.352,9.165,64a8b2aa5365,2026-09-25T00:53:43+00:00
401869942,2026,5,total,56.946,9.053,d6d4061d19f7,2026-09-27T13:55:45+00:00
401869956,2026,5,margin,-5.099,10.421,2f5151950a0b,2026-09-27T13:55:45+00:00
401869956,2026,5,margin,-3.229,10.717,73d507ab32ad,2026-09-25T00:53:43+00:00
401869956,2026,5,total,54.402,9.165,64a8b2aa5365,2026-09-25T00:53:43+00:00
401869956,2026,5,total,54.054,9.053,d6d4061d19f7,2026-09-27T13:55:45+00:00
401869962,2026,5,margin,16.425,10.421,2f5151950a0b,2026-09-27T13:55:45+00:00
401869962,2026,5,margin,8.870,10.717,73d507ab32ad,2026-09-25T00:53:43+00:00
401869962,2026,5,total,52.328,9.165,64a8b2aa5365,2026-09-25T00:53:43+00:00
401869962,2026,5,total,52.486,9.053,d6d4061d19f7,2026-09-27T13:55:45+00:00
401871049,2026,5,margin,-0.204,10.421,2f5151950a0b,2026-09-27T13:55:45+00:00
401871049,2026,5,margin,1.280,10.717,73d507ab32ad,2026-09-25T00:53:43+00:00
401871049,2026,5,total,55.950,9.165,64a8b2aa5365,2026-09-25T00:53:43+00:00
401871049,2026,5,total,57.496,9.053,d6d4061d19f7,2026-09-27T13:55:45+00:00
401871050,2026,5,margin,-7.170,10.421,2f5151950a0b,2026-09-27T13:55:45+00:00
401871050,2026,5,margin,0.126,10.717,73d507ab32ad,2026-09-25T00:53:43+00:00
401871050,2026,5,total,51.624,9.165,64a8b2aa5365,2026-09-25T00:53:43+00:00
401871050,2026,5,total,51.086,9.053,d6d4061d19f7,2026-09-27T13:55:45+00:00
401871089,2026,5,margin,4.469,10.421,2f5151950a0b,2026-09-27T13:55:45+00:00
401871089,2026,5,margin,1.776,10.717,73d507ab32ad,2026-09-25T00:53:43+00:00
401871089,2026,5,total,54.858,9.165,64a8b2aa5365,2026-09-25T00:53:43+00:00
401871089,2026,5,total,57.198,9.053,d6d4061d19f7,2026-09-27T13:55:45+00:00
401856712,2026,6,margin,-2.342,10.421,2f5151950a0b,2026-09-27T13:55:45+00:00
401856712,2026,6,margin,-2.137,10.717,73d507ab32ad,2026-09-25T00:53:43+00:00
401856712,2026,6,total,51.071,9.165,64a8b2aa5365,2026-09-25T00:53:43+00:00
401856712,2026,6,total,52.041,9.053,d6d4061d19f7,2026-09-27T13:55:45+00:00
401856713,2026,6,margin,-4.523,10.421,2f5151950a0b,2026-09-27T13:55:45+00:00
401856713,2026,6,margin,-3.493,10.717,73d507ab32ad,2026-09-25T00:53:43+00:00
401856713,2026,6,total,59.175,9.165,64a8b2aa5365,2026-09-25T00:53:43+00:00
401856713,2026,6,total,54.484,9.053,d6d4061d19f7,2026-09-27T13:55:45+00:00
401856714,2026,6,margin,11.195,10.421,2f5151950a0b,2026-09-27T13:55:45+00:00
401856714,2026,6,margin,13.193,10.717,73d507ab32ad,2026-09-25T00:53:43+00:00
401856714,2026,6,total,51.974,9.165,64a8b2aa5365,2026-09-25T00:53:43+00:00
401856714,2026,6,total,54.537,9.053,d6d4061d19f7,2026-09-27T13:55:45+00:00
401856715,2026,6,margin,-9.523,10.421,2f5151950a0b,2026-09-27T13:55:45+00:00
401856715,2026,6,margin,-7.853,10.717,73d507ab32ad,2026-09-25T00:53:43+00:00
401856715,2026,6,total,44.288,9.165,64a8b2aa5365,2026-09-25T00:53:43+00:00
401856715,2026,6,total,45.319,9.053,d6d4061d19f7,2026-09-27T13:55:45+00:00
401856716,2026,6,margin,2.311,10.421,2f5151950a0b,2026-09-27T13:55:45+00:00
401856716,2026,6,margin,1.030,10.717,73d507ab32ad,2026-09-25T00:53:43+00:00
401856716,2026,6,total,47.399,9.165,64a8b2aa5365,2026-09-25T00:53:43+00:00
401856716,2026,6,total,46.584,9.053,d6d4061d19f7,2026-09-27T13:55:45+00:00
401856717,2026,6,margin,-1.236,10.421,2f5151950a0b,2026-09-27T13:55:45+00:00
401856717,2026,6,margin,-1.156,10.717,73d507ab32ad,2026-09-25T00:53:43+00:00
401856717,2026,6,total,43.904,9.165,64a8b2aa5365,2026-09-25T00:53:43+00:00
401856717,2026,6,total,39.734,9.053,d6d4061d19f7,2026-09-27T13:55:45+00:00
401856718,2026,6,margin,1.622,10.421,2f5151950a0b,2026-09-27T13:55:45+00:00
401856718,2026,6,margin,1.520,10.717,73d507ab32ad,2026-09-25T00:53:43+00:00
401856718,2026,6,total,60.689,9.165,64a8b2aa5365,2026-09-25T00:53:43+00:00
401856718,2026,6,total,59.279,9.053,d6d4061d19f7,2026-09-27T13:55:45+00:00
401856808,2026,6,margin,22.119,10.421,2f5151950a0b,2026-09-27T13:55:45+00:00
401856808,2026,6,margin,22.665,10.717,73d507ab32ad,2026-09-25T00:53:43+00:00
401856808,2026,6,total,51.768,9.165,64a8b2aa5365,2026-09-25T00:53:43+00:00
401856808,2026,6,total,52.309,9.053,d6d4061d19f7,2026-09-27T13:55:45+00:00
401856823,2026,6,margin,-11.639,10.421,2f5151950a0b,2026-09-27T13:55:45+00:00
401856823,2026,6,margin,-7.874,10.717,73d507ab32ad,2026-09-25T00:53:43+00:00
401856823,2026,6,total,55.313,9.165,64a8b2aa5365,2026-09-25T00:53:43+00:00
401856823,2026,6,total,54.309,9.053,d6d4061d19f7,2026-09-27T13:55:45+00:00
401856824,2026,6,margin,-0.282,10.421,2f5151950a0b,2026-09-27T13:55:45+00:00
401856824,2026,6,margin,-1.753,10.717,73d507ab32ad,2026-09-25T00:53:43+00:00
401856824,2026,6,total,50.391,9.165,64a8b2aa5365,2026-09-25T00:53:43+00:00
401856824,2026,6,total,49.104,9.053,d6d4061d19f7,2026-09-27T13:55:45+00:00
401856825,2026,6,margin,2.353,10.421,2f5151950a0b,2026-09-27T13:55:45+00:00
401856825,2026,6,margin,2.437,10.717,73d507ab32ad,2026-09-25T00:53:43+00:00
401856825,2026,6,total,50.959,9.165,64a8b2aa5365,2026-09-25T00:53:43+00:00
401856825,2026,6,total,53.237,9.053,d6d4061d19f7,2026-09-27T13:55:45+00:00
401856826,2026,6,margin,13.511,10.421,2f5151950a0b,2026-09-27T13:55:45+00:00
401856826,2026,6,margin,10.802,10.717,73d507ab32ad,2026-09-25T00:53:43+00:00
401856826,2026,6,total,50.327,9.165,64a8b2aa5365,2026-09-25T00:53:43+00:00
401856826,2026,6,total,50.796,9.053,d6d4061d19f7,2026-09-27T13:55:45+00:00
401856827,2026,6,margin,10.347,10.421,2f5151950a0b,2026-09-27T13:55:45+00:00
401856827,2026,6,margin,11.972,10.717,73d507ab32ad,2026-09-25T00:53:43+00:00
401856827,2026,6,total,56.532,9.165,64a8b2aa5365,2026-09-25T00:53:43+00:00
401856827,2026,6,total,55.848,9.053,d6d4061d19f7,2026-09-27T13:55:45+00:00
401858254,2026,6,margin,12.060,10.421,2f5151950a0b,2026-09-27T13:55:45+00:00
401858254,2026,6,margin,16.975,10.717,73d507ab32ad,2026-09-25T00:53:43+00:00
401858254,2026,6,total,59.200,9.165,64a8b2aa5365,2026-09-25T00:53:43+00:00
401858254,2026,6,total,58.677,9.053,d6d4061d19f7,2026-09-27T13:55:45+00:00
401858255,2026,6,margin,3.797,10.421,2f5151950a0b,2026-09-27T13:55:45+00:00
401858255,2026,6,margin,3.992,10.717,73d507ab32ad,2026-09-25T00:53:43+00:00
401858255,2026,6,total,51.387,9.165,64a8b2aa5365,2026-09-25T00:53:43+00:00
401858255,2026,6,total,52.998,9.053,d6d4061d19f7,2026-09-27T13:55:45+00:00
401858256,2026,6,margin,-2.908,10.421,2f5151950a0b,2026-09-27T13:55:45+00:00
401858256,2026,6,margin,-3.623,10.717,73d507ab32ad,2026-09-25T00:53:43+00:00
401858256,2026,6,total,50.161,9.165,64a8b2aa5365,2026-09-25T00:53:43+00:00
401858256,2026,6,total,49.662,9.053,d6d4061d19f7,2026-09-27T13:55:45+00:00
401858257,2026,6,margin,28.840,10.421,2f5151950a0b,2026-09-27T13:55:45+00:00
401858257,2026,6,margin,24.108,10.717,73d507ab32ad,2026-09-25T00:53:43+00:00
401858257,2026,6,total,51.772,9.165,64a8b2aa5365,2026-09-25T00:53:43+00:00
401858257,2026,6,total,53.069,9.053,d6d4061d19f7,2026-09-27T13:55:45+00:00
401858258,2026,6,margin,9.976,10.421,2f5151950a0b,2026-09-27T13:55:45+00:00
401858258,2026,6,margin,8.276,10.717,73d507ab32ad,2026-09-25T00:53:43+00:00
401858258,2026,6,total,50.043,9.165,64a8b2aa5365,2026-09-25T00:53:43+00:00
401858258,2026,6,total,49.129,9.053,d6d4061d19f7,2026-09-27T13:55:45+00:00
401858259,2026,6,margin,-7.603,10.421,2f5151950a0b,2026-09-27T13:55:45+00:00
401858259,2026,6,margin,-4.411,10.717,73d507ab32ad,2026-09-25T00:53:43+00:00
401858259,2026,6,total,54.031,9.165,64a8b2aa5365,2026-09-25T00:53:43+00:00
401858259,2026,6,total,52.127,9.053,d6d4061d19f7,2026-09-27T13:55:45+00:00
401858260,2026,6,margin,-3.543,10.421,2f5151950a0b,2026-09-27T13:55:45+00:00
401858260,2026,6,margin,0.747,10.717,73d507ab32ad,2026-09-25T00:53:43+00:00
401858260,2026,6,total,49.798,9.165,64a8b2aa5365,2026-09-25T00:53:43+00:00
401858260,2026,6,total,48.199,9.053,d6d4061d19f7,2026-09-27T13:55:45+00:00
401858480,2026,6,margin,-4.066,10.421,2f5151950a0b,2026-09-27T13:55:45+00:00
401858480,2026,6,margin,-0.494,10.717,73d507ab32ad,2026-09-25T00:53:43+00:00
401858480,2026,6,total,53.484,9.165,64a8b2aa5365,2026-09-25T00:53:43+00:00
401858480,2026,6,total,54.278,9.053,d6d4061d19f7,2026-09-27T13:55:45+00:00
401858481,2026,6,margin,-3.936,10.421,2f5151950a0b,2026-09-27T13:55:45+00:00
401858481,2026,6,margin,-8.169,10.717,73d507ab32ad,2026-09-25T00:53:43+00:00
401858481,2026,6,total,51.324,9.165,64a8b2aa5365,2026-09-25T00:53:43+00:00
401858481,2026,6,total,50.405,9.053,d6d4061d19f7,2026-09-27T13:55:45+00:00
401858482,2026,6,margin,15.267,10.421,2f5151950a0b,2026-09-27T13:55:45+00:00
401858482,2026,6,margin,12.741,10.717,73d507ab32ad,2026-09-25T00:53:43+00:00
401858482,2026,6,total,48.972,9.165,64a8b2aa5365,2026-09-25T00:53:43+00:00
401858482,2026,6,total,48.094,9.053,d6d4061d19f7,2026-09-27T13:55:45+00:00
401858483,2026,6,margin,23.140,10.421,2f5151950a0b,2026-09-27T13:55:45+00:00
401858483,2026,6,margin,22.685,10.717,73d507ab32ad,2026-09-25T00:53:43+00:00
401858483,2026,6,total,57.288,9.165,64a8b2aa5365,2026-09-25T00:53:43+00:00
401858483,2026,6,total,58.182,9.053,d6d4061d19f7,2026-09-27T13:55:45+00:00
401858484,2026,6,margin,17.084,10.421,2f5151950a0b,2026-09-27T13:55:45+00:00
401858484,2026,6,margin,13.523,10.717,73d507ab32ad,2026-09-25T00:53:43+00:00
401858484,2026,6,total,54.329,9.165,64a8b2aa5365,2026-09-25T00:53:43+00:00
401858484,2026,6,total,51.165,9.053,d6d4061d19f7,2026-09-27T13:55:45+00:00
401858485,2026,6,margin,4.844,10.421,2f5151950a0b,2026-09-27T13:55:45+00:00
401858485,2026,6,margin,11.156,10.717,73d507ab32ad,2026-09-25T00:53:43+00:00
401858485,2026,6,total,52.068,9.165,64a8b2aa5365,2026-09-25T00:53:43+00:00
401858485,2026,6,total,51.303,9.053,d6d4061d19f7,2026-09-27T13:55:45+00:00
401858486,2026,6,margin,3.217,10.421,2f5151950a0b,2026-09-27T13:55:45+00:00
401858486,2026,6,margin,6.663,10.717,73d507ab32ad,2026-09-25T00:53:43+00:00
401858486,2026,6,total,60.015,9.165,64a8b2aa5365,2026-09-25T00:53:43+00:00
401858486,2026,6,total,59.614,9.053,d6d4061d19f7,2026-09-27T13:55:45+00:00
401858487,2026,6,margin,-4.145,10.421,2f5151950a0b,2026-09-27T13:55:45+00:00
401858487,2026,6,margin,-1.678,10.717,73d507ab32ad,2026-09-25T00:53:43+00:00
401858487,2026,6,total,47.605,9.165,64a8b2aa5365,2026-09-25T00:53:43+00:00
401858487,2026,6,total,46.295,9.053,d6d4061d19f7,2026-09-27T13:55:45+00:00
401860901,2026,6,margin,-16.563,10.421,2f5151950a0b,2026-09-27T13:55:45+00:00
401860901,2026,6,margin,-8.073,10.717,73d507ab32ad,2026-09-25T00:53:43+00:00
401860901,2026,6,total,48.200,9.165,64a8b2aa5365,2026-09-25T00:53:43+00:00
401860901,2026,6,total,49.678,9.053,d6d4061d19f7,2026-09-27T13:55:45+00:00
401860902,2026,6,margin,10.430,10.421,2f5151950a0b,2026-09-27T13:55:45+00:00
401860902,2026,6,margin,9.152,10.717,73d507ab32ad,2026-09-25T00:53:43+00:00
401860902,2026,6,total,49.244,9.165,64a8b2aa5365,2026-09-25T00:53:43+00:00
401860902,2026,6,total,47.670,9.053,d6d4061d19f7,2026-09-27T13:55:45+00:00
401860922,2026,6,margin,-4.223,10.421,2f5151950a0b,2026-09-27T13:55:45+00:00
401860922,2026,6,margin,-5.222,10.717,73d507ab32ad,2026-09-25T00:53:43+00:00
401860922,2026,6,total,44.518,9.165,64a8b2aa5365,2026-09-25T00:53:43+00:00
401860922,2026,6,total,45.563,9.053,d6d4061d19f7,2026-09-27T13:55:45+00:00
401861964,2026,6,margin,-5.718,10.421,2f5151950a0b,2026-09-27T13:55:45+00:00
401861964,2026,6,margin,-1.672,10.717,73d507ab32ad,2026-09-25T00:53:43+00:00
401861964,2026,6,total,56.182,9.165,64a8b2aa5365,2026-09-25T00:53:43+00:00
401861964,2026,6,total,56.732,9.053,d6d4061d19f7,2026-09-27T13:55:45+00:00
401862794,2026,6,margin,0.673,10.421,2f5151950a0b,2026-09-27T13:55:45+00:00
401862794,2026,6,margin,9.370,10.717,73d507ab32ad,2026-09-25T00:53:43+00:00
401862794,2026,6,total,56.795,9.165,64a8b2aa5365,2026-09-25T00:53:43+00:00
401862794,2026,6,total,55.581,9.053,d6d4061d19f7,2026-09-27T13:55:45+00:00
401862795,2026,6,margin,6.857,10.421,2f5151950a0b,2026-09-27T13:55:45+00:00
401862795,2026,6,margin,0.228,10.717,73d507ab32ad,2026-09-25T00:53:43+00:00
401862795,2026,6,total,49.626,9.165,64a8b2aa5365,2026-09-25T00:53:43+00:00
401862795,2026,6,total,47.504,9.053,d6d4061d19f7,2026-09-27T13:55:45+00:00
401862796,2026,6,margin,31.327,10.421,2f5151950a0b,2026-09-27T13:55:45+00:00
401862796,2026,6,margin,30.347,10.717,73d507ab32ad,2026-09-25T00:53:43+00:00
401862796,2026,6,total,58.141,9.165,64a8b2aa5365,2026-09-25T00:53:43+00:00
401862796,2026,6,total,59.142,9.053,d6d4061d19f7,2026-09-27T13:55:45+00:00
401862797,2026,6,margin,13.901,10.421,2f5151950a0b,2026-09-27T13:55:45+00:00
401862797,2026,6,margin,15.665,10.717,73d507ab32ad,2026-09-25T00:53:43+00:00
401862797,2026,6,total,48.434,9.165,64a8b2aa5365,2026-09-25T00:53:43+00:00
401862797,2026,6,total,52.256,9.053,d6d4061d19f7,2026-09-27T13:55:45+00:00
401862798,2026,6,margin,9.551,10.421,2f5151950a0b,2026-09-27T13:55:45+00:00
401862798,2026,6,margin,7.575,10.717,73d507ab32ad,2026-09-25T00:53:43+00:00
401862798,2026,6,total,59.123,9.165,64a8b2aa5365,2026-09-25T00:53:43+00:00
401862798,2026,6,total,58.289,9.053,d6d4061d19f7,2026-09-27T13:55:45+00:00
401862799,2026,6,margin,13.516,10.421,2f5151950a0b,2026-09-27T13:55:45+00:00
401862799,2026,6,margin,16.319,10.717,73d507ab32ad,2026-09-25T00:53:43+00:00
401862799,2026,6,total,54.387,9.165,64a8b2aa5365,2026-09-25T00:53:43+00:00
401862799,2026,6,total,51.871,9.053,d6d4061d19f7,2026-09-27T13:55:45+00:00
401864516,2026,6,margin,-8.616,10.421,2f5151950a0b,2026-09-27T13:55:45+00:00
401864516,2026,6,margin,-8.923,10.717,73d507ab32ad,2026-09-25T00:53:43+00:00
401864516,2026,6,total,50.941,9.165,64a8b2aa5365,2026-09-25T00:53:43+00:00
401864516,2026,6,total,50.759,9.053,d6d4061d19f7,2026-09-27T13:55:45+00:00
401864517,2026,6,margin,0.661,10.421,2f5151950a0b,2026-09-27T13:55:45+00:00
401864517,2026,6,margin,3.464,10.717,73d507ab32ad,2026-09-25T00:53:43+00:00
401864517,2026,6,total,50.691,9.165,64a8b2aa5365,2026-09-25T00:53:43+00:00
401864517,2026,6,total,50.990,9.053,d6d4061d19f7,2026-09-27T13:55:45+00:00
401864518,2026,6,margin,1.821,10.421,2f5151950a0b,2026-09-27T13:55:45+00:00
401864518,2026,6,margin,0.444,10.717,73d507ab32ad,2026-09-25T00:53:43+00:00
401864518,2026,6,total,52.243,9.165,64a8b2aa5365,2026-09-25T00:53:43+00:00
401864518,2026,6,total,52.047,9.053,d6d4061d19f7,2026-09-27T13:55:45+00:00
401864519,2026,6,margin,3.071,10.421,2f5151950a0b,2026-09-27T13:55:45+00:00
401864519,2026,6,margin,5.288,10.717,73d507ab32ad,2026-09-25T00:53:43+00:00
401864519,2026,6,total,49.064,9.165,64a8b2aa5365,2026-09-25T00:53:43+00:00
401864519,2026,6,total,48.374,9.053,d6d4061d19f7,2026-09-27T13:55:45+00:00
401866435,2026,6,margin,6.192,10.421,2f5151950a0b,2026-09-27T13:55:45+00:00
401866435,2026,6,margin,9.984,10.717,73d507ab32ad,2026-09-25T00:53:43+00:00
401866435,2026,6,total,52.950,9.165,64a8b2aa5365,2026-09-25T00:53:43+00:00
401866435,2026,6,total,51.360,9.053,d6d4061d19f7,2026-09-27T13:55:45+00:00
401866436,2026,6,margin,4.790,10.421,2f5151950a0b,2026-09-27T13:55:45+00:00
401866436,2026,6,margin,5.532,10.717,73d507ab32ad,2026-09-25T00:53:43+00:00
401866436,2026,6,total,47.006,9.165,64a8b2aa5365,2026-09-25T00:53:43+00:00
401866436,2026,6,total,45.536,9.053,d6d4061d19f7,2026-09-27T13:55:45+00:00
401866437,2026,6,margin,21.195,10.421,2f5151950a0b,2026-09-27T13:55:45+00:00
401866437,2026,6,margin,18.682,10.717,73d507ab32ad,2026-09-25T00:53:43+00:00
401866437,2026,6,total,50.570,9.165,64a8b2aa5365,2026-09-25T00:53:43+00:00
401866437,2026,6,total,48.532,9.053,d6d4061d19f7,2026-09-27T13:55:45+00:00
401866438,2026,6,margin,7.761,10.421,2f5151950a0b,2026-09-27T13:55:45+00:00
401866438,2026,6,margin,9.119,10.717,73d507ab32ad,2026-09-25T00:53:43+00:00
401866438,2026,6,total,44.989,9.165,64a8b2aa5365,2026-09-25T00:53:43+00:00
401866438,2026,6,total,45.660,9.053,d6d4061d19f7,2026-09-27T13:55:45+00:00
401866439,2026,6,margin,17.133,10.421,2f5151950a0b,2026-09-27T13:55:45+00:00
401866439,2026,6,margin,16.023,10.717,73d507ab32ad,2026-09-25T00:53:43+00:00
401866439,2026,6,total,44.756,9.165,64a8b2aa5365,2026-09-25T00:53:43+00:00
401866439,2026,6,total,44.911,9.053,d6d4061d19f7,2026-09-27T13:55:45+00:00
401866440,2026,6,margin,-10.442,10.421,2f5151950a0b,2026-09-27T13:55:45+00:00
401866440,2026,6,margin,-13.632,10.717,73d507ab32ad,2026-09-25T00:53:43+00:00
401866440,2026,6,total,51.857,9.165,64a8b2aa5365,2026-09-25T00:53:43+00:00
401866440,2026,6,total,49.634,9.053,d6d4061d19f7,2026-09-27T13:55:45+00:00
401869843,2026,6,margin,-3.211,10.421,2f5151950a0b,2026-09-27T13:55:45+00:00
401869843,2026,6,margin,-6.005,10.717,73d507ab32ad,2026-09-25T00:53:43+00:00
401869843,2026,6,total,49.108,9.165,64a8b2aa5365,2026-09-25T00:53:43+00:00
401869843,2026,6,total,49.401,9.053,d6d4061d19f7,2026-09-27T13:55:45+00:00
401869933,2026,6,margin,4.364,10.421,2f5151950a0b,2026-09-27T13:55:45+00:00
401869933,2026,6,margin,5.741,10.717,73d507ab32ad,2026-09-25T00:53:43+00:00
401869933,2026,6,total,55.633,9.165,64a8b2aa5365,2026-09-25T00:53:43+00:00
401869933,2026,6,total,56.553,9.053,d6d4061d19f7,2026-09-27T13:55:45+00:00
401869943,2026,6,margin,4.991,10.421,2f5151950a0b,2026-09-27T13:55:45+00:00
401869943,2026,6,margin,2.090,10.717,73d507ab32ad,2026-09-25T00:53:43+00:00
401869943,2026,6,total,56.777,9.165,64a8b2aa5365,2026-09-25T00:53:43+00:00
401869943,2026,6,total,58.271,9.053,d6d4061d19f7,2026-09-27T13:55:45+00:00
401869949,2026,6,margin,-4.725,10.421,2f5151950a0b,2026-09-27T13:55:45+00:00
401869949,2026,6,margin,-0.633,10.717,73d507ab32ad,2026-09-25T00:53:43+00:00
401869949,2026,6,total,49.903,9.165,64a8b2aa5365,2026-09-25T00:53:43+00:00
401869949,2026,6,total,51.161,9.053,d6d4061d19f7,2026-09-27T13:55:45+00:00
401869965,2026,6,margin,5.186,10.421,2f5151950a0b,2026-09-27T13:55:45+00:00
401869965,2026,6,margin,8.448,10.717,73d507ab32ad,2026-09-25T00:53:43+00:00
401869965,2026,6,total,44.676,9.165,64a8b2aa5365,2026-09-25T00:53:43+00:00
401869965,2026,6,total,42.032,9.053,d6d4061d19f7,2026-09-27T13:55:45+00:00
401870766,2026,6,margin,12.578,10.421,2f5151950a0b,2026-09-27T13:55:45+00:00
401870766,2026,6,margin,8.885,10.717,73d507ab32ad,2026-09-25T00:53:43+00:00
401870766,2026,6,total,51.622,9.165,64a8b2aa5365,2026-09-25T00:53:43+00:00
401870766,2026,6,total,51.953,9.053,d6d4061d19f7,2026-09-27T13:55:45+00:00
401871051,2026,6,margin,1.682,10.421,2f5151950a0b,2026-09-27T13:55:45+00:00
401871051,2026,6,margin,-0.542,10.717,73d507ab32ad,2026-09-25T00:53:43+00:00
401871051,2026,6,total,57.159,9.165,64a8b2aa5365,2026-09-25T00:53:43+00:00
401871051,2026,6,total,55.905,9.053,d6d4061d19f7,2026-09-27T13:55:45+00:00
401871052,2026,6,margin,2.813,10.421,2f5151950a0b,2026-09-27T13:55:45+00:00
401871052,2026,6,margin,4.908,10.717,73d507ab32ad,2026-09-25T00:53:43+00:00
401871052,2026,6,total,59.490,9.165,64a8b2aa5365,2026-09-25T00:53:43+00:00
401871052,2026,6,total,58.015,9.053,d6d4061d19f7,2026-09-27T13:55:45+00:00
401871066,2026,6,margin,1.530,10.421,2f5151950a0b,2026-09-27T13:55:45+00:00
401871066,2026,6,margin,1.859,10.717,73d507ab32ad,2026-09-25T00:53:43+00:00
401871066,2026,6,total,48.844,9.165,64a8b2aa5365,2026-09-25T00:53:43+00:00
401871066,2026,6,total,50.236,9.053,d6d4061d19f7,2026-09-27T13:55:45+00:00
401871090,2026,6,margin,2.946,10.421,2f5151950a0b,2026-09-27T13:55:45+00:00
401871090,2026,6,margin,4.754,10.717,73d507ab32ad,2026-09-25T00:53:43+00:00
401871090,2026,6,total,53.936,9.165,64a8b2aa5365,2026-09-25T00:53:43+00:00
401871090,2026,6,total,52.308,9.053,d6d4061d19f7,2026-09-27T13:55:45+00:00
401856719,2026,7,margin,20.489,10.421,2f5151950a0b,2026-09-27T13:55:45+00:00
401856719,2026,7,margin,22.107,10.717,73d507ab32ad,2026-09-25T00:53:43+00:00
401856719,2026,7,total,52.004,9.165,64a8b2aa5365,2026-09-25T00:53:43+00:00
401856719,2026,7,total,50.812,9.053,d6d4061d19f7,2026-09-27T13:55:45+00:00
401856720,2026,7,margin,9.451,10.421,2f5151950a0b,2026-09-27T13:55:45+00:00
401856720,2026,7,margin,8.570,10.717,73d507ab32ad,2026-09-25T00:53:43+00:00
401856720,2026,7,total,51.352,9.165,64a8b2aa5365,2026-09-25T00:53:43+00:00
401856720,2026,7,total,51.278,9.053,d6d4061d19f7,2026-09-27T13:55:45+00:00
401856721,2026,7,margin,3.756,10.421,2f5151950a0b,2026-09-27T13:55:45+00:00
401856721,2026,7,margin,5.190,10.717,73d507ab32ad,2026-09-25T00:53:43+00:00
401856721,2026,7,total,55.905,9.165,64a8b2aa5365,2026-09-25T00:53:43+00:00
401856721,2026,7,total,55.831,9.053,d6d4061d19f7,2026-09-27T13:55:45+00:00
401856722,2026,7,margin,10.248,10.421,2f5151950a0b,2026-09-27T13:55:45+00:00
401856722,2026,7,margin,6.842,10.717,73d507ab32ad,2026-09-25T00:53:43+00:00
401856722,2026,7,total,43.196,9.165,64a8b2aa5365,2026-09-25T00:53:43+00:00
401856722,2026,7,total,43.723,9.053,d6d4061d19f7,2026-09-27T13:55:45+00:00
401856723,2026,7,margin,-5.502,10.421,2f5151950a0b,2026-09-27T13:55:45+00:00
401856723,2026,7,margin,-7.007,10.717,73d507ab32ad,2026-09-25T00:53:43+00:00
401856723,2026,7,total,55.284,9.165,64a8b2aa5365,2026-09-25T00:53:43+00:00
401856723,2026,7,total,53.831,9.053,d6d4061d19f7,2026-09-27T13:55:45+00:00
401856724,2026,7,margin,11.682,10.421,2f5151950a0b,2026-09-27T13:55:45+00:00
401856724,2026,7,margin,9.159,10.717,73d507ab32ad,2026-09-25T00:53:43+00:00
401856724,2026,7,total,50.928,9.165,64a8b2aa5365,2026-09-25T00:53:43+00:00
401856724,2026,7,total,46.547,9.053,d6d4061d19f7,2026-09-27T13:55:45+00:00
401856726,2026,7,margin,11.042,10.421,2f5151950a0b,2026-09-27T13:55:45+00:00
401856726,2026,7,margin,7.240,10.717,73d507ab32ad,2026-09-25T00:53:43+00:00
401856726,2026,7,total,58.079,9.165,64a8b2aa5365,2026-09-25T00:53:43+00:00
401856726,2026,7,total,54.307,9.053,d6d4061d19f7,2026-09-27T13:55:45+00:00
401856809,2026,7,margin,1.242,10.421,2f5151950a0b,2026-09-27T13:55:45+00:00
401856809,2026,7,margin,3.584,10.717,73d507ab32ad,2026-09-25T00:53:43+00:00
401856809,2026,7,total,51.532,9.165,64a8b2aa5365,2026-09-25T00:53:43+00:00
401856809,2026,7,total,51.458,9.053,d6d4061d19f7,2026-09-27T13:55:45+00:00
401856828,2026,7,margin,2.069,10.421,2f5151950a0b,2026-09-27T13:55:45+00:00
401856828,2026,7,margin,3.224,10.717,73d507ab32ad,2026-09-25T00:53:43+00:00
401856828,2026,7,total,51.725,9.165,64a8b2aa5365,2026-09-25T00:53:43+00:00
401856828,2026,7,total,52.882,9.053,d6d4061d19f7,2026-09-27T13:55:45+00:00
401856829,2026,7,margin,-1.215,10.421,2f5151950a0b,2026-09-27T13:55:45+00:00
401856829,2026,7,margin,-0.829,10.717,73d507ab32ad,2026-09-25T00:53:43+00:00
401856829,2026,7,total,61.694,9.165,64a8b2aa5365,2026-09-25T00:53:43+00:00
401856829,2026,7,total,61.149,9.053,d6d4061d19f7,2026-09-27T13:55:45+00:00
401856830,2026,7,margin,2.433,10.421,2f5151950a0b,2026-09-27T13:55:45+00:00
401856830,2026,7,margin,3.886,10.717,73d507ab32ad,2026-09-25T00:53:43+00:00
401856830,2026,7,total,53.083,9.165,64a8b2aa5365,2026-09-25T00:53:43+00:00
401856830,2026,7,total,53.388,9.053,d6d4061d19f7,2026-09-27T13:55:45+00:00
401856831,2026,7,margin,13.260,10.421,2f5151950a0b,2026-09-27T13:55:45+00:00
401856831,2026,7,margin,14.082,10.717,73d507ab32ad,2026-09-25T00:53:43+00:00
401856831,2026,7,total,52.346,9.165,64a8b2aa5365,2026-09-25T00:53:43+00:00
401856831,2026,7,total,54.141,9.053,d6d4061d19f7,2026-09-27T13:55:45+00:00
401856832,2026,7,margin,1.766,10.421,2f5151950a0b,2026-09-27T13:55:45+00:00
401856832,2026,7,margin,7.308,10.717,73d507ab32ad,2026-09-25T00:53:43+00:00
401856832,2026,7,total,59.179,9.165,64a8b2aa5365,2026-09-25T00:53:43+00:00
401856832,2026,7,total,57.084,9.053,d6d4061d19f7,2026-09-27T13:55:45+00:00
401856833,2026,7,margin,-7.157,10.421,2f5151950a0b,2026-09-27T13:55:45+00:00
401856833,2026,7,margin,-11.762,10.717,73d507ab32ad,2026-09-25T00:53:43+00:00
401856833,2026,7,total,57.027,9.165,64a8b2aa5365,2026-09-25T00:53:43+00:00
401856833,2026,7,total,54.127,9.053,d6d4061d19f7,2026-09-27T13:55:45+00:00
401858263,2026,7,margin,19.740,10.421,2f5151950a0b,2026-09-27T13:55:45+00:00
401858263,2026,7,margin,21.567,10.717,73d507ab32ad,2026-09-25T00:53:43+00:00
401858263,2026,7,total,54.950,9.165,64a8b2aa5365,2026-09-25T00:53:43+00:00
401858263,2026,7,total,54.928,9.053,d6d4061d19f7,2026-09-27T13:55:45+00:00
401858264,2026,7,margin,5.311,10.421,2f5151950a0b,2026-09-27T13:55:45+00:00
401858264,2026,7,margin,4.057,10.717,73d507ab32ad,2026-09-25T00:53:43+00:00
401858264,2026,7,total,57.336,9.165,64a8b2aa5365,2026-09-25T00:53:43+00:00
401858264,2026,7,total,57.547,9.053,d6d4061d19f7,2026-09-27T13:55:45+00:00
401858265,2026,7,margin,-14.743,10.421,2f5151950a0b,2026-09-27T13:55:45+00:00
401858265,2026,7,margin,-18.665,10.717,73d507ab32ad,2026-09-25T00:53:43+00:00
401858265,2026,7,total,55.440,9.165,64a8b2aa5365,2026-09-25T00:53:43+00:00
401858265,2026,7,total,55.442,9.053,d6d4061d19f7,2026-09-27T13:55:45+00:00
401858266,2026,7,margin,-1.990,10.421,2f5151950a0b,2026-09-27T13:55:45+00:00
401858266,2026,7,margin,-1.417,10.717,73d507ab32ad,2026-09-25T00:53:43+00:00
401858266,2026,7,total,46.439,9.165,64a8b2aa5365,2026-09-25T00:53:43+00:00
401858266,2026,7,total,46.207,9.053,d6d4061d19f7,2026-09-27T13:55:45+00:00
401858267,2026,7,margin,-3.643,10.421,2f5151950a0b,2026-09-27T13:55:45+00:00
401858267,2026,7,margin,-1.283,10.717,73d507ab32ad,2026-09-25T00:53:43+00:00
401858267,2026,7,total,52.284,9.165,64a8b2aa5365,2026-09-25T00:53:43+00:00
401858267,2026,7,total,49.429,9.053,d6d4061d19f7,2026-09-27T13:55:45+00:00
401858268,2026,7,margin,12.482,10.421,2f5151950a0b,2026-09-27T13:55:45+00:00
401858268,2026,7,margin,16.559,10.717,73d507ab32ad,2026-09-25T00:53:43+00:00
401858268,2026,7,total,52.397,9.165,64a8b2aa5365,2026-09-25T00:53:43+00:00
401858268,2026,7,total,51.325,9.053,d6d4061d19f7,2026-09-27T13:55:45+00:00
401858269,2026,7,margin,-12.218,10.421,2f5151950a0b,2026-09-27T13:55:45+00:00
401858269,2026,7,margin,-7.549,10.717,73d507ab32ad,2026-09-25T00:53:43+00:00
401858269,2026,7,total,48.739,9.165,64a8b2aa5365,2026-09-25T00:53:43+00:00
401858269,2026,7,total,47.262,9.053,d6d4061d19f7,2026-09-27T13:55:45+00:00
401858488,2026,7,margin,-3.708,10.421,2f5151950a0b,2026-09-27T13:55:45+00:00
401858488,2026,7,margin,-2.365,10.717,73d507ab32ad,2026-09-25T00:53:43+00:00
401858488,2026,7,total,47.920,9.165,64a8b2aa5365,2026-09-25T00:53:43+00:00
401858488,2026,7,total,48.388,9.053,d6d4061d19f7,2026-09-27T13:55:45+00:00
401858489,2026,7,margin,5.887,10.421,2f5151950a0b,2026-09-27T13:55:45+00:00
401858489,2026,7,margin,7.812,10.717,73d507ab32ad,2026-09-25T00:53:43+00:00
401858489,2026,7,total,66.357,9.165,64a8b2aa5365,2026-09-25T00:53:43+00:00
401858489,2026,7,total,66.832,9.053,d6d4061d19f7,2026-09-27T13:55:45+00:00
401858490,2026,7,margin,2.697,10.421,2f5151950a0b,2026-09-27T13:55:45+00:00
401858490,2026,7,margin,-6.438,10.717,73d507ab32ad,2026-09-25T00:53:43+00:00
401858490,2026,7,total,47.203,9.165,64a8b2aa5365,2026-09-25T00:53:43+00:00
401858490,2026,7,total,44.821,9.053,d6d4061d19f7,2026-09-27T13:55:45+00:00
401858491,2026,7,margin,-2.617,10.421,2f5151950a0b,2026-09-27T13:55:45+00:00
401858491,2026,7,margin,2.604,10.717,73d507ab32ad,2026-09-25T00:53:43+00:00
401858491,2026,7,total,49.049,9.165,64a8b2aa5365,2026-09-25T00:53:43+00:00
401858491,2026,7,total,49.175,9.053,d6d4061d19f7,2026-09-27T13:55:45+00:00
401858492,2026,7,margin,14.076,10.421,2f5151950a0b,2026-09-27T13:55:45+00:00
401858492,2026,7,margin,11.026,10.717,73d507ab32ad,2026-09-25T00:53:43+00:00
401858492,2026,7,total,55.056,9.165,64a8b2aa5365,2026-09-25T00:53:43+00:00
401858492,2026,7,total,54.013,9.053,d6d4061d19f7,2026-09-27T13:55:45+00:00
401858493,2026,7,margin,-7.263,10.421,2f5151950a0b,2026-09-27T13:55:45+00:00
401858493,2026,7,margin,-9.287,10.717,73d507ab32ad,2026-09-25T00:53:43+00:00
401858493,2026,7,total,60.648,9.165,64a8b2aa5365,2026-09-25T00:53:43+00:00
401858493,2026,7,total,60.975,9.053,d6d4061d19f7,2026-09-27T13:55:45+00:00
401858494,2026,7,margin,3.381,10.421,2f5151950a0b,2026-09-27T13:55:45+00:00
401858494,2026,7,margin,9.417,10.717,73d507ab32ad,2026-09-25T00:53:43+00:00
401858494,2026,7,total,48.861,9.165,64a8b2aa5365,2026-09-25T00:53:43+00:00
401858494,2026,7,total,45.133,9.053,d6d4061d19f7,2026-09-27T13:55:45+00:00
401860903,2026,7,margin,5.431,10.421,2f5151950a0b,2026-09-27T13:55:45+00:00
401860903,2026,7,margin,-2.711,10.717,73d507ab32ad,2026-09-25T00:53:43+00:00
401860903,2026,7,total,46.262,9.165,64a8b2aa5365,2026-09-25T00:53:43+00:00
401860903,2026,7,total,45.815,9.053,d6d4061d19f7,2026-09-27T13:55:45+00:00
401860904,2026,7,margin,9.866,10.421,2f5151950a0b,2026-09-27T13:55:45+00:00
401860904,2026,7,margin,2.437,10.717,73d507ab32ad,2026-09-25T00:53:43+00:00
401860904,2026,7,total,44.799,9.165,64a8b2aa5365,2026-09-25T00:53:43+00:00
401860904,2026,7,total,47.148,9.053,d6d4061d19f7,2026-09-27T13:55:45+00:00
401860923,2026,7,margin,9.978,10.421,2f5151950a0b,2026-09-27T13:55:45+00:00
401860923,2026,7,margin,18.412,10.717,73d507ab32ad,2026-09-25T00:53:43+00:00
401860923,2026,7,total,69.609,9.165,64a8b2aa5365,2026-09-25T00:53:43+00:00
401860923,2026,7,total,70.166,9.053,d6d4061d19f7,2026-09-27T13:55:45+00:00
401862800,2026,7,margin,-4.490,10.421,2f5151950a0b,2026-09-27T13:55:45+00:00
401862800,2026,7,margin,-1.739,10.717,73d507ab32ad,2026-09-25T00:53:43+00:00
401862800,2026,7,total,53.390,9.165,64a8b2aa5365,2026-09-25T00:53:43+00:00
401862800,2026,7,total,54.579,9.053,d6d4061d19f7,2026-09-27T13:55:45+00:00
401862801,2026,7,margin,-5.804,10.421,2f5151950a0b,2026-09-27T13:55:45+00:00
401862801,2026,7,margin,-0.174,10.717,73d507ab32ad,2026-09-25T00:53:43+00:00
401862801,2026,7,total,58.444,9.165,64a8b2aa5365,2026-09-25T00:53:43+00:00
401862801,2026,7,total,56.968,9.053,d6d4061d19f7,2026-09-27T13:55:45+00:00
401862802,2026,7,margin,9.163,10.421,2f5151950a0b,2026-09-27T13:55:45+00:00
401862802,2026,7,margin,9.547,10.717,73d507ab32ad,2026-09-25T00:53:43+00:00
401862802,2026,7,total,56.874,9.165,64a8b2aa5365,2026-09-25T00:53:43+00:00
401862802,2026,7,total,55.673,9.053,d6d4061d19f7,2026-09-27T13:55:45+00:00
401862803,2026,7,margin,17.055,10.421,2f5151950a0b,2026-09-27T13:55:45+00:00
401862803,2026,7,margin,18.225,10.717,73d507ab32ad,2026-09-25T00:53:43+00:00
401862803,2026,7,total,53.941,9.165,64a8b2aa5365,2026-09-25T00:53:43+00:00
401862803,2026,7,total,54.106,9.053,d6d4061d19f7,2026-09-27T13:55:45+00:00
401862804,2026,7,margin,-2.318,10.421,2f5151950a0b,2026-09-27T13:55:45+00:00
401862804,2026,7,margin,4.842,10.717,73d507ab32ad,2026-09-25T00:53:43+00:00
401862804,2026,7,total,54.125,9.165,64a8b2aa5365,2026-09-25T00:53:43+00:00
401862804,2026,7,total,54.808,9.053,d6d4061d19f7,2026-09-27T13:55:45+00:00
401862805,2026,7,margin,-3.100,10.421,2f5151950a0b,2026-09-27T13:55:45+00:00
401862805,2026,7,margin,-2.004,10.717,73d507ab32ad,2026-09-25T00:53:43+00:00
401862805,2026,7,total,47.264,9.165,64a8b2aa5365,2026-09-25T00:53:43+00:00
401862805,2026,7,total,48.444,9.053,d6d4061d19f7,2026-09-27T13:55:45+00:00
401862806,2026,7,margin,24.407,10.421,2f5151950a0b,2026-09-27T13:55:45+00:00
401862806,2026,7,margin,18.835,10.717,73d507ab32ad,2026-09-25T00:53:43+00:00
401862806,2026,7,total,57.100,9.165,64a8b2aa5365,2026-09-25T00:53:43+00:00
401862806,2026,7,total,52.673,9.053,d6d4061d19f7,2026-09-27T13:55:45+00:00
401864520,2026,7,margin,14.767,10.421,2f5151950a0b,2026-09-27T13:55:45+00:00
401864520,2026,7,margin,14.358,10.717,73d507ab32ad,2026-09-25T00:53:43+00:00
401864520,2026,7,total,50.371,9.165,64a8b2aa5365,2026-09-25T00:53:43+00:00
401864520,2026,7,total,50.917,9.053,d6d4061d19f7,2026-09-27T13:55:45+00:00
401864521,2026,7,margin,-6.233,10.421,2f5151950a0b,2026-09-27T13:55:45+00:00
401864521,2026,7,margin,-5.288,10.717,73d507ab32ad,2026-09-25T00:53:43+00:00
401864521,2026,7,total,47.173,9.165,64a8b2aa5365,2026-09-25T00:53:43+00:00
401864521,2026,7,total,47.771,9.053,d6d4061d19f7,2026-09-27T13:55:45+00:00
401864522,2026,7,margin,2.644,10.421,2f5151950a0b,2026-09-27T13:55:45+00:00
401864522,2026,7,margin,2.788,10.717,73d507ab32ad,2026-09-25T00:53:43+00:00
401864522,2026,7,total,48.308,9.165,64a8b2aa5365,2026-09-25T00:53:43+00:00
401864522,2026,7,total,47.833,9.053,d6d4061d19f7,2026-09-27T13:55:45+00:00
401864523,2026,7,margin,-4.191,10.421,2f5151950a0b,2026-09-27T13:55:45+00:00
401864523,2026,7,margin,-0.813,10.717,73d507ab32ad,2026-09-25T00:53:43+00:00
401864523,2026,7,total,53.538,9.165,64a8b2aa5365,2026-09-25T00:53:43+00:00
401864523,2026,7,total,53.188,9.053,d6d4061d19f7,2026-09-27T13:55:45+00:00
401864524,2026,7,margin,4.886,10.421,2f5151950a0b,2026-09-27T13:55:45+00:00
401864524,2026,7,margin,4.360,10.717,73d507ab32ad,2026-09-25T00:53:43+00:00
401864524,2026,7,total,50.722,9.165,64a8b2aa5365,2026-09-25T00:53:43+00:00
401864524,2026,7,total,50.232,9.053,d6d4061d19f7,2026-09-27T13:55:45+00:00
401866441,2026,7,margin,1.699,10.421,2f5151950a0b,2026-09-27T13:55:45+00:00
401866441,2026,7,margin,6.115,10.717,73d507ab32ad,2026-09-25T00:53:43+00:00
401866441,2026,7,total,47.026,9.165,64a8b2aa5365,2026-09-25T00:53:43+00:00
401866441,2026,7,total,44.156,9.053,d6d4061d19f7,2026-09-27T13:55:45+00:00
401866442,2026,7,margin,2.453,10.421,2f5151950a0b,2026-09-27T13:55:45+00:00
401866442,2026,7,margin,7.412,10.717,73d507ab32ad,2026-09-25T00:53:43+00:00
401866442,2026,7,total,50.348,9.165,64a8b2aa5365,2026-09-25T00:53:43+00:00
401866442,2026,7,total,48.260,9.053,d6d4061d19f7,2026-09-27T13:55:45+00:00
401866443,2026,7,margin,-1.751,10.421,2f5151950a0b,2026-09-27T13:55:45+00:00
401866443,2026,7,margin,-4.962,10.717,73d507ab32ad,2026-09-25T00:53:43+00:00
401866443,2026,7,total,37.895,9.165,64a8b2aa5365,2026-09-25T00:53:43+00:00
401866443,2026,7,total,40.113,9.053,d6d4061d19f7,2026-09-27T13:55:45+00:00
401866444,2026,7,margin,-16.140,10.421,2f5151950a0b,2026-09-27T13:55:45+00:00
401866444,2026,7,margin,-18.317,10.717,73d507ab32ad,2026-09-25T00:53:43+00:00
401866444,2026,7,total,53.413,9.165,64a8b2aa5365,2026-09-25T00:53:43+00:00
401866444,2026,7,total,49.903,9.053,d6d4061d19f7,2026-09-27T13:55:45+00:00
401866445,2026,7,margin,-11.570,10.421,2f5151950a0b,2026-09-27T13:55:45+00:00
401866445,2026,7,margin,-9.703,10.717,73d507ab32ad,2026-09-25T00:53:43+00:00
401866445,2026,7,total,51.291,9.165,64a8b2aa5365,2026-09-25T00:53:43+00:00
401866445,2026,7,total,51.625,9.053,d6d4061d19f7,2026-09-27T13:55:45+00:00
401866478,2026,7,margin,10.463,10.421,2f5151950a0b,2026-09-27T13:55:45+00:00
401866478,2026,7,margin,9.907,10.717,73d507ab32ad,2026-09-25T00:53:43+00:00
401866478,2026,7,total,51.616,9.165,64a8b2aa5365,2026-09-25T00:53:43+00:00
401866478,2026,7,total,51.363,9.053,d6d4061d19f7,2026-09-27T13:55:45+00:00
401869844,2026,7,margin,-5.930,10.421,2f5151950a0b,2026-09-27T13:55:45+00:00
401869844,2026,7,margin,2.973,10.717,73d507ab32ad,2026-09-25T00:53:43+00:00
401869844,2026,7,total,55.087,9.165,64a8b2aa5365,2026-09-25T00:53:43+00:00
401869844,2026,7,total,55.765,9.053,d6d4061d19f7,2026-09-27T13:55:45+00:00
401869934,2026,7,margin,1.369,10.421,2f5151950a0b,2026-09-27T13:55:45+00:00
401869934,2026,7,margin,-5.214,10.717,73d507ab32ad,2026-09-25T00:53:43+00:00
401869934,2026,7,total,56.454,9.165,64a8b2aa5365,2026-09-25T00:53:43+00:00
401869934,2026,7,total,54.418,9.053,d6d4061d19f7,2026-09-27T13:55:45+00:00
401869950,2026,7,margin,6.171,10.421,2f5151950a0b,2026-09-27T13:55:45+00:00
401869950,2026,7,margin,6.741,10.717,73d507ab32ad,2026-09-25T00:53:43+00:00
401869950,2026,7,total,48.373,9.165,64a8b2aa5365,2026-09-25T00:53:43+00:00
401869950,2026,7,total,50.582,9.053,d6d4061d19f7,2026-09-27T13:55:45+00:00
401869957,2026,7,margin,12.801,10.421,2f5151950a0b,2026-09-27T13:55:45+00:00
401869957,2026,7,margin,6.478,10.717,73d507ab32ad,2026-09-25T00:53:43+00:00
401869957,2026,7,total,55.932,9.165,64a8b2aa5365,2026-09-25T00:53:43+00:00
401869957,2026,7,total,54.633,9.053,d6d4061d19f7,2026-09-27T13:55:45+00:00
401869966,2026,7,margin,2.083,10.421,2f5151950a0b,2026-09-27T13:55:45+00:00
401869966,2026,7,margin,2.813,10.717,73d507ab32ad,2026-09-25T00:53:43+00:00
401869966,2026,7,total,46.353,9.165,64a8b2aa5365,2026-09-25T00:53:43+00:00
401869966,2026,7,total,43.413,9.053,d6d4061d19f7,2026-09-27T13:55:45+00:00
401871053,2026,7,margin,6.032,10.421,2f5151950a0b,2026-09-27T13:55:45+00:00
401871053,2026,7,margin,4.640,10.717,73d507ab32ad,2026-09-25T00:53:43+00:00
401871053,2026,7,total,51.354,9.165,64a8b2aa5365,2026-09-25T00:53:43+00:00
401871053,2026,7,total,50.823,9.053,d6d4061d19f7,2026-09-27T13:55:45+00:00
401871054,2026,7,margin,1.868,10.421,2f5151950a0b,2026-09-27T13:55:45+00:00
401871054,2026,7,margin,1.891,10.717,73d507ab32ad,2026-09-25T00:53:43+00:00
401871054,2026,7,total,58.187,9.165,64a8b2aa5365,2026-09-25T00:53:43+00:00
401871054,2026,7,total,55.836,9.053,d6d4061d19f7,2026-09-27T13:55:45+00:00
401871067,2026,7,margin,-0.715,10.421,2f5151950a0b,2026-09-27T13:55:45+00:00
401871067,2026,7,margin,-1.724,10.717,73d507ab32ad,2026-09-25T00:53:43+00:00
401871067,2026,7,total,53.027,9.165,64a8b2aa5365,2026-09-25T00:53:43+00:00
401871067,2026,7,total,52.416,9.053,d6d4061d19f7,2026-09-27T13:55:45+00:00
401871068,2026,7,margin,-2.147,10.421,2f5151950a0b,2026-09-27T13:55:45+00:00
401871068,2026,7,margin,-5.118,10.717,73d507ab32ad,2026-09-25T00:53:43+00:00
401871068,2026,7,total,56.360,9.165,64a8b2aa5365,2026-09-25T00:53:43+00:00
401871068,2026,7,total,57.412,9.053,d6d4061d19f7,2026-09-27T13:55:45+00:00
401871091,2026,7,margin,-4.409,10.421,2f5151950a0b,2026-09-27T13:55:45+00:00
401871091,2026,7,margin,-1.942,10.717,73d507ab32ad,2026-09-25T00:53:43+00:00
401871091,2026,7,total,48.931,9.165,64a8b2aa5365,2026-09-25T00:53:43+00:00
401871091,2026,7,total,50.127,9.053,d6d4061d19f7,2026-09-27T13:55:45+00:00
401856727,2026,8,margin,8.959,10.421,2f5151950a0b,2026-09-27T13:55:45+00:00
401856727,2026,8,margin,13.339,10.717,73d507ab32ad,2026-09-25T00:53:43+00:00
401856727,2026,8,total,50.208,9.165,64a8b2aa5365,2026-09-25T00:53:43+00:00
401856727,2026,8,total,50.751,9.053,d6d4061d19f7,2026-09-27T13:55:45+00:00
401856728,2026,8,margin,-12.151,10.421,2f5151950a0b,2026-09-27T13:55:45+00:00
401856728,2026,8,margin,-10.708,10.717,73d507ab32ad,2026-09-25T00:53:43+00:00
401856728,2026,8,total,47.364,9.165,64a8b2aa5365,2026-09-25T00:53:43+00:00
401856728,2026,8,total,46.679,9.053,d6d4061d19f7,2026-09-27T13:55:45+00:00
401856729,2026,8,margin,-2.814,10.421,2f5151950a0b,2026-09-27T13:55:45+00:00
401856729,2026,8,margin,0.181,10.717,73d507ab32ad,2026-09-25T00:53:43+00:00
401856729,2026,8,total,52.044,9.165,64a8b2aa5365,2026-09-25T00:53:43+00:00
401856729,2026,8,total,51.064,9.053,d6d4061d19f7,2026-09-27T13:55:45+00:00
401856730,2026,8,margin,-1.029,10.421,2f5151950a0b,2026-09-27T13:55:45+00:00
401856730,2026,8,margin,1.798,10.717,73d507ab32ad,2026-09-25T00:53:43+00:00
401856730,2026,8,total,50.260,9.165,64a8b2aa5365,2026-09-25T00:53:43+00:00
401856730,2026,8,total,49.682,9.053,d6d4061d19f7,2026-09-27T13:55:45+00:00
401856731,2026,8,margin,-9.532,10.421,2f5151950a0b,2026-09-27T13:55:45+00:00
401856731,2026,8,margin,-12.237,10.717,73d507ab32ad,2026-09-25T00:53:43+00:00
401856731,2026,8,total,54.893,9.165,64a8b2aa5365,2026-09-25T00:53:43+00:00
401856731,2026,8,total,55.244,9.053,d6d4061d19f7,2026-09-27T13:55:45+00:00
401856732,2026,8,margin,6.161,10.421,2f5151950a0b,2026-09-27T13:55:45+00:00
401856732,2026,8,margin,5.549,10.717,73d507ab32ad,2026-09-25T00:53:43+00:00
401856732,2026,8,total,57.277,9.165,64a8b2aa5365,2026-09-25T00:53:43+00:00
401856732,2026,8,total,53.421,9.053,d6d4061d19f7,2026-09-27T13:55:45+00:00
401856834,2026,8,margin,9.418,10.421,2f5151950a0b,2026-09-27T13:55:45+00:00
401856834,2026,8,margin,4.462,10.717,73d507ab32ad,2026-09-25T00:53:43+00:00
401856834,2026,8,total,61.071,9.165,64a8b2aa5365,2026-09-25T00:53:43+00:00
401856834,2026,8,total,59.542,9.053,d6d4061d19f7,2026-09-27T13:55:45+00:00
401856835,2026,8,margin,-15.220,10.421,2f5151950a0b,2026-09-27T13:55:45+00:00
401856835,2026,8,margin,-12.474,10.717,73d507ab32ad,2026-09-25T00:53:43+00:00
401856835,2026,8,total,52.093,9.165,64a8b2aa5365,2026-09-25T00:53:43+00:00
401856835,2026,8,total,50.314,9.053,d6d4061d19f7,2026-09-27T13:55:45+00:00
401856836,2026,8,margin,-7.222,10.421,2f5151950a0b,2026-09-27T13:55:45+00:00
401856836,2026,8,margin,-3.486,10.717,73d507ab32ad,2026-09-25T00:53:43+00:00
401856836,2026,8,total,54.965,9.165,64a8b2aa5365,2026-09-25T00:53:43+00:00
401856836,2026,8,total,52.571,9.053,d6d4061d19f7,2026-09-27T13:55:45+00:00
401856837,2026,8,margin,10.266,10.421,2f5151950a0b,2026-09-27T13:55:45+00:00
401856837,2026,8,margin,10.523,10.717,73d507ab32ad,2026-09-25T00:53:43+00:00
401856837,2026,8,total,54.408,9.165,64a8b2aa5365,2026-09-25T00:53:43+00:00
401856837,2026,8,total,55.697,9.053,d6d4061d19f7,2026-09-27T13:55:45+00:00
401856838,2026,8,margin,8.297,10.421,2f5151950a0b,2026-09-27T13:55:45+00:00
401856838,2026,8,margin,4.114,10.717,73d507ab32ad,2026-09-25T00:53:43+00:00
401856838,2026,8,total,49.005,9.165,64a8b2aa5365,2026-09-25T00:53:43+00:00
401856838,2026,8,total,49.544,9.053,d6d4061d19f7,2026-09-27T13:55:45+00:00
401856839,2026,8,margin,3.488,10.421,2f5151950a0b,2026-09-27T13:55:45+00:00
401856839,2026,8,margin,3.966,10.717,73d507ab32ad,2026-09-25T00:53:43+00:00
401856839,2026,8,total,50.313,9.165,64a8b2aa5365,2026-09-25T00:53:43+00:00
401856839,2026,8,total,50.952,9.053,d6d4061d19f7,2026-09-27T13:55:45+00:00
401856840,2026,8,margin,-5.298,10.421,2f5151950a0b,2026-09-27T13:55:45+00:00
401856840,2026,8,margin,-6.840,10.717,73d507ab32ad,2026-09-25T00:53:43+00:00
401856840,2026,8,total,57.311,9.165,64a8b2aa5365,2026-09-25T00:53:43+00:00
401856840,2026,8,total,58.507,9.053,d6d4061d19f7,2026-09-27T13:55:45+00:00
401856841,2026,8,margin,5.634,10.421,2f5151950a0b,2026-09-27T13:55:45+00:00
401856841,2026,8,margin,3.537,10.717,73d507ab32ad,2026-09-25T00:53:43+00:00
401856841,2026,8,total,56.986,9.165,64a8b2aa5365,2026-09-25T00:53:43+00:00
401856841,2026,8,total,55.503,9.053,d6d4061d19f7,2026-09-27T13:55:45+00:00
401858270,2026,8,margin,21.583,10.421,2f5151950a0b,2026-09-27T13:55:45+00:00
401858270,2026,8,margin,22.064,10.717,73d507ab32ad,2026-09-25T00:53:43+00:00
401858270,2026,8,total,54.892,9.165,64a8b2aa5365,2026-09-25T00:53:43+00:00
401858270,2026,8,total,54.134,9.053,d6d4061d19f7,2026-09-27T13:55:45+00:00
401858271,2026,8,margin,6.032,10.421,2f5151950a0b,2026-09-27T13:55:45+00:00
401858271,2026,8,margin,4.463,10.717,73d507ab32ad,2026-09-25T00:53:43+00:00
401858271,2026,8,total,45.588,9.165,64a8b2aa5365,2026-09-25T00:53:43+00:00
401858271,2026,8,total,44.769,9.053,d6d4061d19f7,2026-09-27T13:55:45+00:00
401858272,2026,8,margin,-9.314,10.421,2f5151950a0b,2026-09-27T13:55:45+00:00
401858272,2026,8,margin,-10.350,10.717,73d507ab32ad,2026-09-25T00:53:43+00:00
401858272,2026,8,total,53.416,9.165,64a8b2aa5365,2026-09-25T00:53:43+00:00
401858272,2026,8,total,53.742,9.053,d6d4061d19f7,2026-09-27T13:55:45+00:00
401858273,2026,8,margin,10.644,10.421,2f5151950a0b,2026-09-27T13:55:45+00:00
401858273,2026,8,margin,9.820,10.717,73d507ab32ad,2026-09-25T00:53:43+00:00
401858273,2026,8,total,54.089,9.165,64a8b2aa5365,2026-09-25T00:53:43+00:00
401858273,2026,8,total,53.099,9.053,d6d4061d19f7,2026-09-27T13:55:45+00:00
401858274,2026,8,margin,23.969,10.421,2f5151950a0b,2026-09-27T13:55:45+00:00
401858274,2026,8,margin,26.329,10.717,73d507ab32ad,2026-09-25T00:53:43+00:00
401858274,2026,8,total,50.456,9.165,64a8b2aa5365,2026-09-25T00:53:43+00:00
401858274,2026,8,total,50.788,9.053,d6d4061d19f7,2026-09-27T13:55:45+00:00
401858275,2026,8,margin,10.509,10.421,2f5151950a0b,2026-09-27T13:55:45+00:00
401858275,2026,8,margin,9.909,10.717,73d507ab32ad,2026-09-25T00:53:43+00:00
401858275,2026,8,total,50.895,9.165,64a8b2aa5365,2026-09-25T00:53:43+00:00
401858275,2026,8,total,50.567,9.053,d6d4061d19f7,2026-09-27T13:55:45+00:00
401858276,2026,8,margin,1.138,10.421,2f5151950a0b,2026-09-27T13:55:45+00:00
401858276,2026,8,margin,0.457,10.717,73d507ab32ad,2026-09-25T00:53:43+00:00
401858276,2026,8,total,49.227,9.165,64a8b2aa5365,2026-09-25T00:53:43+00:00
401858276,2026,8,total,45.967,9.053,d6d4061d19f7,2026-09-27T13:55:45+00:00
401858495,2026,8,margin,-13.034,10.421,2f5151950a0b,2026-09-27T13:55:45+00:00
401858495,2026,8,margin,-11.996,10.717,73d507ab32ad,2026-09-25T00:53:43+00:00
401858495,2026,8,total,56.286,9.165,64a8b2aa5365,2026-09-25T00:53:43+00:00
401858495,2026,8,total,55.929,9.053,d6d4061d19f7,2026-09-27T13:55:45+00:00
401858496,2026,8,margin,-1.696,10.421,2f5151950a0b,2026-09-27T13:55:45+00:00
401858496,2026,8,margin,-6.680,10.717,73d507ab32ad,2026-09-25T00:53:43+00:00
401858496,2026,8,total,48.605,9.165,64a8b2aa5365,2026-09-25T00:53:43+00:00
401858496,2026,8,total,46.752,9.053,d6d4061d19f7,2026-09-27T13:55:45+00:00
401858497,2026,8,margin,-14.625,10.421,2f5151950a0b,2026-09-27T13:55:45+00:00
401858497,2026,8,margin,-17.628,10.717,73d507ab32ad,2026-09-25T00:53:43+00:00
401858497,2026,8,total,46.972,9.165,64a8b2aa5365,2026-09-25T00:53:43+00:00
401858497,2026,8,total,44.935,9.053,d6d4061d19f7,2026-09-27T13:55:45+00:00
401858498,2026,8,margin,9.542,10.421,2f5151950a0b,2026-09-27T13:55:45+00:00
401858498,2026,8,margin,4.197,10.717,73d507ab32ad,2026-09-25T00:53:43+00:00
401858498,2026,8,total,57.126,9.165,64a8b2aa5365,2026-09-25T00:53:43+00:00
401858498,2026,8,total,57.815,9.053,d6d4061d19f7,2026-09-27T13:55:45+00:00
401858499,2026,8,margin,9.164,10.421,2f5151950a0b,2026-09-27T13:55:45+00:00
401858499,2026,8,margin,8.325,10.717,73d507ab32ad,2026-09-25T00:53:43+00:00
401858499,2026,8,total,51.526,9.165,64a8b2aa5365,2026-09-25T00:53:43+00:00
401858499,2026,8,total,49.514,9.053,d6d4061d19f7,2026-09-27T13:55:45+00:00
401858500,2026,8,margin,-1.088,10.421,2f5151950a0b,2026-09-27T13:55:45+00:00
401858500,2026,8,margin,-8.684,10.717,73d507ab32ad,2026-09-25T00:53:43+00:00
401858500,2026,8,total,51.734,9.165,64a8b2aa5365,2026-09-25T00:53:43+00:00
401858500,2026,8,total,50.811,9.053,d6d4061d19f7,2026-09-27T13:55:45+00:00
401860905,2026,8,margin,-1.750,10.421,2f5151950a0b,2026-09-27T13:55:45+00:00
401860905,2026,8,margin,-6.315,10.717,73d507ab32ad,2026-09-25T00:53:43+00:00
401860905,2026,8,total,57.308,9.165,64a8b2aa5365,2026-09-25T00:53:43+00:00
401860905,2026,8,total,57.946,9.053,d6d4061d19f7,2026-09-27T13:55:45+00:00
401860906,2026,8,margin,7.452,10.421,2f5151950a0b,2026-09-27T13:55:45+00:00
401860906,2026,8,margin,5.456,10.717,73d507ab32ad,2026-09-25T00:53:43+00:00
401860906,2026,8,total,59.800,9.165,64a8b2aa5365,2026-09-25T00:53:43+00:00
401860906,2026,8,total,59.638,9.053,d6d4061d19f7,2026-09-27T13:55:45+00:00
401860907,2026,8,margin,-3.984,10.421,2f5151950a0b,2026-09-27T13:55:45+00:00
401860907,2026,8,margin,3.887,10.717,73d507ab32ad,2026-09-25T00:53:43+00:00
401860907,2026,8,total,46.474,9.165,64a8b2aa5365,2026-09-25T00:53:43+00:00
401860907,2026,8,total,46.362,9.053,d6d4061d19f7,2026-09-27T13:55:45+00:00
401861965,2026,8,margin,16.653,10.421,2f5151950a0b,2026-09-27T13:55:45+00:00
401861965,2026,8,margin,17.872,10.717,73d507ab32ad,2026-09-25T00:53:43+00:00
401861965,2026,8,total,54.598,9.165,64a8b2aa5365,2026-09-25T00:53:43+00:00
401861965,2026,8,total,52.150,9.053,d6d4061d19f7,2026-09-27T13:55:45+00:00
401862807,2026,8,margin,2.774,10.421,2f5151950a0b,2026-09-27T13:55:45+00:00
401862807,2026,8,margin,3.497,10.717,73d507ab32ad,2026-09-25T00:53:43+00:00
401862807,2026,8,total,58.753,9.165,64a8b2aa5365,2026-09-25T00:53:43+00:00
401862807,2026,8,total,59.896,9.053,d6d4061d19f7,2026-09-27T13:55:45+00:00
401862808,2026,8,margin,-0.907,10.421,2f5151950a0b,2026-09-27T13:55:45+00:00
401862808,2026,8,margin,-3.176,10.717,73d507ab32ad,2026-09-25T00:53:43+00:00
401862808,2026,8,total,48.764,9.165,64a8b2aa5365,2026-09-25T00:53:43+00:00
401862808,2026,8,total,46.620,9.053,d6d4061d19f7,2026-09-27T13:55:45+00:00
401862809,2026,8,margin,3.991,10.421,2f5151950a0b,2026-09-27T13:55:45+00:00
401862809,2026,8,margin,4.991,10.717,73d507ab32ad,2026-09-25T00:53:43+00:00
401862809,2026,8,total,55.373,9.165,64a8b2aa5365,2026-09-25T00:53:43+00:00
401862809,2026,8,total,57.497,9.053,d6d4061d19f7,2026-09-27T13:55:45+00:00
401862810,2026,8,margin,3.519,10.421,2f5151950a0b,2026-09-27T13:55:45+00:00
401862810,2026,8,margin,1.352,10.717,73d507ab32ad,2026-09-25T00:53:43+00:00
401862810,2026,8,total,61.687,9.165,64a8b2aa5365,2026-09-25T00:53:43+00:00
401862810,2026,8,total,62.512,9.053,d6d4061d19f7,2026-09-27T13:55:45+00:00
401862811,2026,8,margin,-5.714,10.421,2f5151950a0b,2026-09-27T13:55:45+00:00
401862811,2026,8,margin,-6.517,10.717,73d507ab32ad,2026-09-25T00:53:43+00:00
401862811,2026,8,total,51.279,9.165,64a8b2aa5365,2026-09-25T00:53:43+00:00
401862811,2026,8,total,52.383,9.053,d6d4061d19f7,2026-09-27T13:55:45+00:00
401864525,2026,8,margin,-8.259,10.421,2f5151950a0b,2026-09-27T13:55:45+00:00
401864525,2026,8,margin,-8.475,10.717,73d507ab32ad,2026-09-25T00:53:43+00:00
401864525,2026,8,total,47.455,9.165,64a8b2aa5365,2026-09-25T00:53:43+00:00
401864525,2026,8,total,46.440,9.053,d6d4061d19f7,2026-09-27T13:55:45+00:00
401864526,2026,8,margin,2.684,10.421,2f5151950a0b,2026-09-27T13:55:45+00:00
401864526,2026,8,margin,1.282,10.717,73d507ab32ad,2026-09-25T00:53:43+00:00
401864526,2026,8,total,51.227,9.165,64a8b2aa5365,2026-09-25T00:53:43+00:00
401864526,2026,8,total,51.871,9.053,d6d4061d19f7,2026-09-27T13:55:45+00:00
401864527,2026,8,margin,1.641,10.421,2f5151950a0b,2026-09-27T13:55:45+00:00
401864527,2026,8,margin,-0.114,10.717,73d507ab32ad,2026-09-25T00:53:43+00:00
401864527,2026,8,total,48.408,9.165,64a8b2aa5365,2026-09-25T00:53:43+00:00
401864527,2026,8,total,48.475,9.053,d6d4061d19f7,2026-09-27T13:55:45+00:00
401864528,2026,8,margin,-2.566,10.421,2f5151950a0b,2026-09-27T13:55:45+00:00
401864528,2026,8,margin,-1.938,10.717,73d507ab32ad,2026-09-25T00:53:43+00:00
401864528,2026,8,total,50.457,9.165,64a8b2aa5365,2026-09-25T00:53:43+00:00
401864528,2026,8,total,51.035,9.053,d6d4061d19f7,2026-09-27T13:55:45+00:00
401866446,2026,8,margin,-5.512,10.421,2f5151950a0b,2026-09-27T13:55:45+00:00
401866446,2026,8,margin,-4.432,10.717,73d507ab32ad,2026-09-25T00:53:43+00:00
401866446,2026,8,total,51.996,9.165,64a8b2aa5365,2026-09-25T00:53:43+00:00
401866446,2026,8,total,51.342,9.053,d6d4061d19f7,2026-09-27T13:55:45+00:00
401866447,2026,8,margin,5.378,10.421,2f5151950a0b,2026-09-27T13:55:45+00:00
401866447,2026,8,margin,1.756,10.717,73d507ab32ad,2026-09-25T00:53:43+00:00
401866447,2026,8,total,49.669,9.165,64a8b2aa5365,2026-09-25T00:53:43+00:00
401866447,2026,8,total,49.573,9.053,d6d4061d19f7,2026-09-27T13:55:45+00:00
401866448,2026,8,margin,0.770,10.421,2f5151950a0b,2026-09-27T13:55:45+00:00
401866448,2026,8,margin,1.467,10.717,73d507ab32ad,2026-09-25T00:53:43+00:00
401866448,2026,8,total,45.676,9.165,64a8b2aa5365,2026-09-25T00:53:43+00:00
401866448,2026,8,total,43.016,9.053,d6d4061d19f7,2026-09-27T13:55:45+00:00
401866449,2026,8,margin,14.676,10.421,2f5151950a0b,2026-09-27T13:55:45+00:00
401866449,2026,8,margin,16.375,10.717,73d507ab32ad,2026-09-25T00:53:43+00:00
401866449,2026,8,total,52.803,9.165,64a8b2aa5365,2026-09-25T00:53:43+00:00
401866449,2026,8,total,50.475,9.053,d6d4061d19f7,2026-09-27T13:55:45+00:00
401866450,2026,8,margin,9.762,10.421,2f5151950a0b,2026-09-27T13:55:45+00:00
401866450,2026,8,margin,8.438,10.717,73d507ab32ad,2026-09-25T00:53:43+00:00
401866450,2026,8,total,46.449,9.165,64a8b2aa5365,2026-09-25T00:53:43+00:00
401866450,2026,8,total,46.177,9.053,d6d4061d19f7,2026-09-27T13:55:45+00:00
401866476,2026,8,margin,-2.880,10.421,2f5151950a0b,2026-09-27T13:55:45+00:00
401866476,2026,8,margin,-5.617,10.717,73d507ab32ad,2026-09-25T00:53:43+00:00
401866476,2026,8,total,43.526,9.165,64a8b2aa5365,2026-09-25T00:53:43+00:00
401866476,2026,8,total,43.842,9.053,d6d4061d19f7,2026-09-27T13:55:45+00:00
401869845,2026,8,margin,-6.339,10.421,2f5151950a0b,2026-09-27T13:55:45+00:00
401869845,2026,8,margin,-4.575,10.717,73d507ab32ad,2026-09-25T00:53:43+00:00
401869845,2026,8,total,50.638,9.165,64a8b2aa5365,2026-09-25T00:53:43+00:00
401869845,2026,8,total,49.980,9.053,d6d4061d19f7,2026-09-27T13:55:45+00:00
401869935,2026,8,margin,0.286,10.421,2f5151950a0b,2026-09-27T13:55:45+00:00
401869935,2026,8,margin,0.159,10.717,73d507ab32ad,2026-09-25T00:53:43+00:00
401869935,2026,8,total,56.820,9.165,64a8b2aa5365,2026-09-25T00:53:43+00:00
401869935,2026,8,total,56.063,9.053,d6d4061d19f7,2026-09-27T13:55:45+00:00
401869967,2026,8,margin,1.832,10.421,2f5151950a0b,2026-09-27T13:55:45+00:00
401869967,2026,8,margin,-0.548,10.717,73d507ab32ad,2026-09-25T00:53:43+00:00
401869967,2026,8,total,51.423,9.165,64a8b2aa5365,2026-09-25T00:53:43+00:00
401869967,2026,8,total,46.968,9.053,d6d4061d19f7,2026-09-27T13:55:45+00:00
401871055,2026,8,margin,5.641,10.421,2f5151950a0b,2026-09-27T13:55:45+00:00
401871055,2026,8,margin,7.988,10.717,73d507ab32ad,2026-09-25T00:53:43+00:00
401871055,2026,8,total,48.597,9.165,64a8b2aa5365,2026-09-25T00:53:43+00:00
401871055,2026,8,total,48.101,9.053,d6d4061d19f7,2026-09-27T13:55:45+00:00
401871056,2026,8,margin,-3.679,10.421,2f5151950a0b,2026-09-27T13:55:45+00:00
401871056,2026,8,margin,1.131,10.717,73d507ab32ad,2026-09-25T00:53:43+00:00
401871056,2026,8,total,52.999,9.165,64a8b2aa5365,2026-09-25T00:53:43+00:00
401871056,2026,8,total,51.853,9.053,d6d4061d19f7,2026-09-27T13:55:45+00:00
401871069,2026,8,margin,-0.787,10.421,2f5151950a0b,2026-09-27T13:55:45+00:00
401871069,2026,8,margin,1.783,10.717,73d507ab32ad,2026-09-25T00:53:43+00:00
401871069,2026,8,total,56.812,9.165,64a8b2aa5365,2026-09-25T00:53:43+00:00
401871069,2026,8,total,55.069,9.053,d6d4061d19f7,2026-09-27T13:55:45+00:00
401871070,2026,8,margin,0.344,10.421,2f5151950a0b,2026-09-27T13:55:45+00:00
401871070,2026,8,margin,-4.059,10.717,73d507ab32ad,2026-09-25T00:53:43+00:00
401871070,2026,8,total,53.272,9.165,64a8b2aa5365,2026-09-25T00:53:43+00:00
401871070,2026,8,total,55.417,9.053,d6d4061d19f7,2026-09-27T13:55:45+00:00
401871092,2026,8,margin,2.741,10.421,2f5151950a0b,2026-09-27T13:55:45+00:00
401871092,2026,8,margin,5.529,10.717,73d507ab32ad,2026-09-25T00:53:43+00:00
401871092,2026,8,total,54.947,9.165,64a8b2aa5365,2026-09-25T00:53:43+00:00
401871092,2026,8,total,57.495,9.053,d6d4061d19f7,2026-09-27T13:55:45+00:00
401871093,2026,8,margin,-4.663,10.421,2f5151950a0b,2026-09-27T13:55:45+00:00
401871093,2026,8,margin,-3.966,10.717,73d507ab32ad,2026-09-25T00:53:43+00:00
401871093,2026,8,total,47.288,9.165,64a8b2aa5365,2026-09-25T00:53:43+00:00
401871093,2026,8,total,47.473,9.053,d6d4061d19f7,2026-09-27T13:55:45+00:00
401871094,2026,8,margin,6.288,10.421,2f5151950a0b,2026-09-27T13:55:45+00:00
401871094,2026,8,margin,0.038,10.717,73d507ab32ad,2026-09-25T00:53:43+00:00
401871094,2026,8,total,50.608,9.165,64a8b2aa5365,2026-09-25T00:53:43+00:00
401871094,2026,8,total,51.508,9.053,d6d4061d19f7,2026-09-27T13:55:45+00:00
401856733,2026,9,margin,-5.664,10.421,2f5151950a0b,2026-09-27T13:55:45+00:00
401856733,2026,9,margin,-0.530,10.717,73d507ab32ad,2026-09-25T00:53:43+00:00
401856733,2026,9,total,53.295,9.165,64a8b2aa5365,2026-09-25T00:53:43+00:00
401856733,2026,9,total,50.860,9.053,d6d4061d19f7,2026-09-27T13:55:45+00:00
401856734,2026,9,margin,15.772,10.421,2f5151950a0b,2026-09-27T13:55:45+00:00
401856734,2026,9,margin,18.074,10.717,73d507ab32ad,2026-09-25T00:53:43+00:00
401856734,2026,9,total,51.223,9.165,64a8b2aa5365,2026-09-25T00:53:43+00:00
401856734,2026,9,total,50.792,9.053,d6d4061d19f7,2026-09-27T13:55:45+00:00
401856735,2026,9,margin,10.681,10.421,2f5151950a0b,2026-09-27T13:55:45+00:00
401856735,2026,9,margin,8.173,10.717,73d507ab32ad,2026-09-25T00:53:43+00:00
401856735,2026,9,total,59.646,9.165,64a8b2aa5365,2026-09-25T00:53:43+00:00
401856735,2026,9,total,58.769,9.053,d6d4061d19f7,2026-09-27T13:55:45+00:00
401856736,2026,9,margin,18.911,10.421,2f5151950a0b,2026-09-27T13:55:45+00:00
401856736,2026,9,margin,18.328,10.717,73d507ab32ad,2026-09-25T00:53:43+00:00
401856736,2026,9,total,44.950,9.165,64a8b2aa5365,2026-09-25T00:53:43+00:00
401856736,2026,9,total,47.725,9.053,d6d4061d19f7,2026-09-27T13:55:45+00:00
401856737,2026,9,margin,7.282,10.421,2f5151950a0b,2026-09-27T13:55:45+00:00
401856737,2026,9,margin,4.566,10.717,73d507ab32ad,2026-09-25T00:53:43+00:00
401856737,2026,9,total,55.696,9.165,64a8b2aa5365,2026-09-25T00:53:43+00:00
401856737,2026,9,total,51.166,9.053,d6d4061d19f7,2026-09-27T13:55:45+00:00
401856842,2026,9,margin,-0.552,10.421,2f5151950a0b,2026-09-27T13:55:45+00:00
401856842,2026,9,margin,4.473,10.717,73d507ab32ad,2026-09-25T00:53:43+00:00
401856842,2026,9,total,50.930,9.165,64a8b2aa5365,2026-09-25T00:53:43+00:00
401856842,2026,9,total,51.667,9.053,d6d4061d19f7,2026-09-27T13:55:45+00:00
401856843,2026,9,margin,10.122,10.421,2f5151950a0b,2026-09-27T13:55:45+00:00
401856843,2026,9,margin,7.778,10.717,73d507ab32ad,2026-09-25T00:53:43+00:00
401856843,2026,9,total,53.402,9.165,64a8b2aa5365,2026-09-25T00:53:43+00:00
401856843,2026,9,total,53.066,9.053,d6d4061d19f7,2026-09-27T13:55:45+00:00
401856844,2026,9,margin,1.094,10.421,2f5151950a0b,2026-09-27T13:55:45+00:00
401856844,2026,9,margin,-1.739,10.717,73d507ab32ad,2026-09-25T00:53:43+00:00
401856844,2026,9,total,56.992,9.165,64a8b2aa5365,2026-09-25T00:53:43+00:00
401856844,2026,9,total,54.354,9.053,d6d4061d19f7,2026-09-27T13:55:45+00:00
401856845,2026,9,margin,-4.324,10.421,2f5151950a0b,2026-09-27T13:55:45+00:00
401856845,2026,9,margin,-4.752,10.717,73d507ab32ad,2026-09-25T00:53:43+00:00
401856845,2026,9,total,56.522,9.165,64a8b2aa5365,2026-09-25T00:53:43+00:00
401856845,2026,9,total,55.444,9.053,d6d4061d19f7,2026-09-27T13:55:45+00:00
401856846,2026,9,margin,0.756,10.421,2f5151950a0b,2026-09-27T13:55:45+00:00
401856846,2026,9,margin,-3.676,10.717,73d507ab32ad,2026-09-25T00:53:43+00:00
401856846,2026,9,total,53.578,9.165,64a8b2aa5365,2026-09-25T00:53:43+00:00
401856846,2026,9,total,51.667,9.053,d6d4061d19f7,2026-09-27T13:55:45+00:00
401856847,2026,9,margin,11.138,10.421,2f5151950a0b,2026-09-27T13:55:45+00:00
401856847,2026,9,margin,12.783,10.717,73d507ab32ad,2026-09-25T00:53:43+00:00
401856847,2026,9,total,48.625,9.165,64a8b2aa5365,2026-09-25T00:53:43+00:00
401856847,2026,9,total,49.586,9.053,d6d4061d19f7,2026-09-27T13:55:45+00:00
401856848,2026,9,margin,-12.228,10.421,2f5151950a0b,2026-09-27T13:55:45+00:00
401856848,2026,9,margin,-12.414,10.717,73d507ab32ad,2026-09-25T00:53:43+00:00
401856848,2026,9,total,59.348,9.165,64a8b2aa5365,2026-09-25T00:53:43+00:00
401856848,2026,9,total,59.037,9.053,d6d4061d19f7,2026-09-27T13:55:45+00:00
401858277,2026,9,margin,10.963,10.421,2f5151950a0b,2026-09-27T13:55:45+00:00
401858277,2026,9,margin,10.635,10.717,73d507ab32ad,2026-09-25T00:53:43+00:00
401858277,2026,9,total,51.362,9.165,64a8b2aa5365,2026-09-25T00:53:43+00:00
401858277,2026,9,total,50.221,9.053,d6d4061d19f7,2026-09-27T13:55:45+00:00
401858278,2026,9,margin,-15.598,10.421,2f5151950a0b,2026-09-27T13:55:45+00:00
401858278,2026,9,margin,-17.817,10.717,73d507ab32ad,2026-09-25T00:53:43+00:00
401858278,2026,9,total,57.126,9.165,64a8b2aa5365,2026-09-25T00:53:43+00:00
401858278,2026,9,total,56.789,9.053,d6d4061d19f7,2026-09-27T13:55:45+00:00
401858279,2026,9,margin,9.134,10.421,2f5151950a0b,2026-09-27T13:55:45+00:00
401858279,2026,9,margin,8.168,10.717,73d507ab32ad,2026-09-25T00:53:43+00:00
401858279,2026,9,total,48.563,9.165,64a8b2aa5365,2026-09-25T00:53:43+00:00
401858279,2026,9,total,45.974,9.053,d6d4061d19f7,2026-09-27T13:55:45+00:00
401858280,2026,9,margin,2.214,10.421,2f5151950a0b,2026-09-27T13:55:45+00:00
401858280,2026,9,margin,3.409,10.717,73d507ab32ad,2026-09-25T00:53:43+00:00
401858280,2026,9,total,51.493,9.165,64a8b2aa5365,2026-09-25T00:53:43+00:00
401858280,2026,9,total,49.013,9.053,d6d4061d19f7,2026-09-27T13:55:45+00:00
401858281,2026,9,margin,-0.141,10.421,2f5151950a0b,2026-09-27T13:55:45+00:00
401858281,2026,9,margin,-1.518,10.717,73d507ab32ad,2026-09-25T00:53:43+00:00
401858281,2026,9,total,55.108,9.165,64a8b2aa5365,2026-09-25T00:53:43+00:00
401858281,2026,9,total,56.453,9.053,d6d4061d19f7,2026-09-27T13:55:45+00:00
401858282,2026,9,margin,-14.201,10.421,2f5151950a0b,2026-09-27T13:55:45+00:00
401858282,2026,9,margin,-15.688,10.717,73d507ab32ad,2026-09-25T00:53:43+00:00
401858282,2026,9,total,47.312,9.165,64a8b2aa5365,2026-09-25T00:53:43+00:00
401858282,2026,9,total,47.667,9.053,d6d4061d19f7,2026-09-27T13:55:45+00:00
401858283,2026,9,margin,23.653,10.421,2f5151950a0b,2026-09-27T13:55:45+00:00
401858283,2026,9,margin,27.306,10.717,73d507ab32ad,2026-09-25T00:53:43+00:00
401858283,2026,9,total,55.259,9.165,64a8b2aa5365,2026-09-25T00:53:43+00:00
401858283,2026,9,total,56.308,9.053,d6d4061d19f7,2026-09-27T13:55:45+00:00
401858284,2026,9,margin,7.692,10.421,2f5151950a0b,2026-09-27T13:55:45+00:00
401858284,2026,9,margin,6.723,10.717,73d507ab32ad,2026-09-25T00:53:43+00:00
401858284,2026,9,total,46.244,9.165,64a8b2aa5365,2026-09-25T00:53:43+00:00
401858284,2026,9,total,44.452,9.053,d6d4061d19f7,2026-09-27T13:55:45+00:00
401858501,2026,9,margin,21.447,10.421,2f5151950a0b,2026-09-27T13:55:45+00:00
401858501,2026,9,margin,27.434,10.717,73d507ab32ad,2026-09-25T00:53:43+00:00
401858501,2026,9,total,49.745,9.165,64a8b2aa5365,2026-09-25T00:53:43+00:00
401858501,2026,9,total,47.919,9.053,d6d4061d19f7,2026-09-27T13:55:45+00:00
401858502,2026,9,margin,10.364,10.421,2f5151950a0b,2026-09-27T13:55:45+00:00
401858502,2026,9,margin,17.294,10.717,73d507ab32ad,2026-09-25T00:53:43+00:00
401858502,2026,9,total,43.473,9.165,64a8b2aa5365,2026-09-25T00:53:43+00:00
401858502,2026,9,total,41.033,9.053,d6d4061d19f7,2026-09-27T13:55:45+00:00
401858503,2026,9,margin,-2.817,10.421,2f5151950a0b,2026-09-27T13:55:45+00:00
401858503,2026,9,margin,2.856,10.717,73d507ab32ad,2026-09-25T00:53:43+00:00
401858503,2026,9,total,61.921,9.165,64a8b2aa5365,2026-09-25T00:53:43+00:00
401858503,2026,9,total,62.115,9.053,d6d4061d19f7,2026-09-27T13:55:45+00:00
401858504,2026,9,margin,4.744,10.421,2f5151950a0b,2026-09-27T13:55:45+00:00
401858504,2026,9,margin,0.977,10.717,73d507ab32ad,2026-09-25T00:53:43+00:00
401858504,2026,9,total,53.720,9.165,64a8b2aa5365,2026-09-25T00:53:43+00:00
401858504,2026,9,total,53.244,9.053,d6d4061d19f7,2026-09-27T13:55:45+00:00
401858505,2026,9,margin,19.057,10.421,2f5151950a0b,2026-09-27T13:55:45+00:00
401858505,2026,9,margin,19.772,10.717,73d507ab32ad,2026-09-25T00:53:43+00:00
401858505,2026,9,total,51.852,9.165,64a8b2aa5365,2026-09-25T00:53:43+00:00
401858505,2026,9,total,50.826,9.053,d6d4061d19f7,2026-09-27T13:55:45+00:00
401858506,2026,9,margin,16.123,10.421,2f5151950a0b,2026-09-27T13:55:45+00:00
401858506,2026,9,margin,22.869,10.717,73d507ab32ad,2026-09-25T00:53:43+00:00
401858506,2026,9,total,56.850,9.165,64a8b2aa5365,2026-09-25T00:53:43+00:00
401858506,2026,9,total,56.205,9.053,d6d4061d19f7,2026-09-27T13:55:45+00:00
401858507,2026,9,margin,-12.189,10.421,2f5151950a0b,2026-09-27T13:55:45+00:00
401858507,2026,9,margin,-9.754,10.717,73d507ab32ad,2026-09-25T00:53:43+00:00
401858507,2026,9,total,57.612,9.165,64a8b2aa5365,2026-09-25T00:53:43+00:00
401858507,2026,9,total,57.350,9.053,d6d4061d19f7,2026-09-27T13:55:45+00:00
401858508,2026,9,margin,19.389,10.421,2f5151950a0b,2026-09-27T13:55:45+00:00
401858508,2026,9,margin,17.795,10.717,73d507ab32ad,2026-09-25T00:53:43+00:00
401858508,2026,9,total,50.410,9.165,64a8b2aa5365,2026-09-25T00:53:43+00:00
401858508,2026,9,total,48.755,9.053,d6d4061d19f7,2026-09-27T13:55:45+00:00
401858509,2026,9,margin,-10.658,10.421,2f5151950a0b,2026-09-27T13:55:45+00:00
401858509,2026,9,margin,-11.424,10.717,73d507ab32ad,2026-09-25T00:53:43+00:00
401858509,2026,9,total,53.408,9.165,64a8b2aa5365,2026-09-25T00:53:43+00:00
401858509,2026,9,total,55.182,9.053,d6d4061d19f7,2026-09-27T13:55:45+00:00
401859185,2026,9,margin,-9.838,10.421,2f5151950a0b,2026-09-27T13:55:45+00:00
401859185,2026,9,margin,-6.639,10.717,73d507ab32ad,2026-09-25T00:53:43+00:00
401859185,2026,9,total,53.615,9.165,64a8b2aa5365,2026-09-25T00:53:43+00:00
401859185,2026,9,total,52.496,9.053,d6d4061d19f7,2026-09-27T13:55:45+00:00
401860908,2026,9,margin,9.903,10.421,2f5151950a0b,2026-09-27T13:55:45+00:00
401860908,2026,9,margin,5.236,10.717,73d507ab32ad,2026-09-25T00:53:43+00:00
401860908,2026,9,total,61.757,9.165,64a8b2aa5365,2026-09-25T00:53:43+00:00
401860908,2026,9,total,60.437,9.053,d6d4061d19f7,2026-09-27T13:55:45+00:00
401860909,2026,9,margin,-2.712,10.421,2f5151950a0b,2026-09-27T13:55:45+00:00
401860909,2026,9,margin,-9.523,10.717,73d507ab32ad,2026-09-25T00:53:43+00:00
401860909,2026,9,total,43.073,9.165,64a8b2aa5365,2026-09-25T00:53:43+00:00
401860909,2026,9,total,43.832,9.053,d6d4061d19f7,2026-09-27T13:55:45+00:00
401860910,2026,9,margin,4.813,10.421,2f5151950a0b,2026-09-27T13:55:45+00:00
401860910,2026,9,margin,15.296,10.717,73d507ab32ad,2026-09-25T00:53:43+00:00
401860910,2026,9,total,58.752,9.165,64a8b2aa5365,2026-09-25T00:53:43+00:00
401860910,2026,9,total,59.676,9.053,d6d4061d19f7,2026-09-27T13:55:45+00:00
401860924,2026,9,margin,-13.436,10.421,2f5151950a0b,2026-09-27T13:55:45+00:00
401860924,2026,9,margin,-4.571,10.717,73d507ab32ad,2026-09-25T00:53:43+00:00
401860924,2026,9,total,47.988,9.165,64a8b2aa5365,2026-09-25T00:53:43+00:00
401860924,2026,9,total,49.131,9.053,d6d4061d19f7,2026-09-27T13:55:45+00:00
401861966,2026,9,margin,2.656,10.421,2f5151950a0b,2026-09-27T13:55:45+00:00
401861966,2026,9,margin,2.316,10.717,73d507ab32ad,2026-09-25T00:53:43+00:00
401861966,2026,9,total,52.787,9.165,64a8b2aa5365,2026-09-25T00:53:43+00:00
401861966,2026,9,total,51.529,9.053,d6d4061d19f7,2026-09-27T13:55:45+00:00
401862812,2026,9,margin,15.967,10.421,2f5151950a0b,2026-09-27T13:55:45+00:00
401862812,2026,9,margin,18.999,10.717,73d507ab32ad,2026-09-25T00:53:43+00:00
401862812,2026,9,total,66.088,9.165,64a8b2aa5365,2026-09-25T00:53:43+00:00
401862812,2026,9,total,68.255,9.053,d6d4061d19f7,2026-09-27T13:55:45+00:00
401862813,2026,9,margin,-15.379,10.421,2f5151950a0b,2026-09-27T13:55:45+00:00
401862813,2026,9,margin,-18.327,10.717,73d507ab32ad,2026-09-25T00:53:43+00:00
401862813,2026,9,total,51.704,9.165,64a8b2aa5365,2026-09-25T00:53:43+00:00
401862813,2026,9,total,49.385,9.053,d6d4061d19f7,2026-09-27T13:55:45+00:00
401862814,2026,9,margin,5.807,10.421,2f5151950a0b,2026-09-27T13:55:45+00:00
401862814,2026,9,margin,6.963,10.717,73d507ab32ad,2026-09-25T00:53:43+00:00
401862814,2026,9,total,55.668,9.165,64a8b2aa5365,2026-09-25T00:53:43+00:00
401862814,2026,9,total,54.143,9.053,d6d4061d19f7,2026-09-27T13:55:45+00:00
401862815,2026,9,margin,12.788,10.421,2f5151950a0b,2026-09-27T13:55:45+00:00
401862815,2026,9,margin,8.476,10.717,73d507ab32ad,2026-09-25T00:53:43+00:00
401862815,2026,9,total,54.949,9.165,64a8b2aa5365,2026-09-25T00:53:43+00:00
401862815,2026,9,total,57.979,9.053,d6d4061d19f7,2026-09-27T13:55:45+00:00
401862816,2026,9,margin,11.075,10.421,2f5151950a0b,2026-09-27T13:55:45+00:00
401862816,2026,9,margin,6.887,10.717,73d507ab32ad,2026-09-25T00:53:43+00:00
401862816,2026,9,total,58.597,9.165,64a8b2aa5365,2026-09-25T00:53:43+00:00
401862816,2026,9,total,54.850,9.053,d6d4061d19f7,2026-09-27T13:55:45+00:00
401864529,2026,9,margin,-4.695,10.421,2f5151950a0b,2026-09-27T13:55:45+00:00
401864529,2026,9,margin,-2.948,10.717,73d507ab32ad,2026-09-25T00:53:43+00:00
401864529,2026,9,total,48.495,9.165,64a8b2aa5365,2026-09-25T00:53:43+00:00
401864529,2026,9,total,48.593,9.053,d6d4061d19f7,2026-09-27T13:55:45+00:00
401864530,2026,9,margin,10.591,10.421,2f5151950a0b,2026-09-27T13:55:45+00:00
401864530,2026,9,margin,11.582,10.717,73d507ab32ad,2026-09-25T00:53:43+00:00
401864530,2026,9,total,51.575,9.165,64a8b2aa5365,2026-09-25T00:53:43+00:00
401864530,2026,9,total,51.625,9.053,d6d4061d19f7,2026-09-27T13:55:45+00:00
401864531,2026,9,margin,16.392,10.421,2f5151950a0b,2026-09-27T13:55:45+00:00
401864531,2026,9,margin,13.233,10.717,73d507ab32ad,2026-09-25T00:53:43+00:00
401864531,2026,9,total,53.451,9.165,64a8b2aa5365,2026-09-25T00:53:43+00:00
401864531,2026,9,total,53.070,9.053,d6d4061d19f7,2026-09-27T13:55:45+00:00
401866451,2026,9,margin,4.713,10.421,2f5151950a0b,2026-09-27T13:55:45+00:00
401866451,2026,9,margin,3.459,10.717,73d507ab32ad,2026-09-25T00:53:43+00:00
401866451,2026,9,total,50.208,9.165,64a8b2aa5365,2026-09-25T00:53:43+00:00
401866451,2026,9,total,49.786,9.053,d6d4061d19f7,2026-09-27T13:55:45+00:00
401866452,2026,9,margin,12.204,10.421,2f5151950a0b,2026-09-27T13:55:45+00:00
401866452,2026,9,margin,11.710,10.717,73d507ab32ad,2026-09-25T00:53:43+00:00
401866452,2026,9,total,41.554,9.165,64a8b2aa5365,2026-09-25T00:53:43+00:00
401866452,2026,9,total,40.661,9.053,d6d4061d19f7,2026-09-27T13:55:45+00:00
401869846,2026,9,margin,3.901,10.421,2f5151950a0b,2026-09-27T13:55:45+00:00
401869846,2026,9,margin,6.282,10.717,73d507ab32ad,2026-09-25T00:53:43+00:00
401869846,2026,9,total,48.417,9.165,64a8b2aa5365,2026-09-25T00:53:43+00:00
401869846,2026,9,total,51.027,9.053,d6d4061d19f7,2026-09-27T13:55:45+00:00
401869944,2026,9,margin,8.615,10.421,2f5151950a0b,2026-09-27T13:55:45+00:00
401869944,2026,9,margin,4.482,10.717,73d507ab32ad,2026-09-25T00:53:43+00:00
401869944,2026,9,total,60.381,9.165,64a8b2aa5365,2026-09-25T00:53:43+00:00
401869944,2026,9,total,60.418,9.053,d6d4061d19f7,2026-09-27T13:55:45+00:00
401869963,2026,9,margin,15.060,10.421,2f5151950a0b,2026-09-27T13:55:45+00:00
401869963,2026,9,margin,13.797,10.717,73d507ab32ad,2026-09-25T00:53:43+00:00
401869963,2026,9,total,50.495,9.165,64a8b2aa5365,2026-09-25T00:53:43+00:00
401869963,2026,9,total,49.434,9.053,d6d4061d19f7,2026-09-27T13:55:45+00:00
401871057,2026,9,margin,-0.701,10.421,2f5151950a0b,2026-09-27T13:55:45+00:00
401871057,2026,9,margin,0.518,10.717,73d507ab32ad,2026-09-25T00:53:43+00:00
401871057,2026,9,total,55.373,9.165,64a8b2aa5365,2026-09-25T00:53:43+00:00
401871057,2026,9,total,56.089,9.053,d6d4061d19f7,2026-09-27T13:55:45+00:00
401871058,2026,9,margin,-4.207,10.421,2f5151950a0b,2026-09-27T13:55:45+00:00
401871058,2026,9,margin,-2.728,10.717,73d507ab32ad,2026-09-25T00:53:43+00:00
401871058,2026,9,total,54.402,9.165,64a8b2aa5365,2026-09-25T00:53:43+00:00
401871058,2026,9,total,53.183,9.053,d6d4061d19f7,2026-09-27T13:55:45+00:00
401871059,2026,9,margin,11.392,10.421,2f5151950a0b,2026-09-27T13:55:45+00:00
401871059,2026,9,margin,2.967,10.717,73d507ab32ad,2026-09-25T00:53:43+00:00
401871059,2026,9,total,47.194,9.165,64a8b2aa5365,2026-09-25T00:53:43+00:00
401871059,2026,9,total,46.771,9.053,d6d4061d19f7,2026-09-27T13:55:45+00:00
401871071,2026,9,margin,5.886,10.421,2f5151950a0b,2026-09-27T13:55:45+00:00
401871071,2026,9,margin,5.464,10.717,73d507ab32ad,2026-09-25T00:53:43+00:00
401871071,2026,9,total,56.361,9.165,64a8b2aa5365,2026-09-25T00:53:43+00:00
401871071,2026,9,total,56.545,9.053,d6d4061d19f7,2026-09-27T13:55:45+00:00
401871072,2026,9,margin,6.194,10.421,2f5151950a0b,2026-09-27T13:55:45+00:00
401871072,2026,9,margin,7.228,10.717,73d507ab32ad,2026-09-25T00:53:43+00:00
401871072,2026,9,total,56.811,9.165,64a8b2aa5365,2026-09-25T00:53:43+00:00
401871072,2026,9,total,55.935,9.053,d6d4061d19f7,2026-09-27T13:55:45+00:00
401871095,2026,9,margin,-1.055,10.421,2f5151950a0b,2026-09-27T13:55:45+00:00
401871095,2026,9,margin,7.055,10.717,73d507ab32ad,2026-09-25T00:53:43+00:00
401871095,2026,9,total,55.679,9.165,64a8b2aa5365,2026-09-25T00:53:43+00:00
401871095,2026,9,total,55.063,9.053,d6d4061d19f7,2026-09-27T13:55:45+00:00
401871096,2026,9,margin,13.297,10.421,2f5151950a0b,2026-09-27T13:55:45+00:00
401871096,2026,9,margin,10.300,10.717,73d507ab32ad,2026-09-25T00:53:43+00:00
401871096,2026,9,total,50.798,9.165,64a8b2aa5365,2026-09-25T00:53:43+00:00
401871096,2026,9,total,51.907,9.053,d6d4061d19f7,2026-09-27T13:55:45+00:00
401871097,2026,9,margin,-2.227,10.421,2f5151950a0b,2026-09-27T13:55:45+00:00
401871097,2026,9,margin,-2.505,10.717,73d507ab32ad,2026-09-25T00:53:43+00:00
401871097,2026,9,total,51.437,9.165,64a8b2aa5365,2026-09-25T00:53:43+00:00
401871097,2026,9,total,53.062,9.053,d6d4061d19f7,2026-09-27T13:55:45+00:00
401856738,2026,10,margin,3.313,10.421,2f5151950a0b,2026-09-27T13:55:45+00:00
401856738,2026,10,margin,2.227,10.717,73d507ab32ad,2026-09-25T00:53:43+00:00
401856738,2026,10,total,57.037,9.165,64a8b2aa5365,2026-09-25T00:53:43+00:00
401856738,2026,10,total,53.798,9.053,d6d4061d19f7,2026-09-27T13:55:45+00:00
401856739,2026,10,margin,-5.430,10.421,2f5151950a0b,2026-09-27T13:55:45+00:00
401856739,2026,10,margin,-2.796,10.717,73d507ab32ad,2026-09-25T00:53:43+00:00
401856739,2026,10,total,45.492,9.165,64a8b2aa5365,2026-09-25T00:53:43+00:00
401856739,2026,10,total,45.063,9.053,d6d4061d19f7,2026-09-27T13:55:45+00:00
401856740,2026,10,margin,3.152,10.421,2f5151950a0b,2026-09-27T13:55:45+00:00
401856740,2026,10,margin,0.095,10.717,73d507ab32ad,2026-09-25T00:53:43+00:00
401856740,2026,10,total,46.432,9.165,64a8b2aa5365,2026-09-25T00:53:43+00:00
401856740,2026,10,total,47.908,9.053,d6d4061d19f7,2026-09-27T13:55:45+00:00
401856741,2026,10,margin,-7.521,10.421,2f5151950a0b,2026-09-27T13:55:45+00:00
401856741,2026,10,margin,-11.595,10.717,73d507ab32ad,2026-09-25T00:53:43+00:00
401856741,2026,10,total,57.572,9.165,64a8b2aa5365,2026-09-25T00:53:43+00:00
401856741,2026,10,total,57.667,9.053,d6d4061d19f7,2026-09-27T13:55:45+00:00
401856742,2026,10,margin,1.831,10.421,2f5151950a0b,2026-09-27T13:55:45+00:00
401856742,2026,10,margin,4.142,10.717,73d507ab32ad,2026-09-25T00:53:43+00:00
401856742,2026,10,total,59.108,9.165,64a8b2aa5365,2026-09-25T00:53:43+00:00
401856742,2026,10,total,57.024,9.053,d6d4061d19f7,2026-09-27T13:55:45+00:00
401856743,2026,10,margin,-3.057,10.421,2f5151950a0b,2026-09-27T13:55:45+00:00
401856743,2026,10,margin,-3.721,10.717,73d507ab32ad,2026-09-25T00:53:43+00:00
401856743,2026,10,total,47.967,9.165,64a8b2aa5365,2026-09-25T00:53:43+00:00
401856743,2026,10,total,43.628,9.053,d6d4061d19f7,2026-09-27T13:55:45+00:00
401856744,2026,10,margin,-10.648,10.421,2f5151950a0b,2026-09-27T13:55:45+00:00
401856744,2026,10,margin,-10.583,10.717,73d507ab32ad,2026-09-25T00:53:43+00:00
401856744,2026,10,total,49.817,9.165,64a8b2aa5365,2026-09-25T00:53:43+00:00
401856744,2026,10,total,52.164,9.053,d6d4061d19f7,2026-09-27T13:55:45+00:00
401856745,2026,10,margin,5.443,10.421,2f5151950a0b,2026-09-27T13:55:45+00:00
401856745,2026,10,margin,5.430,10.717,73d507ab32ad,2026-09-25T00:53:43+00:00
401856745,2026,10,total,53.140,9.165,64a8b2aa5365,2026-09-25T00:53:43+00:00
401856745,2026,10,total,51.241,9.053,d6d4061d19f7,2026-09-27T13:55:45+00:00
401856849,2026,10,margin,1.164,10.421,2f5151950a0b,2026-09-27T13:55:45+00:00
401856849,2026,10,margin,3.360,10.717,73d507ab32ad,2026-09-25T00:53:43+00:00
401856849,2026,10,total,54.289,9.165,64a8b2aa5365,2026-09-25T00:53:43+00:00
401856849,2026,10,total,53.449,9.053,d6d4061d19f7,2026-09-27T13:55:45+00:00
401856850,2026,10,margin,10.611,10.421,2f5151950a0b,2026-09-27T13:55:45+00:00
401856850,2026,10,margin,8.541,10.717,73d507ab32ad,2026-09-25T00:53:43+00:00
401856850,2026,10,total,54.336,9.165,64a8b2aa5365,2026-09-25T00:53:43+00:00
401856850,2026,10,total,52.713,9.053,d6d4061d19f7,2026-09-27T13:55:45+00:00
401856851,2026,10,margin,8.823,10.421,2f5151950a0b,2026-09-27T13:55:45+00:00
401856851,2026,10,margin,8.909,10.717,73d507ab32ad,2026-09-25T00:53:43+00:00
401856851,2026,10,total,59.107,9.165,64a8b2aa5365,2026-09-25T00:53:43+00:00
401856851,2026,10,total,60.939,9.053,d6d4061d19f7,2026-09-27T13:55:45+00:00
401856852,2026,10,margin,5.018,10.421,2f5151950a0b,2026-09-27T13:55:45+00:00
401856852,2026,10,margin,9.982,10.717,73d507ab32ad,2026-09-25T00:53:43+00:00
401856852,2026,10,total,56.140,9.165,64a8b2aa5365,2026-09-25T00:53:43+00:00
401856852,2026,10,total,53.744,9.053,d6d4061d19f7,2026-09-27T13:55:45+00:00
401856853,2026,10,margin,-2.803,10.421,2f5151950a0b,2026-09-27T13:55:45+00:00
401856853,2026,10,margin,0.067,10.717,73d507ab32ad,2026-09-25T00:53:43+00:00
401856853,2026,10,total,55.227,9.165,64a8b2aa5365,2026-09-25T00:53:43+00:00
401856853,2026,10,total,54.836,9.053,d6d4061d19f7,2026-09-27T13:55:45+00:00
401856854,2026,10,margin,13.326,10.421,2f5151950a0b,2026-09-27T13:55:45+00:00
401856854,2026,10,margin,14.180,10.717,73d507ab32ad,2026-09-25T00:53:43+00:00
401856854,2026,10,total,49.138,9.165,64a8b2aa5365,2026-09-25T00:53:43+00:00
401856854,2026,10,total,49.779,9.053,d6d4061d19f7,2026-09-27T13:55:45+00:00
401856855,2026,10,margin,12.866,10.421,2f5151950a0b,2026-09-27T13:55:45+00:00
401856855,2026,10,margin,11.355,10.717,73d507ab32ad,2026-09-25T00:53:43+00:00
401856855,2026,10,total,52.958,9.165,64a8b2aa5365,2026-09-25T00:53:43+00:00
401856855,2026,10,total,51.793,9.053,d6d4061d19f7,2026-09-27T13:55:45+00:00
401856856,2026,10,margin,13.374,10.421,2f5151950a0b,2026-09-27T13:55:45+00:00
401856856,2026,10,margin,14.687,10.717,73d507ab32ad,2026-09-25T00:53:43+00:00
401856856,2026,10,total,54.958,9.165,64a8b2aa5365,2026-09-25T00:53:43+00:00
401856856,2026,10,total,55.376,9.053,d6d4061d19f7,2026-09-27T13:55:45+00:00
401858285,2026,10,margin,-5.043,10.421,2f5151950a0b,2026-09-27T13:55:45+00:00
401858285,2026,10,margin,-2.961,10.717,73d507ab32ad,2026-09-25T00:53:43+00:00
401858285,2026,10,total,47.733,9.165,64a8b2aa5365,2026-09-25T00:53:43+00:00
401858285,2026,10,total,45.778,9.053,d6d4061d19f7,2026-09-27T13:55:45+00:00
401858286,2026,10,margin,5.607,10.421,2f5151950a0b,2026-09-27T13:55:45+00:00
401858286,2026,10,margin,7.254,10.717,73d507ab32ad,2026-09-25T00:53:43+00:00
401858286,2026,10,total,49.141,9.165,64a8b2aa5365,2026-09-25T00:53:43+00:00
401858286,2026,10,total,48.516,9.053,d6d4061d19f7,2026-09-27T13:55:45+00:00
401858287,2026,10,margin,-9.288,10.421,2f5151950a0b,2026-09-27T13:55:45+00:00
401858287,2026,10,margin,-13.201,10.717,73d507ab32ad,2026-09-25T00:53:43+00:00
401858287,2026,10,total,56.510,9.165,64a8b2aa5365,2026-09-25T00:53:43+00:00
401858287,2026,10,total,58.207,9.053,d6d4061d19f7,2026-09-27T13:55:45+00:00
401858288,2026,10,margin,11.693,10.421,2f5151950a0b,2026-09-27T13:55:45+00:00
401858288,2026,10,margin,15.313,10.717,73d507ab32ad,2026-09-25T00:53:43+00:00
401858288,2026,10,total,58.619,9.165,64a8b2aa5365,2026-09-25T00:53:43+00:00
401858288,2026,10,total,56.978,9.053,d6d4061d19f7,2026-09-27T13:55:45+00:00
401858289,2026,10,margin,-7.872,10.421,2f5151950a0b,2026-09-27T13:55:45+00:00
401858289,2026,10,margin,-6.046,10.717,73d507ab32ad,2026-09-25T00:53:43+00:00
401858289,2026,10,total,56.778,9.165,64a8b2aa5365,2026-09-25T00:53:43+00:00
401858289,2026,10,total,53.569,9.053,d6d4061d19f7,2026-09-27T13:55:45+00:00
401858291,2026,10,margin,-0.206,10.421,2f5151950a0b,2026-09-27T13:55:45+00:00
401858291,2026,10,margin,-5.451,10.717,73d507ab32ad,2026-09-25T00:53:43+00:00
401858291,2026,10,total,48.371,9.165,64a8b2aa5365,2026-09-25T00:53:43+00:00
401858291,2026,10,total,49.302,9.053,d6d4061d19f7,2026-09-27T13:55:45+00:00
401858292,2026,10,margin,-1.499,10.421,2f5151950a0b,2026-09-27T13:55:45+00:00
401858292,2026,10,margin,-1.714,10.717,73d507ab32ad,2026-09-25T00:53:43+00:00
401858292,2026,10,total,51.252,9.165,64a8b2aa5365,2026-09-25T00:53:43+00:00
401858292,2026,10,total,50.116,9.053,d6d4061d19f7,2026-09-27T13:55:45+00:00
401858510,2026,10,margin,-1.245,10.421,2f5151950a0b,2026-09-27T13:55:45+00:00
401858510,2026,10,margin,-3.310,10.717,73d507ab32ad,2026-09-25T00:53:43+00:00
401858510,2026,10,total,55.895,9.165,64a8b2aa5365,2026-09-25T00:53:43+00:00
401858510,2026,10,total,56.285,9.053,d6d4061d19f7,2026-09-27T13:55:45+00:00
401858511,2026,10,margin,14.411,10.421,2f5151950a0b,2026-09-27T13:55:45+00:00
401858511,2026,10,margin,12.310,10.717,73d507ab32ad,2026-09-25T00:53:43+00:00
401858511,2026,10,total,49.535,9.165,64a8b2aa5365,2026-09-25T00:53:43+00:00
401858511,2026,10,total,48.710,9.053,d6d4061d19f7,2026-09-27T13:55:45+00:00
401858512,2026,10,margin,-7.643,10.421,2f5151950a0b,2026-09-27T13:55:45+00:00
401858512,2026,10,margin,-9.751,10.717,73d507ab32ad,2026-09-25T00:53:43+00:00
401858512,2026,10,total,52.359,9.165,64a8b2aa5365,2026-09-25T00:53:43+00:00
401858512,2026,10,total,49.035,9.053,d6d4061d19f7,2026-09-27T13:55:45+00:00
401858513,2026,10,margin,-6.669,10.421,2f5151950a0b,2026-09-27T13:55:45+00:00
401858513,2026,10,margin,-11.788,10.717,73d507ab32ad,2026-09-25T00:53:43+00:00
401858513,2026,10,total,45.346,9.165,64a8b2aa5365,2026-09-25T00:53:43+00:00
401858513,2026,10,total,44.233,9.053,d6d4061d19f7,2026-09-27T13:55:45+00:00
401858514,2026,10,margin,2.715,10.421,2f5151950a0b,2026-09-27T13:55:45+00:00
401858514,2026,10,margin,8.866,10.717,73d507ab32ad,2026-09-25T00:53:43+00:00
401858514,2026,10,total,51.653,9.165,64a8b2aa5365,2026-09-25T00:53:43+00:00
401858514,2026,10,total,51.997,9.053,d6d4061d19f7,2026-09-27T13:55:45+00:00
401858515,2026,10,margin,-1.084,10.421,2f5151950a0b,2026-09-27T13:55:45+00:00
401858515,2026,10,margin,-2.792,10.717,73d507ab32ad,2026-09-25T00:53:43+00:00
401858515,2026,10,total,67.620,9.165,64a8b2aa5365,2026-09-25T00:53:43+00:00
401858515,2026,10,total,67.930,9.053,d6d4061d19f7,2026-09-27T13:55:45+00:00
401858516,2026,10,margin,-2.000,10.421,2f5151950a0b,2026-09-27T13:55:45+00:00
401858516,2026,10,margin,-6.564,10.717,73d507ab32ad,2026-09-25T00:53:43+00:00
401858516,2026,10,total,48.977,9.165,64a8b2aa5365,2026-09-25T00:53:43+00:00
401858516,2026,10,total,47.348,9.053,d6d4061d19f7,2026-09-27T13:55:45+00:00
401858517,2026,10,margin,10.421,10.421,2f5151950a0b,2026-09-27T13:55:45+00:00
401858517,2026,10,margin,3.370,10.717,73d507ab32ad,2026-09-25T00:53:43+00:00
401858517,2026,10,total,55.253,9.165,64a8b2aa5365,2026-09-25T00:53:43+00:00
401858517,2026,10,total,54.614,9.053,d6d4061d19f7,2026-09-27T13:55:45+00:00
401860911,2026,10,margin,-13.020,10.421,2f5151950a0b,2026-09-27T13:55:45+00:00
401860911,2026,10,margin,-16.631,10.717,73d507ab32ad,2026-09-25T00:53:43+00:00
401860911,2026,10,total,60.709,9.165,64a8b2aa5365,2026-09-25T00:53:43+00:00
401860911,2026,10,total,60.475,9.053,d6d4061d19f7,2026-09-27T13:55:45+00:00
401860912,2026,10,margin,6.776,10.421,2f5151950a0b,2026-09-27T13:55:45+00:00
401860912,2026,10,margin,1.734,10.717,73d507ab32ad,2026-09-25T00:53:43+00:00
401860912,2026,10,total,61.545,9.165,64a8b2aa5365,2026-09-25T00:53:43+00:00
401860912,2026,10,total,59.890,9.053,d6d4061d19f7,2026-09-27T13:55:45+00:00
401860913,2026,10,margin,8.355,10.421,2f5151950a0b,2026-09-27T13:55:45+00:00
401860913,2026,10,margin,6.738,10.717,73d507ab32ad,2026-09-25T00:53:43+00:00
401860913,2026,10,total,46.243,9.165,64a8b2aa5365,2026-09-25T00:53:43+00:00
401860913,2026,10,total,48.879,9.053,d6d4061d19f7,2026-09-27T13:55:45+00:00
401862817,2026,10,margin,-8.020,10.421,2f5151950a0b,2026-09-27T13:55:45+00:00
401862817,2026,10,margin,-15.835,10.717,73d507ab32ad,2026-09-25T00:53:43+00:00
401862817,2026,10,total,58.527,9.165,64a8b2aa5365,2026-09-25T00:53:43+00:00
401862817,2026,10,total,60.552,9.053,d6d4061d19f7,2026-09-27T13:55:45+00:00
401862818,2026,10,margin,0.275,10.421,2f5151950a0b,2026-09-27T13:55:45+00:00
401862818,2026,10,margin,1.870,10.717,73d507ab32ad,2026-09-25T00:53:43+00:00
401862818,2026,10,total,58.227,9.165,64a8b2aa5365,2026-09-25T00:53:43+00:00
401862818,2026,10,total,56.456,9.053,d6d4061d19f7,2026-09-27T13:55:45+00:00
401862819,2026,10,margin,20.779,10.421,2f5151950a0b,2026-09-27T13:55:45+00:00
401862819,2026,10,margin,20.284,10.717,73d507ab32ad,2026-09-25T00:53:43+00:00
401862819,2026,10,total,52.382,9.165,64a8b2aa5365,2026-09-25T00:53:43+00:00
401862819,2026,10,total,50.707,9.053,d6d4061d19f7,2026-09-27T13:55:45+00:00
401862820,2026,10,margin,17.790,10.421,2f5151950a0b,2026-09-27T13:55:45+00:00
401862820,2026,10,margin,13.473,10.717,73d507ab32ad,2026-09-25T00:53:43+00:00
401862820,2026,10,total,57.486,9.165,64a8b2aa5365,2026-09-25T00:53:43+00:00
401862820,2026,10,total,57.476,9.053,d6d4061d19f7,2026-09-27T13:55:45+00:00
401862821,2026,10,margin,17.671,10.421,2f5151950a0b,2026-09-27T13:55:45+00:00
401862821,2026,10,margin,21.650,10.717,73d507ab32ad,2026-09-25T00:53:43+00:00
401862821,2026,10,total,54.563,9.165,64a8b2aa5365,2026-09-25T00:53:43+00:00
401862821,2026,10,total,59.085,9.053,d6d4061d19f7,2026-09-27T13:55:45+00:00
401862822,2026,10,margin,0.910,10.421,2f5151950a0b,2026-09-27T13:55:45+00:00
401862822,2026,10,margin,9.966,10.717,73d507ab32ad,2026-09-25T00:53:43+00:00
401862822,2026,10,total,51.541,9.165,64a8b2aa5365,2026-09-25T00:53:43+00:00
401862822,2026,10,total,49.445,9.053,d6d4061d19f7,2026-09-27T13:55:45+00:00
401862823,2026,10,margin,1.381,10.421,2f5151950a0b,2026-09-27T13:55:45+00:00
401862823,2026,10,margin,1.022,10.717,73d507ab32ad,2026-09-25T00:53:43+00:00
401862823,2026,10,total,48.468,9.165,64a8b2aa5365,2026-09-25T00:53:43+00:00
401862823,2026,10,total,47.022,9.053,d6d4061d19f7,2026-09-27T13:55:45+00:00
401864532,2026,10,margin,-2.653,10.421,2f5151950a0b,2026-09-27T13:55:45+00:00
401864532,2026,10,margin,1.527,10.717,73d507ab32ad,2026-09-25T00:53:43+00:00
401864532,2026,10,total,52.216,9.165,64a8b2aa5365,2026-09-25T00:53:43+00:00
401864532,2026,10,total,52.366,9.053,d6d4061d19f7,2026-09-27T13:55:45+00:00
401864533,2026,10,margin,-9.547,10.421,2f5151950a0b,2026-09-27T13:55:45+00:00
401864533,2026,10,margin,-7.226,10.717,73d507ab32ad,2026-09-25T00:53:43+00:00
401864533,2026,10,total,45.648,9.165,64a8b2aa5365,2026-09-25T00:53:43+00:00
401864533,2026,10,total,46.395,9.053,d6d4061d19f7,2026-09-27T13:55:45+00:00
401864534,2026,10,margin,3.429,10.421,2f5151950a0b,2026-09-27T13:55:45+00:00
401864534,2026,10,margin,5.737,10.717,73d507ab32ad,2026-09-25T00:53:43+00:00
401864534,2026,10,total,52.549,9.165,64a8b2aa5365,2026-09-25T00:53:43+00:00
401864534,2026,10,total,52.693,9.053,d6d4061d19f7,2026-09-27T13:55:45+00:00
401864535,2026,10,margin,10.234,10.421,2f5151950a0b,2026-09-27T13:55:45+00:00
401864535,2026,10,margin,11.133,10.717,73d507ab32ad,2026-09-25T00:53:43+00:00
401864535,2026,10,total,48.089,9.165,64a8b2aa5365,2026-09-25T00:53:43+00:00
401864535,2026,10,total,47.306,9.053,d6d4061d19f7,2026-09-27T13:55:45+00:00
401866453,2026,10,margin,-6.197,10.421,2f5151950a0b,2026-09-27T13:55:45+00:00
401866453,2026,10,margin,-4.051,10.717,73d507ab32ad,2026-09-25T00:53:43+00:00
401866453,2026,10,total,53.079,9.165,64a8b2aa5365,2026-09-25T00:53:43+00:00
401866453,2026,10,total,53.181,9.053,d6d4061d19f7,2026-09-27T13:55:45+00:00
401866454,2026,10,margin,14.849,10.421,2f5151950a0b,2026-09-27T13:55:45+00:00
401866454,2026,10,margin,13.238,10.717,73d507ab32ad,2026-09-25T00:53:43+00:00
401866454,2026,10,total,48.497,9.165,64a8b2aa5365,2026-09-25T00:53:43+00:00
401866454,2026,10,total,47.287,9.053,d6d4061d19f7,2026-09-27T13:55:45+00:00
401866455,2026,10,margin,0.016,10.421,2f5151950a0b,2026-09-27T13:55:45+00:00
401866455,2026,10,margin,0.170,10.717,73d507ab32ad,2026-09-25T00:53:43+00:00
401866455,2026,10,total,51.699,9.165,64a8b2aa5365,2026-09-25T00:53:43+00:00
401866455,2026,10,total,49.400,9.053,d6d4061d19f7,2026-09-27T13:55:45+00:00
401866456,2026,10,margin,-6.471,10.421,2f5151950a0b,2026-09-27T13:55:45+00:00
401866456,2026,10,margin,-6.727,10.717,73d507ab32ad,2026-09-25T00:53:43+00:00
401866456,2026,10,total,44.859,9.165,64a8b2aa5365,2026-09-25T00:53:43+00:00
401866456,2026,10,total,43.839,9.053,d6d4061d19f7,2026-09-27T13:55:45+00:00
401866457,2026,10,margin,-17.608,10.421,2f5151950a0b,2026-09-27T13:55:45+00:00
401866457,2026,10,margin,-16.323,10.717,73d507ab32ad,2026-09-25T00:53:43+00:00
401866457,2026,10,total,51.901,9.165,64a8b2aa5365,2026-09-25T00:53:43+00:00
401866457,2026,10,total,51.052,9.053,d6d4061d19f7,2026-09-27T13:55:45+00:00
401869927,2026,10,margin,4.175,10.421,2f5151950a0b,2026-09-27T13:55:45+00:00
401869927,2026,10,margin,-0.437,10.717,73d507ab32ad,2026-09-25T00:53:43+00:00
401869927,2026,10,total,54.445,9.165,64a8b2aa5365,2026-09-25T00:53:43+00:00
401869927,2026,10,total,54.499,9.053,d6d4061d19f7,2026-09-27T13:55:45+00:00
401869936,2026,10,margin,6.546,10.421,2f5151950a0b,2026-09-27T13:55:45+00:00
401869936,2026,10,margin,5.177,10.717,73d507ab32ad,2026-09-25T00:53:43+00:00
401869936,2026,10,total,53.127,9.165,64a8b2aa5365,2026-09-25T00:53:43+00:00
401869936,2026,10,total,53.619,9.053,d6d4061d19f7,2026-09-27T13:55:45+00:00
401869945,2026,10,margin,-11.427,10.421,2f5151950a0b,2026-09-27T13:55:45+00:00
401869945,2026,10,margin,-5.372,10.717,73d507ab32ad,2026-09-25T00:53:43+00:00
401869945,2026,10,total,55.044,9.165,64a8b2aa5365,2026-09-25T00:53:43+00:00
401869945,2026,10,total,55.320,9.053,d6d4061d19f7,2026-09-27T13:55:45+00:00
401869951,2026,10,margin,9.413,10.421,2f5151950a0b,2026-09-27T13:55:45+00:00
401869951,2026,10,margin,5.898,10.717,73d507ab32ad,2026-09-25T00:53:43+00:00
401869951,2026,10,total,50.106,9.165,64a8b2aa5365,2026-09-25T00:53:43+00:00
401869951,2026,10,total,53.533,9.053,d6d4061d19f7,2026-09-27T13:55:45+00:00
401869964,2026,10,margin,-11.146,10.421,2f5151950a0b,2026-09-27T13:55:45+00:00
401869964,2026,10,margin,-11.533,10.717,73d507ab32ad,2026-09-25T00:53:43+00:00
401869964,2026,10,total,55.566,9.165,64a8b2aa5365,2026-09-25T00:53:43+00:00
401869964,2026,10,total,52.988,9.053,d6d4061d19f7,2026-09-27T13:55:45+00:00
401869968,2026,10,margin,3.901,10.421,2f5151950a0b,2026-09-27T13:55:45+00:00
401869968,2026,10,margin,1.075,10.717,73d507ab32ad,2026-09-25T00:53:43+00:00
401869968,2026,10,total,50.602,9.165,64a8b2aa5365,2026-09-25T00:53:43+00:00
401869968,2026,10,total,49.103,9.053,d6d4061d19f7,2026-09-27T13:55:45+00:00
401870795,2026,10,margin,-6.062,10.421,2f5151950a0b,2026-09-27T13:55:45+00:00
401870795,2026,10,margin,2.192,10.717,73d507ab32ad,2026-09-25T00:53:43+00:00
401870795,2026,10,total,51.213,9.165,64a8b2aa5365,2026-09-25T00:53:43+00:00
401870795,2026,10,total,52.038,9.053,d6d4061d19f7,2026-09-27T13:55:45+00:00
401871073,2026,10,margin,5.779,10.421,2f5151950a0b,2026-09-27T13:55:45+00:00
401871073,2026,10,margin,3.344,10.717,73d507ab32ad,2026-09-25T00:53:43+00:00
401871073,2026,10,total,55.058,9.165,64a8b2aa5365,2026-09-25T00:53:43+00:00
401871073,2026,10,total,54.367,9.053,d6d4061d19f7,2026-09-27T13:55:45+00:00
401871074,2026,10,margin,-0.435,10.421,2f5151950a0b,2026-09-27T13:55:45+00:00
401871074,2026,10,margin,3.368,10.717,73d507ab32ad,2026-09-25T00:53:43+00:00
401871074,2026,10,total,52.383,9.165,64a8b2aa5365,2026-09-25T00:53:43+00:00
401871074,2026,10,total,50.754,9.053,d6d4061d19f7,2026-09-27T13:55:45+00:00
401871075,2026,10,margin,7.217,10.421,2f5151950a0b,2026-09-27T13:55:45+00:00
401871075,2026,10,margin,10.558,10.717,73d507ab32ad,2026-09-25T00:53:43+00:00
401871075,2026,10,total,55.782,9.165,64a8b2aa5365,2026-09-25T00:53:43+00:00
401871075,2026,10,total,56.005,9.053,d6d4061d19f7,2026-09-27T13:55:45+00:00
401871076,2026,10,margin,-4.315,10.421,2f5151950a0b,2026-09-27T13:55:45+00:00
401871076,2026,10,margin,-4.849,10.717,73d507ab32ad,2026-09-25T00:53:43+00:00
401871076,2026,10,total,55.704,9.165,64a8b2aa5365,2026-09-25T00:53:43+00:00
401871076,2026,10,total,55.362,9.053,d6d4061d19f7,2026-09-27T13:55:45+00:00
401871098,2026,10,margin,-0.408,10.421,2f5151950a0b,2026-09-27T13:55:45+00:00
401871098,2026,10,margin,-4.243,10.717,73d507ab32ad,2026-09-25T00:53:43+00:00
401871098,2026,10,total,47.188,9.165,64a8b2aa5365,2026-09-25T00:53:43+00:00
401871098,2026,10,total,47.372,9.053,d6d4061d19f7,2026-09-27T13:55:45+00:00
401856857,2026,11,margin,-7.385,10.421,2f5151950a0b,2026-09-27T13:55:45+00:00
401856857,2026,11,margin,-7.035,10.717,73d507ab32ad,2026-09-25T00:53:43+00:00
401856857,2026,11,total,51.566,9.165,64a8b2aa5365,2026-09-25T00:53:43+00:00
401856857,2026,11,total,50.277,9.053,d6d4061d19f7,2026-09-27T13:55:45+00:00
401856858,2026,11,margin,18.600,10.421,2f5151950a0b,2026-09-27T13:55:45+00:00
401856858,2026,11,margin,13.074,10.717,73d507ab32ad,2026-09-25T00:53:43+00:00
401856858,2026,11,total,58.829,9.165,64a8b2aa5365,2026-09-25T00:53:43+00:00
401856858,2026,11,total,57.143,9.053,d6d4061d19f7,2026-09-27T13:55:45+00:00
401856859,2026,11,margin,6.700,10.421,2f5151950a0b,2026-09-27T13:55:45+00:00
401856859,2026,11,margin,7.610,10.717,73d507ab32ad,2026-09-25T00:53:43+00:00
401856859,2026,11,total,55.386,9.165,64a8b2aa5365,2026-09-25T00:53:43+00:00
401856859,2026,11,total,56.384,9.053,d6d4061d19f7,2026-09-27T13:55:45+00:00
401856860,2026,11,margin,0.822,10.421,2f5151950a0b,2026-09-27T13:55:45+00:00
401856860,2026,11,margin,-3.578,10.717,73d507ab32ad,2026-09-25T00:53:43+00:00
401856860,2026,11,total,56.786,9.165,64a8b2aa5365,2026-09-25T00:53:43+00:00
401856860,2026,11,total,56.029,9.053,d6d4061d19f7,2026-09-27T13:55:45+00:00
401856861,2026,11,margin,-7.670,10.421,2f5151950a0b,2026-09-27T13:55:45+00:00
401856861,2026,11,margin,-5.950,10.717,73d507ab32ad,2026-09-25T00:53:43+00:00
401856861,2026,11,total,58.878,9.165,64a8b2aa5365,2026-09-25T00:53:43+00:00
401856861,2026,11,total,57.960,9.053,d6d4061d19f7,2026-09-27T13:55:45+00:00
401856862,2026,11,margin,-4.470,10.421,2f5151950a0b,2026-09-27T13:55:45+00:00
401856862,2026,11,margin,-6.298,10.717,73d507ab32ad,2026-09-25T00:53:43+00:00
401856862,2026,11,total,51.191,9.165,64a8b2aa5365,2026-09-25T00:53:43+00:00
401856862,2026,11,total,50.931,9.053,d6d4061d19f7,2026-09-27T13:55:45+00:00
401856863,2026,11,margin,-9.735,10.421,2f5151950a0b,2026-09-27T13:55:45+00:00
401856863,2026,11,margin,-12.013,10.717,73d507ab32ad,2026-09-25T00:53:43+00:00
401856863,2026,11,total,50.550,9.165,64a8b2aa5365,2026-09-25T00:53:43+00:00
401856863,2026,11,total,51.709,9.053,d6d4061d19f7,2026-09-27T13:55:45+00:00
401856864,2026,11,margin,-1.804,10.421,2f5151950a0b,2026-09-27T13:55:45+00:00
401856864,2026,11,margin,-5.368,10.717,73d507ab32ad,2026-09-25T00:53:43+00:00
401856864,2026,11,total,52.967,9.165,64a8b2aa5365,2026-09-25T00:53:43+00:00
401856864,2026,11,total,52.197,9.053,d6d4061d19f7,2026-09-27T13:55:45+00:00
401856882,2026,11,margin,7.296,10.421,2f5151950a0b,2026-09-27T13:55:45+00:00
401856882,2026,11,margin,11.083,10.717,73d507ab32ad,2026-09-25T00:53:43+00:00
401856882,2026,11,total,55.714,9.165,64a8b2aa5365,2026-09-25T00:53:43+00:00
401856882,2026,11,total,56.440,9.053,d6d4061d19f7,2026-09-27T13:55:45+00:00
401856883,2026,11,margin,13.564,10.421,2f5151950a0b,2026-09-27T13:55:45+00:00
401856883,2026,11,margin,19.125,10.717,73d507ab32ad,2026-09-25T00:53:43+00:00
401856883,2026,11,total,48.263,9.165,64a8b2aa5365,2026-09-25T00:53:43+00:00
401856883,2026,11,total,47.874,9.053,d6d4061d19f7,2026-09-27T13:55:45+00:00
401856884,2026,11,margin,2.042,10.421,2f5151950a0b,2026-09-27T13:55:45+00:00
401856884,2026,11,margin,2.972,10.717,73d507ab32ad,2026-09-25T00:53:43+00:00
401856884,2026,11,total,50.221,9.165,64a8b2aa5365,2026-09-25T00:53:43+00:00
401856884,2026,11,total,50.535,9.053,d6d4061d19f7,2026-09-27T13:55:45+00:00
401856885,2026,11,margin,4.456,10.421,2f5151950a0b,2026-09-27T13:55:45+00:00
401856885,2026,11,margin,6.344,10.717,73d507ab32ad,2026-09-25T00:53:43+00:00
401856885,2026,11,total,44.995,9.165,64a8b2aa5365,2026-09-25T00:53:43+00:00
401856885,2026,11,total,41.331,9.053,d6d4061d19f7,2026-09-27T13:55:45+00:00
401856886,2026,11,margin,9.561,10.421,2f5151950a0b,2026-09-27T13:55:45+00:00
401856886,2026,11,margin,9.156,10.717,73d507ab32ad,2026-09-25T00:53:43+00:00
401856886,2026,11,total,58.065,9.165,64a8b2aa5365,2026-09-25T00:53:43+00:00
401856886,2026,11,total,56.514,9.053,d6d4061d19f7,2026-09-27T13:55:45+00:00
401856887,2026,11,margin,4.482,10.421,2f5151950a0b,2026-09-27T13:55:45+00:00
401856887,2026,11,margin,3.864,10.717,73d507ab32ad,2026-09-25T00:53:43+00:00
401856887,2026,11,total,51.841,9.165,64a8b2aa5365,2026-09-25T00:53:43+00:00
401856887,2026,11,total,51.937,9.053,d6d4061d19f7,2026-09-27T13:55:45+00:00
401856888,2026,11,margin,3.403,10.421,2f5151950a0b,2026-09-27T13:55:45+00:00
401856888,2026,11,margin,0.686,10.717,73d507ab32ad,2026-09-25T00:53:43+00:00
401856888,2026,11,total,53.279,9.165,64a8b2aa5365,2026-09-25T00:53:43+00:00
401856888,2026,11,total,50.209,9.053,d6d4061d19f7,2026-09-27T13:55:45+00:00
401856889,2026,11,margin,-3.557,10.421,2f5151950a0b,2026-09-27T13:55:45+00:00
401856889,2026,11,margin,-7.939,10.717,73d507ab32ad,2026-09-25T00:53:43+00:00
401856889,2026,11,total,54.188,9.165,64a8b2aa5365,2026-09-25T00:53:43+00:00
401856889,2026,11,total,53.653,9.053,d6d4061d19f7,2026-09-27T13:55:45+00:00
401858293,2026,11,margin,-1.942,10.421,2f5151950a0b,2026-09-27T13:55:45+00:00
401858293,2026,11,margin,-2.423,10.717,73d507ab32ad,2026-09-25T00:53:43+00:00
401858293,2026,11,total,57.798,9.165,64a8b2aa5365,2026-09-25T00:53:43+00:00
401858293,2026,11,total,56.923,9.053,d6d4061d19f7,2026-09-27T13:55:45+00:00
401858294,2026,11,margin,27.405,10.421,2f5151950a0b,2026-09-27T13:55:45+00:00
401858294,2026,11,margin,22.162,10.717,73d507ab32ad,2026-09-25T00:53:43+00:00
401858294,2026,11,total,50.199,9.165,64a8b2aa5365,2026-09-25T00:53:43+00:00
401858294,2026,11,total,47.943,9.053,d6d4061d19f7,2026-09-27T13:55:45+00:00
401858295,2026,11,margin,11.387,10.421,2f5151950a0b,2026-09-27T13:55:45+00:00
401858295,2026,11,margin,7.844,10.717,73d507ab32ad,2026-09-25T00:53:43+00:00
401858295,2026,11,total,47.809,9.165,64a8b2aa5365,2026-09-25T00:53:43+00:00
401858295,2026,11,total,46.474,9.053,d6d4061d19f7,2026-09-27T13:55:45+00:00
401858296,2026,11,margin,23.052,10.421,2f5151950a0b,2026-09-27T13:55:45+00:00
401858296,2026,11,margin,24.124,10.717,73d507ab32ad,2026-09-25T00:53:43+00:00
401858296,2026,11,total,46.734,9.165,64a8b2aa5365,2026-09-25T00:53:43+00:00
401858296,2026,11,total,47.333,9.053,d6d4061d19f7,2026-09-27T13:55:45+00:00
401858297,2026,11,margin,4.162,10.421,2f5151950a0b,2026-09-27T13:55:45+00:00
401858297,2026,11,margin,2.175,10.717,73d507ab32ad,2026-09-25T00:53:43+00:00
401858297,2026,11,total,48.804,9.165,64a8b2aa5365,2026-09-25T00:53:43+00:00
401858297,2026,11,total,48.543,9.053,d6d4061d19f7,2026-09-27T13:55:45+00:00
401858298,2026,11,margin,-6.521,10.421,2f5151950a0b,2026-09-27T13:55:45+00:00
401858298,2026,11,margin,-11.096,10.717,73d507ab32ad,2026-09-25T00:53:43+00:00
401858298,2026,11,total,51.562,9.165,64a8b2aa5365,2026-09-25T00:53:43+00:00
401858298,2026,11,total,51.415,9.053,d6d4061d19f7,2026-09-27T13:55:45+00:00
401858299,2026,11,margin,15.102,10.421,2f5151950a0b,2026-09-27T13:55:45+00:00
401858299,2026,11,margin,13.484,10.717,73d507ab32ad,2026-09-25T00:53:43+00:00
401858299,2026,11,total,56.085,9.165,64a8b2aa5365,2026-09-25T00:53:43+00:00
401858299,2026,11,total,55.648,9.053,d6d4061d19f7,2026-09-27T13:55:45+00:00
401858300,2026,11,margin,9.551,10.421,2f5151950a0b,2026-09-27T13:55:45+00:00
401858300,2026,11,margin,11.067,10.717,73d507ab32ad,2026-09-25T00:53:43+00:00
401858300,2026,11,total,53.597,9.165,64a8b2aa5365,2026-09-25T00:53:43+00:00
401858300,2026,11,total,52.876,9.053,d6d4061d19f7,2026-09-27T13:55:45+00:00
401858301,2026,11,margin,7.077,10.421,2f5151950a0b,2026-09-27T13:55:45+00:00
401858301,2026,11,margin,12.175,10.717,73d507ab32ad,2026-09-25T00:53:43+00:00
401858301,2026,11,total,53.327,9.165,64a8b2aa5365,2026-09-25T00:53:43+00:00
401858301,2026,11,total,52.112,9.053,d6d4061d19f7,2026-09-27T13:55:45+00:00
401858518,2026,11,margin,9.237,10.421,2f5151950a0b,2026-09-27T13:55:45+00:00
401858518,2026,11,margin,11.398,10.717,73d507ab32ad,2026-09-25T00:53:43+00:00
401858518,2026,11,total,53.470,9.165,64a8b2aa5365,2026-09-25T00:53:43+00:00
401858518,2026,11,total,53.234,9.053,d6d4061d19f7,2026-09-27T13:55:45+00:00
401858519,2026,11,margin,18.269,10.421,2f5151950a0b,2026-09-27T13:55:45+00:00
401858519,2026,11,margin,17.983,10.717,73d507ab32ad,2026-09-25T00:53:43+00:00
401858519,2026,11,total,55.479,9.165,64a8b2aa5365,2026-09-25T00:53:43+00:00
401858519,2026,11,total,55.152,9.053,d6d4061d19f7,2026-09-27T13:55:45+00:00
401858520,2026,11,margin,-2.247,10.421,2f5151950a0b,2026-09-27T13:55:45+00:00
401858520,2026,11,margin,6.781,10.717,73d507ab32ad,2026-09-25T00:53:43+00:00
401858520,2026,11,total,55.614,9.165,64a8b2aa5365,2026-09-25T00:53:43+00:00
401858520,2026,11,total,53.811,9.053,d6d4061d19f7,2026-09-27T13:55:45+00:00
401858521,2026,11,margin,-5.141,10.421,2f5151950a0b,2026-09-27T13:55:45+00:00
401858521,2026,11,margin,-7.505,10.717,73d507ab32ad,2026-09-25T00:53:43+00:00
401858521,2026,11,total,51.309,9.165,64a8b2aa5365,2026-09-25T00:53:43+00:00
401858521,2026,11,total,51.237,9.053,d6d4061d19f7,2026-09-27T13:55:45+00:00
401858522,2026,11,margin,19.485,10.421,2f5151950a0b,2026-09-27T13:55:45+00:00
401858522,2026,11,margin,26.299,10.717,73d507ab32ad,2026-09-25T00:53:43+00:00
401858522,2026,11,total,48.057,9.165,64a8b2aa5365,2026-09-25T00:53:43+00:00
401858522,2026,11,total,49.165,9.053,d6d4061d19f7,2026-09-27T13:55:45+00:00
401858523,2026,11,margin,11.836,10.421,2f5151950a0b,2026-09-27T13:55:45+00:00
401858523,2026,11,margin,9.537,10.717,73d507ab32ad,2026-09-25T00:53:43+00:00
401858523,2026,11,total,52.338,9.165,64a8b2aa5365,2026-09-25T00:53:43+00:00
401858523,2026,11,total,50.361,9.053,d6d4061d19f7,2026-09-27T13:55:45+00:00
401858524,2026,11,margin,17.054,10.421,2f5151950a0b,2026-09-27T13:55:45+00:00
401858524,2026,11,margin,27.192,10.717,73d507ab32ad,2026-09-25T00:53:43+00:00
401858524,2026,11,total,48.343,9.165,64a8b2aa5365,2026-09-25T00:53:43+00:00
401858524,2026,11,total,45.988,9.053,d6d4061d19f7,2026-09-27T13:55:45+00:00
401858525,2026,11,margin,-9.949,10.421,2f5151950a0b,2026-09-27T13:55:45+00:00
401858525,2026,11,margin,-8.265,10.717,73d507ab32ad,2026-09-25T00:53:43+00:00
401858525,2026,11,total,60.331,9.165,64a8b2aa5365,2026-09-25T00:53:43+00:00
401858525,2026,11,total,61.002,9.053,d6d4061d19f7,2026-09-27T13:55:45+00:00
401858526,2026,11,margin,2.811,10.421,2f5151950a0b,2026-09-27T13:55:45+00:00
401858526,2026,11,margin,5.492,10.717,73d507ab32ad,2026-09-25T00:53:43+00:00
401858526,2026,11,total,55.168,9.165,64a8b2aa5365,2026-09-25T00:53:43+00:00
401858526,2026,11,total,53.437,9.053,d6d4061d19f7,2026-09-27T13:55:45+00:00
401860914,2026,11,margin,5.414,10.421,2f5151950a0b,2026-09-27T13:55:45+00:00
401860914,2026,11,margin,5.842,10.717,73d507ab32ad,2026-09-25T00:53:43+00:00
401860914,2026,11,total,52.644,9.165,64a8b2aa5365,2026-09-25T00:53:43+00:00
401860914,2026,11,total,50.200,9.053,d6d4061d19f7,2026-09-27T13:55:45+00:00
401860915,2026,11,margin,3.798,10.421,2f5151950a0b,2026-09-27T13:55:45+00:00
401860915,2026,11,margin,-1.962,10.717,73d507ab32ad,2026-09-25T00:53:43+00:00
401860915,2026,11,total,47.499,9.165,64a8b2aa5365,2026-09-25T00:53:43+00:00
401860915,2026,11,total,47.418,9.053,d6d4061d19f7,2026-09-27T13:55:45+00:00
401860916,2026,11,margin,13.520,10.421,2f5151950a0b,2026-09-27T13:55:45+00:00
401860916,2026,11,margin,9.855,10.717,73d507ab32ad,2026-09-25T00:53:43+00:00
401860916,2026,11,total,57.100,9.165,64a8b2aa5365,2026-09-25T00:53:43+00:00
401860916,2026,11,total,59.368,9.053,d6d4061d19f7,2026-09-27T13:55:45+00:00
401860917,2026,11,margin,11.323,10.421,2f5151950a0b,2026-09-27T13:55:45+00:00
401860917,2026,11,margin,22.857,10.717,73d507ab32ad,2026-09-25T00:53:43+00:00
401860917,2026,11,total,54.326,9.165,64a8b2aa5365,2026-09-25T00:53:43+00:00
401860917,2026,11,total,56.090,9.053,d6d4061d19f7,2026-09-27T13:55:45+00:00
401861967,2026,11,margin,-3.345,10.421,2f5151950a0b,2026-09-27T13:55:45+00:00
401861967,2026,11,margin,-0.157,10.717,73d507ab32ad,2026-09-25T00:53:43+00:00
401861967,2026,11,total,53.806,9.165,64a8b2aa5365,2026-09-25T00:53:43+00:00
401861967,2026,11,total,51.903,9.053,d6d4061d19f7,2026-09-27T13:55:45+00:00
401862824,2026,11,margin,3.811,10.421,2f5151950a0b,2026-09-27T13:55:45+00:00
401862824,2026,11,margin,1.652,10.717,73d507ab32ad,2026-09-25T00:53:43+00:00
401862824,2026,11,total,63.960,9.165,64a8b2aa5365,2026-09-25T00:53:43+00:00
401862824,2026,11,total,60.166,9.053,d6d4061d19f7,2026-09-27T13:55:45+00:00
401862825,2026,11,margin,-22.982,10.421,2f5151950a0b,2026-09-27T13:55:45+00:00
401862825,2026,11,margin,-19.683,10.717,73d507ab32ad,2026-09-25T00:53:43+00:00
401862825,2026,11,total,52.012,9.165,64a8b2aa5365,2026-09-25T00:53:43+00:00
401862825,2026,11,total,52.313,9.053,d6d4061d19f7,2026-09-27T13:55:45+00:00
401862826,2026,11,margin,5.970,10.421,2f5151950a0b,2026-09-27T13:55:45+00:00
401862826,2026,11,margin,4.031,10.717,73d507ab32ad,2026-09-25T00:53:43+00:00
401862826,2026,11,total,58.789,9.165,64a8b2aa5365,2026-09-25T00:53:43+00:00
401862826,2026,11,total,57.614,9.053,d6d4061d19f7,2026-09-27T13:55:45+00:00
401862827,2026,11,margin,-1.087,10.421,2f5151950a0b,2026-09-27T13:55:45+00:00
401862827,2026,11,margin,3.855,10.717,73d507ab32ad,2026-09-25T00:53:43+00:00
401862827,2026,11,total,57.717,9.165,64a8b2aa5365,2026-09-25T00:53:43+00:00
401862827,2026,11,total,62.140,9.053,d6d4061d19f7,2026-09-27T13:55:45+00:00
401862828,2026,11,margin,-1.724,10.421,2f5151950a0b,2026-09-27T13:55:45+00:00
401862828,2026,11,margin,-9.631,10.717,73d507ab32ad,2026-09-25T00:53:43+00:00
401862828,2026,11,total,48.125,9.165,64a8b2aa5365,2026-09-25T00:53:43+00:00
401862828,2026,11,total,49.328,9.053,d6d4061d19f7,2026-09-27T13:55:45+00:00
401862829,2026,11,margin,-1.437,10.421,2f5151950a0b,2026-09-27T13:55:45+00:00
401862829,2026,11,margin,0.281,10.717,73d507ab32ad,2026-09-25T00:53:43+00:00
401862829,2026,11,total,55.318,9.165,64a8b2aa5365,2026-09-25T00:53:43+00:00
401862829,2026,11,total,56.372,9.053,d6d4061d19f7,2026-09-27T13:55:45+00:00
401864536,2026,11,margin,5.998,10.421,2f5151950a0b,2026-09-27T13:55:45+00:00
401864536,2026,11,margin,3.220,10.717,73d507ab32ad,2026-09-25T00:53:43+00:00
401864536,2026,11,total,49.702,9.165,64a8b2aa5365,2026-09-25T00:53:43+00:00
401864536,2026,11,total,50.495,9.053,d6d4061d19f7,2026-09-27T13:55:45+00:00
401864537,2026,11,margin,-6.879,10.421,2f5151950a0b,2026-09-27T13:55:45+00:00
401864537,2026,11,margin,-7.741,10.717,73d507ab32ad,2026-09-25T00:53:43+00:00
401864537,2026,11,total,51.896,9.165,64a8b2aa5365,2026-09-25T00:53:43+00:00
401864537,2026,11,total,52.293,9.053,d6d4061d19f7,2026-09-27T13:55:45+00:00
401864538,2026,11,margin,12.048,10.421,2f5151950a0b,2026-09-27T13:55:45+00:00
401864538,2026,11,margin,10.205,10.717,73d507ab32ad,2026-09-25T00:53:43+00:00
401864538,2026,11,total,51.696,9.165,64a8b2aa5365,2026-09-25T00:53:43+00:00
401864538,2026,11,total,51.299,9.053,d6d4061d19f7,2026-09-27T13:55:45+00:00
401864539,2026,11,margin,2.106,10.421,2f5151950a0b,2026-09-27T13:55:45+00:00
401864539,2026,11,margin,1.782,10.717,73d507ab32ad,2026-09-25T00:53:43+00:00
401864539,2026,11,total,47.521,9.165,64a8b2aa5365,2026-09-25T00:53:43+00:00
401864539,2026,11,total,47.525,9.053,d6d4061d19f7,2026-09-27T13:55:45+00:00
401864540,2026,11,margin,-3.407,10.421,2f5151950a0b,2026-09-27T13:55:45+00:00
401864540,2026,11,margin,2.135,10.717,73d507ab32ad,2026-09-25T00:53:43+00:00
401864540,2026,11,total,49.297,9.165,64a8b2aa5365,2026-09-25T00:53:43+00:00
401864540,2026,11,total,48.329,9.053,d6d4061d19f7,2026-09-27T13:55:45+00:00
401866458,2026,11,margin,-4.761,10.421,2f5151950a0b,2026-09-27T13:55:45+00:00
401866458,2026,11,margin,-4.573,10.717,73d507ab32ad,2026-09-25T00:53:43+00:00
401866458,2026,11,total,45.985,9.165,64a8b2aa5365,2026-09-25T00:53:43+00:00
401866458,2026,11,total,47.634,9.053,d6d4061d19f7,2026-09-27T13:55:45+00:00
401866459,2026,11,margin,7.216,10.421,2f5151950a0b,2026-09-27T13:55:45+00:00
401866459,2026,11,margin,6.652,10.717,73d507ab32ad,2026-09-25T00:53:43+00:00
401866459,2026,11,total,47.565,9.165,64a8b2aa5365,2026-09-25T00:53:43+00:00
401866459,2026,11,total,44.370,9.053,d6d4061d19f7,2026-09-27T13:55:45+00:00
401866460,2026,11,margin,1.979,10.421,2f5151950a0b,2026-09-27T13:55:45+00:00
401866460,2026,11,margin,3.516,10.717,73d507ab32ad,2026-09-25T00:53:43+00:00
401866460,2026,11,total,51.470,9.165,64a8b2aa5365,2026-09-25T00:53:43+00:00
401866460,2026,11,total,50.479,9.053,d6d4061d19f7,2026-09-27T13:55:45+00:00
401866461,2026,11,margin,4.391,10.421,2f5151950a0b,2026-09-27T13:55:45+00:00
401866461,2026,11,margin,-0.564,10.717,73d507ab32ad,2026-09-25T00:53:43+00:00
401866461,2026,11,total,48.338,9.165,64a8b2aa5365,2026-09-25T00:53:43+00:00
401866461,2026,11,total,47.052,9.053,d6d4061d19f7,2026-09-27T13:55:45+00:00
401866462,2026,11,margin,10.669,10.421,2f5151950a0b,2026-09-27T13:55:45+00:00
401866462,2026,11,margin,7.602,10.717,73d507ab32ad,2026-09-25T00:53:43+00:00
401866462,2026,11,total,43.347,9.165,64a8b2aa5365,2026-09-25T00:53:43+00:00
401866462,2026,11,total,44.988,9.053,d6d4061d19f7,2026-09-27T13:55:45+00:00
401866463,2026,11,margin,21.362,10.421,2f5151950a0b,2026-09-27T13:55:45+00:00
401866463,2026,11,margin,23.754,10.717,73d507ab32ad,2026-09-25T00:53:43+00:00
401866463,2026,11,total,53.930,9.165,64a8b2aa5365,2026-09-25T00:53:43+00:00
401866463,2026,11,total,50.880,9.053,d6d4061d19f7,2026-09-27T13:55:45+00:00
401869928,2026,11,margin,-3.225,10.421,2f5151950a0b,2026-09-27T13:55:45+00:00
401869928,2026,11,margin,2.724,10.717,73d507ab32ad,2026-09-25T00:53:43+00:00
401869928,2026,11,total,50.841,9.165,64a8b2aa5365,2026-09-25T00:53:43+00:00
401869928,2026,11,total,52.352,9.053,d6d4061d19f7,2026-09-27T13:55:45+00:00
401869937,2026,11,margin,-2.041,10.421,2f5151950a0b,2026-09-27T13:55:45+00:00
401869937,2026,11,margin,2.377,10.717,73d507ab32ad,2026-09-25T00:53:43+00:00
401869937,2026,11,total,57.462,9.165,64a8b2aa5365,2026-09-25T00:53:43+00:00
401869937,2026,11,total,57.329,9.053,d6d4061d19f7,2026-09-27T13:55:45+00:00
401869952,2026,11,margin,-1.215,10.421,2f5151950a0b,2026-09-27T13:55:45+00:00
401869952,2026,11,margin,1.173,10.717,73d507ab32ad,2026-09-25T00:53:43+00:00
401869952,2026,11,total,53.710,9.165,64a8b2aa5365,2026-09-25T00:53:43+00:00
401869952,2026,11,total,55.680,9.053,d6d4061d19f7,2026-09-27T13:55:45+00:00
401869969,2026,11,margin,-1.510,10.421,2f5151950a0b,2026-09-27T13:55:45+00:00
401869969,2026,11,margin,4.167,10.717,73d507ab32ad,2026-09-25T00:53:43+00:00
401869969,2026,11,total,48.096,9.165,64a8b2aa5365,2026-09-25T00:53:43+00:00
401869969,2026,11,total,46.168,9.053,d6d4061d19f7,2026-09-27T13:55:45+00:00
401870752,2026,11,margin,1.790,10.421,2f5151950a0b,2026-09-27T13:55:45+00:00
401870752,2026,11,margin,1.578,10.717,73d507ab32ad,2026-09-25T00:53:43+00:00
401870752,2026,11,total,58.461,9.165,64a8b2aa5365,2026-09-25T00:53:43+00:00
401870752,2026,11,total,58.084,9.053,d6d4061d19f7,2026-09-27T13:55:45+00:00
401870769,2026,11,margin,-2.039,10.421,2f5151950a0b,2026-09-27T13:55:45+00:00
401870769,2026,11,margin,-2.998,10.717,73d507ab32ad,2026-09-25T00:53:43+00:00
401870769,2026,11,total,55.057,9.165,64a8b2aa5365,2026-09-25T00:53:43+00:00
401870769,2026,11,total,55.233,9.053,d6d4061d19f7,2026-09-27T13:55:45+00:00
401870796,2026,11,margin,4.252,10.421,2f5151950a0b,2026-09-27T13:55:45+00:00
401870796,2026,11,margin,0.830,10.717,73d507ab32ad,2026-09-25T00:53:43+00:00
401870796,2026,11,total,56.402,9.165,64a8b2aa5365,2026-09-25T00:53:43+00:00
401870796,2026,11,total,56.020,9.053,d6d4061d19f7,2026-09-27T13:55:45+00:00
401871060,2026,11,margin,1.935,10.421,2f5151950a0b,2026-09-27T13:55:45+00:00
401871060,2026,11,margin,0.754,10.717,73d507ab32ad,2026-09-25T00:53:43+00:00
401871060,2026,11,total,49.254,9.165,64a8b2aa5365,2026-09-25T00:53:43+00:00
401871060,2026,11,total,49.285,9.053,d6d4061d19f7,2026-09-27T13:55:45+00:00
401871061,2026,11,margin,14.746,10.421,2f5151950a0b,2026-09-27T13:55:45+00:00
401871061,2026,11,margin,8.616,10.717,73d507ab32ad,2026-09-25T00:53:43+00:00
401871061,2026,11,total,50.967,9.165,64a8b2aa5365,2026-09-25T00:53:43+00:00
401871061,2026,11,total,49.903,9.053,d6d4061d19f7,2026-09-27T13:55:45+00:00
401871099,2026,11,margin,5.641,10.421,2f5151950a0b,2026-09-27T13:55:45+00:00
401871099,2026,11,margin,11.336,10.717,73d507ab32ad,2026-09-25T00:53:43+00:00
401871099,2026,11,total,52.259,9.165,64a8b2aa5365,2026-09-25T00:53:43+00:00
401871099,2026,11,total,50.927,9.053,d6d4061d19f7,2026-09-27T13:55:45+00:00
401871100,2026,11,margin,0.468,10.421,2f5151950a0b,2026-09-27T13:55:45+00:00
401871100,2026,11,margin,4.077,10.717,73d507ab32ad,2026-09-25T00:53:43+00:00
401871100,2026,11,total,53.115,9.165,64a8b2aa5365,2026-09-25T00:53:43+00:00
401871100,2026,11,total,54.443,9.053,d6d4061d19f7,2026-09-27T13:55:45+00:00
401856748,2026,12,margin,-2.569,10.421,2f5151950a0b,2026-09-27T13:55:45+00:00
401856748,2026,12,margin,-0.451,10.717,73d507ab32ad,2026-09-25T00:53:43+00:00
401856748,2026,12,total,54.340,9.165,64a8b2aa5365,2026-09-25T00:53:43+00:00
401856748,2026,12,total,52.405,9.053,d6d4061d19f7,2026-09-27T13:55:45+00:00
401856751,2026,12,margin,6.584,10.421,2f5151950a0b,2026-09-27T13:55:45+00:00
401856751,2026,12,margin,2.467,10.717,73d507ab32ad,2026-09-25T00:53:43+00:00
401856751,2026,12,total,47.260,9.165,64a8b2aa5365,2026-09-25T00:53:43+00:00
401856751,2026,12,total,47.617,9.053,d6d4061d19f7,2026-09-27T13:55:45+00:00
401856752,2026,12,margin,5.976,10.421,2f5151950a0b,2026-09-27T13:55:45+00:00
401856752,2026,12,margin,5.406,10.717,73d507ab32ad,2026-09-25T00:53:43+00:00
401856752,2026,12,total,43.336,9.165,64a8b2aa5365,2026-09-25T00:53:43+00:00
401856752,2026,12,total,42.690,9.053,d6d4061d19f7,2026-09-27T13:55:45+00:00
401856753,2026,12,margin,-21.950,10.421,2f5151950a0b,2026-09-27T13:55:45+00:00
401856753,2026,12,margin,-26.060,10.717,73d507ab32ad,2026-09-25T00:53:43+00:00
401856753,2026,12,total,50.681,9.165,64a8b2aa5365,2026-09-25T00:53:43+00:00
401856753,2026,12,total,53.454,9.053,d6d4061d19f7,2026-09-27T13:55:45+00:00
401856754,2026,12,margin,-6.367,10.421,2f5151950a0b,2026-09-27T13:55:45+00:00
401856754,2026,12,margin,-4.763,10.717,73d507ab32ad,2026-09-25T00:53:43+00:00
401856754,2026,12,total,49.503,9.165,64a8b2aa5365,2026-09-25T00:53:43+00:00
401856754,2026,12,total,47.366,9.053,d6d4061d19f7,2026-09-27T13:55:45+00:00
401856755,2026,12,margin,15.582,10.421,2f5151950a0b,2026-09-27T13:55:45+00:00
401856755,2026,12,margin,11.269,10.717,73d507ab32ad,2026-09-25T00:53:43+00:00
401856755,2026,12,total,54.667,9.165,64a8b2aa5365,2026-09-25T00:53:43+00:00
401856755,2026,12,total,48.449,9.053,d6d4061d19f7,2026-09-27T13:55:45+00:00
401856865,2026,12,margin,-1.535,10.421,2f5151950a0b,2026-09-27T13:55:45+00:00
401856865,2026,12,margin,1.961,10.717,73d507ab32ad,2026-09-25T00:53:43+00:00
401856865,2026,12,total,49.518,9.165,64a8b2aa5365,2026-09-25T00:53:43+00:00
401856865,2026,12,total,49.737,9.053,d6d4061d19f7,2026-09-27T13:55:45+00:00
401856866,2026,12,margin,-6.895,10.421,2f5151950a0b,2026-09-27T13:55:45+00:00
401856866,2026,12,margin,-6.273,10.717,73d507ab32ad,2026-09-25T00:53:43+00:00
401856866,2026,12,total,56.172,9.165,64a8b2aa5365,2026-09-25T00:53:43+00:00
401856866,2026,12,total,55.502,9.053,d6d4061d19f7,2026-09-27T13:55:45+00:00
401856867,2026,12,margin,-2.784,10.421,2f5151950a0b,2026-09-27T13:55:45+00:00
401856867,2026,12,margin,1.688,10.717,73d507ab32ad,2026-09-25T00:53:43+00:00
401856867,2026,12,total,61.726,9.165,64a8b2aa5365,2026-09-25T00:53:43+00:00
401856867,2026,12,total,59.369,9.053,d6d4061d19f7,2026-09-27T13:55:45+00:00
401856868,2026,12,margin,-7.751,10.421,2f5151950a0b,2026-09-27T13:55:45+00:00
401856868,2026,12,margin,-7.398,10.717,73d507ab32ad,2026-09-25T00:53:43+00:00
401856868,2026,12,total,56.754,9.165,64a8b2aa5365,2026-09-25T00:53:43+00:00
401856868,2026,12,total,57.809,9.053,d6d4061d19f7,2026-09-27T13:55:45+00:00
401856869,2026,12,margin,-3.996,10.421,2f5151950a0b,2026-09-27T13:55:45+00:00
401856869,2026,12,margin,-4.012,10.717,73d507ab32ad,2026-09-25T00:53:43+00:00
401856869,2026,12,total,48.491,9.165,64a8b2aa5365,2026-09-25T00:53:43+00:00
401856869,2026,12,total,48.007,9.053,d6d4061d19f7,2026-09-27T13:55:45+00:00
401856870,2026,12,margin,14.527,10.421,2f5151950a0b,2026-09-27T13:55:45+00:00
401856870,2026,12,margin,15.806,10.717,73d507ab32ad,2026-09-25T00:53:43+00:00
401856870,2026,12,total,51.699,9.165,64a8b2aa5365,2026-09-25T00:53:43+00:00
401856870,2026,12,total,51.857,9.053,d6d4061d19f7,2026-09-27T13:55:45+00:00
401856871,2026,12,margin,-5.974,10.421,2f5151950a0b,2026-09-27T13:55:45+00:00
401856871,2026,12,margin,-3.841,10.717,73d507ab32ad,2026-09-25T00:53:43+00:00
401856871,2026,12,total,57.151,9.165,64a8b2aa5365,2026-09-25T00:53:43+00:00
401856871,2026,12,total,56.958,9.053,d6d4061d19f7,2026-09-27T13:55:45+00:00
401856872,2026,12,margin,-12.384,10.421,2f5151950a0b,2026-09-27T13:55:45+00:00
401856872,2026,12,margin,-14.384,10.717,73d507ab32ad,2026-09-25T00:53:43+00:00
401856872,2026,12,total,54.640,9.165,64a8b2aa5365,2026-09-25T00:53:43+00:00
401856872,2026,12,total,53.390,9.053,d6d4061d19f7,2026-09-27T13:55:45+00:00
401858302,2026,12,margin,18.517,10.421,2f5151950a0b,2026-09-27T13:55:45+00:00
401858302,2026,12,margin,20.754,10.717,73d507ab32ad,2026-09-25T00:53:43+00:00
401858302,2026,12,total,52.683,9.165,64a8b2aa5365,2026-09-25T00:53:43+00:00
401858302,2026,12,total,51.882,9.053,d6d4061d19f7,2026-09-27T13:55:45+00:00
401858303,2026,12,margin,-1.099,10.421,2f5151950a0b,2026-09-27T13:55:45+00:00
401858303,2026,12,margin,0.852,10.717,73d507ab32ad,2026-09-25T00:53:43+00:00
401858303,2026,12,total,43.278,9.165,64a8b2aa5365,2026-09-25T00:53:43+00:00
401858303,2026,12,total,41.418,9.053,d6d4061d19f7,2026-09-27T13:55:45+00:00
401858304,2026,12,margin,2.279,10.421,2f5151950a0b,2026-09-27T13:55:45+00:00
401858304,2026,12,margin,-0.019,10.717,73d507ab32ad,2026-09-25T00:53:43+00:00
401858304,2026,12,total,57.356,9.165,64a8b2aa5365,2026-09-25T00:53:43+00:00
401858304,2026,12,total,56.111,9.053,d6d4061d19f7,2026-09-27T13:55:45+00:00
401858305,2026,12,margin,1.755,10.421,2f5151950a0b,2026-09-27T13:55:45+00:00
401858305,2026,12,margin,0.706,10.717,73d507ab32ad,2026-09-25T00:53:43+00:00
401858305,2026,12,total,46.166,9.165,64a8b2aa5365,2026-09-25T00:53:43+00:00
401858305,2026,12,total,45.102,9.053,d6d4061d19f7,2026-09-27T13:55:45+00:00
401858306,2026,12,margin,16.289,10.421,2f5151950a0b,2026-09-27T13:55:45+00:00
401858306,2026,12,margin,21.737,10.717,73d507ab32ad,2026-09-25T00:53:43+00:00
401858306,2026,12,total,54.706,9.165,64a8b2aa5365,2026-09-25T00:53:43+00:00
401858306,2026,12,total,54.537,9.053,d6d4061d19f7,2026-09-27T13:55:45+00:00
401858307,2026,12,margin,6.618,10.421,2f5151950a0b,2026-09-27T13:55:45+00:00
401858307,2026,12,margin,-0.010,10.717,73d507ab32ad,2026-09-25T00:53:43+00:00
401858307,2026,12,total,54.307,9.165,64a8b2aa5365,2026-09-25T00:53:43+00:00
401858307,2026,12,total,54.398,9.053,d6d4061d19f7,2026-09-27T13:55:45+00:00
401858308,2026,12,margin,5.212,10.421,2f5151950a0b,2026-09-27T13:55:45+00:00
401858308,2026,12,margin,6.733,10.717,73d507ab32ad,2026-09-25T00:53:43+00:00
401858308,2026,12,total,52.357,9.165,64a8b2aa5365,2026-09-25T00:53:43+00:00
401858308,2026,12,total,52.804,9.053,d6d4061d19f7,2026-09-27T13:55:45+00:00
401858309,2026,12,margin,-0.615,10.421,2f5151950a0b,2026-09-27T13:55:45+00:00
401858309,2026,12,margin,0.324,10.717,73d507ab32ad,2026-09-25T00:53:43+00:00
401858309,2026,12,total,53.018,9.165,64a8b2aa5365,2026-09-25T00:53:43+00:00
401858309,2026,12,total,50.335,9.053,d6d4061d19f7,2026-09-27T13:55:45+00:00
401858310,2026,12,margin,-5.353,10.421,2f5151950a0b,2026-09-27T13:55:45+00:00
401858310,2026,12,margin,-2.516,10.717,73d507ab32ad,2026-09-25T00:53:43+00:00
401858310,2026,12,total,52.044,9.165,64a8b2aa5365,2026-09-25T00:53:43+00:00
401858310,2026,12,total,52.682,9.053,d6d4061d19f7,2026-09-27T13:55:45+00:00
401858527,2026,12,margin,-5.220,10.421,2f5151950a0b,2026-09-27T13:55:45+00:00
401858527,2026,12,margin,-8.690,10.717,73d507ab32ad,2026-09-25T00:53:43+00:00
401858527,2026,12,total,49.780,9.165,64a8b2aa5365,2026-09-25T00:53:43+00:00
401858527,2026,12,total,49.337,9.053,d6d4061d19f7,2026-09-27T13:55:45+00:00
401858528,2026,12,margin,7.534,10.421,2f5151950a0b,2026-09-27T13:55:45+00:00
401858528,2026,12,margin,6.325,10.717,73d507ab32ad,2026-09-25T00:53:43+00:00
401858528,2026,12,total,51.219,9.165,64a8b2aa5365,2026-09-25T00:53:43+00:00
401858528,2026,12,total,47.868,9.053,d6d4061d19f7,2026-09-27T13:55:45+00:00
401858529,2026,12,margin,-19.387,10.421,2f5151950a0b,2026-09-27T13:55:45+00:00
401858529,2026,12,margin,-14.829,10.717,73d507ab32ad,2026-09-25T00:53:43+00:00
401858529,2026,12,total,52.645,9.165,64a8b2aa5365,2026-09-25T00:53:43+00:00
401858529,2026,12,total,52.006,9.053,d6d4061d19f7,2026-09-27T13:55:45+00:00
401858530,2026,12,margin,-5.670,10.421,2f5151950a0b,2026-09-27T13:55:45+00:00
401858530,2026,12,margin,-3.501,10.717,73d507ab32ad,2026-09-25T00:53:43+00:00
401858530,2026,12,total,49.882,9.165,64a8b2aa5365,2026-09-25T00:53:43+00:00
401858530,2026,12,total,48.696,9.053,d6d4061d19f7,2026-09-27T13:55:45+00:00
401858531,2026,12,margin,-9.931,10.421,2f5151950a0b,2026-09-27T13:55:45+00:00
401858531,2026,12,margin,-12.874,10.717,73d507ab32ad,2026-09-25T00:53:43+00:00
401858531,2026,12,total,51.262,9.165,64a8b2aa5365,2026-09-25T00:53:43+00:00
401858531,2026,12,total,52.353,9.053,d6d4061d19f7,2026-09-27T13:55:45+00:00
401858532,2026,12,margin,16.352,10.421,2f5151950a0b,2026-09-27T13:55:45+00:00
401858532,2026,12,margin,23.210,10.717,73d507ab32ad,2026-09-25T00:53:43+00:00
401858532,2026,12,total,55.587,9.165,64a8b2aa5365,2026-09-25T00:53:43+00:00
401858532,2026,12,total,55.107,9.053,d6d4061d19f7,2026-09-27T13:55:45+00:00
401858533,2026,12,margin,-5.618,10.421,2f5151950a0b,2026-09-27T13:55:45+00:00
401858533,2026,12,margin,1.650,10.717,73d507ab32ad,2026-09-25T00:53:43+00:00
401858533,2026,12,total,56.516,9.165,64a8b2aa5365,2026-09-25T00:53:43+00:00
401858533,2026,12,total,55.712,9.053,d6d4061d19f7,2026-09-27T13:55:45+00:00
401858534,2026,12,margin,10.195,10.421,2f5151950a0b,2026-09-27T13:55:45+00:00
401858534,2026,12,margin,8.921,10.717,73d507ab32ad,2026-09-25T00:53:43+00:00
401858534,2026,12,total,62.838,9.165,64a8b2aa5365,2026-09-25T00:53:43+00:00
401858534,2026,12,total,63.029,9.053,d6d4061d19f7,2026-09-27T13:55:45+00:00
401858535,2026,12,margin,-6.393,10.421,2f5151950a0b,2026-09-27T13:55:45+00:00
401858535,2026,12,margin,-6.806,10.717,73d507ab32ad,2026-09-25T00:53:43+00:00
401858535,2026,12,total,50.379,9.165,64a8b2aa5365,2026-09-25T00:53:43+00:00
401858535,2026,12,total,49.279,9.053,d6d4061d19f7,2026-09-27T13:55:45+00:00
401860918,2026,12,margin,-1.255,10.421,2f5151950a0b,2026-09-27T13:55:45+00:00
401860918,2026,12,margin,10.897,10.717,73d507ab32ad,2026-09-25T00:53:43+00:00
401860918,2026,12,total,56.052,9.165,64a8b2aa5365,2026-09-25T00:53:43+00:00
401860918,2026,12,total,59.406,9.053,d6d4061d19f7,2026-09-27T13:55:45+00:00
401860919,2026,12,margin,11.941,10.421,2f5151950a0b,2026-09-27T13:55:45+00:00
401860919,2026,12,margin,4.851,10.717,73d507ab32ad,2026-09-25T00:53:43+00:00
401860919,2026,12,total,50.688,9.165,64a8b2aa5365,2026-09-25T00:53:43+00:00
401860919,2026,12,total,49.401,9.053,d6d4061d19f7,2026-09-27T13:55:45+00:00
401860920,2026,12,margin,0.942,10.421,2f5151950a0b,2026-09-27T13:55:45+00:00
401860920,2026,12,margin,-2.105,10.717,73d507ab32ad,2026-09-25T00:53:43+00:00
401860920,2026,12,total,55.374,9.165,64a8b2aa5365,2026-09-25T00:53:43+00:00
401860920,2026,12,total,56.052,9.053,d6d4061d19f7,2026-09-27T13:55:45+00:00
401860925,2026,12,margin,13.557,10.421,2f5151950a0b,2026-09-27T13:55:45+00:00
401860925,2026,12,margin,12.655,10.717,73d507ab32ad,2026-09-25T00:53:43+00:00
401860925,2026,12,total,49.456,9.165,64a8b2aa5365,2026-09-25T00:53:43+00:00
401860925,2026,12,total,48.217,9.053,d6d4061d19f7,2026-09-27T13:55:45+00:00
401861968,2026,12,margin,-0.216,10.421,2f5151950a0b,2026-09-27T13:55:45+00:00
401861968,2026,12,margin,-1.587,10.717,73d507ab32ad,2026-09-25T00:53:43+00:00
401861968,2026,12,total,52.276,9.165,64a8b2aa5365,2026-09-25T00:53:43+00:00
401861968,2026,12,total,51.324,9.053,d6d4061d19f7,2026-09-27T13:55:45+00:00
401862830,2026,12,margin,3.400,10.421,2f5151950a0b,2026-09-27T13:55:45+00:00
401862830,2026,12,margin,9.528,10.717,73d507ab32ad,2026-09-25T00:53:43+00:00
401862830,2026,12,total,50.363,9.165,64a8b2aa5365,2026-09-25T00:53:43+00:00
401862830,2026,12,total,54.049,9.053,d6d4061d19f7,2026-09-27T13:55:45+00:00
401862831,2026,12,margin,-0.746,10.421,2f5151950a0b,2026-09-27T13:55:45+00:00
401862831,2026,12,margin,-1.127,10.717,73d507ab32ad,2026-09-25T00:53:43+00:00
401862831,2026,12,total,49.935,9.165,64a8b2aa5365,2026-09-25T00:53:43+00:00
401862831,2026,12,total,50.432,9.053,d6d4061d19f7,2026-09-27T13:55:45+00:00
401862832,2026,12,margin,21.329,10.421,2f5151950a0b,2026-09-27T13:55:45+00:00
401862832,2026,12,margin,15.379,10.717,73d507ab32ad,2026-09-25T00:53:43+00:00
401862832,2026,12,total,50.842,9.165,64a8b2aa5365,2026-09-25T00:53:43+00:00
401862832,2026,12,total,48.501,9.053,d6d4061d19f7,2026-09-27T13:55:45+00:00
401862833,2026,12,margin,-9.634,10.421,2f5151950a0b,2026-09-27T13:55:45+00:00
401862833,2026,12,margin,-8.804,10.717,73d507ab32ad,2026-09-25T00:53:43+00:00
401862833,2026,12,total,65.166,9.165,64a8b2aa5365,2026-09-25T00:53:43+00:00
401862833,2026,12,total,61.697,9.053,d6d4061d19f7,2026-09-27T13:55:45+00:00
401862834,2026,12,margin,6.802,10.421,2f5151950a0b,2026-09-27T13:55:45+00:00
401862834,2026,12,margin,6.179,10.717,73d507ab32ad,2026-09-25T00:53:43+00:00
401862834,2026,12,total,61.291,9.165,64a8b2aa5365,2026-09-25T00:53:43+00:00
401862834,2026,12,total,59.393,9.053,d6d4061d19f7,2026-09-27T13:55:45+00:00
401862835,2026,12,margin,-9.087,10.421,2f5151950a0b,2026-09-27T13:55:45+00:00
401862835,2026,12,margin,-5.001,10.717,73d507ab32ad,2026-09-25T00:53:43+00:00
401862835,2026,12,total,58.840,9.165,64a8b2aa5365,2026-09-25T00:53:43+00:00
401862835,2026,12,total,60.086,9.053,d6d4061d19f7,2026-09-27T13:55:45+00:00
401862836,2026,12,margin,-4.887,10.421,2f5151950a0b,2026-09-27T13:55:45+00:00
401862836,2026,12,margin,-9.239,10.717,73d507ab32ad,2026-09-25T00:53:43+00:00
401862836,2026,12,total,51.957,9.165,64a8b2aa5365,2026-09-25T00:53:43+00:00
401862836,2026,12,total,53.704,9.053,d6d4061d19f7,2026-09-27T13:55:45+00:00
401864541,2026,12,margin,-1.027,10.421,2f5151950a0b,2026-09-27T13:55:45+00:00
401864541,2026,12,margin,0.402,10.717,73d507ab32ad,2026-09-25T00:53:43+00:00
401864541,2026,12,total,49.135,9.165,64a8b2aa5365,2026-09-25T00:53:43+00:00
401864541,2026,12,total,50.213,9.053,d6d4061d19f7,2026-09-27T13:55:45+00:00
401864542,2026,12,margin,-5.479,10.421,2f5151950a0b,2026-09-27T13:55:45+00:00
401864542,2026,12,margin,-5.897,10.717,73d507ab32ad,2026-09-25T00:53:43+00:00
401864542,2026,12,total,44.255,9.165,64a8b2aa5365,2026-09-25T00:53:43+00:00
401864542,2026,12,total,43.733,9.053,d6d4061d19f7,2026-09-27T13:55:45+00:00
401864543,2026,12,margin,11.056,10.421,2f5151950a0b,2026-09-27T13:55:45+00:00
401864543,2026,12,margin,13.477,10.717,73d507ab32ad,2026-09-25T00:53:43+00:00
401864543,2026,12,total,52.462,9.165,64a8b2aa5365,2026-09-25T00:53:43+00:00
401864543,2026,12,total,52.574,9.053,d6d4061d19f7,2026-09-27T13:55:45+00:00
401864544,2026,12,margin,-4.876,10.421,2f5151950a0b,2026-09-27T13:55:45+00:00
401864544,2026,12,margin,-3.506,10.717,73d507ab32ad,2026-09-25T00:53:43+00:00
401864544,2026,12,total,52.330,9.165,64a8b2aa5365,2026-09-25T00:53:43+00:00
401864544,2026,12,total,52.165,9.053,d6d4061d19f7,2026-09-27T13:55:45+00:00
401864545,2026,12,margin,18.526,10.421,2f5151950a0b,2026-09-27T13:55:45+00:00
401864545,2026,12,margin,13.358,10.717,73d507ab32ad,2026-09-25T00:53:43+00:00
401864545,2026,12,total,51.929,9.165,64a8b2aa5365,2026-09-25T00:53:43+00:00
401864545,2026,12,total,51.254,9.053,d6d4061d19f7,2026-09-27T13:55:45+00:00
401866464,2026,12,margin,13.053,10.421,2f5151950a0b,2026-09-27T13:55:45+00:00
401866464,2026,12,margin,14.965,10.717,73d507ab32ad,2026-09-25T00:53:43+00:00
401866464,2026,12,total,51.311,9.165,64a8b2aa5365,2026-09-25T00:53:43+00:00
401866464,2026,12,total,50.245,9.053,d6d4061d19f7,2026-09-27T13:55:45+00:00
401866465,2026,12,margin,13.239,10.421,2f5151950a0b,2026-09-27T13:55:45+00:00
401866465,2026,12,margin,16.897,10.717,73d507ab32ad,2026-09-25T00:53:43+00:00
401866465,2026,12,total,45.709,9.165,64a8b2aa5365,2026-09-25T00:53:43+00:00
401866465,2026,12,total,44.928,9.053,d6d4061d19f7,2026-09-27T13:55:45+00:00
401866466,2026,12,margin,-13.688,10.421,2f5151950a0b,2026-09-27T13:55:45+00:00
401866466,2026,12,margin,-11.999,10.717,73d507ab32ad,2026-09-25T00:53:43+00:00
401866466,2026,12,total,50.387,9.165,64a8b2aa5365,2026-09-25T00:53:43+00:00
401866466,2026,12,total,48.640,9.053,d6d4061d19f7,2026-09-27T13:55:45+00:00
401866467,2026,12,margin,-2.266,10.421,2f5151950a0b,2026-09-27T13:55:45+00:00
401866467,2026,12,margin,-6.064,10.717,73d507ab32ad,2026-09-25T00:53:43+00:00
401866467,2026,12,total,53.467,9.165,64a8b2aa5365,2026-09-25T00:53:43+00:00
401866467,2026,12,total,52.336,9.053,d6d4061d19f7,2026-09-27T13:55:45+00:00
401866468,2026,12,margin,19.679,10.421,2f5151950a0b,2026-09-27T13:55:45+00:00
401866468,2026,12,margin,17.809,10.717,73d507ab32ad,2026-09-25T00:53:43+00:00
401866468,2026,12,total,49.258,9.165,64a8b2aa5365,2026-09-25T00:53:43+00:00
401866468,2026,12,total,45.636,9.053,d6d4061d19f7,2026-09-27T13:55:45+00:00
401866469,2026,12,margin,-5.109,10.421,2f5151950a0b,2026-09-27T13:55:45+00:00
401866469,2026,12,margin,-0.603,10.717,73d507ab32ad,2026-09-25T00:53:43+00:00
401866469,2026,12,total,42.016,9.165,64a8b2aa5365,2026-09-25T00:53:43+00:00
401866469,2026,12,total,42.468,9.053,d6d4061d19f7,2026-09-27T13:55:45+00:00
401869929,2026,12,margin,10.435,10.421,2f5151950a0b,2026-09-27T13:55:45+00:00
401869929,2026,12,margin,4.582,10.717,73d507ab32ad,2026-09-25T00:53:43+00:00
401869929,2026,12,total,50.752,9.165,64a8b2aa5365,2026-09-25T00:53:43+00:00
401869929,2026,12,total,52.055,9.053,d6d4061d19f7,2026-09-27T13:55:45+00:00
401869938,2026,12,margin,4.724,10.421,2f5151950a0b,2026-09-27T13:55:45+00:00
401869938,2026,12,margin,3.783,10.717,73d507ab32ad,2026-09-25T00:53:43+00:00
401869938,2026,12,total,49.706,9.165,64a8b2aa5365,2026-09-25T00:53:43+00:00
401869938,2026,12,total,49.482,9.053,d6d4061d19f7,2026-09-27T13:55:45+00:00
401869946,2026,12,margin,6.152,10.421,2f5151950a0b,2026-09-27T13:55:45+00:00
401869946,2026,12,margin,-2.364,10.717,73d507ab32ad,2026-09-25T00:53:43+00:00
401869946,2026,12,total,52.432,9.165,64a8b2aa5365,2026-09-25T00:53:43+00:00
401869946,2026,12,total,49.879,9.053,d6d4061d19f7,2026-09-27T13:55:45+00:00
401869953,2026,12,margin,-3.474,10.421,2f5151950a0b,2026-09-27T13:55:45+00:00
401869953,2026,12,margin,-6.147,10.717,73d507ab32ad,2026-09-25T00:53:43+00:00
401869953,2026,12,total,48.273,9.165,64a8b2aa5365,2026-09-25T00:53:43+00:00
401869953,2026,12,total,50.481,9.053,d6d4061d19f7,2026-09-27T13:55:45+00:00
401869958,2026,12,margin,-1.337,10.421,2f5151950a0b,2026-09-27T13:55:45+00:00
401869958,2026,12,margin,-0.052,10.717,73d507ab32ad,2026-09-25T00:53:43+00:00
401869958,2026,12,total,56.135,9.165,64a8b2aa5365,2026-09-25T00:53:43+00:00
401869958,2026,12,total,57.005,9.053,d6d4061d19f7,2026-09-27T13:55:45+00:00
401871077,2026,12,margin,3.395,10.421,2f5151950a0b,2026-09-27T13:55:45+00:00
401871077,2026,12,margin,4.405,10.717,73d507ab32ad,2026-09-25T00:53:43+00:00
401871077,2026,12,total,53.273,9.165,64a8b2aa5365,2026-09-25T00:53:43+00:00
401871077,2026,12,total,54.551,9.053,d6d4061d19f7,2026-09-27T13:55:45+00:00
401871078,2026,12,margin,5.427,10.421,2f5151950a0b,2026-09-27T13:55:45+00:00
401871078,2026,12,margin,1.759,10.717,73d507ab32ad,2026-09-25T00:53:43+00:00
401871078,2026,12,total,50.629,9.165,64a8b2aa5365,2026-09-25T00:53:43+00:00
401871078,2026,12,total,50.052,9.053,d6d4061d19f7,2026-09-27T13:55:45+00:00
401871079,2026,12,margin,3.310,10.421,2f5151950a0b,2026-09-27T13:55:45+00:00
401871079,2026,12,margin,5.669,10.717,73d507ab32ad,2026-09-25T00:53:43+00:00
401871079,2026,12,total,58.912,9.165,64a8b2aa5365,2026-09-25T00:53:43+00:00
401871079,2026,12,total,56.608,9.053,d6d4061d19f7,2026-09-27T13:55:45+00:00
401871080,2026,12,margin,8.144,10.421,2f5151950a0b,2026-09-27T13:55:45+00:00
401871080,2026,12,margin,1.428,10.717,73d507ab32ad,2026-09-25T00:53:43+00:00
401871080,2026,12,total,54.301,9.165,64a8b2aa5365,2026-09-25T00:53:43+00:00
401871080,2026,12,total,54.032,9.053,d6d4061d19f7,2026-09-27T13:55:45+00:00
401871081,2026,12,margin,4.455,10.421,2f5151950a0b,2026-09-27T13:55:45+00:00
401871081,2026,12,margin,2.070,10.717,73d507ab32ad,2026-09-25T00:53:43+00:00
401871081,2026,12,total,53.026,9.165,64a8b2aa5365,2026-09-25T00:53:43+00:00
401871081,2026,12,total,53.283,9.053,d6d4061d19f7,2026-09-27T13:55:45+00:00
401871101,2026,12,margin,3.446,10.421,2f5151950a0b,2026-09-27T13:55:45+00:00
401871101,2026,12,margin,-1.812,10.717,73d507ab32ad,2026-09-25T00:53:43+00:00
401871101,2026,12,total,58.185,9.165,64a8b2aa5365,2026-09-25T00:53:43+00:00
401871101,2026,12,total,57.998,9.053,d6d4061d19f7,2026-09-27T13:55:45+00:00
401856756,2026,13,margin,-3.081,10.421,2f5151950a0b,2026-09-27T13:55:45+00:00
401856756,2026,13,margin,-2.412,10.717,73d507ab32ad,2026-09-25T00:53:43+00:00
401856756,2026,13,total,48.771,9.165,64a8b2aa5365,2026-09-25T00:53:43+00:00
401856756,2026,13,total,44.174,9.053,d6d4061d19f7,2026-09-27T13:55:45+00:00
401856757,2026,13,margin,15.860,10.421,2f5151950a0b,2026-09-27T13:55:45+00:00
401856757,2026,13,margin,17.631,10.717,73d507ab32ad,2026-09-25T00:53:43+00:00
401856757,2026,13,total,53.145,9.165,64a8b2aa5365,2026-09-25T00:53:43+00:00
401856757,2026,13,total,53.144,9.053,d6d4061d19f7,2026-09-27T13:55:45+00:00
401856758,2026,13,margin,-13.177,10.421,2f5151950a0b,2026-09-27T13:55:45+00:00
401856758,2026,13,margin,-10.595,10.717,73d507ab32ad,2026-09-25T00:53:43+00:00
401856758,2026,13,total,50.323,9.165,64a8b2aa5365,2026-09-25T00:53:43+00:00
401856758,2026,13,total,48.562,9.053,d6d4061d19f7,2026-09-27T13:55:45+00:00
401856759,2026,13,margin,0.486,10.421,2f5151950a0b,2026-09-27T13:55:45+00:00
401856759,2026,13,margin,-0.742,10.717,73d507ab32ad,2026-09-25T00:53:43+00:00
401856759,2026,13,total,57.404,9.165,64a8b2aa5365,2026-09-25T00:53:43+00:00
401856759,2026,13,total,56.470,9.053,d6d4061d19f7,2026-09-27T13:55:45+00:00
401856760,2026,13,margin,21.218,10.421,2f5151950a0b,2026-09-27T13:55:45+00:00
401856760,2026,13,margin,23.871,10.717,73d507ab32ad,2026-09-25T00:53:43+00:00
401856760,2026,13,total,53.421,9.165,64a8b2aa5365,2026-09-25T00:53:43+00:00
401856760,2026,13,total,54.916,9.053,d6d4061d19f7,2026-09-27T13:55:45+00:00
401856761,2026,13,margin,-5.931,10.421,2f5151950a0b,2026-09-27T13:55:45+00:00
401856761,2026,13,margin,-8.582,10.717,73d507ab32ad,2026-09-25T00:53:43+00:00
401856761,2026,13,total,52.016,9.165,64a8b2aa5365,2026-09-25T00:53:43+00:00
401856761,2026,13,total,52.742,9.053,d6d4061d19f7,2026-09-27T13:55:45+00:00
401856762,2026,13,margin,3.408,10.421,2f5151950a0b,2026-09-27T13:55:45+00:00
401856762,2026,13,margin,1.356,10.717,73d507ab32ad,2026-09-25T00:53:43+00:00
401856762,2026,13,total,63.633,9.165,64a8b2aa5365,2026-09-25T00:53:43+00:00
401856762,2026,13,total,63.369,9.053,d6d4061d19f7,2026-09-27T13:55:45+00:00
401856763,2026,13,margin,-1.378,10.421,2f5151950a0b,2026-09-27T13:55:45+00:00
401856763,2026,13,margin,-2.036,10.717,73d507ab32ad,2026-09-25T00:53:43+00:00
401856763,2026,13,total,42.532,9.165,64a8b2aa5365,2026-09-25T00:53:43+00:00
401856763,2026,13,total,42.145,9.053,d6d4061d19f7,2026-09-27T13:55:45+00:00
401856764,2026,13,margin,9.467,10.421,2f5151950a0b,2026-09-27T13:55:45+00:00
401856764,2026,13,margin,9.042,10.717,73d507ab32ad,2026-09-25T00:53:43+00:00
401856764,2026,13,total,46.063,9.165,64a8b2aa5365,2026-09-25T00:53:43+00:00
401856764,2026,13,total,47.081,9.053,d6d4061d19f7,2026-09-27T13:55:45+00:00
401856765,2026,13,margin,4.232,10.421,2f5151950a0b,2026-09-27T13:55:45+00:00
401856765,2026,13,margin,1.408,10.717,73d507ab32ad,2026-09-25T00:53:43+00:00
401856765,2026,13,total,57.259,9.165,64a8b2aa5365,2026-09-25T00:53:43+00:00
401856765,2026,13,total,53.111,9.053,d6d4061d19f7,2026-09-27T13:55:45+00:00
401856873,2026,13,margin,4.908,10.421,2f5151950a0b,2026-09-27T13:55:45+00:00
401856873,2026,13,margin,1.091,10.717,73d507ab32ad,2026-09-25T00:53:43+00:00
401856873,2026,13,total,52.080,9.165,64a8b2aa5365,2026-09-25T00:53:43+00:00
401856873,2026,13,total,51.814,9.053,d6d4061d19f7,2026-09-27T13:55:45+00:00
401856874,2026,13,margin,9.499,10.421,2f5151950a0b,2026-09-27T13:55:45+00:00
401856874,2026,13,margin,5.910,10.717,73d507ab32ad,2026-09-25T00:53:43+00:00
401856874,2026,13,total,58.947,9.165,64a8b2aa5365,2026-09-25T00:53:43+00:00
401856874,2026,13,total,59.391,9.053,d6d4061d19f7,2026-09-27T13:55:45+00:00
401856875,2026,13,margin,9.227,10.421,2f5151950a0b,2026-09-27T13:55:45+00:00
401856875,2026,13,margin,4.072,10.717,73d507ab32ad,2026-09-25T00:53:43+00:00
401856875,2026,13,total,54.831,9.165,64a8b2aa5365,2026-09-25T00:53:43+00:00
401856875,2026,13,total,50.992,9.053,d6d4061d19f7,2026-09-27T13:55:45+00:00
401856876,2026,13,margin,17.924,10.421,2f5151950a0b,2026-09-27T13:55:45+00:00
401856876,2026,13,margin,16.072,10.717,73d507ab32ad,2026-09-25T00:53:43+00:00
401856876,2026,13,total,58.988,9.165,64a8b2aa5365,2026-09-25T00:53:43+00:00
401856876,2026,13,total,58.691,9.053,d6d4061d19f7,2026-09-27T13:55:45+00:00
401856877,2026,13,margin,-8.606,10.421,2f5151950a0b,2026-09-27T13:55:45+00:00
401856877,2026,13,margin,-7.955,10.717,73d507ab32ad,2026-09-25T00:53:43+00:00
401856877,2026,13,total,54.469,9.165,64a8b2aa5365,2026-09-25T00:53:43+00:00
401856877,2026,13,total,54.293,9.053,d6d4061d19f7,2026-09-27T13:55:45+00:00
401856878,2026,13,margin,0.099,10.421,2f5151950a0b,2026-09-27T13:55:45+00:00
401856878,2026,13,margin,0.943,10.717,73d507ab32ad,2026-09-25T00:53:43+00:00
401856878,2026,13,total,47.238,9.165,64a8b2aa5365,2026-09-25T00:53:43+00:00
401856878,2026,13,total,48.682,9.053,d6d4061d19f7,2026-09-27T13:55:45+00:00
401856879,2026,13,margin,10.027,10.421,2f5151950a0b,2026-09-27T13:55:45+00:00
401856879,2026,13,margin,13.489,10.717,73d507ab32ad,2026-09-25T00:53:43+00:00
401856879,2026,13,total,52.603,9.165,64a8b2aa5365,2026-09-25T00:53:43+00:00
401856879,2026,13,total,52.860,9.053,d6d4061d19f7,2026-09-27T13:55:45+00:00
401856880,2026,13,margin,20.304,10.421,2f5151950a0b,2026-09-27T13:55:45+00:00
401856880,2026,13,margin,20.261,10.717,73d507ab32ad,2026-09-25T00:53:43+00:00
401856880,2026,13,total,56.995,9.165,64a8b2aa5365,2026-09-25T00:53:43+00:00
401856880,2026,13,total,55.906,9.053,d6d4061d19f7,2026-09-27T13:55:45+00:00
401858311,2026,13,margin,29.899,10.421,2f5151950a0b,2026-09-27T13:55:45+00:00
401858311,2026,13,margin,29.952,10.717,73d507ab32ad,2026-09-25T00:53:43+00:00
401858311,2026,13,total,49.436,9.165,64a8b2aa5365,2026-09-25T00:53:43+00:00
401858311,2026,13,total,47.434,9.053,d6d4061d19f7,2026-09-27T13:55:45+00:00
401858312,2026,13,margin,11.436,10.421,2f5151950a0b,2026-09-27T13:55:45+00:00
401858312,2026,13,margin,8.847,10.717,73d507ab32ad,2026-09-25T00:53:43+00:00
401858312,2026,13,total,46.518,9.165,64a8b2aa5365,2026-09-25T00:53:43+00:00
401858312,2026,13,total,45.557,9.053,d6d4061d19f7,2026-09-27T13:55:45+00:00
401858313,2026,13,margin,3.244,10.421,2f5151950a0b,2026-09-27T13:55:45+00:00
401858313,2026,13,margin,1.181,10.717,73d507ab32ad,2026-09-25T00:53:43+00:00
401858313,2026,13,total,49.719,9.165,64a8b2aa5365,2026-09-25T00:53:43+00:00
401858313,2026,13,total,48.850,9.053,d6d4061d19f7,2026-09-27T13:55:45+00:00
401858314,2026,13,margin,-19.930,10.421,2f5151950a0b,2026-09-27T13:55:45+00:00
401858314,2026,13,margin,-15.467,10.717,73d507ab32ad,2026-09-25T00:53:43+00:00
401858314,2026,13,total,51.953,9.165,64a8b2aa5365,2026-09-25T00:53:43+00:00
401858314,2026,13,total,52.203,9.053,d6d4061d19f7,2026-09-27T13:55:45+00:00
401858315,2026,13,margin,-2.152,10.421,2f5151950a0b,2026-09-27T13:55:45+00:00
401858315,2026,13,margin,1.164,10.717,73d507ab32ad,2026-09-25T00:53:43+00:00
401858315,2026,13,total,51.804,9.165,64a8b2aa5365,2026-09-25T00:53:43+00:00
401858315,2026,13,total,51.033,9.053,d6d4061d19f7,2026-09-27T13:55:45+00:00
401858316,2026,13,margin,-19.934,10.421,2f5151950a0b,2026-09-27T13:55:45+00:00
401858316,2026,13,margin,-21.779,10.717,73d507ab32ad,2026-09-25T00:53:43+00:00
401858316,2026,13,total,56.945,9.165,64a8b2aa5365,2026-09-25T00:53:43+00:00
401858316,2026,13,total,57.655,9.053,d6d4061d19f7,2026-09-27T13:55:45+00:00
401858317,2026,13,margin,3.077,10.421,2f5151950a0b,2026-09-27T13:55:45+00:00
401858317,2026,13,margin,3.585,10.717,73d507ab32ad,2026-09-25T00:53:43+00:00
401858317,2026,13,total,51.537,9.165,64a8b2aa5365,2026-09-25T00:53:43+00:00
401858317,2026,13,total,49.318,9.053,d6d4061d19f7,2026-09-27T13:55:45+00:00
401858536,2026,13,margin,6.262,10.421,2f5151950a0b,2026-09-27T13:55:45+00:00
401858536,2026,13,margin,7.720,10.717,73d507ab32ad,2026-09-25T00:53:43+00:00
401858536,2026,13,total,48.550,9.165,64a8b2aa5365,2026-09-25T00:53:43+00:00
401858536,2026,13,total,47.421,9.053,d6d4061d19f7,2026-09-27T13:55:45+00:00
401858537,2026,13,margin,0.838,10.421,2f5151950a0b,2026-09-27T13:55:45+00:00
401858537,2026,13,margin,-0.758,10.717,73d507ab32ad,2026-09-25T00:53:43+00:00
401858537,2026,13,total,52.691,9.165,64a8b2aa5365,2026-09-25T00:53:43+00:00
401858537,2026,13,total,53.098,9.053,d6d4061d19f7,2026-09-27T13:55:45+00:00
401858538,2026,13,margin,20.516,10.421,2f5151950a0b,2026-09-27T13:55:45+00:00
401858538,2026,13,margin,23.111,10.717,73d507ab32ad,2026-09-25T00:53:43+00:00
401858538,2026,13,total,58.252,9.165,64a8b2aa5365,2026-09-25T00:53:43+00:00
401858538,2026,13,total,58.136,9.053,d6d4061d19f7,2026-09-27T13:55:45+00:00
401858539,2026,13,margin,-8.178,10.421,2f5151950a0b,2026-09-27T13:55:45+00:00
401858539,2026,13,margin,-13.059,10.717,73d507ab32ad,2026-09-25T00:53:43+00:00
401858539,2026,13,total,55.948,9.165,64a8b2aa5365,2026-09-25T00:53:43+00:00
401858539,2026,13,total,54.304,9.053,d6d4061d19f7,2026-09-27T13:55:45+00:00
401858540,2026,13,margin,12.264,10.421,2f5151950a0b,2026-09-27T13:55:45+00:00
401858540,2026,13,margin,16.063,10.717,73d507ab32ad,2026-09-25T00:53:43+00:00
401858540,2026,13,total,48.544,9.165,64a8b2aa5365,2026-09-25T00:53:43+00:00
401858540,2026,13,total,48.700,9.053,d6d4061d19f7,2026-09-27T13:55:45+00:00
401858541,2026,13,margin,16.533,10.421,2f5151950a0b,2026-09-27T13:55:45+00:00
401858541,2026,13,margin,9.663,10.717,73d507ab32ad,2026-09-25T00:53:43+00:00
401858541,2026,13,total,54.111,9.165,64a8b2aa5365,2026-09-25T00:53:43+00:00
401858541,2026,13,total,52.888,9.053,d6d4061d19f7,2026-09-27T13:55:45+00:00
401858542,2026,13,margin,-0.065,10.421,2f5151950a0b,2026-09-27T13:55:45+00:00
401858542,2026,13,margin,0.217,10.717,73d507ab32ad,2026-09-25T00:53:43+00:00
401858542,2026,13,total,57.919,9.165,64a8b2aa5365,2026-09-25T00:53:43+00:00
401858542,2026,13,total,58.995,9.053,d6d4061d19f7,2026-09-27T13:55:45+00:00
401858543,2026,13,margin,0.007,10.421,2f5151950a0b,2026-09-27T13:55:45+00:00
401858543,2026,13,margin,-1.607,10.717,73d507ab32ad,2026-09-25T00:53:43+00:00
401858543,2026,13,total,56.084,9.165,64a8b2aa5365,2026-09-25T00:53:43+00:00
401858543,2026,13,total,54.350,9.053,d6d4061d19f7,2026-09-27T13:55:45+00:00
401858544,2026,13,margin,11.122,10.421,2f5151950a0b,2026-09-27T13:55:45+00:00
401858544,2026,13,margin,7.352,10.717,73d507ab32ad,2026-09-25T00:53:43+00:00
401858544,2026,13,total,48.010,9.165,64a8b2aa5365,2026-09-25T00:53:43+00:00
401858544,2026,13,total,45.495,9.053,d6d4061d19f7,2026-09-27T13:55:45+00:00
401861969,2026,13,margin,-7.890,10.421,2f5151950a0b,2026-09-27T13:55:45+00:00
401861969,2026,13,margin,-8.499,10.717,73d507ab32ad,2026-09-25T00:53:43+00:00
401861969,2026,13,total,50.155,9.165,64a8b2aa5365,2026-09-25T00:53:43+00:00
401861969,2026,13,total,48.603,9.053,d6d4061d19f7,2026-09-27T13:55:45+00:00
401862837,2026,13,margin,12.196,10.421,2f5151950a0b,2026-09-27T13:55:45+00:00
401862837,2026,13,margin,13.014,10.717,73d507ab32ad,2026-09-25T00:53:43+00:00
401862837,2026,13,total,59.959,9.165,64a8b2aa5365,2026-09-25T00:53:43+00:00
401862837,2026,13,total,61.426,9.053,d6d4061d19f7,2026-09-27T13:55:45+00:00
401862838,2026,13,margin,13.275,10.421,2f5151950a0b,2026-09-27T13:55:45+00:00
401862838,2026,13,margin,9.634,10.717,73d507ab32ad,2026-09-25T00:53:43+00:00
401862838,2026,13,total,60.682,9.165,64a8b2aa5365,2026-09-25T00:53:43+00:00
401862838,2026,13,total,61.689,9.053,d6d4061d19f7,2026-09-27T13:55:45+00:00
401862839,2026,13,margin,11.902,10.421,2f5151950a0b,2026-09-27T13:55:45+00:00
401862839,2026,13,margin,4.165,10.717,73d507ab32ad,2026-09-25T00:53:43+00:00
401862839,2026,13,total,57.918,9.165,64a8b2aa5365,2026-09-25T00:53:43+00:00
401862839,2026,13,total,53.528,9.053,d6d4061d19f7,2026-09-27T13:55:45+00:00
401862840,2026,13,margin,8.911,10.421,2f5151950a0b,2026-09-27T13:55:45+00:00
401862840,2026,13,margin,18.822,10.717,73d507ab32ad,2026-09-25T00:53:43+00:00
401862840,2026,13,total,50.417,9.165,64a8b2aa5365,2026-09-25T00:53:43+00:00
401862840,2026,13,total,51.499,9.053,d6d4061d19f7,2026-09-27T13:55:45+00:00
401862841,2026,13,margin,-6.294,10.421,2f5151950a0b,2026-09-27T13:55:45+00:00
401862841,2026,13,margin,-7.520,10.717,73d507ab32ad,2026-09-25T00:53:43+00:00
401862841,2026,13,total,45.349,9.165,64a8b2aa5365,2026-09-25T00:53:43+00:00
401862841,2026,13,total,46.503,9.053,d6d4061d19f7,2026-09-27T13:55:45+00:00
401862842,2026,13,margin,-27.985,10.421,2f5151950a0b,2026-09-27T13:55:45+00:00
401862842,2026,13,margin,-24.680,10.717,73d507ab32ad,2026-09-25T00:53:43+00:00
401862842,2026,13,total,54.550,9.165,64a8b2aa5365,2026-09-25T00:53:43+00:00
401862842,2026,13,total,51.811,9.053,d6d4061d19f7,2026-09-27T13:55:45+00:00
401862843,2026,13,margin,12.834,10.421,2f5151950a0b,2026-09-27T13:55:45+00:00
401862843,2026,13,margin,12.402,10.717,73d507ab32ad,2026-09-25T00:53:43+00:00
401862843,2026,13,total,59.519,9.165,64a8b2aa5365,2026-09-25T00:53:43+00:00
401862843,2026,13,total,61.408,9.053,d6d4061d19f7,2026-09-27T13:55:45+00:00
401864546,2026,13,margin,-0.493,10.421,2f5151950a0b,2026-09-27T13:55:45+00:00
401864546,2026,13,margin,-0.239,10.717,73d507ab32ad,2026-09-25T00:53:43+00:00
401864546,2026,13,total,46.887,9.165,64a8b2aa5365,2026-09-25T00:53:43+00:00
401864546,2026,13,total,46.659,9.053,d6d4061d19f7,2026-09-27T13:55:45+00:00
401864547,2026,13,margin,6.542,10.421,2f5151950a0b,2026-09-27T13:55:45+00:00
401864547,2026,13,margin,4.890,10.717,73d507ab32ad,2026-09-25T00:53:43+00:00
401864547,2026,13,total,50.155,9.165,64a8b2aa5365,2026-09-25T00:53:43+00:00
401864547,2026,13,total,51.271,9.053,d6d4061d19f7,2026-09-27T13:55:45+00:00
401864548,2026,13,margin,14.302,10.421,2f5151950a0b,2026-09-27T13:55:45+00:00
401864548,2026,13,margin,12.462,10.717,73d507ab32ad,2026-09-25T00:53:43+00:00
401864548,2026,13,total,49.483,9.165,64a8b2aa5365,2026-09-25T00:53:43+00:00
401864548,2026,13,total,49.967,9.053,d6d4061d19f7,2026-09-27T13:55:45+00:00
401864549,2026,13,margin,-5.341,10.421,2f5151950a0b,2026-09-27T13:55:45+00:00
401864549,2026,13,margin,-5.401,10.717,73d507ab32ad,2026-09-25T00:53:43+00:00
401864549,2026,13,total,53.218,9.165,64a8b2aa5365,2026-09-25T00:53:43+00:00
401864549,2026,13,total,53.115,9.053,d6d4061d19f7,2026-09-27T13:55:45+00:00
401864550,2026,13,margin,7.623,10.421,2f5151950a0b,2026-09-27T13:55:45+00:00
401864550,2026,13,margin,2.095,10.717,73d507ab32ad,2026-09-25T00:53:43+00:00
401864550,2026,13,total,52.783,9.165,64a8b2aa5365,2026-09-25T00:53:43+00:00
401864550,2026,13,total,52.648,9.053,d6d4061d19f7,2026-09-27T13:55:45+00:00
401866470,2026,13,margin,6.181,10.421,2f5151950a0b,2026-09-27T13:55:45+00:00
401866470,2026,13,margin,1.466,10.717,73d507ab32ad,2026-09-25T00:53:43+00:00
401866470,2026,13,total,51.720,9.165,64a8b2aa5365,2026-09-25T00:53:43+00:00
401866470,2026,13,total,48.637,9.053,d6d4061d19f7,2026-09-27T13:55:45+00:00
401866471,2026,13,margin,1.158,10.421,2f5151950a0b,2026-09-27T13:55:45+00:00
401866471,2026,13,margin,1.684,10.717,73d507ab32ad,2026-09-25T00:53:43+00:00
401866471,2026,13,total,44.376,9.165,64a8b2aa5365,2026-09-25T00:53:43+00:00
401866471,2026,13,total,44.932,9.053,d6d4061d19f7,2026-09-27T13:55:45+00:00
401866472,2026,13,margin,6.673,10.421,2f5151950a0b,2026-09-27T13:55:45+00:00
401866472,2026,13,margin,5.671,10.717,73d507ab32ad,2026-09-25T00:53:43+00:00
401866472,2026,13,total,50.107,9.165,64a8b2aa5365,2026-09-25T00:53:43+00:00
401866472,2026,13,total,49.989,9.053,d6d4061d19f7,2026-09-27T13:55:45+00:00
401866473,2026,13,margin,-3.751,10.421,2f5151950a0b,2026-09-27T13:55:45+00:00
401866473,2026,13,margin,-4.281,10.717,73d507ab32ad,2026-09-25T00:53:43+00:00
401866473,2026,13,total,53.543,9.165,64a8b2aa5365,2026-09-25T00:53:43+00:00
401866473,2026,13,total,51.724,9.053,d6d4061d19f7,2026-09-27T13:55:45+00:00
401866474,2026,13,margin,-3.005,10.421,2f5151950a0b,2026-09-27T13:55:45+00:00
401866474,2026,13,margin,-3.506,10.717,73d507ab32ad,2026-09-25T00:53:43+00:00
401866474,2026,13,total,43.367,9.165,64a8b2aa5365,2026-09-25T00:53:43+00:00
401866474,2026,13,total,43.608,9.053,d6d4061d19f7,2026-09-27T13:55:45+00:00
401866475,2026,13,margin,3.970,10.421,2f5151950a0b,2026-09-27T13:55:45+00:00
401866475,2026,13,margin,8.284,10.717,73d507ab32ad,2026-09-25T00:53:43+00:00
401866475,2026,13,total,49.036,9.165,64a8b2aa5365,2026-09-25T00:53:43+00:00
401866475,2026,13,total,45.363,9.053,d6d4061d19f7,2026-09-27T13:55:45+00:00
401869930,2026,13,margin,-3.679,10.421,2f5151950a0b,2026-09-27T13:55:45+00:00
401869930,2026,13,margin,-0.466,10.717,73d507ab32ad,2026-09-25T00:53:43+00:00
401869930,2026,13,total,53.258,9.165,64a8b2aa5365,2026-09-25T00:53:43+00:00
401869930,2026,13,total,54.990,9.053,d6d4061d19f7,2026-09-27T13:55:45+00:00
401869939,2026,13,margin,2.545,10.421,2f5151950a0b,2026-09-27T13:55:45+00:00
401869939,2026,13,margin,7.478,10.717,73d507ab32ad,2026-09-25T00:53:43+00:00
401869939,2026,13,total,51.383,9.165,64a8b2aa5365,2026-09-25T00:53:43+00:00
401869939,2026,13,total,50.864,9.053,d6d4061d19f7,2026-09-27T13:55:45+00:00
401869947,2026,13,margin,19.129,10.421,2f5151950a0b,2026-09-27T13:55:45+00:00
401869947,2026,13,margin,8.621,10.717,73d507ab32ad,2026-09-25T00:53:43+00:00
401869947,2026,13,total,56.574,9.165,64a8b2aa5365,2026-09-25T00:53:43+00:00
401869947,2026,13,total,55.899,9.053,d6d4061d19f7,2026-09-27T13:55:45+00:00
401869954,2026,13,margin,5.353,10.421,2f5151950a0b,2026-09-27T13:55:45+00:00
401869954,2026,13,margin,4.243,10.717,73d507ab32ad,2026-09-25T00:53:43+00:00
401869954,2026,13,total,46.596,9.165,64a8b2aa5365,2026-09-25T00:53:43+00:00
401869954,2026,13,total,49.099,9.053,d6d4061d19f7,2026-09-27T13:55:45+00:00
401869959,2026,13,margin,4.750,10.421,2f5151950a0b,2026-09-27T13:55:45+00:00
401869959,2026,13,margin,9.185,10.717,73d507ab32ad,2026-09-25T00:53:43+00:00
401869959,2026,13,total,51.789,9.165,64a8b2aa5365,2026-09-25T00:53:43+00:00
401869959,2026,13,total,48.613,9.053,d6d4061d19f7,2026-09-27T13:55:45+00:00
401870804,2026,13,margin,2.395,10.421,2f5151950a0b,2026-09-27T13:55:45+00:00
401870804,2026,13,margin,4.460,10.717,73d507ab32ad,2026-09-25T00:53:43+00:00
401870804,2026,13,total,57.736,9.165,64a8b2aa5365,2026-09-25T00:53:43+00:00
401870804,2026,13,total,57.312,9.053,d6d4061d19f7,2026-09-27T13:55:45+00:00
401871062,2026,13,margin,-1.809,10.421,2f5151950a0b,2026-09-27T13:55:45+00:00
401871062,2026,13,margin,-1.547,10.717,73d507ab32ad,2026-09-25T00:53:43+00:00
401871062,2026,13,total,55.784,9.165,64a8b2aa5365,2026-09-25T00:53:43+00:00
401871062,2026,13,total,55.138,9.053,d6d4061d19f7,2026-09-27T13:55:45+00:00
401871063,2026,13,margin,-4.097,10.421,2f5151950a0b,2026-09-27T13:55:45+00:00
401871063,2026,13,margin,0.683,10.717,73d507ab32ad,2026-09-25T00:53:43+00:00
401871063,2026,13,total,54.752,9.165,64a8b2aa5365,2026-09-25T00:53:43+00:00
401871063,2026,13,total,52.556,9.053,d6d4061d19f7,2026-09-27T13:55:45+00:00
401871082,2026,13,margin,3.472,10.421,2f5151950a0b,2026-09-27T13:55:45+00:00
401871082,2026,13,margin,8.257,10.717,73d507ab32ad,2026-09-25T00:53:43+00:00
401871082,2026,13,total,49.253,9.165,64a8b2aa5365,2026-09-25T00:53:43+00:00
401871082,2026,13,total,50.151,9.053,d6d4061d19f7,2026-09-27T13:55:45+00:00
401871083,2026,13,margin,-1.824,10.421,2f5151950a0b,2026-09-27T13:55:45+00:00
401871083,2026,13,margin,-3.789,10.717,73d507ab32ad,2026-09-25T00:53:43+00:00
401871083,2026,13,total,52.616,9.165,64a8b2aa5365,2026-09-25T00:53:43+00:00
401871083,2026,13,total,53.368,9.053,d6d4061d19f7,2026-09-27T13:55:45+00:00
401871102,2026,13,margin,-0.349,10.421,2f5151950a0b,2026-09-27T13:55:45+00:00
401871102,2026,13,margin,-0.287,10.717,73d507ab32ad,2026-09-25T00:53:43+00:00
401871102,2026,13,total,52.441,9.165,64a8b2aa5365,2026-09-25T00:53:43+00:00
401871102,2026,13,total,54.561,9.053,d6d4061d19f7,2026-09-27T13:55:45+00:00
401871103,2026,13,margin,12.591,10.421,2f5151950a0b,2026-09-27T13:55:45+00:00
401871103,2026,13,margin,17.642,10.717,73d507ab32ad,2026-09-25T00:53:43+00:00
401871103,2026,13,total,54.036,9.165,64a8b2aa5365,2026-09-25T00:53:43+00:00
401871103,2026,13,total,52.409,9.053,d6d4061d19f7,2026-09-27T13:55:45+00:00
401862844,2026,15,margin,-7.592,10.421,2f5151950a0b,2026-09-27T13:55:45+00:00
401862844,2026,15,margin,-7.935,10.717,73d507ab32ad,2026-09-25T00:53:43+00:00
401862844,2026,15,total,52.472,9.165,64a8b2aa5365,2026-09-25T00:53:43+00:00
401862844,2026,15,total,49.930,9.053,d6d4061d19f7,2026-09-27T13:55:45+00:00
