game_id,sport,season,week,kickoff,home_team_id,away_team_id,neutral_site,margin_mean,margin_sd,total_mean,total_sd,home_mean,away_mean,p_home,total_lo,total_hi,top_home,top_away,top_p,hfa,pace_adj,wind_adj,home_off,home_def,home_net,home_sd_off,home_sd_def,home_rank,home_games,away_off,away_def,away_net,away_sd_off,away_sd_def,away_rank,away_games,teams,model_version,refreshed_at
401856696,ncaaf,2026,4,2026-09-26 23:00:00+00:00,333,2579,0.000,12.217,16.185,56.307,15.994,34.262,22.045,0.781,35,77,31,24,0.009,2.651,-0.216,-0.000,13.271,8.377,21.648,3.817,3.817,5,3,6.558,5.613,12.171,4.050,4.050,23,2,138,530a6f1cbbbb,2026-09-24T01:15:55+00:00
401856697,ncaaf,2026,4,2026-09-27 00:00:00+00:00,8,202,0.000,6.504,16.305,53.183,15.994,29.843,23.340,0.664,32,75,31,24,0.009,2.651,1.419,-0.000,-0.202,-2.422,-2.624,4.031,4.031,72,2,-5.086,-1.297,-6.383,4.084,4.084,94,2,138,530a6f1cbbbb,2026-09-24T01:15:55+00:00
401856698,ncaaf,2026,4,2026-09-26 20:15:00+00:00,2,238,0.000,2.896,16.179,52.433,15.994,27.665,24.768,0.581,31,74,27,24,0.009,2.651,-0.057,-0.000,2.962,5.434,8.396,3.825,3.825,34,3,5.448,2.934,8.382,4.032,4.032,35,2,138,530a6f1cbbbb,2026-09-24T01:15:55+00:00
401856699,ncaaf,2026,4,2026-09-26 19:30:00+00:00,57,145,0.000,5.475,16.184,60.800,15.994,33.137,27.662,0.639,39,83,31,24,0.009,2.651,1.370,-0.000,11.339,3.809,15.148,4.046,4.046,16,2,8.054,4.656,12.711,3.820,3.820,22,3,138,530a6f1cbbbb,2026-09-24T01:15:55+00:00
401856700,ncaaf,2026,4,2026-09-26 19:30:00+00:00,61,201,0.000,11.419,16.179,49.824,15.994,30.622,19.202,0.772,30,71,24,17,0.009,2.651,-0.787,-0.000,15.361,9.901,25.262,4.027,4.027,2,2,3.116,12.808,15.924,3.821,3.821,11,3,138,530a6f1cbbbb,2026-09-24T01:15:55+00:00
401856702,ncaaf,2026,4,2026-09-26 23:30:00+00:00,99,245,0.000,0.641,16.074,52.579,15.994,26.610,25.969,0.526,31,74,27,24,0.009,2.651,-0.045,-0.000,7.395,8.450,15.846,3.817,3.817,12,3,9.790,8.393,18.183,3.824,3.824,8,3,138,530a6f1cbbbb,2026-09-24T01:15:55+00:00
401856703,ncaaf,2026,4,2026-09-26 23:45:00+00:00,344,142,0.000,4.818,16.179,56.553,15.994,30.685,25.868,0.625,35,79,31,24,0.009,2.651,1.625,-0.000,9.582,3.632,13.214,3.825,3.825,20,3,4.556,6.779,11.335,4.032,4.032,24,2,138,530a6f1cbbbb,2026-09-24T01:15:55+00:00
401856704,ncaaf,2026,4,2026-09-26 16:00:00+00:00,2633,251,0.000,-5.271,16.180,55.832,15.994,25.280,30.552,0.384,34,77,24,31,0.009,2.651,2.534,-0.000,9.393,5.583,14.977,4.032,4.032,17,2,10.189,13.075,23.265,3.817,3.817,4,3,138,530a6f1cbbbb,2026-09-24T01:15:55+00:00
401856804,ncaaf,2026,4,2026-09-26 23:30:00+00:00,265,12,0.000,-6.015,16.305,47.461,15.994,20.723,26.738,0.362,27,69,17,24,0.009,2.651,-2.225,-0.000,-2.525,1.623,-0.902,4.084,4.084,67,2,3.916,4.747,8.662,4.032,4.032,32,2,138,530a6f1cbbbb,2026-09-24T01:15:55+00:00
401856805,ncaaf,2026,4,2026-09-26 16:00:00+00:00,2641,2534,0.000,31.501,16.312,56.720,15.994,44.111,12.609,0.979,38,75,38,10,0.010,2.651,0.751,-0.000,7.124,8.154,15.277,4.032,4.032,14,2,-8.242,-7.801,-16.043,4.084,4.084,132,2,138,530a6f1cbbbb,2026-09-24T01:15:55+00:00
401856806,ncaaf,2026,4,2026-09-26 20:00:00+00:00,290,248,0.000,-14.383,16.292,52.892,15.994,19.255,33.637,0.197,33,73,24,31,0.008,2.651,-0.195,-0.000,-4.898,-4.312,-9.211,4.021,4.021,108,2,4.248,4.267,8.515,4.055,4.055,33,2,138,530a6f1cbbbb,2026-09-24T01:15:55+00:00
401856813,ncaaf,2026,4,2026-09-26 16:00:00+00:00,239,38,0.000,12.623,16.304,53.766,15.994,33.194,20.571,0.789,33,75,31,24,0.009,2.651,3.120,-0.000,2.363,2.038,4.401,4.051,4.051,47,2,-5.247,-0.507,-5.754,4.062,4.062,90,2,138,530a6f1cbbbb,2026-09-24T01:15:55+00:00
401856814,ncaaf,2026,4,2026-09-26 23:00:00+00:00,2132,2306,0.000,-5.067,16.289,52.145,15.994,23.539,28.606,0.388,31,73,24,31,0.009,2.651,-0.157,-0.000,0.467,0.146,0.613,4.055,4.055,62,2,4.039,4.818,8.857,4.026,4.026,30,2,138,530a6f1cbbbb,2026-09-24T01:15:55+00:00
401856815,ncaaf,2026,4,2026-09-26 19:30:00+00:00,2116,2628,0.000,-1.570,16.289,46.688,15.994,22.559,24.129,0.471,27,68,24,21,0.009,2.651,-0.173,-0.000,-1.499,2.205,0.706,4.026,4.026,61,2,-0.154,5.615,5.461,4.055,4.055,44,2,138,530a6f1cbbbb,2026-09-24T01:15:55+00:00
401856816,ncaaf,2026,4,2026-09-26 19:30:00+00:00,66,254,0.000,-5.560,16.279,47.269,15.994,20.854,26.415,0.373,27,69,17,24,0.009,2.651,-1.001,-0.000,1.457,5.417,6.874,4.032,4.032,38,2,6.271,9.689,15.959,4.031,4.031,10,2,138,530a6f1cbbbb,2026-09-24T01:15:55+00:00
401856881,ncaaf,2026,4,2026-09-26 23:00:00+00:00,277,197,0.000,3.277,16.317,53.776,15.994,28.526,25.249,0.589,33,76,31,24,0.009,2.651,1.921,-0.000,0.515,-1.132,-0.617,4.056,4.056,66,2,-1.945,0.952,-0.993,4.084,4.084,68,2,138,530a6f1cbbbb,2026-09-24T01:15:55+00:00
401858234,ncaaf,2026,4,2026-09-26 02:30:00+00:00,25,228,0.000,-4.601,16.202,51.404,15.994,23.401,28.002,0.398,31,73,24,31,0.009,2.651,0.932,-0.000,-1.439,-1.485,-2.924,4.080,4.080,76,2,0.647,4.228,4.875,3.821,3.821,45,3,138,530a6f1cbbbb,2026-09-24T01:15:55+00:00
401858238,ncaaf,2026,4,2026-09-26 22:30:00+00:00,2390,2117,0.000,28.195,16.298,50.276,15.994,39.235,11.040,0.969,31,69,38,10,0.012,2.651,-3.518,-0.000,8.847,11.085,19.931,4.045,4.045,7,2,-7.200,-2.505,-9.705,4.056,4.056,111,2,138,530a6f1cbbbb,2026-09-24T01:15:55+00:00
401858239,ncaaf,2026,4,2026-09-26 22:00:00+00:00,258,48,0.000,12.876,16.279,52.595,15.994,32.735,19.860,0.795,32,73,31,24,0.009,2.651,-0.025,-0.000,1.289,2.764,4.053,4.056,4.056,48,2,-3.025,-3.486,-6.511,4.032,4.032,96,2,138,530a6f1cbbbb,2026-09-24T01:15:55+00:00
401858240,ncaaf,2026,4,2026-09-27 02:30:00+00:00,24,59,0.000,-4.233,16.212,50.467,15.994,23.117,27.350,0.406,30,72,24,31,0.009,2.651,0.339,-0.000,-4.602,-2.516,-7.118,3.839,3.839,99,3,-0.809,1.152,0.343,4.084,4.084,63,2,138,530a6f1cbbbb,2026-09-24T01:15:55+00:00
401858241,ncaaf,2026,4,2026-09-27 01:00:00+00:00,2567,2623,0.000,27.617,16.296,57.604,15.994,42.610,14.993,0.960,38,77,38,10,0.010,2.651,1.512,-0.000,5.482,4.671,10.153,4.051,4.051,26,2,-7.811,-8.161,-15.971,4.046,4.046,131,2,138,530a6f1cbbbb,2026-09-24T01:15:55+00:00
401858242,ncaaf,2026,4,2026-09-26 16:00:00+00:00,103,259,0.000,-9.704,16.303,53.693,15.994,21.994,31.698,0.286,33,75,24,31,0.009,2.651,0.899,-0.000,-4.326,-2.150,-6.476,4.079,4.079,95,2,4.161,2.225,6.385,4.031,4.031,41,2,138,530a6f1cbbbb,2026-09-24T01:15:55+00:00
401858243,ncaaf,2026,4,2026-09-26 16:00:00+00:00,97,154,0.000,9.897,16.189,55.374,15.994,32.635,22.738,0.737,34,77,31,24,0.009,2.651,-0.210,-0.000,7.339,2.392,9.731,4.051,4.051,28,2,1.102,1.481,2.582,3.825,3.825,53,3,138,530a6f1cbbbb,2026-09-24T01:15:55+00:00
401858461,ncaaf,2026,4,2026-09-26 00:00:00+00:00,84,77,0.000,13.446,16.428,46.152,15.994,29.799,16.353,0.811,27,66,24,17,0.009,2.651,-3.276,-0.000,8.097,13.515,21.612,4.045,4.045,6,2,3.660,5.607,9.267,4.309,4.309,29,1,138,530a6f1cbbbb,2026-09-24T01:15:55+00:00
401858462,ncaaf,2026,4,2026-09-26 17:30:00+00:00,120,26,0.000,-1.365,16.179,54.805,15.994,26.720,28.085,0.477,34,76,27,24,0.009,2.651,0.338,-0.000,0.635,1.510,2.145,4.031,4.031,58,2,5.332,1.198,6.530,3.824,3.824,39,3,138,530a6f1cbbbb,2026-09-24T01:15:55+00:00
401858463,ncaaf,2026,4,2026-09-26 19:30:00+00:00,130,2294,0.000,3.762,16.208,43.102,15.994,23.432,19.670,0.607,23,64,24,17,0.010,2.651,-2.225,-0.000,4.798,9.788,14.586,3.821,3.821,18,3,2.903,10.309,13.212,4.084,4.084,21,2,138,530a6f1cbbbb,2026-09-24T01:15:55+00:00
401858464,ncaaf,2026,4,2026-09-26 21:00:00+00:00,127,158,0.000,-3.841,16.198,49.291,15.994,22.725,26.566,0.415,29,71,24,21,0.009,2.651,-1.910,-0.000,-1.295,4.238,2.943,3.814,3.814,51,3,6.751,3.299,10.050,4.080,4.080,27,2,138,530a6f1cbbbb,2026-09-24T01:15:55+00:00
401858465,ncaaf,2026,4,2026-09-26 16:00:00+00:00,194,356,0.000,22.537,16.199,52.824,15.994,37.680,15.143,0.927,34,73,38,10,0.010,2.651,-2.340,-0.000,13.138,14.029,27.167,3.821,3.821,1,3,3.555,2.316,5.871,4.075,4.075,42,2,138,530a6f1cbbbb,2026-09-24T01:15:55+00:00
401858466,ncaaf,2026,4,2026-09-26 21:00:00+00:00,213,275,0.000,12.298,16.183,48.922,15.994,30.610,18.312,0.790,29,69,24,17,0.009,2.651,-2.195,-0.000,5.889,9.330,15.220,3.821,3.821,15,3,2.295,2.477,4.772,4.042,4.042,46,2,138,530a6f1cbbbb,2026-09-24T01:15:55+00:00
401858467,ncaaf,2026,4,2026-09-26 18:00:00+00:00,2509,87,0.000,-23.615,16.172,56.549,15.994,16.467,40.082,0.076,37,76,14,38,0.008,2.651,-1.629,-0.000,2.367,-5.278,-2.911,4.021,4.021,75,2,11.169,12.765,23.934,3.821,3.821,3,3,138,530a6f1cbbbb,2026-09-24T01:15:55+00:00
401858469,ncaaf,2026,4,2026-09-26 23:30:00+00:00,30,2483,0.000,1.434,16.124,57.377,15.994,29.405,27.972,0.545,36,79,31,24,0.009,2.651,-0.919,-0.000,10.771,4.665,15.436,3.641,3.641,13,4,10.241,6.751,16.992,4.084,4.084,9,2,138,530a6f1cbbbb,2026-09-24T01:15:55+00:00
401858470,ncaaf,2026,4,2026-09-27 03:00:00+00:00,264,135,0.000,8.834,16.303,44.854,15.994,26.844,18.010,0.724,24,65,24,17,0.010,2.651,-1.756,-0.000,2.120,9.049,11.169,4.084,4.084,25,2,-0.007,4.032,4.025,4.027,4.027,49,2,138,530a6f1cbbbb,2026-09-24T01:15:55+00:00
401860891,ncaaf,2026,4,2026-09-27 02:00:00+00:00,278,242,0.000,16.539,16.173,46.407,15.994,31.473,14.934,0.864,27,66,38,10,0.009,2.651,-3.892,-0.000,-2.718,4.274,1.556,3.811,3.811,59,3,-7.202,-7.158,-14.360,4.027,4.027,125,2,138,530a6f1cbbbb,2026-09-24T01:15:55+00:00
401860893,ncaaf,2026,4,2026-09-26 16:00:00+00:00,2649,21,0.000,-0.113,16.286,52.756,15.994,26.322,26.434,0.507,31,75,27,24,0.009,2.651,0.804,-0.000,0.586,-4.164,-3.578,4.050,4.050,79,2,-3.054,2.595,-0.459,4.027,4.027,65,2,138,530a6f1cbbbb,2026-09-24T01:15:55+00:00
401860894,ncaaf,2026,4,2026-09-26 23:30:00+00:00,328,2653,0.000,5.201,16.291,48.753,15.994,26.977,21.776,0.637,28,70,24,21,0.010,2.651,0.255,-0.000,-3.192,0.755,-2.437,4.032,4.032,71,2,-4.007,-1.065,-5.072,4.055,4.055,86,2,138,530a6f1cbbbb,2026-09-24T01:15:55+00:00
401860895,ncaaf,2026,4,2026-09-27 01:00:00+00:00,2638,204,0.000,-12.090,16.323,55.826,15.994,21.868,33.958,0.241,35,77,24,31,0.009,2.651,0.403,-0.000,-7.127,-11.093,-18.220,4.045,4.045,134,2,-1.613,-1.538,-3.151,4.084,4.084,78,2,138,530a6f1cbbbb,2026-09-24T01:15:55+00:00
401860896,ncaaf,2026,4,2026-09-26 16:00:00+00:00,2636,36,0.000,11.522,16.291,54.428,15.994,32.975,21.453,0.768,34,76,31,24,0.009,2.651,0.555,1.009,0.542,1.729,2.272,4.021,4.021,56,2,-2.916,-3.736,-6.652,4.055,4.055,98,2,138,530a6f1cbbbb,2026-09-24T01:15:55+00:00
401860897,ncaaf,2026,4,2026-09-26 19:30:00+00:00,2711,68,0.000,-2.427,16.313,46.841,15.994,22.207,24.634,0.449,27,68,24,21,0.009,2.651,-2.875,-0.000,-1.829,3.287,1.458,4.051,4.051,60,2,3.859,3.292,7.151,4.079,4.079,37,2,138,530a6f1cbbbb,2026-09-24T01:15:55+00:00
401861970,ncaaf,2026,4,2026-09-26 19:30:00+00:00,193,41,0.000,6.536,16.289,54.388,15.994,30.462,23.926,0.665,34,76,31,24,0.009,2.651,-1.663,-0.000,-3.170,-6.136,-9.306,4.051,4.051,109,2,-5.099,-7.935,-13.034,4.031,4.031,119,2,138,530a6f1cbbbb,2026-09-24T01:15:55+00:00
401862778,ncaaf,2026,4,2026-09-25 23:00:00+00:00,5,2426,0.000,2.897,16.334,50.491,15.994,26.694,23.797,0.581,30,72,24,21,0.009,2.651,-2.399,-0.000,-4.258,-4.228,-8.486,3.824,3.824,106,3,-3.833,-4.721,-8.555,4.333,4.333,107,1,138,530a6f1cbbbb,2026-09-24T01:15:55+00:00
401862779,ncaaf,2026,4,2026-09-25 20:00:00+00:00,218,349,0.000,3.328,16.434,50.428,15.994,26.878,23.550,0.591,30,72,24,21,0.009,2.651,-4.432,-0.000,-0.329,-5.034,-5.363,4.027,4.027,87,2,-3.175,-2.719,-5.894,4.339,4.339,91,1,138,530a6f1cbbbb,2026-09-24T01:15:55+00:00
401862780,ncaaf,2026,4,2026-09-26 22:30:00+00:00,2429,309,0.000,-8.736,16.270,51.138,15.994,21.201,29.937,0.304,31,72,24,31,0.009,2.651,-1.936,-0.000,-8.694,-7.257,-15.951,4.026,4.026,130,2,-0.957,-2.893,-3.850,4.018,4.018,82,2,138,530a6f1cbbbb,2026-09-24T01:15:55+00:00
401862782,ncaaf,2026,4,2026-09-27 00:00:00+00:00,2433,2226,0.000,-5.714,16.201,57.496,15.994,25.891,31.605,0.375,36,79,24,31,0.009,2.651,1.183,-0.000,-8.541,-9.587,-18.129,4.075,4.075,133,2,-2.281,-7.179,-9.461,3.825,3.825,110,3,138,530a6f1cbbbb,2026-09-24T01:15:55+00:00
401862784,ncaaf,2026,4,2026-09-26 23:00:00+00:00,2655,2572,0.000,15.449,16.175,54.178,15.994,34.813,19.364,0.837,34,75,31,24,0.008,2.651,1.187,-0.000,-3.733,1.009,-2.724,3.821,3.821,73,3,-5.989,-9.841,-15.830,4.027,4.027,129,2,138,530a6f1cbbbb,2026-09-24T01:15:55+00:00
401862785,ncaaf,2026,4,2026-09-26 21:00:00+00:00,189,58,0.000,-12.938,16.306,51.206,15.994,19.134,32.072,0.221,31,72,24,31,0.008,2.651,-0.974,-0.000,-10.217,-9.961,-20.178,4.031,4.031,135,2,-2.685,-1.027,-3.711,4.086,4.086,81,2,138,530a6f1cbbbb,2026-09-24T01:15:55+00:00
401864509,ncaaf,2026,4,2026-09-27 02:30:00+00:00,2440,2005,0.000,3.610,16.443,50.319,15.994,26.965,23.355,0.598,30,72,24,21,0.009,2.651,-2.891,-0.000,-5.077,-2.506,-7.583,4.051,4.051,102,2,-2.246,-6.175,-8.421,4.333,4.333,105,1,138,530a6f1cbbbb,2026-09-24T01:15:55+00:00
401864510,ncaaf,2026,4,2026-09-26 19:00:00+00:00,2751,62,0.000,-2.754,16.212,47.626,15.994,22.436,25.190,0.441,27,69,24,21,0.009,2.651,-0.443,-0.000,-10.041,-4.059,-14.100,4.056,4.056,123,2,-4.760,-3.325,-8.085,3.868,3.868,104,3,138,530a6f1cbbbb,2026-09-24T01:15:55+00:00
401864511,ncaaf,2026,4,2026-09-26 18:00:00+00:00,2247,2459,0.000,5.048,16.291,53.268,15.994,29.158,24.110,0.631,32,75,31,24,0.009,2.651,-0.201,-0.000,-3.207,-7.840,-11.047,4.031,4.031,116,2,-8.195,-5.084,-13.280,4.055,4.055,120,2,138,530a6f1cbbbb,2026-09-24T01:15:55+00:00
401864512,ncaaf,2026,4,2026-09-26 16:00:00+00:00,2006,2439,0.000,-4.968,16.207,49.324,15.994,22.178,27.146,0.388,29,70,17,24,0.009,2.651,-0.161,-0.000,-7.217,-7.058,-14.275,4.051,4.051,124,2,-5.501,-0.474,-5.976,3.864,3.864,92,3,138,530a6f1cbbbb,2026-09-24T01:15:55+00:00
401864572,ncaaf,2026,4,2026-09-26 23:30:00+00:00,152,2026,0.000,12.450,16.288,53.512,15.994,32.981,20.531,0.786,33,75,31,24,0.009,2.651,0.003,-0.000,1.738,1.051,2.789,4.055,4.055,52,2,-3.638,-3.571,-7.209,4.026,4.026,100,2,138,530a6f1cbbbb,2026-09-24T01:15:55+00:00
401864576,ncaaf,2026,4,2026-09-26 16:45:00+00:00,96,6,0.000,13.715,16.269,54.263,15.994,33.989,20.274,0.808,34,75,31,24,0.009,2.651,-1.244,-0.000,2.088,3.537,5.625,4.021,4.021,43,2,-0.162,-5.468,-5.630,4.021,4.021,88,2,138,530a6f1cbbbb,2026-09-24T01:15:55+00:00
401864579,ncaaf,2026,4,2026-09-26 19:30:00+00:00,166,167,0.000,-13.054,16.310,48.536,15.994,17.741,30.795,0.215,28,69,17,24,0.009,2.651,-1.217,-0.000,-7.998,-6.849,-14.847,4.075,4.075,126,2,-1.531,3.708,2.177,4.050,4.050,57,2,138,530a6f1cbbbb,2026-09-24T01:15:55+00:00
401866425,ncaaf,2026,4,2026-09-26 16:00:00+00:00,2309,2050,0.000,2.885,16.261,51.825,15.994,27.355,24.470,0.581,31,73,27,24,0.009,2.651,-2.675,-0.000,-9.665,-11.711,-21.376,4.050,4.050,136,2,-9.928,-11.467,-21.395,4.051,4.051,137,2,138,530a6f1cbbbb,2026-09-24T01:15:55+00:00
401866429,ncaaf,2026,4,2026-09-27 01:00:00+00:00,16,113,0.000,11.425,16.343,49.950,15.994,30.688,19.263,0.770,30,71,24,17,0.009,2.651,-1.426,-0.000,-7.529,-5.892,-13.421,3.810,3.810,121,3,-12.032,-10.732,-22.764,4.363,4.363,138,1,138,530a6f1cbbbb,2026-09-24T01:15:55+00:00
401869931,ncaaf,2026,4,2026-09-26 23:00:00+00:00,2032,338,0.000,5.826,16.289,52.109,15.994,28.968,23.141,0.650,31,73,31,24,0.009,2.651,0.962,-0.000,-5.054,-5.432,-10.486,4.051,4.051,115,2,-8.233,-5.360,-13.593,4.031,4.031,122,2,138,530a6f1cbbbb,2026-09-24T01:15:55+00:00
401869941,ncaaf,2026,4,2026-09-24 23:30:00+00:00,324,2335,0.000,-3.281,16.303,52.064,15.994,24.392,27.673,0.430,31,73,24,31,0.009,2.651,0.281,-0.000,-6.015,-3.986,-10.001,4.055,4.055,113,2,-1.397,-2.195,-3.593,4.055,4.055,80,2,138,530a6f1cbbbb,2026-09-24T01:15:55+00:00
401869961,ncaaf,2026,4,2026-09-26 22:00:00+00:00,295,256,0.000,-4.043,16.288,48.374,15.994,22.165,26.208,0.410,28,69,17,24,0.009,2.651,0.277,-0.000,-3.160,-1.119,-4.279,4.026,4.026,83,2,-1.189,4.283,3.093,4.055,4.055,50,2,138,530a6f1cbbbb,2026-09-24T01:15:55+00:00
401871048,ncaaf,2026,4,2026-09-26 23:00:00+00:00,55,2393,0.000,6.266,16.173,52.582,15.994,29.424,23.158,0.661,31,74,31,24,0.009,2.651,-0.166,-0.000,-3.943,-3.922,-7.865,3.817,3.817,103,3,-5.570,-5.838,-11.408,4.027,4.027,118,2,138,530a6f1cbbbb,2026-09-24T01:15:55+00:00
401856705,ncaaf,2026,5,2026-10-03 04:00:00+00:00,61,238,0.000,19.181,16.277,55.937,15.994,37.559,18.378,0.886,36,76,38,10,0.008,2.651,-2.617,-0.000,15.361,9.901,25.262,4.027,4.027,2,2,5.448,2.934,8.382,4.032,4.032,35,2,138,530a6f1cbbbb,2026-09-24T01:15:55+00:00
401856707,ncaaf,2026,5,2026-10-03 04:00:00+00:00,344,333,0.000,-5.563,16.075,60.781,15.994,27.609,33.172,0.378,39,83,24,31,0.009,2.651,1.398,-0.000,9.582,3.632,13.214,3.825,3.825,20,3,13.271,8.377,21.648,3.817,3.817,5,3,138,530a6f1cbbbb,2026-09-24T01:15:55+00:00
401856708,ncaaf,2026,5,2026-10-03 04:00:00+00:00,142,57,0.000,-0.801,16.286,54.647,15.994,26.923,27.724,0.491,34,76,27,24,0.009,2.651,-0.990,-0.000,4.556,6.779,11.335,4.032,4.032,24,2,11.339,3.809,15.148,4.046,4.046,16,2,138,530a6f1cbbbb,2026-09-24T01:15:55+00:00
401856709,ncaaf,2026,5,2026-10-03 04:00:00+00:00,2579,96,0.000,9.072,16.283,52.133,15.994,30.602,21.531,0.721,31,73,31,24,0.009,2.651,-0.380,-0.000,6.558,5.613,12.171,4.050,4.050,23,2,2.088,3.537,5.625,4.021,4.021,43,2,138,530a6f1cbbbb,2026-09-24T01:15:55+00:00
401856710,ncaaf,2026,5,2026-10-03 04:00:00+00:00,2633,2,0.000,9.456,16.179,57.167,15.994,33.311,23.855,0.727,36,79,31,24,0.009,2.651,3.372,-0.000,9.393,5.583,14.977,4.032,4.032,17,2,2.962,5.434,8.396,3.825,3.825,34,3,138,530a6f1cbbbb,2026-09-24T01:15:55+00:00
401856711,ncaaf,2026,5,2026-10-03 04:00:00+00:00,245,8,0.000,22.863,16.179,56.584,15.994,39.724,16.861,0.926,37,76,38,10,0.009,2.651,-0.034,-0.000,9.790,8.393,18.183,3.824,3.824,8,3,-0.202,-2.422,-2.624,4.031,4.031,72,2,138,530a6f1cbbbb,2026-09-24T01:15:55+00:00
401856807,ncaaf,2026,5,2026-10-03 04:00:00+00:00,2305,2393,0.000,12.118,16.277,52.592,15.994,32.355,20.237,0.781,32,73,31,24,0.009,2.651,-0.514,-0.000,-0.968,-0.690,-1.657,4.031,4.031,70,2,-5.570,-5.838,-11.408,4.027,4.027,118,2,138,530a6f1cbbbb,2026-09-24T01:15:55+00:00
401856817,ncaaf,2026,5,2026-10-03 04:00:00+00:00,9,239,0.000,0.945,16.286,54.409,15.994,27.677,26.732,0.533,33,76,27,24,0.009,2.651,2.415,-0.000,0.514,1.855,2.368,4.026,4.026,55,2,2.363,2.038,4.401,4.051,4.051,47,2,138,530a6f1cbbbb,2026-09-24T01:15:55+00:00
401856818,ncaaf,2026,5,2026-10-03 04:00:00+00:00,2628,252,0.000,-4.901,16.291,47.291,15.994,21.195,26.096,0.389,27,69,17,24,0.009,2.651,-1.330,-0.000,-0.154,5.615,5.461,4.055,4.055,44,2,6.457,7.373,13.829,4.032,4.032,19,2,138,530a6f1cbbbb,2026-09-24T01:15:55+00:00
401856819,ncaaf,2026,5,2026-10-03 04:00:00+00:00,248,2116,0.000,10.023,16.295,49.862,15.994,29.943,19.920,0.743,30,71,24,17,0.009,2.651,-0.884,-0.000,4.248,4.267,8.515,4.055,4.055,33,2,-1.499,2.205,0.706,4.026,4.026,61,2,138,530a6f1cbbbb,2026-09-24T01:15:55+00:00
401856820,ncaaf,2026,5,2026-10-03 04:00:00+00:00,12,2132,0.000,10.529,16.291,52.635,15.994,31.582,21.053,0.750,32,74,31,24,0.009,2.651,-0.019,-0.000,3.916,4.747,8.662,4.032,4.032,32,2,0.467,0.146,0.613,4.055,4.055,62,2,138,530a6f1cbbbb,2026-09-24T01:15:55+00:00
401856821,ncaaf,2026,5,2026-10-03 04:00:00+00:00,38,2641,0.000,-17.464,16.301,52.479,15.994,17.507,34.972,0.147,33,73,14,38,0.007,2.651,1.845,-0.000,-5.247,-0.507,-5.754,4.062,4.062,90,2,7.124,8.154,15.277,4.032,4.032,14,2,138,530a6f1cbbbb,2026-09-24T01:15:55+00:00
401856822,ncaaf,2026,5,2026-10-03 04:00:00+00:00,66,277,0.000,9.942,16.291,51.971,15.994,30.957,21.014,0.739,31,73,31,24,0.009,2.651,0.418,-0.000,1.457,5.417,6.874,4.032,4.032,38,2,0.515,-1.132,-0.617,4.056,4.056,66,2,138,530a6f1cbbbb,2026-09-24T01:15:55+00:00
401858245,ncaaf,2026,5,2026-10-02 23:00:00+00:00,259,221,0.000,0.695,16.179,51.617,15.994,26.156,25.461,0.527,31,73,27,24,0.009,2.651,0.475,-0.000,4.161,2.225,6.385,4.031,4.031,41,2,2.275,6.388,8.663,3.824,3.824,31,3,138,530a6f1cbbbb,2026-09-24T01:15:55+00:00
401858246,ncaaf,2026,5,2026-10-03 04:00:00+00:00,2567,103,0.000,18.871,16.313,55.426,15.994,37.149,18.277,0.883,35,76,38,10,0.008,2.651,2.242,-0.000,5.482,4.671,10.153,4.051,4.051,26,2,-4.326,-2.150,-6.476,4.079,4.079,95,2,138,530a6f1cbbbb,2026-09-24T01:15:55+00:00
401858247,ncaaf,2026,5,2026-10-03 19:30:00+00:00,2439,25,0.000,-0.042,16.222,50.951,15.994,25.454,25.497,0.509,30,72,24,21,0.009,2.651,0.433,1.009,-5.501,-0.474,-5.976,3.864,3.864,92,3,-1.439,-1.485,-2.924,4.080,4.080,76,2,138,530a6f1cbbbb,2026-09-24T01:15:55+00:00
401858248,ncaaf,2026,5,2026-10-03 04:00:00+00:00,152,97,0.000,-3.888,16.301,54.662,15.994,25.387,29.275,0.417,34,76,24,31,0.009,2.651,-1.223,-0.000,1.738,1.051,2.789,4.055,4.055,52,2,7.339,2.392,9.731,4.051,4.051,28,2,138,530a6f1cbbbb,2026-09-24T01:15:55+00:00
401858249,ncaaf,2026,5,2026-10-03 04:00:00+00:00,228,2390,0.000,-11.276,16.184,48.719,15.994,18.722,29.998,0.248,28,69,17,24,0.009,2.651,-1.045,-0.000,0.647,4.228,4.875,3.821,3.821,45,3,8.847,11.085,19.931,4.045,4.045,7,2,138,530a6f1cbbbb,2026-09-24T01:15:55+00:00
401858250,ncaaf,2026,5,2026-10-03 04:00:00+00:00,153,87,0.000,-19.165,16.186,48.428,15.994,14.632,33.797,0.117,29,68,7,31,0.009,2.651,-2.123,-0.000,-2.867,2.947,0.080,4.050,4.050,64,2,11.169,12.765,23.934,3.821,3.821,3,3,138,530a6f1cbbbb,2026-09-24T01:15:55+00:00
401858251,ncaaf,2026,5,2026-10-03 04:00:00+00:00,154,24,0.000,12.045,16.052,52.226,15.994,32.135,20.091,0.783,31,73,31,24,0.009,2.651,0.565,-0.000,1.102,1.481,2.582,3.825,3.825,53,3,-4.602,-2.516,-7.118,3.839,3.839,99,3,138,530a6f1cbbbb,2026-09-24T01:15:55+00:00
401858252,ncaaf,2026,5,2026-10-03 16:00:00+00:00,41,183,0.000,-4.215,16.276,52.082,15.994,23.934,28.149,0.408,31,73,24,31,0.009,2.651,0.292,-0.000,-5.099,-7.935,-13.034,4.031,4.031,119,2,-4.886,-0.777,-5.664,4.026,4.026,89,2,138,530a6f1cbbbb,2026-09-24T01:15:55+00:00
401858253,ncaaf,2026,5,2026-10-03 04:00:00+00:00,52,258,0.000,5.901,16.200,53.142,15.994,29.521,23.620,0.652,32,75,31,24,0.009,2.651,0.326,-0.000,4.503,2.680,7.183,3.843,3.843,36,3,1.289,2.764,4.053,4.056,4.056,48,2,138,530a6f1cbbbb,2026-09-24T01:15:55+00:00
401858472,ncaaf,2026,5,2026-10-03 04:00:00+00:00,356,2509,0.000,11.594,16.296,57.001,15.994,34.298,22.703,0.767,36,79,31,24,0.009,2.651,-1.258,-0.000,3.555,2.316,5.871,4.075,4.075,42,2,2.367,-5.278,-2.911,4.021,4.021,75,2,138,530a6f1cbbbb,2026-09-24T01:15:55+00:00
401858473,ncaaf,2026,5,2026-10-03 04:00:00+00:00,2294,194,0.000,-9.794,16.204,45.447,15.994,17.826,27.621,0.274,26,66,17,24,0.010,2.651,-2.847,-0.000,2.903,10.309,13.212,4.084,4.084,21,2,13.138,14.029,27.167,3.821,3.821,1,3,138,530a6f1cbbbb,2026-09-24T01:15:55+00:00
401858474,ncaaf,2026,5,2026-10-03 04:00:00+00:00,135,130,0.000,-6.732,16.179,45.266,15.994,19.267,25.999,0.343,25,66,17,24,0.010,2.651,-2.197,-0.000,-0.007,4.032,4.025,4.027,4.027,49,2,4.798,9.788,14.586,3.821,3.821,18,3,138,530a6f1cbbbb,2026-09-24T01:15:55+00:00
401858475,ncaaf,2026,5,2026-10-03 04:00:00+00:00,158,120,0.000,10.590,16.303,54.928,15.994,32.759,22.169,0.749,34,76,31,24,0.009,2.651,0.440,-0.000,6.751,3.299,10.050,4.080,4.080,27,2,0.635,1.510,2.145,4.031,4.031,58,2,138,530a6f1cbbbb,2026-09-24T01:15:55+00:00
401858476,ncaaf,2026,5,2026-10-03 00:00:00+00:00,77,213,0.000,-2.666,16.320,46.916,15.994,22.125,24.791,0.443,27,68,24,21,0.009,2.651,-2.329,-0.000,3.660,5.607,9.267,4.309,4.309,29,1,5.889,9.330,15.220,3.821,3.821,15,3,138,530a6f1cbbbb,2026-09-24T01:15:55+00:00
401858477,ncaaf,2026,5,2026-10-04 00:00:00+00:00,164,84,0.000,-22.241,16.184,51.900,15.994,14.829,37.070,0.085,33,72,14,38,0.008,2.651,-1.945,-0.000,-0.757,-4.047,-4.804,3.821,3.821,84,3,8.097,13.515,21.612,4.045,4.045,6,2,138,530a6f1cbbbb,2026-09-24T01:15:55+00:00
401858478,ncaaf,2026,5,2026-10-03 04:00:00+00:00,30,264,0.000,6.849,16.123,50.895,15.994,28.872,22.023,0.675,30,72,31,24,0.009,2.651,-1.207,-0.000,10.771,4.665,15.436,3.641,3.641,13,4,2.120,9.049,11.169,4.084,4.084,25,2,138,530a6f1cbbbb,2026-09-24T01:15:55+00:00
401858479,ncaaf,2026,5,2026-10-03 04:00:00+00:00,275,127,0.000,4.364,16.114,46.741,15.994,25.553,21.188,0.620,27,68,24,21,0.010,2.651,-2.338,-0.000,2.295,2.477,4.772,4.042,4.042,46,2,-1.295,4.238,2.943,3.814,3.814,51,3,138,530a6f1cbbbb,2026-09-24T01:15:55+00:00
401860898,ncaaf,2026,5,2026-10-03 23:30:00+00:00,68,328,0.000,11.819,16.303,51.316,15.994,31.568,19.748,0.776,31,72,31,24,0.009,2.651,0.169,-0.000,3.859,3.292,7.151,4.079,4.079,37,2,-3.192,0.755,-2.437,4.032,4.032,71,2,138,530a6f1cbbbb,2026-09-24T01:15:55+00:00
401860899,ncaaf,2026,5,2026-10-03 22:00:00+00:00,36,204,0.000,-0.488,16.323,53.702,15.994,26.607,27.095,0.498,33,75,27,24,0.009,2.651,0.742,-0.000,-2.916,-3.736,-6.652,4.055,4.055,98,2,-1.613,-1.538,-3.151,4.084,4.084,78,2,138,530a6f1cbbbb,2026-09-24T01:15:55+00:00
401860900,ncaaf,2026,5,2026-10-04 02:30:00+00:00,21,326,0.000,5.338,16.177,54.273,15.994,29.806,24.468,0.638,33,76,31,24,0.010,2.651,0.249,-0.000,-3.054,2.595,-0.459,4.027,4.027,65,2,2.545,-5.498,-2.952,3.816,3.816,77,3,138,530a6f1cbbbb,2026-09-24T01:15:55+00:00
401860921,ncaaf,2026,5,2026-10-04 01:30:00+00:00,265,278,0.000,0.493,16.202,42.531,15.994,21.512,21.019,0.523,23,63,24,21,0.010,2.651,-3.429,-0.000,-2.525,1.623,-0.902,4.084,4.084,67,2,-2.718,4.274,1.556,3.811,3.811,59,3,138,530a6f1cbbbb,2026-09-24T01:15:55+00:00
401862786,ncaaf,2026,5,2026-10-02 01:00:00+00:00,202,249,0.000,1.504,16.202,57.062,15.994,29.283,27.779,0.546,35,79,31,24,0.009,2.651,1.745,-0.000,-5.086,-1.297,-6.383,4.084,4.084,94,2,1.661,-6.560,-4.900,3.816,3.816,85,3,138,530a6f1cbbbb,2026-09-24T01:15:55+00:00
401862787,ncaaf,2026,5,2026-10-03 04:00:00+00:00,2429,235,0.000,-11.648,16.199,52.872,15.994,20.612,32.260,0.245,32,74,24,31,0.009,2.651,-0.672,-0.000,-8.694,-7.257,-15.951,4.026,4.026,130,2,0.595,-1.638,-1.042,3.872,3.872,69,3,138,530a6f1cbbbb,2026-09-24T01:15:55+00:00
401862788,ncaaf,2026,5,2026-10-03 04:00:00+00:00,242,2636,0.000,-12.971,16.277,50.307,15.994,18.668,31.639,0.219,30,71,17,24,0.008,2.651,-2.293,-0.000,-7.202,-7.158,-14.360,4.027,4.027,125,2,0.542,1.729,2.272,4.021,4.021,56,2,138,530a6f1cbbbb,2026-09-24T01:15:55+00:00
401862791,ncaaf,2026,5,2026-10-03 16:00:00+00:00,2005,2426,0.000,2.979,16.586,51.271,15.994,27.125,24.146,0.582,31,73,27,24,0.009,2.651,-3.960,-0.000,-2.246,-6.175,-8.421,4.333,4.333,105,1,-3.833,-4.721,-8.555,4.333,4.333,107,1,138,530a6f1cbbbb,2026-09-24T01:15:55+00:00
401862792,ncaaf,2026,5,2026-10-03 04:00:00+00:00,58,218,0.000,4.514,16.303,53.939,15.994,29.226,24.713,0.618,33,76,31,24,0.009,2.651,-0.425,-0.000,-2.685,-1.027,-3.711,4.086,4.086,81,2,-0.329,-5.034,-5.363,4.027,4.027,87,2,138,530a6f1cbbbb,2026-09-24T01:15:55+00:00
401864513,ncaaf,2026,5,2026-10-04 03:59:00+00:00,62,23,0.000,5.781,16.106,53.104,15.994,29.442,23.661,0.650,32,75,31,24,0.010,2.651,1.799,-0.000,-4.760,-3.325,-8.085,3.868,3.868,104,3,-5.955,-5.135,-11.090,3.831,3.831,117,3,138,530a6f1cbbbb,2026-09-24T01:15:55+00:00
401864514,ncaaf,2026,5,2026-10-03 04:00:00+00:00,167,2638,0.000,21.748,16.258,52.781,15.994,37.264,15.516,0.918,33,73,38,10,0.010,2.651,-1.268,-0.000,-1.531,3.708,2.177,4.050,4.050,57,2,-7.127,-11.093,-18.220,4.045,4.045,134,2,138,530a6f1cbbbb,2026-09-24T01:15:55+00:00
401864515,ncaaf,2026,5,2026-10-03 19:30:00+00:00,2449,2751,0.000,17.828,16.190,49.854,15.994,33.841,16.013,0.877,30,70,38,10,0.009,2.651,-1.024,1.009,0.436,2.009,2.446,3.822,3.822,54,3,-10.041,-4.059,-14.100,4.056,4.056,123,2,138,530a6f1cbbbb,2026-09-24T01:15:55+00:00
401866430,ncaaf,2026,5,2026-10-03 04:00:00+00:00,2117,2006,0.000,6.876,16.301,47.655,15.994,27.266,20.389,0.677,27,69,24,17,0.010,2.651,-2.135,-0.000,-7.200,-2.505,-9.705,4.056,4.056,111,2,-7.217,-7.058,-14.275,4.051,4.051,124,2,138,530a6f1cbbbb,2026-09-24T01:15:55+00:00
401866431,ncaaf,2026,5,2026-10-03 04:00:00+00:00,2050,2649,0.000,-14.930,16.298,56.702,15.994,20.886,35.816,0.191,36,78,24,31,0.008,2.651,-0.371,-0.000,-9.928,-11.467,-21.395,4.051,4.051,137,2,0.586,-4.164,-3.578,4.050,4.050,79,2,138,530a6f1cbbbb,2026-09-24T01:15:55+00:00
401866432,ncaaf,2026,5,2026-10-03 04:00:00+00:00,2084,2711,0.000,-12.725,16.284,50.279,15.994,18.777,31.502,0.223,30,71,17,24,0.008,2.651,-0.860,-0.000,-6.763,-8.157,-14.919,4.021,4.021,128,2,-1.829,3.287,1.458,4.051,4.051,60,2,138,530a6f1cbbbb,2026-09-24T01:15:55+00:00
401866433,ncaaf,2026,5,2026-10-03 04:00:00+00:00,113,2199,0.000,-4.618,16.267,49.812,15.994,22.597,27.215,0.397,29,71,24,31,0.009,2.651,-1.683,-0.000,-12.032,-10.732,-22.764,4.363,4.363,138,1,-7.620,-7.241,-14.862,3.644,3.644,127,4,138,530a6f1cbbbb,2026-09-24T01:15:55+00:00
401866434,ncaaf,2026,5,2026-10-03 04:00:00+00:00,2309,195,0.000,-11.616,16.186,53.767,15.994,21.076,32.692,0.247,33,75,24,31,0.009,2.651,-2.293,-0.000,-9.665,-11.711,-21.376,4.050,4.050,136,2,-1.731,-4.864,-6.596,3.820,3.820,97,3,138,530a6f1cbbbb,2026-09-24T01:15:55+00:00
401866477,ncaaf,2026,5,2026-10-03 04:00:00+00:00,193,189,0.000,12.964,16.289,51.044,15.994,32.004,19.040,0.798,31,72,31,24,0.008,2.651,-3.748,-0.000,-3.170,-6.136,-9.306,4.051,4.051,109,2,-10.217,-9.961,-20.178,4.031,4.031,135,2,138,530a6f1cbbbb,2026-09-24T01:15:55+00:00
401869842,ncaaf,2026,5,2026-10-03 04:00:00+00:00,2348,349,0.000,2.591,16.434,49.980,15.994,26.285,23.695,0.573,30,71,24,21,0.009,2.651,-2.620,-0.000,-2.655,-3.483,-6.138,4.027,4.027,93,2,-3.175,-2.719,-5.894,4.339,4.339,91,1,138,530a6f1cbbbb,2026-09-24T01:15:55+00:00
401869932,ncaaf,2026,5,2026-10-03 04:00:00+00:00,309,2032,0.000,9.253,16.282,53.322,15.994,31.288,22.035,0.724,33,75,31,24,0.009,2.651,-0.854,-0.000,-0.957,-2.893,-3.850,4.018,4.018,82,2,-5.054,-5.432,-10.486,4.051,4.051,115,2,138,530a6f1cbbbb,2026-09-24T01:15:55+00:00
401869942,ncaaf,2026,5,2026-10-03 04:00:00+00:00,324,290,0.000,2.131,16.286,52.746,15.994,27.439,25.307,0.562,31,75,27,24,0.009,2.651,1.763,-0.000,-6.015,-3.986,-10.001,4.055,4.055,113,2,-4.898,-4.312,-9.211,4.021,4.021,108,2,138,530a6f1cbbbb,2026-09-24T01:15:55+00:00
401869956,ncaaf,2026,5,2026-10-03 04:00:00+00:00,2247,295,0.000,-3.720,16.276,54.786,15.994,25.533,29.253,0.420,34,76,24,31,0.009,2.651,0.644,-0.000,-3.207,-7.840,-11.047,4.031,4.031,116,2,-3.160,-1.119,-4.279,4.026,4.026,83,2,138,530a6f1cbbbb,2026-09-24T01:15:55+00:00
401869962,ncaaf,2026,5,2026-10-03 04:00:00+00:00,256,276,0.000,12.602,16.189,51.306,15.994,31.954,19.352,0.792,31,72,31,24,0.009,2.651,0.011,-0.000,-1.189,4.283,3.093,4.055,4.055,50,2,-2.567,-4.769,-7.336,3.821,3.821,101,3,138,530a6f1cbbbb,2026-09-24T01:15:55+00:00
401871049,ncaaf,2026,5,2026-10-02 00:00:00+00:00,166,98,0.000,-1.557,16.201,56.498,15.994,27.470,29.027,0.472,35,79,24,31,0.009,2.651,1.610,-0.000,-7.998,-6.849,-14.847,4.075,4.075,126,2,-2.692,-7.597,-10.288,3.825,3.825,114,3,138,530a6f1cbbbb,2026-09-24T01:15:55+00:00
401871050,ncaaf,2026,5,2026-10-02 23:00:00+00:00,48,2335,0.000,0.082,16.291,52.358,15.994,26.220,26.138,0.512,31,74,27,24,0.009,2.651,-0.808,-0.000,-3.025,-3.486,-6.511,4.032,4.032,96,2,-1.397,-2.195,-3.593,4.055,4.055,80,2,138,530a6f1cbbbb,2026-09-24T01:15:55+00:00
401871089,ncaaf,2026,5,2026-10-03 04:00:00+00:00,6,2433,0.000,15.056,16.296,55.769,15.994,35.413,20.356,0.828,35,77,31,24,0.008,2.651,-1.323,-0.000,-0.162,-5.468,-5.630,4.021,4.021,88,2,-8.541,-9.587,-18.129,4.075,4.075,133,2,138,530a6f1cbbbb,2026-09-24T01:15:55+00:00
401856712,ncaaf,2026,6,2026-10-10 04:00:00+00:00,333,61,0.000,-0.618,16.173,57.042,15.994,28.212,28.830,0.495,35,79,27,24,0.009,2.651,-1.662,-0.000,13.271,8.377,21.648,3.817,3.817,5,3,15.361,9.901,25.262,4.027,4.027,2,2,138,530a6f1cbbbb,2026-09-24T01:15:55+00:00
401856713,ncaaf,2026,6,2026-10-10 04:00:00+00:00,8,2633,0.000,-14.947,16.279,59.246,15.994,22.150,37.096,0.192,38,80,24,31,0.008,2.651,2.283,-0.000,-0.202,-2.422,-2.624,4.031,4.031,72,2,9.393,5.583,14.977,4.032,4.032,17,2,138,530a6f1cbbbb,2026-09-24T01:15:55+00:00
401856714,ncaaf,2026,6,2026-10-10 04:00:00+00:00,57,2579,0.000,5.926,16.295,57.386,15.994,31.656,25.730,0.649,36,79,31,24,0.009,2.651,-0.372,-0.000,11.339,3.809,15.148,4.046,4.046,16,2,6.558,5.613,12.171,4.050,4.050,23,2,138,530a6f1cbbbb,2026-09-24T01:15:55+00:00
401856715,ncaaf,2026,6,2026-10-10 04:00:00+00:00,96,99,0.000,-6.901,16.170,50.814,15.994,21.956,28.858,0.344,30,72,24,31,0.009,2.651,-0.365,-0.000,2.088,3.537,5.625,4.021,4.021,43,2,7.395,8.450,15.846,3.817,3.817,12,3,138,530a6f1cbbbb,2026-09-24T01:15:55+00:00
401856716,ncaaf,2026,6,2026-10-10 04:00:00+00:00,142,245,0.000,-3.681,16.173,51.298,15.994,23.809,27.489,0.420,31,73,24,31,0.009,2.651,-0.678,-0.000,4.556,6.779,11.335,4.032,4.032,24,2,9.790,8.393,18.183,3.824,3.824,8,3,138,530a6f1cbbbb,2026-09-24T01:15:55+00:00
401856717,ncaaf,2026,6,2026-10-10 19:30:00+00:00,201,251,1.000,-6.184,16.081,44.786,15.994,19.301,25.485,0.354,24,65,17,24,0.010,0.000,0.936,-0.000,3.116,12.808,15.924,3.821,3.821,11,3,10.189,13.075,23.265,3.817,3.817,4,3,138,530a6f1cbbbb,2026-09-24T01:15:55+00:00
401856718,ncaaf,2026,6,2026-10-10 04:00:00+00:00,238,145,0.000,-1.329,16.177,56.705,15.994,27.688,29.017,0.478,35,79,24,31,0.009,2.651,0.570,-0.000,5.448,2.934,8.382,4.032,4.032,35,2,8.054,4.656,12.711,3.820,3.820,22,3,138,530a6f1cbbbb,2026-09-24T01:15:55+00:00
401856808,ncaaf,2026,6,2026-10-10 04:00:00+00:00,9,62,0.000,12.677,16.197,51.741,15.994,32.209,19.532,0.793,31,73,31,24,0.009,2.651,0.159,-0.000,0.514,1.855,2.368,4.026,4.026,55,2,-4.760,-3.325,-8.085,3.868,3.868,104,3,138,530a6f1cbbbb,2026-09-24T01:15:55+00:00
401856823,ncaaf,2026,6,2026-10-10 04:00:00+00:00,277,12,0.000,-6.178,16.291,54.012,15.994,23.917,30.095,0.363,33,76,24,31,0.009,2.651,0.835,-0.000,0.515,-1.132,-0.617,4.056,4.056,66,2,3.916,4.747,8.662,4.032,4.032,32,2,138,530a6f1cbbbb,2026-09-24T01:15:55+00:00
401856824,ncaaf,2026,6,2026-10-10 04:00:00+00:00,197,2116,0.000,1.218,16.303,48.850,15.994,25.034,23.816,0.540,28,70,24,21,0.010,2.651,0.327,-0.000,-1.945,0.952,-0.993,4.084,4.084,68,2,-1.499,2.205,0.706,4.026,4.026,61,2,138,530a6f1cbbbb,2026-09-24T01:15:55+00:00
401856825,ncaaf,2026,6,2026-10-10 04:00:00+00:00,2306,248,0.000,3.158,16.295,50.627,15.994,26.892,23.734,0.587,30,72,24,21,0.009,2.651,-1.321,-0.000,4.039,4.818,8.857,4.026,4.026,30,2,4.248,4.267,8.515,4.055,4.055,33,2,138,530a6f1cbbbb,2026-09-24T01:15:55+00:00
401856826,ncaaf,2026,6,2026-10-10 02:15:00+00:00,252,66,0.000,9.012,16.278,47.667,15.994,28.340,19.327,0.724,27,69,24,17,0.010,2.651,-2.332,-0.000,6.457,7.373,13.829,4.032,4.032,19,2,1.457,5.417,6.874,4.032,4.032,38,2,138,530a6f1cbbbb,2026-09-24T01:15:55+00:00
401856827,ncaaf,2026,6,2026-10-10 04:00:00+00:00,254,2305,0.000,19.150,16.279,51.886,15.994,35.518,16.368,0.890,32,72,38,10,0.009,2.651,-0.284,-0.000,6.271,9.689,15.959,4.031,4.031,10,2,-0.968,-0.690,-1.657,4.031,4.031,70,2,138,530a6f1cbbbb,2026-09-24T01:15:55+00:00
401858254,ncaaf,2026,6,2026-10-09 23:00:00+00:00,97,52,0.000,5.483,16.160,56.819,15.994,31.151,25.668,0.641,35,79,31,24,0.009,2.651,0.108,-0.000,7.339,2.392,9.731,4.051,4.051,28,2,4.503,2.680,7.183,3.843,3.843,36,3,138,530a6f1cbbbb,2026-09-24T01:15:55+00:00
401858255,ncaaf,2026,6,2026-10-10 04:00:00+00:00,59,150,0.000,-2.854,16.202,48.696,15.994,22.921,25.775,0.439,28,70,24,21,0.009,2.651,-0.343,-0.000,-0.809,1.152,0.343,4.084,4.084,63,2,1.314,5.110,6.424,3.817,3.817,40,3,138,530a6f1cbbbb,2026-09-24T01:15:55+00:00
401858256,ncaaf,2026,6,2026-10-10 04:00:00+00:00,221,153,0.000,10.367,16.188,46.921,15.994,28.644,18.277,0.755,27,68,24,17,0.010,2.651,-0.377,-0.000,2.275,6.388,8.663,3.824,3.824,31,3,-2.867,2.947,0.080,4.050,4.050,64,2,138,530a6f1cbbbb,2026-09-24T01:15:55+00:00
401858257,ncaaf,2026,6,2026-10-10 19:30:00+00:00,87,24,0.000,30.639,16.083,54.173,15.994,42.406,11.767,0.979,36,73,38,10,0.011,2.651,-1.053,-0.000,11.169,12.765,23.934,3.821,3.821,3,3,-4.602,-2.516,-7.118,3.839,3.839,99,3,138,530a6f1cbbbb,2026-09-24T01:15:55+00:00
401858258,ncaaf,2026,6,2026-10-10 04:00:00+00:00,258,183,0.000,11.766,16.289,49.926,15.994,30.846,19.080,0.777,30,71,24,17,0.009,2.651,0.029,-0.000,1.289,2.764,4.053,4.056,4.056,48,2,-4.886,-0.777,-5.664,4.026,4.026,89,2,138,530a6f1cbbbb,2026-09-24T01:15:55+00:00
401858259,ncaaf,2026,6,2026-10-10 04:00:00+00:00,25,259,0.000,-6.239,16.303,54.619,15.994,24.190,30.429,0.362,34,76,24,31,0.009,2.651,0.736,-0.000,-1.439,-1.485,-2.924,4.080,4.080,76,2,4.161,2.225,6.385,4.031,4.031,41,2,138,530a6f1cbbbb,2026-09-24T01:15:55+00:00
401858260,ncaaf,2026,6,2026-10-10 04:00:00+00:00,152,154,0.000,3.072,16.191,52.109,15.994,27.590,24.518,0.585,31,73,27,24,0.009,2.651,-0.522,-0.000,1.738,1.051,2.789,4.055,4.055,52,2,1.102,1.481,2.582,3.825,3.825,53,3,138,530a6f1cbbbb,2026-09-24T01:15:55+00:00
401858480,ncaaf,2026,6,2026-10-10 04:00:00+00:00,127,356,0.000,0.081,16.196,47.784,15.994,23.933,23.852,0.512,27,69,24,21,0.010,2.651,-2.015,-0.000,-1.295,4.238,2.943,3.814,3.814,51,3,3.555,2.316,5.871,4.075,4.075,42,2,138,530a6f1cbbbb,2026-09-24T01:15:55+00:00
401858481,ncaaf,2026,6,2026-10-10 04:00:00+00:00,158,84,0.000,-8.005,16.310,48.875,15.994,20.435,28.440,0.318,28,70,17,24,0.009,2.651,-2.714,-0.000,6.751,3.299,10.050,4.080,4.080,27,2,8.097,13.515,21.612,4.045,4.045,6,2,138,530a6f1cbbbb,2026-09-24T01:15:55+00:00
401858482,ncaaf,2026,6,2026-10-10 04:00:00+00:00,77,2050,0.000,30.233,16.431,54.272,15.994,42.252,12.020,0.975,36,73,38,10,0.011,2.651,-2.670,-0.000,3.660,5.607,9.267,4.309,4.309,29,1,-9.928,-11.467,-21.395,4.051,4.051,137,2,138,530a6f1cbbbb,2026-09-24T01:15:55+00:00
401858483,ncaaf,2026,6,2026-10-10 04:00:00+00:00,194,120,0.000,26.062,16.177,54.590,15.994,40.326,14.264,0.954,35,74,38,10,0.011,2.651,-0.001,-0.000,13.138,14.029,27.167,3.821,3.821,1,3,0.635,1.510,2.145,4.031,4.031,58,2,138,530a6f1cbbbb,2026-09-24T01:15:55+00:00
401858484,ncaaf,2026,6,2026-10-10 04:00:00+00:00,2483,26,0.000,13.196,16.205,56.653,15.994,34.925,21.729,0.798,36,78,31,24,0.009,2.651,-0.988,-0.000,10.241,6.751,16.992,4.084,4.084,9,2,5.332,1.198,6.530,3.824,3.824,39,3,138,530a6f1cbbbb,2026-09-24T01:15:55+00:00
401858485,ncaaf,2026,6,2026-10-10 04:00:00+00:00,213,30,0.000,2.669,15.994,52.146,15.994,27.408,24.739,0.576,31,73,27,24,0.009,2.651,-1.800,-0.000,5.889,9.330,15.220,3.821,3.821,15,3,10.771,4.665,15.436,3.641,3.641,13,4,138,530a6f1cbbbb,2026-09-24T01:15:55+00:00
401858486,ncaaf,2026,6,2026-10-10 04:00:00+00:00,2509,135,0.000,-3.823,16.266,52.874,15.994,24.526,28.349,0.417,31,75,24,31,0.009,2.651,-1.736,-0.000,2.367,-5.278,-2.911,4.021,4.021,75,2,-0.007,4.032,4.025,4.027,4.027,49,2,138,530a6f1cbbbb,2026-09-24T01:15:55+00:00
401858487,ncaaf,2026,6,2026-10-10 01:00:00+00:00,264,2294,0.000,0.843,16.331,42.383,15.994,21.613,20.770,0.532,23,63,24,21,0.010,2.651,-1.785,-0.000,2.120,9.049,11.169,4.084,4.084,25,2,2.903,10.309,13.212,4.084,4.084,21,2,138,530a6f1cbbbb,2026-09-24T01:15:55+00:00
401860901,ncaaf,2026,6,2026-10-11 02:30:00+00:00,278,68,0.000,-2.313,16.200,46.045,15.994,21.866,24.179,0.451,26,67,24,21,0.009,2.651,-2.572,-0.000,-2.718,4.274,1.556,3.811,3.811,59,3,3.859,3.292,7.151,4.079,4.079,37,2,138,530a6f1cbbbb,2026-09-24T01:15:55+00:00
401860902,ncaaf,2026,6,2026-10-10 22:00:00+00:00,204,21,0.000,0.299,16.309,49.044,15.994,24.671,24.373,0.517,28,70,24,21,0.009,2.651,0.018,-0.000,-1.613,-1.538,-3.151,4.084,4.084,78,2,-3.054,2.595,-0.459,4.027,4.027,65,2,138,530a6f1cbbbb,2026-09-24T01:15:55+00:00
401860922,ncaaf,2026,6,2026-10-10 01:00:00+00:00,328,265,0.000,1.344,16.266,46.943,15.994,24.144,22.800,0.544,27,68,24,21,0.010,2.651,-0.689,-0.000,-3.192,0.755,-2.437,4.032,4.032,71,2,-2.525,1.623,-0.902,4.084,4.084,67,2,138,530a6f1cbbbb,2026-09-24T01:15:55+00:00
401861964,ncaaf,2026,6,2026-10-10 04:00:00+00:00,218,41,0.000,10.436,16.277,55.870,15.994,33.153,22.717,0.746,35,77,31,24,0.009,2.651,-1.486,-0.000,-0.329,-5.034,-5.363,4.027,4.027,87,2,-5.099,-7.935,-13.034,4.031,4.031,119,2,138,530a6f1cbbbb,2026-09-24T01:15:55+00:00
401862794,ncaaf,2026,6,2026-10-08 23:30:00+00:00,2636,58,0.000,8.618,16.306,53.127,15.994,30.872,22.255,0.711,32,75,31,24,0.009,2.651,0.952,1.009,0.542,1.729,2.272,4.021,4.021,56,2,-2.685,-1.027,-3.711,4.086,4.086,81,2,138,530a6f1cbbbb,2026-09-24T01:15:55+00:00
401862795,ncaaf,2026,6,2026-10-10 16:00:00+00:00,349,2655,0.000,-0.132,16.336,46.091,15.994,22.980,23.111,0.507,26,67,24,21,0.010,2.651,-3.207,-0.000,-3.175,-2.719,-5.894,4.339,4.339,91,1,-3.733,1.009,-2.724,3.821,3.821,73,3,138,530a6f1cbbbb,2026-09-24T01:15:55+00:00
401862796,ncaaf,2026,6,2026-10-10 04:00:00+00:00,249,2429,0.000,13.805,16.173,57.095,15.994,35.450,21.645,0.808,36,78,31,24,0.009,2.651,-0.125,-0.000,1.661,-6.560,-4.900,3.816,3.816,85,3,-8.694,-7.257,-15.951,4.026,4.026,130,2,138,530a6f1cbbbb,2026-09-24T01:15:55+00:00
401862797,ncaaf,2026,6,2026-10-10 04:00:00+00:00,151,242,0.000,13.579,16.175,51.022,15.994,32.301,18.721,0.810,31,72,31,24,0.008,2.651,-0.562,-0.000,-2.896,0.074,-2.823,3.821,3.821,74,3,-7.202,-7.158,-14.360,4.027,4.027,125,2,138,530a6f1cbbbb,2026-09-24T01:15:55+00:00
401862798,ncaaf,2026,6,2026-10-10 04:00:00+00:00,235,5,0.000,10.067,16.101,53.849,15.994,31.958,21.891,0.742,33,75,31,24,0.009,2.651,-0.324,-0.000,0.595,-1.638,-1.042,3.872,3.872,69,3,-4.258,-4.228,-8.486,3.824,3.824,106,3,138,530a6f1cbbbb,2026-09-24T01:15:55+00:00
401862799,ncaaf,2026,6,2026-10-10 19:30:00+00:00,2426,202,0.000,0.786,16.459,49.818,15.994,25.302,24.516,0.529,29,71,24,21,0.009,2.651,-0.876,-0.000,-3.833,-4.721,-8.555,4.333,4.333,107,1,-5.086,-1.297,-6.383,4.084,4.084,94,2,138,530a6f1cbbbb,2026-09-24T01:15:55+00:00
401864516,ncaaf,2026,6,2026-10-10 23:30:00+00:00,2459,2005,0.000,-1.751,16.445,50.444,15.994,24.346,26.097,0.467,30,72,24,21,0.009,2.651,-2.423,-0.000,-8.195,-5.084,-13.280,4.055,4.055,120,2,-2.246,-6.175,-8.421,4.333,4.333,105,1,138,530a6f1cbbbb,2026-09-24T01:15:55+00:00
401864517,ncaaf,2026,6,2026-10-10 04:00:00+00:00,2638,2440,0.000,-7.457,16.301,53.002,15.994,22.773,30.230,0.334,32,75,24,31,0.009,2.651,-0.537,-0.000,-7.127,-11.093,-18.220,4.045,4.045,134,2,-5.077,-2.506,-7.583,4.051,4.051,102,2,138,530a6f1cbbbb,2026-09-24T01:15:55+00:00
401864518,ncaaf,2026,6,2026-10-10 23:00:00+00:00,2439,2449,0.000,-5.074,16.096,49.103,15.994,22.014,27.088,0.384,28,70,17,24,0.009,2.651,-0.564,1.009,-5.501,-0.474,-5.976,3.864,3.864,92,3,0.436,2.009,2.446,3.822,3.822,54,3,138,530a6f1cbbbb,2026-09-24T01:15:55+00:00
401864519,ncaaf,2026,6,2026-10-10 01:00:00+00:00,23,2751,0.000,5.592,16.198,49.491,15.994,27.541,21.950,0.647,29,71,24,21,0.010,2.651,0.922,-0.000,-5.955,-5.135,-11.090,3.831,3.831,117,3,-10.041,-4.059,-14.100,4.056,4.056,123,2,138,530a6f1cbbbb,2026-09-24T01:15:55+00:00
401866435,ncaaf,2026,6,2026-10-10 19:30:00+00:00,2006,2199,0.000,3.433,16.105,52.066,15.994,27.749,24.316,0.594,31,73,27,24,0.009,2.651,-0.077,-0.000,-7.217,-7.058,-14.275,4.051,4.051,124,2,-7.620,-7.241,-14.862,3.644,3.644,127,4,138,530a6f1cbbbb,2026-09-24T01:15:55+00:00
401866436,ncaaf,2026,6,2026-10-10 04:00:00+00:00,189,16,0.000,-3.515,16.172,49.371,15.994,22.928,26.443,0.423,29,71,24,21,0.009,2.651,-1.921,-0.000,-10.217,-9.961,-20.178,4.031,4.031,135,2,-7.529,-5.892,-13.421,3.810,3.810,121,3,138,530a6f1cbbbb,2026-09-24T01:15:55+00:00
401866437,ncaaf,2026,6,2026-10-10 04:00:00+00:00,2649,2084,0.000,14.233,16.277,58.965,15.994,36.599,22.366,0.813,38,80,31,24,0.008,2.651,2.016,-0.000,0.586,-4.164,-3.578,4.050,4.050,79,2,-6.763,-8.157,-14.919,4.021,4.021,128,2,138,530a6f1cbbbb,2026-09-24T01:15:55+00:00
401866438,ncaaf,2026,6,2026-10-10 04:00:00+00:00,195,2117,0.000,5.625,16.189,48.557,15.994,27.091,21.466,0.648,28,69,24,21,0.010,2.651,-3.003,-0.000,-1.731,-4.864,-6.596,3.820,3.820,97,3,-7.200,-2.505,-9.705,4.056,4.056,111,2,138,530a6f1cbbbb,2026-09-24T01:15:55+00:00
401866439,ncaaf,2026,6,2026-10-10 04:00:00+00:00,2711,2309,0.000,23.152,16.298,50.373,15.994,36.763,13.611,0.934,31,70,38,10,0.011,2.651,-3.501,-0.000,-1.829,3.287,1.458,4.051,4.051,60,2,-9.665,-11.711,-21.376,4.050,4.050,136,2,138,530a6f1cbbbb,2026-09-24T01:15:55+00:00
401866440,ncaaf,2026,6,2026-10-10 04:00:00+00:00,113,193,0.000,-9.975,16.458,50.640,15.994,20.333,30.307,0.280,30,72,24,31,0.009,2.651,-3.254,-0.000,-12.032,-10.732,-22.764,4.363,4.363,138,1,-3.170,-6.136,-9.306,4.051,4.051,109,2,138,530a6f1cbbbb,2026-09-24T01:15:55+00:00
401869843,ncaaf,2026,6,2026-10-10 04:00:00+00:00,2026,295,0.000,0.070,16.234,52.430,15.994,26.250,26.180,0.512,31,74,27,24,0.009,2.651,1.197,-0.000,-3.638,-3.571,-7.209,4.026,4.026,100,2,-3.160,-1.119,-4.279,4.026,4.026,83,2,138,530a6f1cbbbb,2026-09-24T01:15:55+00:00
401869933,ncaaf,2026,6,2026-10-08 23:30:00+00:00,2032,6,0.000,-1.843,16.284,55.681,15.994,26.919,28.762,0.466,34,77,24,31,0.009,2.651,-0.259,-0.000,-5.054,-5.432,-10.486,4.051,4.051,115,2,-0.162,-5.468,-5.630,4.021,4.021,88,2,138,530a6f1cbbbb,2026-09-24T01:15:55+00:00
401869943,ncaaf,2026,6,2026-10-10 04:00:00+00:00,276,324,0.000,5.502,16.189,54.220,15.994,29.861,24.359,0.642,33,76,31,24,0.010,2.651,1.463,-0.000,-2.567,-4.769,-7.336,3.821,3.821,101,3,-6.015,-3.986,-10.001,4.055,4.055,113,2,138,530a6f1cbbbb,2026-09-24T01:15:55+00:00
401869949,ncaaf,2026,6,2026-10-10 04:00:00+00:00,290,256,0.000,-8.782,16.286,49.626,15.994,20.422,29.204,0.302,29,71,17,24,0.009,2.651,0.311,-0.000,-4.898,-4.312,-9.211,4.021,4.021,108,2,-1.189,4.283,3.093,4.055,4.055,50,2,138,530a6f1cbbbb,2026-09-24T01:15:55+00:00
401869965,ncaaf,2026,6,2026-10-10 04:00:00+00:00,2348,309,0.000,0.692,16.270,53.236,15.994,26.964,26.272,0.527,32,75,27,24,0.009,2.651,-0.843,-0.000,-2.655,-3.483,-6.138,4.027,4.027,93,2,-0.957,-2.893,-3.850,4.018,4.018,82,2,138,530a6f1cbbbb,2026-09-24T01:15:55+00:00
401870766,ncaaf,2026,6,2026-10-08 23:00:00+00:00,2335,2534,0.000,14.560,16.317,52.177,15.994,33.368,18.809,0.823,31,73,31,24,0.008,2.651,-1.469,-0.000,-1.397,-2.195,-3.593,4.055,4.055,80,2,-8.242,-7.801,-16.043,4.084,4.084,132,2,138,530a6f1cbbbb,2026-09-24T01:15:55+00:00
401871051,ncaaf,2026,6,2026-10-07 23:00:00+00:00,338,55,0.000,-2.611,16.175,51.557,15.994,24.473,27.084,0.446,31,73,27,24,0.009,2.651,0.790,-0.000,-8.233,-5.360,-13.593,4.031,4.031,122,2,-3.943,-3.922,-7.865,3.817,3.817,103,3,138,530a6f1cbbbb,2026-09-24T01:15:55+00:00
401871052,ncaaf,2026,6,2026-10-08 23:00:00+00:00,98,2623,0.000,8.583,16.185,57.280,15.994,32.931,24.349,0.708,36,79,31,24,0.009,2.651,1.278,-0.000,-2.692,-7.597,-10.288,3.825,3.825,114,3,-7.811,-8.161,-15.971,4.046,4.046,131,2,138,530a6f1cbbbb,2026-09-24T01:15:55+00:00
401871066,ncaaf,2026,6,2026-10-07 23:30:00+00:00,2229,166,0.000,7.466,16.199,48.635,15.994,28.050,20.584,0.690,28,69,24,21,0.009,2.651,0.420,-0.000,-8.116,-1.607,-9.722,3.820,3.820,112,3,-7.998,-6.849,-14.847,4.075,4.075,126,2,138,530a6f1cbbbb,2026-09-24T01:15:55+00:00
401871090,ncaaf,2026,6,2026-10-07 00:00:00+00:00,2653,2572,0.000,13.270,16.288,54.492,15.994,33.881,20.611,0.800,34,76,31,24,0.009,2.651,0.720,-0.000,-4.007,-1.065,-5.072,4.055,4.055,86,2,-5.989,-9.841,-15.830,4.027,4.027,129,2,138,530a6f1cbbbb,2026-09-24T01:15:55+00:00
401856719,ncaaf,2026,7,2026-10-17 04:00:00+00:00,61,2,0.000,19.188,16.177,55.982,15.994,37.585,18.397,0.888,36,76,38,10,0.008,2.651,0.298,-0.000,15.361,9.901,25.262,4.027,4.027,2,2,2.962,5.434,8.396,3.825,3.825,34,3,138,530a6f1cbbbb,2026-09-24T01:15:55+00:00
401856720,ncaaf,2026,7,2026-10-17 04:00:00+00:00,99,344,0.000,5.598,16.074,57.981,15.994,31.789,26.191,0.644,37,80,31,24,0.009,2.651,2.258,-0.000,7.395,8.450,15.846,3.817,3.817,12,3,9.582,3.632,13.214,3.825,3.825,20,3,138,530a6f1cbbbb,2026-09-24T01:15:55+00:00
401856721,ncaaf,2026,7,2026-10-17 04:00:00+00:00,145,142,0.000,4.283,16.177,55.095,15.994,29.689,25.406,0.613,34,77,31,24,0.009,2.651,1.752,-0.000,8.054,4.656,12.711,3.820,3.820,22,3,4.556,6.779,11.335,4.032,4.032,24,2,138,530a6f1cbbbb,2026-09-24T01:15:55+00:00
401856722,ncaaf,2026,7,2026-10-17 04:00:00+00:00,201,96,0.000,11.802,16.176,46.511,15.994,29.157,17.355,0.784,27,67,24,17,0.010,2.651,-0.350,-0.000,3.116,12.808,15.924,3.821,3.821,11,3,2.088,3.537,5.625,4.021,4.021,43,2,138,530a6f1cbbbb,2026-09-24T01:15:55+00:00
401856723,ncaaf,2026,7,2026-10-17 04:00:00+00:00,2633,333,0.000,-3.731,16.175,59.416,15.994,27.843,31.574,0.421,38,81,24,31,0.009,2.651,1.412,-0.000,9.393,5.583,14.977,4.032,4.032,17,2,13.271,8.377,21.648,3.817,3.817,5,3,138,530a6f1cbbbb,2026-09-24T01:15:55+00:00
401856724,ncaaf,2026,7,2026-10-17 04:00:00+00:00,251,57,0.000,10.848,16.187,55.612,15.994,33.230,22.382,0.755,35,77,31,24,0.009,2.651,-0.094,-0.000,10.189,13.075,23.265,3.817,3.817,4,3,11.339,3.809,15.148,4.046,4.046,16,2,138,530a6f1cbbbb,2026-09-24T01:15:55+00:00
401856726,ncaaf,2026,7,2026-10-17 04:00:00+00:00,238,8,0.000,13.543,16.279,54.848,15.994,34.195,20.653,0.804,34,76,31,24,0.009,2.651,-1.146,-0.000,5.448,2.934,8.382,4.032,4.032,35,2,-0.202,-2.422,-2.624,4.031,4.031,72,2,138,530a6f1cbbbb,2026-09-24T01:15:55+00:00
401856809,ncaaf,2026,7,2026-10-17 04:00:00+00:00,252,87,0.000,-6.600,16.177,48.365,15.994,20.882,27.482,0.349,28,69,17,24,0.009,2.651,-2.759,-0.000,6.457,7.373,13.829,4.032,4.032,19,2,11.169,12.765,23.934,3.821,3.821,3,3,138,530a6f1cbbbb,2026-09-24T01:15:55+00:00
401856828,ncaaf,2026,7,2026-10-17 04:00:00+00:00,2641,9,0.000,15.137,16.283,53.271,15.994,34.204,19.067,0.832,33,74,31,24,0.008,2.651,1.141,-0.000,7.124,8.154,15.277,4.032,4.032,14,2,0.514,1.855,2.368,4.026,4.026,55,2,138,530a6f1cbbbb,2026-09-24T01:15:55+00:00
401856829,ncaaf,2026,7,2026-10-17 04:00:00+00:00,277,2132,0.000,1.743,16.303,55.679,15.994,28.711,26.968,0.552,34,77,31,24,0.009,2.651,1.873,-0.000,0.515,-1.132,-0.617,4.056,4.056,66,2,0.467,0.146,0.613,4.055,4.055,62,2,138,530a6f1cbbbb,2026-09-24T01:15:55+00:00
401856830,ncaaf,2026,7,2026-10-17 04:00:00+00:00,2306,2305,0.000,12.720,16.276,51.689,15.994,32.205,19.484,0.793,31,73,31,24,0.009,2.651,-0.896,-0.000,4.039,4.818,8.857,4.026,4.026,30,2,-0.968,-0.690,-1.657,4.031,4.031,70,2,138,530a6f1cbbbb,2026-09-24T01:15:55+00:00
401856831,ncaaf,2026,7,2026-10-17 04:00:00+00:00,248,197,0.000,11.744,16.323,51.308,15.994,31.526,19.782,0.775,31,72,31,24,0.009,2.651,-0.098,-0.000,4.248,4.267,8.515,4.055,4.055,33,2,-1.945,0.952,-0.993,4.084,4.084,68,2,138,530a6f1cbbbb,2026-09-24T01:15:55+00:00
401856832,ncaaf,2026,7,2026-10-17 04:00:00+00:00,239,2628,0.000,1.859,16.300,51.840,15.994,26.850,24.991,0.556,31,73,27,24,0.009,2.651,2.530,-0.000,2.363,2.038,4.401,4.051,4.051,47,2,-0.154,5.615,5.461,4.055,4.055,44,2,138,530a6f1cbbbb,2026-09-24T01:15:55+00:00
401856833,ncaaf,2026,7,2026-10-17 04:00:00+00:00,38,254,0.000,-17.635,16.294,50.105,15.994,16.235,33.870,0.142,30,70,14,38,0.007,2.651,0.591,-0.000,-5.247,-0.507,-5.754,4.062,4.062,90,2,6.271,9.689,15.959,4.031,4.031,10,2,138,530a6f1cbbbb,2026-09-24T01:15:55+00:00
401858263,ncaaf,2026,7,2026-10-17 04:00:00+00:00,2390,52,0.000,14.885,16.194,52.448,15.994,33.667,18.782,0.830,32,73,31,24,0.008,2.651,-0.779,-0.000,8.847,11.085,19.931,4.045,4.045,7,2,4.503,2.680,7.183,3.843,3.843,36,3,138,530a6f1cbbbb,2026-09-24T01:15:55+00:00
401858264,ncaaf,2026,7,2026-10-17 04:00:00+00:00,259,59,0.000,8.657,16.305,52.900,15.994,30.778,22.122,0.712,32,74,31,24,0.009,2.651,0.122,-0.000,4.161,2.225,6.385,4.031,4.031,41,2,-0.809,1.152,0.343,4.084,4.084,63,2,138,530a6f1cbbbb,2026-09-24T01:15:55+00:00
401858265,ncaaf,2026,7,2026-10-17 04:00:00+00:00,183,97,0.000,-12.288,16.286,54.481,15.994,21.096,33.385,0.236,34,76,24,31,0.009,2.651,-0.188,1.009,-4.886,-0.777,-5.664,4.026,4.026,89,2,7.339,2.392,9.731,4.051,4.051,28,2,138,530a6f1cbbbb,2026-09-24T01:15:55+00:00
401858266,ncaaf,2026,7,2026-10-17 04:00:00+00:00,150,153,0.000,8.306,16.185,46.118,15.994,27.212,18.906,0.712,26,67,24,17,0.010,2.651,-1.114,-0.000,1.314,5.110,6.424,3.817,3.817,40,3,-2.867,2.947,0.080,4.050,4.050,64,2,138,530a6f1cbbbb,2026-09-24T01:15:55+00:00
401858267,ncaaf,2026,7,2026-10-17 04:00:00+00:00,103,221,0.000,-11.611,16.198,50.661,15.994,19.525,31.136,0.244,30,72,24,31,0.008,2.651,1.170,-0.000,-4.326,-2.150,-6.476,4.079,4.079,95,2,2.275,6.388,8.663,3.824,3.824,31,3,138,530a6f1cbbbb,2026-09-24T01:15:55+00:00
401858268,ncaaf,2026,7,2026-10-17 04:00:00+00:00,2567,258,0.000,8.768,16.301,53.652,15.994,31.210,22.442,0.713,33,75,31,24,0.009,2.651,1.206,-0.000,5.482,4.671,10.153,4.051,4.051,26,2,1.289,2.764,4.053,4.056,4.056,48,2,138,530a6f1cbbbb,2026-09-24T01:15:55+00:00
401858269,ncaaf,2026,7,2026-10-17 04:00:00+00:00,25,154,0.000,-2.437,16.198,53.203,15.994,25.383,27.820,0.450,32,75,24,31,0.009,2.651,0.880,-0.000,-1.439,-1.485,-2.924,4.080,4.080,76,2,1.102,1.481,2.582,3.825,3.825,53,3,138,530a6f1cbbbb,2026-09-24T01:15:55+00:00
401858488,ncaaf,2026,7,2026-10-17 04:00:00+00:00,84,194,0.000,-2.258,16.184,45.529,15.994,21.635,23.894,0.453,25,66,24,21,0.009,2.651,-3.155,-0.000,8.097,13.515,21.612,4.045,4.045,6,2,13.138,14.029,27.167,3.821,3.821,1,3,138,530a6f1cbbbb,2026-09-24T01:15:55+00:00
401858489,ncaaf,2026,7,2026-10-17 04:00:00+00:00,120,164,0.000,9.716,16.177,55.553,15.994,32.634,22.919,0.733,34,77,31,24,0.009,2.651,1.209,-0.000,0.635,1.510,2.145,4.031,4.031,58,2,-0.757,-4.047,-4.804,3.821,3.821,84,3,138,530a6f1cbbbb,2026-09-24T01:15:55+00:00
401858490,ncaaf,2026,7,2026-10-17 04:00:00+00:00,130,213,0.000,2.132,16.079,45.835,15.994,23.983,21.852,0.565,26,67,24,21,0.010,2.651,-1.586,-0.000,4.798,9.788,14.586,3.821,3.821,18,3,5.889,9.330,15.220,3.821,3.821,15,3,138,530a6f1cbbbb,2026-09-24T01:15:55+00:00
401858491,ncaaf,2026,7,2026-10-17 04:00:00+00:00,127,77,0.000,-2.946,16.317,45.596,15.994,21.325,24.271,0.436,25,66,17,24,0.009,2.651,-2.472,-0.000,-1.295,4.238,2.943,3.814,3.814,51,3,3.660,5.607,9.267,4.309,4.309,29,1,138,530a6f1cbbbb,2026-09-24T01:15:55+00:00
401858492,ncaaf,2026,7,2026-10-17 04:00:00+00:00,2483,158,0.000,9.745,16.329,56.096,15.994,32.920,23.176,0.732,35,77,31,24,0.009,2.651,-0.886,-0.000,10.241,6.751,16.992,4.084,4.084,9,2,6.751,3.299,10.050,4.080,4.080,27,2,138,530a6f1cbbbb,2026-09-24T01:15:55+00:00
401858493,ncaaf,2026,7,2026-10-17 00:00:00+00:00,2509,264,0.000,-10.830,16.300,52.895,15.994,21.032,31.862,0.263,32,74,24,31,0.009,2.651,-0.532,-0.000,2.367,-5.278,-2.911,4.021,4.021,75,2,2.120,9.049,11.169,4.084,4.084,25,2,138,530a6f1cbbbb,2026-09-24T01:15:55+00:00
401858494,ncaaf,2026,7,2026-10-17 04:00:00+00:00,26,275,0.000,4.562,16.184,52.461,15.994,28.512,23.950,0.621,31,74,31,24,0.009,2.651,-2.325,-0.000,5.332,1.198,6.530,3.824,3.824,39,3,2.295,2.477,4.772,4.042,4.042,46,2,138,530a6f1cbbbb,2026-09-24T01:15:55+00:00
401860903,ncaaf,2026,7,2026-10-17 22:00:00+00:00,204,265,0.000,0.706,16.337,48.231,15.994,24.468,23.763,0.528,27,69,24,21,0.010,2.651,-1.643,-0.000,-1.613,-1.538,-3.151,4.084,4.084,78,2,-2.525,1.623,-0.902,4.084,4.084,67,2,138,530a6f1cbbbb,2026-09-24T01:15:55+00:00
401860904,ncaaf,2026,7,2026-10-18 02:30:00+00:00,21,278,0.000,0.877,16.174,43.293,15.994,22.085,21.208,0.533,23,64,24,21,0.010,2.651,-1.768,-0.000,-3.054,2.595,-0.459,4.027,4.027,65,2,-2.718,4.274,1.556,3.811,3.811,59,3,138,530a6f1cbbbb,2026-09-24T01:15:55+00:00
401860923,ncaaf,2026,7,2026-10-16 00:00:00+00:00,326,36,0.000,6.695,16.191,59.103,15.994,32.899,26.204,0.667,38,81,31,24,0.009,2.651,0.973,-0.000,2.545,-5.498,-2.952,3.816,3.816,77,3,-2.916,-3.736,-6.652,4.055,4.055,98,2,138,530a6f1cbbbb,2026-09-24T01:15:55+00:00
401862800,ncaaf,2026,7,2026-10-15 23:30:00+00:00,5,151,0.000,-2.558,16.076,51.859,15.994,24.651,27.208,0.447,31,73,24,31,0.009,2.651,1.153,-0.000,-4.258,-4.228,-8.486,3.824,3.824,106,3,-2.896,0.074,-2.823,3.821,3.821,74,3,138,530a6f1cbbbb,2026-09-24T01:15:55+00:00
401862801,ncaaf,2026,7,2026-10-16 23:30:00+00:00,2655,235,0.000,1.255,16.099,50.736,15.994,25.995,24.741,0.541,30,72,24,21,0.009,2.651,-0.166,-0.000,-3.733,1.009,-2.724,3.821,3.821,73,3,0.595,-1.638,-1.042,3.872,3.872,69,3,138,530a6f1cbbbb,2026-09-24T01:15:55+00:00
401862802,ncaaf,2026,7,2026-10-17 16:00:00+00:00,349,2226,0.000,6.376,16.332,54.299,15.994,30.338,23.962,0.661,33,76,31,24,0.009,2.651,-0.965,-0.000,-3.175,-2.719,-5.894,4.339,4.339,91,1,-2.281,-7.179,-9.461,3.825,3.825,110,3,138,530a6f1cbbbb,2026-09-24T01:15:55+00:00
401862803,ncaaf,2026,7,2026-10-17 04:00:00+00:00,218,2429,0.000,12.921,16.274,52.777,15.994,32.849,19.928,0.795,32,73,31,24,0.009,2.651,-2.302,-0.000,-0.329,-5.034,-5.363,4.027,4.027,87,2,-8.694,-7.257,-15.951,4.026,4.026,130,2,138,530a6f1cbbbb,2026-09-24T01:15:55+00:00
401862804,ncaaf,2026,7,2026-10-17 04:00:00+00:00,2636,2426,0.000,13.033,16.433,51.996,15.994,32.515,19.482,0.796,31,73,31,24,0.009,2.651,-2.089,1.009,0.542,1.729,2.272,4.021,4.021,56,2,-3.833,-4.721,-8.555,4.333,4.333,107,1,138,530a6f1cbbbb,2026-09-24T01:15:55+00:00
401862805,ncaaf,2026,7,2026-10-17 04:00:00+00:00,242,202,0.000,-4.652,16.303,49.174,15.994,22.261,26.913,0.396,29,70,17,24,0.009,2.651,-1.080,-0.000,-7.202,-7.158,-14.360,4.027,4.027,125,2,-5.086,-1.297,-6.383,4.084,4.084,94,2,138,530a6f1cbbbb,2026-09-24T01:15:55+00:00
401862806,ncaaf,2026,7,2026-10-17 04:00:00+00:00,58,2309,0.000,19.584,16.315,54.026,15.994,36.805,17.221,0.893,34,74,38,10,0.009,2.651,-0.379,-0.000,-2.685,-1.027,-3.711,4.086,4.086,81,2,-9.665,-11.711,-21.376,4.050,4.050,136,2,138,530a6f1cbbbb,2026-09-24T01:15:55+00:00
401864520,ncaaf,2026,7,2026-10-17 23:00:00+00:00,2449,2440,0.000,12.134,16.187,50.504,15.994,31.319,19.185,0.785,30,71,31,24,0.009,2.651,-1.250,1.009,0.436,2.009,2.446,3.822,3.822,54,3,-5.077,-2.506,-7.583,4.051,4.051,102,2,138,530a6f1cbbbb,2026-09-24T01:15:55+00:00
401864521,ncaaf,2026,7,2026-10-17 04:00:00+00:00,62,167,0.000,-6.657,16.209,47.355,15.994,20.349,27.006,0.347,27,69,17,24,0.009,2.651,-1.401,-0.000,-4.760,-3.325,-8.085,3.868,3.868,104,3,-1.531,3.708,2.177,4.050,4.050,57,2,138,530a6f1cbbbb,2026-09-24T01:15:55+00:00
401864522,ncaaf,2026,7,2026-10-17 19:30:00+00:00,2751,2459,0.000,1.967,16.302,46.002,15.994,23.984,22.017,0.560,26,67,24,21,0.010,2.651,-1.078,-0.000,-10.041,-4.059,-14.100,4.056,4.056,123,2,-8.195,-5.084,-13.280,4.055,4.055,120,2,138,530a6f1cbbbb,2026-09-24T01:15:55+00:00
401864523,ncaaf,2026,7,2026-10-18 01:00:00+00:00,2638,23,0.000,-4.131,16.197,56.519,15.994,26.194,30.325,0.411,35,79,24,31,0.009,2.651,1.932,-0.000,-7.127,-11.093,-18.220,4.045,4.045,134,2,-5.955,-5.135,-11.090,3.831,3.831,117,3,138,530a6f1cbbbb,2026-09-24T01:15:55+00:00
401864524,ncaaf,2026,7,2026-10-17 19:30:00+00:00,2005,2439,0.000,0.529,16.352,49.493,15.994,25.011,24.482,0.523,29,71,24,21,0.009,2.651,-2.205,-0.000,-2.246,-6.175,-8.421,4.333,4.333,105,1,-5.501,-0.474,-5.976,3.864,3.864,92,3,138,530a6f1cbbbb,2026-09-24T01:15:55+00:00
401866441,ncaaf,2026,7,2026-10-17 04:00:00+00:00,189,2050,0.000,3.949,16.289,49.871,15.994,26.910,22.961,0.607,29,71,24,21,0.010,2.651,-3.271,-0.000,-10.217,-9.961,-20.178,4.031,4.031,135,2,-9.928,-11.467,-21.395,4.051,4.051,137,2,138,530a6f1cbbbb,2026-09-24T01:15:55+00:00
401866442,ncaaf,2026,7,2026-10-17 04:00:00+00:00,2084,113,0.000,10.327,16.444,52.610,15.994,31.469,21.141,0.745,31,74,31,24,0.009,2.651,-0.389,-0.000,-6.763,-8.157,-14.919,4.021,4.021,128,2,-12.032,-10.732,-22.764,4.363,4.363,138,1,138,530a6f1cbbbb,2026-09-24T01:15:55+00:00
401866443,ncaaf,2026,7,2026-10-17 04:00:00+00:00,2117,2711,0.000,-6.996,16.300,42.998,15.994,18.001,24.997,0.335,23,63,17,24,0.010,2.651,-4.211,-0.000,-7.200,-2.505,-9.705,4.056,4.056,111,2,-1.829,3.287,1.458,4.051,4.051,60,2,138,530a6f1cbbbb,2026-09-24T01:15:55+00:00
401866444,ncaaf,2026,7,2026-10-17 04:00:00+00:00,2199,2649,0.000,-8.303,16.076,56.144,15.994,23.921,32.224,0.315,35,78,24,31,0.009,2.651,0.723,-0.000,-7.620,-7.241,-14.862,3.644,3.644,127,4,0.586,-4.164,-3.578,4.050,4.050,79,2,138,530a6f1cbbbb,2026-09-24T01:15:55+00:00
401866445,ncaaf,2026,7,2026-10-17 04:00:00+00:00,16,195,0.000,-3.710,16.066,52.671,15.994,24.481,28.191,0.419,31,74,24,31,0.009,2.651,-0.689,-0.000,-7.529,-5.892,-13.421,3.810,3.810,121,3,-1.731,-4.864,-6.596,3.820,3.820,97,3,138,530a6f1cbbbb,2026-09-24T01:15:55+00:00
401866478,ncaaf,2026,7,2026-10-17 04:00:00+00:00,193,2006,0.000,7.624,16.299,52.671,15.994,30.148,22.524,0.690,31,74,31,24,0.009,2.651,-1.648,-0.000,-3.170,-6.136,-9.306,4.051,4.051,109,2,-7.217,-7.058,-14.275,4.051,4.051,124,2,138,530a6f1cbbbb,2026-09-24T01:15:55+00:00
401869844,ncaaf,2026,7,2026-10-17 00:00:00+00:00,324,2026,0.000,0.204,16.288,53.378,15.994,26.791,26.587,0.515,32,75,27,24,0.009,2.651,2.074,-0.000,-6.015,-3.986,-10.001,4.055,4.055,113,2,-3.638,-3.571,-7.209,4.026,4.026,100,2,138,530a6f1cbbbb,2026-09-24T01:15:55+00:00
401869934,ncaaf,2026,7,2026-10-17 04:00:00+00:00,2572,2032,0.000,-2.348,16.286,56.981,15.994,27.316,29.665,0.454,35,79,24,31,0.009,2.651,1.764,-0.000,-5.989,-9.841,-15.830,4.027,4.027,129,2,-5.054,-5.432,-10.486,4.051,4.051,115,2,138,530a6f1cbbbb,2026-09-24T01:15:55+00:00
401869950,ncaaf,2026,7,2026-10-15 23:30:00+00:00,295,290,0.000,7.548,16.271,52.060,15.994,29.804,22.256,0.689,31,73,31,24,0.009,2.651,0.886,-0.000,-3.160,-1.119,-4.279,4.026,4.026,83,2,-4.898,-4.312,-9.211,4.021,4.021,108,2,138,530a6f1cbbbb,2026-09-24T01:15:55+00:00
401869957,ncaaf,2026,7,2026-10-17 04:00:00+00:00,256,2247,0.000,16.266,16.291,53.246,15.994,34.756,18.490,0.849,33,74,31,24,0.008,2.651,0.068,-0.000,-1.189,4.283,3.093,4.055,4.055,50,2,-3.207,-7.840,-11.047,4.031,4.031,116,2,138,530a6f1cbbbb,2026-09-24T01:15:55+00:00
401869966,ncaaf,2026,7,2026-10-17 04:00:00+00:00,309,2653,0.000,3.956,16.284,49.934,15.994,26.945,22.989,0.607,30,71,24,21,0.010,2.651,-1.897,-0.000,-0.957,-2.893,-3.850,4.018,4.018,82,2,-4.007,-1.065,-5.072,4.055,4.055,86,2,138,530a6f1cbbbb,2026-09-24T01:15:55+00:00
401871053,ncaaf,2026,7,2026-10-14 00:00:00+00:00,55,2229,0.000,4.494,16.072,48.766,15.994,26.630,22.136,0.622,28,70,24,21,0.010,2.651,0.138,-0.000,-3.943,-3.922,-7.865,3.817,3.817,103,3,-8.116,-1.607,-9.722,3.820,3.820,112,3,138,530a6f1cbbbb,2026-09-24T01:15:55+00:00
401871054,ncaaf,2026,7,2026-10-14 23:30:00+00:00,2623,338,0.000,0.599,16.286,51.702,15.994,26.151,25.552,0.525,31,73,27,24,0.009,2.651,0.739,-0.000,-7.811,-8.161,-15.971,4.046,4.046,131,2,-8.233,-5.360,-13.593,4.031,4.031,122,2,138,530a6f1cbbbb,2026-09-24T01:15:55+00:00
401871067,ncaaf,2026,7,2026-10-13 23:00:00+00:00,2393,48,0.000,-1.837,16.277,52.837,15.994,25.500,27.337,0.465,31,75,27,24,0.009,2.651,-0.071,-0.000,-5.570,-5.838,-11.408,4.027,4.027,118,2,-3.025,-3.486,-6.511,4.032,4.032,96,2,138,530a6f1cbbbb,2026-09-24T01:15:55+00:00
401871068,ncaaf,2026,7,2026-10-15 00:00:00+00:00,2534,98,0.000,-2.743,16.206,56.037,15.994,26.647,29.390,0.444,35,78,24,31,0.009,2.651,0.763,-0.000,-8.242,-7.801,-16.043,4.084,4.084,132,2,-2.692,-7.597,-10.288,3.825,3.825,114,3,138,530a6f1cbbbb,2026-09-24T01:15:55+00:00
401871091,ncaaf,2026,7,2026-10-17 04:00:00+00:00,2433,2348,0.000,-8.824,16.298,53.455,15.994,22.315,31.140,0.304,33,75,24,31,0.009,2.651,-0.472,-0.000,-8.541,-9.587,-18.129,4.075,4.075,133,2,-2.655,-3.483,-6.138,4.027,4.027,93,2,138,530a6f1cbbbb,2026-09-24T01:15:55+00:00
401856727,ncaaf,2026,8,2026-10-24 04:00:00+00:00,333,245,0.000,6.328,16.038,55.453,15.994,30.891,24.562,0.662,34,77,31,24,0.010,2.651,-0.905,-0.000,13.271,8.377,21.648,3.817,3.817,5,3,9.790,8.393,18.183,3.824,3.824,8,3,138,530a6f1cbbbb,2026-09-24T01:15:55+00:00
401856728,ncaaf,2026,8,2026-10-24 16:00:00+00:00,2,99,0.000,-4.301,16.070,52.239,15.994,23.969,28.270,0.405,31,73,24,31,0.009,2.651,1.758,-0.000,2.962,5.434,8.396,3.825,3.825,34,3,7.395,8.450,15.846,3.817,3.817,12,3,138,530a6f1cbbbb,2026-09-24T01:15:55+00:00
401856729,ncaaf,2026,8,2026-10-24 04:00:00+00:00,96,238,0.000,0.237,16.274,50.794,15.994,25.516,25.278,0.516,30,72,24,21,0.009,2.651,-2.180,-0.000,2.088,3.537,5.625,4.021,4.021,43,2,5.448,2.934,8.382,4.032,4.032,35,2,138,530a6f1cbbbb,2026-09-24T01:15:55+00:00
401856730,ncaaf,2026,8,2026-10-24 04:00:00+00:00,344,201,0.000,0.283,16.081,52.555,15.994,26.419,26.136,0.517,31,74,27,24,0.009,2.651,2.273,-0.000,9.582,3.632,13.214,3.825,3.825,20,3,3.116,12.808,15.924,3.821,3.821,11,3,138,530a6f1cbbbb,2026-09-24T01:15:55+00:00
401856731,ncaaf,2026,8,2026-10-24 04:00:00+00:00,2579,2633,0.000,0.188,16.288,57.828,15.994,29.008,28.820,0.515,37,80,31,24,0.009,2.651,2.257,-0.000,6.558,5.613,12.171,4.050,4.050,23,2,9.393,5.583,14.977,4.032,4.032,17,2,138,530a6f1cbbbb,2026-09-24T01:15:55+00:00
401856732,ncaaf,2026,8,2026-10-24 04:00:00+00:00,251,145,0.000,13.248,16.077,56.193,15.994,34.721,21.472,0.801,35,77,31,24,0.009,2.651,2.647,-0.000,10.189,13.075,23.265,3.817,3.817,4,3,8.054,4.656,12.711,3.820,3.820,22,3,138,530a6f1cbbbb,2026-09-24T01:15:55+00:00
401856834,ncaaf,2026,8,2026-10-24 04:00:00+00:00,2305,239,0.000,-3.021,16.288,54.920,15.994,25.950,28.971,0.437,34,77,24,31,0.009,2.651,2.244,-0.000,-0.968,-0.690,-1.657,4.031,4.031,70,2,2.363,2.038,4.401,4.051,4.051,47,2,138,530a6f1cbbbb,2026-09-24T01:15:55+00:00
401856835,ncaaf,2026,8,2026-10-24 04:00:00+00:00,2116,252,0.000,-9.443,16.277,48.610,15.994,19.584,29.026,0.287,28,69,17,24,0.009,2.651,-1.615,-0.000,-1.499,2.205,0.706,4.026,4.026,61,2,6.457,7.373,13.829,4.032,4.032,19,2,138,530a6f1cbbbb,2026-09-24T01:15:55+00:00
401856836,ncaaf,2026,8,2026-10-24 04:00:00+00:00,197,38,0.000,7.193,16.321,49.429,15.994,28.311,21.118,0.682,29,70,24,21,0.009,2.651,1.203,-0.000,-1.945,0.952,-0.993,4.084,4.084,68,2,-5.247,-0.507,-5.754,4.062,4.062,90,2,138,530a6f1cbbbb,2026-09-24T01:15:55+00:00
401856837,ncaaf,2026,8,2026-10-24 04:00:00+00:00,254,248,0.000,9.722,16.297,50.166,15.994,29.944,20.222,0.736,30,71,31,24,0.009,2.651,-0.710,-0.000,6.271,9.689,15.959,4.031,4.031,10,2,4.248,4.267,8.515,4.055,4.055,33,2,138,530a6f1cbbbb,2026-09-24T01:15:55+00:00
401856838,ncaaf,2026,8,2026-10-24 04:00:00+00:00,12,66,0.000,4.398,16.273,48.170,15.994,26.284,21.886,0.619,27,69,24,21,0.010,2.651,-1.474,-0.000,3.916,4.747,8.662,4.032,4.032,32,2,1.457,5.417,6.874,4.032,4.032,38,2,138,530a6f1cbbbb,2026-09-24T01:15:55+00:00
401856839,ncaaf,2026,8,2026-10-24 04:00:00+00:00,9,2306,0.000,-3.304,16.274,50.479,15.994,23.587,26.891,0.429,30,72,24,21,0.009,2.651,-0.725,-0.000,0.514,1.855,2.368,4.026,4.026,55,2,4.039,4.818,8.857,4.026,4.026,30,2,138,530a6f1cbbbb,2026-09-24T01:15:55+00:00
401856840,ncaaf,2026,8,2026-10-24 04:00:00+00:00,2132,2641,0.000,-11.556,16.298,54.413,15.994,21.428,32.984,0.250,34,76,24,31,0.009,2.651,1.709,-0.000,0.467,0.146,0.613,4.055,4.055,62,2,7.124,8.154,15.277,4.032,4.032,14,2,138,530a6f1cbbbb,2026-09-24T01:15:55+00:00
401856841,ncaaf,2026,8,2026-10-24 04:00:00+00:00,2628,277,0.000,8.606,16.303,51.815,15.994,30.211,21.605,0.711,31,73,31,24,0.009,2.651,1.420,-0.000,-0.154,5.615,5.461,4.055,4.055,44,2,0.515,-1.132,-0.617,4.056,4.056,66,2,138,530a6f1cbbbb,2026-09-24T01:15:55+00:00
401858270,ncaaf,2026,8,2026-10-24 04:00:00+00:00,2567,25,0.000,15.639,16.313,56.088,15.994,35.863,20.225,0.837,35,77,31,24,0.008,2.651,2.078,-0.000,5.482,4.671,10.153,4.051,4.051,26,2,-1.439,-1.485,-2.924,4.080,4.080,76,2,138,530a6f1cbbbb,2026-09-24T01:15:55+00:00
401858271,ncaaf,2026,8,2026-10-23 23:00:00+00:00,258,150,0.000,0.594,16.188,48.654,15.994,24.624,24.030,0.525,28,70,24,21,0.010,2.651,-0.602,-0.000,1.289,2.764,4.053,4.056,4.056,48,2,1.314,5.110,6.424,3.817,3.817,40,3,138,530a6f1cbbbb,2026-09-24T01:15:55+00:00
401858272,ncaaf,2026,8,2026-10-24 02:30:00+00:00,24,152,0.000,-6.637,16.198,51.364,15.994,22.364,29.000,0.350,31,73,24,31,0.009,2.651,-0.448,-0.000,-4.602,-2.516,-7.118,3.839,3.839,99,3,1.738,1.051,2.789,4.055,4.055,52,2,138,530a6f1cbbbb,2026-09-24T01:15:55+00:00
401858273,ncaaf,2026,8,2026-10-24 04:00:00+00:00,59,103,0.000,9.250,16.329,51.254,15.994,30.252,21.002,0.725,31,72,31,24,0.009,2.651,0.817,-0.000,-0.809,1.152,0.343,4.084,4.084,63,2,-4.326,-2.150,-6.476,4.079,4.079,95,2,138,530a6f1cbbbb,2026-09-24T01:15:55+00:00
401858274,ncaaf,2026,8,2026-10-24 04:00:00+00:00,2390,221,0.000,12.996,16.186,48.709,15.994,30.853,17.857,0.802,28,69,24,17,0.009,2.651,-0.970,-0.000,8.847,11.085,19.931,4.045,4.045,7,2,2.275,6.388,8.663,3.824,3.824,31,3,138,530a6f1cbbbb,2026-09-24T01:15:55+00:00
401858275,ncaaf,2026,8,2026-10-24 04:00:00+00:00,153,183,0.000,7.814,16.286,46.515,15.994,27.165,19.351,0.700,27,67,24,17,0.010,2.651,-0.483,-0.000,-2.867,2.947,0.080,4.050,4.050,64,2,-4.886,-0.777,-5.664,4.026,4.026,89,2,138,530a6f1cbbbb,2026-09-24T01:15:55+00:00
401858276,ncaaf,2026,8,2026-10-24 04:00:00+00:00,228,259,0.000,1.429,16.177,51.865,15.994,26.647,25.218,0.545,31,73,27,24,0.009,2.651,0.400,-0.000,0.647,4.228,4.875,3.821,3.821,45,3,4.161,2.225,6.385,4.031,4.031,41,2,138,530a6f1cbbbb,2026-09-24T01:15:55+00:00
401858495,ncaaf,2026,8,2026-10-24 04:00:00+00:00,356,2483,0.000,-8.039,16.327,54.567,15.994,23.264,31.303,0.322,34,76,24,31,0.009,2.651,-0.990,-0.000,3.555,2.316,5.871,4.075,4.075,42,2,10.241,6.751,16.992,4.084,4.084,9,2,138,530a6f1cbbbb,2026-09-24T01:15:55+00:00
401858496,ncaaf,2026,8,2026-10-24 04:00:00+00:00,130,84,0.000,-3.487,16.189,43.908,15.994,20.211,23.697,0.421,24,65,17,24,0.010,2.651,-2.533,-0.000,4.798,9.788,14.586,3.821,3.821,18,3,8.097,13.515,21.612,4.045,4.045,6,2,138,530a6f1cbbbb,2026-09-24T01:15:55+00:00
401858497,ncaaf,2026,8,2026-10-24 04:00:00+00:00,135,2294,0.000,-5.297,16.303,43.076,15.994,18.889,24.187,0.376,23,63,17,24,0.010,2.651,-2.989,-0.000,-0.007,4.032,4.025,4.027,4.027,49,2,2.903,10.309,13.212,4.084,4.084,21,2,138,530a6f1cbbbb,2026-09-24T01:15:55+00:00
401858498,ncaaf,2026,8,2026-10-24 04:00:00+00:00,77,164,0.000,16.138,16.320,52.842,15.994,34.490,18.352,0.847,33,73,38,10,0.008,2.651,-1.588,-0.000,3.660,5.607,9.267,4.309,4.309,29,1,-0.757,-4.047,-4.804,3.821,3.821,84,3,138,530a6f1cbbbb,2026-09-24T01:15:55+00:00
401858499,ncaaf,2026,8,2026-10-24 04:00:00+00:00,26,127,0.000,6.139,16.073,49.674,15.994,27.907,21.768,0.660,29,71,24,21,0.009,2.651,-2.012,-0.000,5.332,1.198,6.530,3.824,3.824,39,3,-1.295,4.238,2.943,3.814,3.814,51,3,138,530a6f1cbbbb,2026-09-24T01:15:55+00:00
401858500,ncaaf,2026,8,2026-10-24 04:00:00+00:00,275,30,0.000,-7.548,16.098,53.897,15.994,23.175,30.722,0.331,33,75,24,31,0.009,2.651,-2.257,-0.000,2.295,2.477,4.772,4.042,4.042,46,2,10.771,4.665,15.436,3.641,3.641,13,4,138,530a6f1cbbbb,2026-09-24T01:15:55+00:00
401860905,ncaaf,2026,8,2026-10-24 22:30:00+00:00,36,21,0.000,-3.014,16.289,50.289,15.994,23.637,26.651,0.436,30,72,24,21,0.009,2.651,0.654,-0.000,-2.916,-3.736,-6.652,4.055,4.055,98,2,-3.054,2.595,-0.459,4.027,4.027,65,2,138,530a6f1cbbbb,2026-09-24T01:15:55+00:00
401860906,ncaaf,2026,8,2026-10-24 23:30:00+00:00,326,328,0.000,2.455,16.179,56.367,15.994,29.411,26.956,0.569,35,78,31,24,0.009,2.651,1.292,-0.000,2.545,-5.498,-2.952,3.816,3.816,77,3,-3.192,0.755,-2.437,4.032,4.032,71,2,138,530a6f1cbbbb,2026-09-24T01:15:55+00:00
401860907,ncaaf,2026,8,2026-10-24 22:00:00+00:00,265,68,0.000,-4.644,16.329,47.854,15.994,21.605,26.249,0.395,27,69,17,24,0.009,2.651,-2.535,-0.000,-2.525,1.623,-0.902,4.084,4.084,67,2,3.859,3.292,7.151,4.079,4.079,37,2,138,530a6f1cbbbb,2026-09-24T01:15:55+00:00
401861965,ncaaf,2026,8,2026-10-23 23:00:00+00:00,41,113,0.000,12.073,16.449,52.467,15.994,32.270,20.197,0.778,31,73,31,24,0.009,2.651,-1.541,-0.000,-5.099,-7.935,-13.034,4.031,4.031,119,2,-12.032,-10.732,-22.764,4.363,4.363,138,1,138,530a6f1cbbbb,2026-09-24T01:15:55+00:00
401862807,ncaaf,2026,8,2026-10-22 23:30:00+00:00,235,151,0.000,4.636,16.099,53.887,15.994,29.261,24.626,0.623,33,76,31,24,0.009,2.651,1.716,-0.000,0.595,-1.638,-1.042,3.872,3.872,69,3,-2.896,0.074,-2.823,3.821,3.821,74,3,138,530a6f1cbbbb,2026-09-24T01:15:55+00:00
401862808,ncaaf,2026,8,2026-10-24 00:30:00+00:00,202,349,0.000,2.315,16.463,48.063,15.994,25.189,22.874,0.567,27,69,24,21,0.010,2.651,-1.842,-0.000,-5.086,-1.297,-6.383,4.084,4.084,94,2,-3.175,-2.719,-5.894,4.339,4.339,91,1,138,530a6f1cbbbb,2026-09-24T01:15:55+00:00
401862809,ncaaf,2026,8,2026-10-24 04:00:00+00:00,2226,242,0.000,7.722,16.177,55.411,15.994,31.566,23.845,0.691,34,77,31,24,0.010,2.651,-0.203,-0.000,-2.281,-7.179,-9.461,3.825,3.825,110,3,-7.202,-7.158,-14.360,4.027,4.027,125,2,138,530a6f1cbbbb,2026-09-24T01:15:55+00:00
401862810,ncaaf,2026,8,2026-10-24 19:30:00+00:00,2426,249,0.000,-0.657,16.330,56.688,15.994,28.015,28.672,0.494,35,79,27,24,0.008,2.651,-1.289,-0.000,-3.833,-4.721,-8.555,4.333,4.333,107,1,1.661,-6.560,-4.900,3.816,3.816,85,3,138,530a6f1cbbbb,2026-09-24T01:15:55+00:00
401862811,ncaaf,2026,8,2026-10-24 04:00:00+00:00,2655,2636,0.000,-1.837,16.177,48.479,15.994,23.321,25.158,0.464,28,69,24,21,0.009,2.651,-0.420,-0.000,-3.733,1.009,-2.724,3.821,3.821,73,3,0.542,1.729,2.272,4.021,4.021,56,2,138,530a6f1cbbbb,2026-09-24T01:15:55+00:00
401864525,ncaaf,2026,8,2026-10-24 01:00:00+00:00,2751,2005,0.000,-2.469,16.445,48.522,15.994,23.026,25.496,0.449,28,69,24,21,0.009,2.651,-2.665,-0.000,-10.041,-4.059,-14.100,4.056,4.056,123,2,-2.246,-6.175,-8.421,4.333,4.333,105,1,138,530a6f1cbbbb,2026-09-24T01:15:55+00:00
401864526,ncaaf,2026,8,2026-10-24 04:00:00+00:00,2459,62,0.000,-2.050,16.211,49.529,15.994,23.740,25.790,0.459,29,71,24,21,0.009,2.651,-0.201,-0.000,-8.195,-5.084,-13.280,4.055,4.055,120,2,-4.760,-3.325,-8.085,3.868,3.868,104,3,138,530a6f1cbbbb,2026-09-24T01:15:55+00:00
401864527,ncaaf,2026,8,2026-10-25 02:00:00+00:00,167,2449,0.000,2.472,16.187,46.397,15.994,24.434,21.963,0.573,27,68,24,21,0.010,2.651,-1.981,-0.000,-1.531,3.708,2.177,4.050,4.050,57,2,0.436,2.009,2.446,3.822,3.822,54,3,138,530a6f1cbbbb,2026-09-24T01:15:55+00:00
401864528,ncaaf,2026,8,2026-10-24 21:00:00+00:00,2440,23,0.000,6.161,16.195,51.305,15.994,28.733,22.572,0.659,31,73,31,24,0.009,2.651,0.696,-0.000,-5.077,-2.506,-7.583,4.051,4.051,102,2,-5.955,-5.135,-11.090,3.831,3.831,117,3,138,530a6f1cbbbb,2026-09-24T01:15:55+00:00
401866446,ncaaf,2026,8,2026-10-24 04:00:00+00:00,2309,2006,0.000,-3.958,16.297,52.174,15.994,24.108,28.066,0.414,31,73,24,31,0.009,2.651,-1.425,-0.000,-9.665,-11.711,-21.376,4.050,4.050,136,2,-7.217,-7.058,-14.275,4.051,4.051,124,2,138,530a6f1cbbbb,2026-09-24T01:15:55+00:00
401866447,ncaaf,2026,8,2026-10-24 04:00:00+00:00,2050,16,0.000,-4.768,16.182,51.376,15.994,23.304,28.072,0.394,31,73,24,31,0.009,2.651,-1.071,-0.000,-9.928,-11.467,-21.395,4.051,4.051,137,2,-7.529,-5.892,-13.421,3.810,3.810,121,3,138,530a6f1cbbbb,2026-09-24T01:15:55+00:00
401866448,ncaaf,2026,8,2026-10-24 04:00:00+00:00,2084,189,0.000,7.886,16.274,52.486,15.994,30.186,22.300,0.696,31,74,31,24,0.009,2.651,-0.884,-0.000,-6.763,-8.157,-14.919,4.021,4.021,128,2,-10.217,-9.961,-20.178,4.031,4.031,135,2,138,530a6f1cbbbb,2026-09-24T01:15:55+00:00
401866449,ncaaf,2026,8,2026-10-24 04:00:00+00:00,195,2199,0.000,10.831,15.992,53.590,15.994,32.211,21.380,0.759,33,75,31,24,0.009,2.651,-0.945,-0.000,-1.731,-4.864,-6.596,3.820,3.820,97,3,-7.620,-7.241,-14.862,3.644,3.644,127,4,138,530a6f1cbbbb,2026-09-24T01:15:55+00:00
401866450,ncaaf,2026,8,2026-10-24 04:00:00+00:00,2649,2711,0.000,-1.933,16.297,50.995,15.994,24.531,26.464,0.463,30,72,24,21,0.009,2.651,-1.197,-0.000,0.586,-4.164,-3.578,4.050,4.050,79,2,-1.829,3.287,1.458,4.051,4.051,60,2,138,530a6f1cbbbb,2026-09-24T01:15:55+00:00
401866476,ncaaf,2026,8,2026-10-24 04:00:00+00:00,2117,193,0.000,2.383,16.301,47.452,15.994,24.917,22.535,0.570,27,69,24,21,0.010,2.651,-3.863,-0.000,-7.200,-2.505,-9.705,4.056,4.056,111,2,-3.170,-6.136,-9.306,4.051,4.051,109,2,138,530a6f1cbbbb,2026-09-24T01:15:55+00:00
401869845,ncaaf,2026,8,2026-10-22 23:00:00+00:00,2026,256,0.000,-6.918,16.288,50.066,15.994,21.574,28.492,0.344,30,71,24,31,0.009,2.651,0.622,-0.000,-3.638,-3.571,-7.209,4.026,4.026,100,2,-1.189,4.283,3.093,4.055,4.055,50,2,138,530a6f1cbbbb,2026-09-24T01:15:55+00:00
401869935,ncaaf,2026,8,2026-10-24 23:00:00+00:00,2032,2247,0.000,3.511,16.289,56.117,15.994,29.814,26.303,0.594,35,78,31,24,0.009,2.651,0.508,-0.000,-5.054,-5.432,-10.486,4.051,4.051,115,2,-3.207,-7.840,-11.047,4.031,4.031,116,2,138,530a6f1cbbbb,2026-09-24T01:15:55+00:00
401869967,ncaaf,2026,8,2026-10-24 04:00:00+00:00,2572,309,0.000,-9.035,16.270,56.652,15.994,23.809,32.843,0.302,35,78,24,31,0.009,2.651,0.329,-0.000,-5.989,-9.841,-15.830,4.027,4.027,129,2,-0.957,-2.893,-3.850,4.018,4.018,82,2,138,530a6f1cbbbb,2026-09-24T01:15:55+00:00
401871055,ncaaf,2026,8,2026-10-20 23:00:00+00:00,2229,2393,0.000,4.325,16.174,48.533,15.994,26.429,22.104,0.617,28,69,24,21,0.010,2.651,-0.264,-0.000,-8.116,-1.607,-9.722,3.820,3.820,112,3,-5.570,-5.838,-11.408,4.027,4.027,118,2,138,530a6f1cbbbb,2026-09-24T01:15:55+00:00
401871056,ncaaf,2026,8,2026-10-22 23:00:00+00:00,338,2335,0.000,-6.703,16.291,51.085,15.994,22.191,28.894,0.349,31,72,24,31,0.009,2.651,-0.350,-0.000,-8.233,-5.360,-13.593,4.031,4.031,122,2,-1.397,-2.195,-3.593,4.055,4.055,80,2,138,530a6f1cbbbb,2026-09-24T01:15:55+00:00
401871069,ncaaf,2026,8,2026-10-20 23:00:00+00:00,48,2623,0.000,11.977,16.286,53.853,15.994,32.915,20.938,0.777,33,75,31,24,0.009,2.651,0.281,-0.000,-3.025,-3.486,-6.511,4.032,4.032,96,2,-7.811,-8.161,-15.971,4.046,4.046,131,2,138,530a6f1cbbbb,2026-09-24T01:15:55+00:00
401871070,ncaaf,2026,8,2026-10-22 00:00:00+00:00,2534,166,0.000,1.723,16.327,51.455,15.994,26.589,24.866,0.552,31,73,27,24,0.009,2.651,-0.047,-0.000,-8.242,-7.801,-16.043,4.084,4.084,132,2,-7.998,-6.849,-14.847,4.075,4.075,126,2,138,530a6f1cbbbb,2026-09-24T01:15:55+00:00
401871092,ncaaf,2026,8,2026-10-20 23:30:00+00:00,276,6,0.000,1.280,16.172,56.652,15.994,28.966,27.686,0.541,35,79,31,24,0.009,2.651,-0.389,-0.000,-2.567,-4.769,-7.336,3.821,3.821,101,3,-0.162,-5.468,-5.630,4.021,4.021,88,2,138,530a6f1cbbbb,2026-09-24T01:15:55+00:00
401871093,ncaaf,2026,8,2026-10-24 04:00:00+00:00,2348,295,0.000,1.102,16.274,52.485,15.994,26.793,25.692,0.537,31,74,27,24,0.009,2.651,0.727,-0.000,-2.655,-3.483,-6.138,4.027,4.027,93,2,-3.160,-1.119,-4.279,4.026,4.026,83,2,138,530a6f1cbbbb,2026-09-24T01:15:55+00:00
401871094,ncaaf,2026,8,2026-10-24 04:00:00+00:00,2653,2433,0.000,14.925,16.312,50.936,15.994,32.931,18.005,0.831,31,72,31,24,0.008,2.651,-1.526,-0.000,-4.007,-1.065,-5.072,4.055,4.055,86,2,-8.541,-9.587,-18.129,4.075,4.075,133,2,138,530a6f1cbbbb,2026-09-24T01:15:55+00:00
401856733,ncaaf,2026,9,2026-10-31 04:00:00+00:00,8,142,0.000,-10.727,16.279,53.040,15.994,21.156,31.883,0.265,32,74,24,31,0.009,2.651,0.036,-0.000,-0.202,-2.422,-2.624,4.031,4.031,72,2,4.556,6.779,11.335,4.032,4.032,24,2,138,530a6f1cbbbb,2026-09-24T01:15:55+00:00
401856734,ncaaf,2026,9,2026-10-31 19:30:00+00:00,61,57,1.000,10.322,16.284,57.199,15.994,33.760,23.439,0.743,36,79,31,24,0.009,0.000,-1.817,-0.000,15.361,9.901,25.262,4.027,4.027,2,2,11.339,3.809,15.148,4.046,4.046,16,2,138,530a6f1cbbbb,2026-09-24T01:15:55+00:00
401856735,ncaaf,2026,9,2026-10-31 04:00:00+00:00,145,2,0.000,7.221,16.075,56.908,15.994,32.064,24.844,0.680,35,79,31,24,0.010,2.651,3.485,-0.000,8.054,4.656,12.711,3.820,3.820,22,3,2.962,5.434,8.396,3.825,3.825,34,3,138,530a6f1cbbbb,2026-09-24T01:15:55+00:00
401856736,ncaaf,2026,9,2026-10-31 04:00:00+00:00,201,2579,0.000,6.182,16.191,48.137,15.994,27.160,20.978,0.662,27,69,24,21,0.010,2.651,0.658,-0.000,3.116,12.808,15.924,3.821,3.821,11,3,6.558,5.613,12.171,4.050,4.050,23,2,138,530a6f1cbbbb,2026-09-24T01:15:55+00:00
401856737,ncaaf,2026,9,2026-10-31 04:00:00+00:00,251,344,0.000,12.870,16.078,57.538,15.994,35.204,22.334,0.793,37,79,31,24,0.009,2.651,2.520,-0.000,10.189,13.075,23.265,3.817,3.817,4,3,9.582,3.632,13.214,3.825,3.825,20,3,138,530a6f1cbbbb,2026-09-24T01:15:55+00:00
401856842,ncaaf,2026,9,2026-10-31 04:00:00+00:00,2641,12,0.000,9.161,16.286,52.420,15.994,30.790,21.630,0.723,31,73,31,24,0.009,2.651,0.670,-0.000,7.124,8.154,15.277,4.032,4.032,14,2,3.916,4.747,8.662,4.032,4.032,32,2,138,530a6f1cbbbb,2026-09-24T01:15:55+00:00
401856843,ncaaf,2026,9,2026-10-31 04:00:00+00:00,252,9,0.000,13.437,16.277,50.582,15.994,32.010,18.573,0.807,30,71,31,24,0.008,2.651,-1.444,-0.000,6.457,7.373,13.829,4.032,4.032,19,2,0.514,1.855,2.368,4.026,4.026,55,2,138,530a6f1cbbbb,2026-09-24T01:15:55+00:00
401856844,ncaaf,2026,9,2026-10-30 23:30:00+00:00,2116,239,0.000,-0.670,16.286,52.780,15.994,26.055,26.725,0.494,31,75,27,24,0.009,2.651,2.244,-0.000,-1.499,2.205,0.706,4.026,4.026,61,2,2.363,2.038,4.401,4.051,4.051,47,2,138,530a6f1cbbbb,2026-09-24T01:15:55+00:00
401856845,ncaaf,2026,9,2026-10-31 04:00:00+00:00,2628,2305,0.000,9.320,16.291,49.166,15.994,29.243,19.923,0.729,29,70,24,17,0.009,2.651,-0.173,-0.000,-0.154,5.615,5.461,4.055,4.055,44,2,-0.968,-0.690,-1.657,4.031,4.031,70,2,138,530a6f1cbbbb,2026-09-24T01:15:55+00:00
401856846,ncaaf,2026,9,2026-10-31 04:00:00+00:00,38,2306,0.000,-10.996,16.292,49.862,15.994,19.433,30.429,0.256,30,71,17,24,0.009,2.651,-0.021,-0.000,-5.247,-0.507,-5.754,4.062,4.062,90,2,4.039,4.818,8.857,4.026,4.026,30,2,138,530a6f1cbbbb,2026-09-24T01:15:55+00:00
401856847,ncaaf,2026,9,2026-10-31 04:00:00+00:00,66,197,0.000,9.928,16.306,48.570,15.994,29.249,19.321,0.742,28,69,24,17,0.009,2.651,-0.389,-0.000,1.457,5.417,6.874,4.032,4.032,38,2,-1.945,0.952,-0.993,4.084,4.084,68,2,138,530a6f1cbbbb,2026-09-24T01:15:55+00:00
401856848,ncaaf,2026,9,2026-10-31 04:00:00+00:00,2132,254,0.000,-11.944,16.291,51.815,15.994,19.936,31.879,0.240,31,73,24,31,0.009,2.651,0.455,-0.000,0.467,0.146,0.613,4.055,4.055,62,2,6.271,9.689,15.959,4.031,4.031,10,2,138,530a6f1cbbbb,2026-09-24T01:15:55+00:00
401858277,ncaaf,2026,9,2026-10-31 04:00:00+00:00,152,25,0.000,8.357,16.315,53.064,15.994,30.710,22.353,0.705,32,75,31,24,0.009,2.651,-0.134,-0.000,1.738,1.051,2.789,4.055,4.055,52,2,-1.439,-1.485,-2.924,4.080,4.080,76,2,138,530a6f1cbbbb,2026-09-24T01:15:55+00:00
401858278,ncaaf,2026,9,2026-10-31 04:00:00+00:00,183,2567,0.000,-12.660,16.286,54.045,15.994,20.692,33.352,0.228,34,75,24,31,0.009,2.651,1.712,1.009,-4.886,-0.777,-5.664,4.026,4.026,89,2,5.482,4.671,10.153,4.051,4.051,26,2,138,530a6f1cbbbb,2026-09-24T01:15:55+00:00
401858279,ncaaf,2026,9,2026-10-31 04:00:00+00:00,150,103,0.000,14.737,16.199,50.533,15.994,32.635,17.898,0.830,31,71,24,17,0.008,2.651,0.434,-0.000,1.314,5.110,6.424,3.817,3.817,40,3,-4.326,-2.150,-6.476,4.079,4.079,95,2,138,530a6f1cbbbb,2026-09-24T01:15:55+00:00
401858280,ncaaf,2026,9,2026-10-31 04:00:00+00:00,52,228,0.000,5.082,16.085,52.379,15.994,28.731,23.649,0.634,31,74,31,24,0.009,2.651,0.862,-0.000,4.503,2.680,7.183,3.843,3.843,36,3,0.647,4.228,4.875,3.821,3.821,45,3,138,530a6f1cbbbb,2026-09-24T01:15:55+00:00
401858281,ncaaf,2026,9,2026-10-31 04:00:00+00:00,221,59,0.000,10.492,16.205,49.833,15.994,30.163,19.671,0.753,30,71,24,17,0.009,2.651,0.393,-0.000,2.275,6.388,8.663,3.824,3.824,31,3,-0.809,1.152,0.343,4.084,4.084,63,2,138,530a6f1cbbbb,2026-09-24T01:15:55+00:00
401858282,ncaaf,2026,9,2026-10-31 04:00:00+00:00,153,2390,0.000,-15.372,16.295,47.287,15.994,15.958,31.329,0.173,27,68,17,24,0.008,2.651,-2.093,-0.000,-2.867,2.947,0.080,4.050,4.050,64,2,8.847,11.085,19.931,4.045,4.045,7,2,138,530a6f1cbbbb,2026-09-24T01:15:55+00:00
401858283,ncaaf,2026,9,2026-10-31 04:00:00+00:00,97,24,0.000,19.099,16.196,55.489,15.994,37.294,18.195,0.887,35,76,38,10,0.008,2.651,-0.136,-0.000,7.339,2.392,9.731,4.051,4.051,28,2,-4.602,-2.516,-7.118,3.839,3.839,99,3,138,530a6f1cbbbb,2026-09-24T01:15:55+00:00
401858284,ncaaf,2026,9,2026-10-31 04:00:00+00:00,154,258,0.000,1.461,16.191,51.328,15.994,26.395,24.934,0.546,31,73,27,24,0.009,2.651,0.007,-0.000,1.102,1.481,2.582,3.825,3.825,53,3,1.289,2.764,4.053,4.056,4.056,48,2,138,530a6f1cbbbb,2026-09-24T01:15:55+00:00
401858501,ncaaf,2026,9,2026-10-31 04:00:00+00:00,84,135,0.000,17.782,16.284,46.062,15.994,31.922,14.140,0.880,27,66,38,10,0.010,2.651,-3.297,-0.000,8.097,13.515,21.612,4.045,4.045,6,2,-0.007,4.032,4.025,4.027,4.027,49,2,138,530a6f1cbbbb,2026-09-24T01:15:55+00:00
401858502,ncaaf,2026,9,2026-10-31 04:00:00+00:00,2294,275,0.000,10.079,16.311,45.843,15.994,27.961,17.882,0.749,26,66,24,17,0.010,2.651,-2.834,-0.000,2.903,10.309,13.212,4.084,4.084,21,2,2.295,2.477,4.772,4.042,4.042,46,2,138,530a6f1cbbbb,2026-09-24T01:15:55+00:00
401858503,ncaaf,2026,9,2026-10-31 04:00:00+00:00,120,356,0.000,-0.702,16.301,53.033,15.994,26.165,26.868,0.493,32,75,27,24,0.009,2.651,0.335,-0.000,0.635,1.510,2.145,4.031,4.031,58,2,3.555,2.316,5.871,4.075,4.075,42,2,138,530a6f1cbbbb,2026-09-24T01:15:55+00:00
401858504,ncaaf,2026,9,2026-10-31 04:00:00+00:00,158,264,0.000,1.759,16.329,49.160,15.994,25.459,23.700,0.554,28,70,24,21,0.010,2.651,-1.174,-0.000,6.751,3.299,10.050,4.080,4.080,27,2,2.120,9.049,11.169,4.084,4.084,25,2,138,530a6f1cbbbb,2026-09-24T01:15:55+00:00
401858505,ncaaf,2026,9,2026-10-31 04:00:00+00:00,2483,77,0.000,10.192,16.447,52.366,15.994,31.279,21.087,0.742,31,73,31,24,0.009,2.651,-1.448,-0.000,10.241,6.751,16.992,4.084,4.084,9,2,3.660,5.607,9.267,4.309,4.309,29,1,138,530a6f1cbbbb,2026-09-24T01:15:55+00:00
401858506,ncaaf,2026,9,2026-10-31 04:00:00+00:00,213,2509,0.000,20.270,16.172,55.462,15.994,37.866,17.596,0.901,35,76,38,10,0.009,2.651,-1.126,-0.000,5.889,9.330,15.220,3.821,3.821,15,3,2.367,-5.278,-2.911,4.021,4.021,75,2,138,530a6f1cbbbb,2026-09-24T01:15:55+00:00
401858507,ncaaf,2026,9,2026-10-31 04:00:00+00:00,164,130,0.000,-15.853,16.079,51.849,15.994,17.998,33.851,0.168,31,72,24,31,0.008,2.651,-0.845,-0.000,-0.757,-4.047,-4.804,3.821,3.821,84,3,4.798,9.788,14.586,3.821,3.821,18,3,138,530a6f1cbbbb,2026-09-24T01:15:55+00:00
401858508,ncaaf,2026,9,2026-10-31 04:00:00+00:00,26,2440,0.000,16.168,16.188,52.665,15.994,34.417,18.249,0.850,33,73,38,10,0.008,2.651,-1.886,-0.000,5.332,1.198,6.530,3.824,3.824,39,3,-5.077,-2.506,-7.583,4.051,4.051,102,2,138,530a6f1cbbbb,2026-09-24T01:15:55+00:00
401858509,ncaaf,2026,9,2026-10-31 04:00:00+00:00,30,194,0.000,-8.583,15.994,53.520,15.994,22.468,31.051,0.306,33,75,24,31,0.009,2.651,-2.269,-0.000,10.771,4.665,15.436,3.641,3.641,13,4,13.138,14.029,27.167,3.821,3.821,1,3,138,530a6f1cbbbb,2026-09-24T01:15:55+00:00
401859185,ncaaf,2026,9,2026-10-31 16:00:00+00:00,2426,87,1.000,-29.221,16.332,52.231,15.994,11.505,40.726,0.032,34,71,10,38,0.008,0.000,-3.328,-0.000,-3.833,-4.721,-8.555,4.333,4.333,107,1,11.169,12.765,23.934,3.821,3.821,3,3,138,530a6f1cbbbb,2026-09-24T01:15:55+00:00
401860908,ncaaf,2026,9,2026-11-01 02:00:00+00:00,68,326,0.000,12.929,16.203,57.662,15.994,35.296,22.366,0.792,37,79,31,24,0.009,2.651,-0.555,-0.000,3.859,3.292,7.151,4.079,4.079,37,2,2.545,-5.498,-2.952,3.816,3.816,77,3,138,530a6f1cbbbb,2026-09-24T01:15:55+00:00
401860909,ncaaf,2026,9,2026-10-31 23:00:00+00:00,21,265,0.000,3.049,16.303,44.997,15.994,24.023,20.974,0.587,24,66,24,21,0.010,2.651,-1.732,-0.000,-3.054,2.595,-0.459,4.027,4.027,65,2,-2.525,1.623,-0.902,4.084,4.084,67,2,138,530a6f1cbbbb,2026-09-24T01:15:55+00:00
401860910,ncaaf,2026,9,2026-10-31 19:30:00+00:00,328,36,0.000,6.902,16.291,52.562,15.994,29.732,22.830,0.674,31,74,31,24,0.009,2.651,1.697,-0.000,-3.192,0.755,-2.437,4.032,4.032,71,2,-2.916,-3.736,-6.652,4.055,4.055,98,2,138,530a6f1cbbbb,2026-09-24T01:15:55+00:00
401860924,ncaaf,2026,9,2026-10-31 04:00:00+00:00,278,204,0.000,6.933,16.208,46.841,15.994,26.887,19.954,0.680,27,68,24,17,0.010,2.651,-1.679,-0.000,-2.718,4.274,1.556,3.811,3.811,59,3,-1.613,-1.538,-3.151,4.084,4.084,78,2,138,530a6f1cbbbb,2026-09-24T01:15:55+00:00
401861966,ncaaf,2026,9,2026-10-31 19:00:00+00:00,2005,41,0.000,7.406,16.433,54.701,15.994,31.054,23.647,0.682,34,76,31,24,0.009,2.651,-1.980,-0.000,-2.246,-6.175,-8.421,4.333,4.333,105,1,-5.099,-7.935,-13.034,4.031,4.031,119,2,138,530a6f1cbbbb,2026-09-24T01:15:55+00:00
401862812,ncaaf,2026,9,2026-10-29 23:30:00+00:00,249,2226,0.000,7.660,16.075,63.598,15.994,35.629,27.969,0.688,42,85,31,24,0.008,2.651,2.623,-0.000,1.661,-6.560,-4.900,3.816,3.816,85,3,-2.281,-7.179,-9.461,3.825,3.825,110,3,138,530a6f1cbbbb,2026-09-24T01:15:55+00:00
401862813,ncaaf,2026,9,2026-10-30 23:00:00+00:00,2429,2655,0.000,-9.509,16.175,48.253,15.994,19.372,28.881,0.284,28,69,17,24,0.009,2.651,-1.077,-0.000,-8.694,-7.257,-15.951,4.026,4.026,130,2,-3.733,1.009,-2.724,3.821,3.821,73,3,138,530a6f1cbbbb,2026-09-24T01:15:55+00:00
401862814,ncaaf,2026,9,2026-10-31 04:00:00+00:00,235,349,0.000,7.385,16.360,50.864,15.994,29.125,21.739,0.685,30,72,31,24,0.009,2.651,-2.802,-0.000,0.595,-1.638,-1.042,3.872,3.872,69,3,-3.175,-2.719,-5.894,4.339,4.339,91,1,138,530a6f1cbbbb,2026-09-24T01:15:55+00:00
401862815,ncaaf,2026,9,2026-10-31 04:00:00+00:00,151,218,0.000,5.361,16.175,53.700,15.994,29.530,24.170,0.639,33,75,31,24,0.009,2.651,0.086,-0.000,-2.896,0.074,-2.823,3.821,3.821,74,3,-0.329,-5.034,-5.363,4.027,4.027,87,2,138,530a6f1cbbbb,2026-09-24T01:15:55+00:00
401862816,ncaaf,2026,9,2026-10-31 04:00:00+00:00,58,5,0.000,7.420,16.206,52.347,15.994,29.883,22.463,0.686,31,73,31,24,0.009,2.651,0.642,-0.000,-2.685,-1.027,-3.711,4.086,4.086,81,2,-4.258,-4.228,-8.486,3.824,3.824,106,3,138,530a6f1cbbbb,2026-09-24T01:15:55+00:00
401864529,ncaaf,2026,9,2026-10-31 04:00:00+00:00,23,167,0.000,-9.675,16.195,49.366,15.994,19.846,29.521,0.282,29,70,17,24,0.009,2.651,-0.035,-0.000,-5.955,-5.135,-11.090,3.831,3.831,117,3,-1.531,3.708,2.177,4.050,4.050,57,2,138,530a6f1cbbbb,2026-09-24T01:15:55+00:00
401864530,ncaaf,2026,9,2026-11-01 02:30:00+00:00,2439,2459,0.000,9.426,16.209,48.538,15.994,28.982,19.556,0.733,28,69,24,17,0.009,2.651,-0.619,1.009,-5.501,-0.474,-5.976,3.864,3.864,92,3,-8.195,-5.084,-13.280,4.055,4.055,120,2,138,530a6f1cbbbb,2026-09-24T01:15:55+00:00
401864531,ncaaf,2026,9,2026-10-31 19:30:00+00:00,2449,2638,0.000,22.783,16.190,56.869,15.994,39.826,17.043,0.925,37,77,38,10,0.009,2.651,-0.014,1.009,0.436,2.009,2.446,3.822,3.822,54,3,-7.127,-11.093,-18.220,4.045,4.045,134,2,138,530a6f1cbbbb,2026-09-24T01:15:55+00:00
401866451,ncaaf,2026,9,2026-10-31 02:30:00+00:00,16,2309,0.000,10.366,16.182,51.814,15.994,31.090,20.724,0.749,31,73,31,24,0.009,2.651,-1.325,-0.000,-7.529,-5.892,-13.421,3.810,3.810,121,3,-9.665,-11.711,-21.376,4.050,4.050,136,2,138,530a6f1cbbbb,2026-09-24T01:15:55+00:00
401866452,ncaaf,2026,9,2026-10-31 16:00:00+00:00,2711,189,0.000,21.645,16.289,48.397,15.994,35.021,13.376,0.922,29,68,38,10,0.011,2.651,-4.096,-0.000,-1.829,3.287,1.458,4.051,4.051,60,2,-10.217,-9.961,-20.178,4.031,4.031,135,2,138,530a6f1cbbbb,2026-09-24T01:15:55+00:00
401869846,ncaaf,2026,9,2026-10-31 04:00:00+00:00,290,2026,0.000,0.970,16.271,53.361,15.994,27.165,26.195,0.534,32,75,27,24,0.009,2.651,1.231,-0.000,-4.898,-4.312,-9.211,4.021,4.021,108,2,-3.638,-3.571,-7.209,4.026,4.026,100,2,138,530a6f1cbbbb,2026-09-24T01:15:55+00:00
401869944,ncaaf,2026,9,2026-10-31 04:00:00+00:00,2247,324,0.000,1.923,16.291,55.692,15.994,28.807,26.884,0.556,34,77,31,24,0.009,2.651,1.520,-0.000,-3.207,-7.840,-11.047,4.031,4.031,116,2,-6.015,-3.986,-10.001,4.055,4.055,113,2,138,530a6f1cbbbb,2026-09-24T01:15:55+00:00
401869963,ncaaf,2026,9,2026-10-29 23:30:00+00:00,256,2653,0.000,10.027,16.302,47.221,15.994,28.624,18.597,0.746,27,68,24,17,0.010,2.651,-0.902,-0.000,-1.189,4.283,3.093,4.055,4.055,50,2,-4.007,-1.065,-5.072,4.055,4.055,86,2,138,530a6f1cbbbb,2026-09-24T01:15:55+00:00
401871057,ncaaf,2026,9,2026-10-29 00:00:00+00:00,166,55,0.000,-3.850,16.197,52.357,15.994,24.254,28.103,0.416,31,74,24,31,0.009,2.651,0.519,-0.000,-7.998,-6.849,-14.847,4.075,4.075,126,2,-3.943,-3.922,-7.865,3.817,3.817,103,3,138,530a6f1cbbbb,2026-09-24T01:15:55+00:00
401871058,ncaaf,2026,9,2026-10-28 23:00:00+00:00,2393,338,0.000,4.921,16.277,51.395,15.994,28.158,23.237,0.629,31,73,31,24,0.009,2.651,0.388,-0.000,-5.570,-5.838,-11.408,4.027,4.027,118,2,-8.233,-5.360,-13.593,4.031,4.031,122,2,138,530a6f1cbbbb,2026-09-24T01:15:55+00:00
401871059,ncaaf,2026,9,2026-10-31 19:30:00+00:00,2335,2229,0.000,8.355,16.189,48.416,15.994,28.385,20.030,0.710,28,69,24,17,0.009,2.651,-1.002,-0.000,-1.397,-2.195,-3.593,4.055,4.055,80,2,-8.116,-1.607,-9.722,3.820,3.820,112,3,138,530a6f1cbbbb,2026-09-24T01:15:55+00:00
401871071,ncaaf,2026,9,2026-10-27 23:00:00+00:00,98,48,0.000,-0.783,16.179,57.292,15.994,28.254,29.037,0.491,36,79,24,31,0.008,2.651,1.424,-0.000,-2.692,-7.597,-10.288,3.825,3.825,114,3,-3.025,-3.486,-6.511,4.032,4.032,96,2,138,530a6f1cbbbb,2026-09-24T01:15:55+00:00
401871072,ncaaf,2026,9,2026-10-28 00:00:00+00:00,2623,2534,0.000,2.941,16.312,52.032,15.994,27.486,24.545,0.582,31,73,27,24,0.009,2.651,-0.380,-0.000,-7.811,-8.161,-15.971,4.046,4.046,131,2,-8.242,-7.801,-16.043,4.084,4.084,132,2,138,530a6f1cbbbb,2026-09-24T01:15:55+00:00
401871095,ncaaf,2026,9,2026-10-31 04:00:00+00:00,2433,2572,0.000,0.691,16.298,56.220,15.994,28.455,27.764,0.527,35,78,31,24,0.009,2.651,0.700,-0.000,-8.541,-9.587,-18.129,4.075,4.075,133,2,-5.989,-9.841,-15.830,4.027,4.027,129,2,138,530a6f1cbbbb,2026-09-24T01:15:55+00:00
401871096,ncaaf,2026,9,2026-10-31 04:00:00+00:00,295,276,0.000,5.839,16.175,53.298,15.994,29.568,23.730,0.650,32,75,31,24,0.009,2.651,0.587,-0.000,-3.160,-1.119,-4.279,4.026,4.026,83,2,-2.567,-4.769,-7.336,3.821,3.821,101,3,138,530a6f1cbbbb,2026-09-24T01:15:55+00:00
401871097,ncaaf,2026,9,2026-10-31 04:00:00+00:00,6,2348,0.000,3.456,16.272,55.992,15.994,29.724,26.268,0.593,35,78,31,24,0.009,2.651,-0.248,-0.000,-0.162,-5.468,-5.630,4.021,4.021,88,2,-2.655,-3.483,-6.138,4.027,4.027,93,2,138,530a6f1cbbbb,2026-09-24T01:15:55+00:00
401856738,ncaaf,2026,10,2026-11-07 05:00:00+00:00,2,8,0.000,13.567,16.179,54.897,15.994,34.232,20.665,0.806,34,76,31,24,0.009,2.651,1.769,-0.000,2.962,5.434,8.396,3.825,3.825,34,3,-0.202,-2.422,-2.624,4.031,4.031,72,2,138,530a6f1cbbbb,2026-09-24T01:15:55+00:00
401856739,ncaaf,2026,10,2026-11-07 05:00:00+00:00,57,201,0.000,2.111,16.189,50.787,15.994,26.449,24.338,0.562,30,72,24,21,0.009,2.651,-0.342,-0.000,11.339,3.809,15.148,4.046,4.046,16,2,3.116,12.808,15.924,3.821,3.821,11,3,138,530a6f1cbbbb,2026-09-24T01:15:55+00:00
401856740,ncaaf,2026,10,2026-11-07 05:00:00+00:00,99,333,0.000,-2.759,16.071,54.594,15.994,25.917,28.677,0.443,34,76,24,31,0.009,2.651,-0.202,-0.000,7.395,8.450,15.846,3.817,3.817,12,3,13.271,8.377,21.648,3.817,3.817,5,3,138,530a6f1cbbbb,2026-09-24T01:15:55+00:00
401856741,ncaaf,2026,10,2026-11-07 05:00:00+00:00,145,61,0.000,-9.757,16.174,59.186,15.994,24.714,34.472,0.287,38,80,24,31,0.009,2.651,0.924,-0.000,8.054,4.656,12.711,3.820,3.820,22,3,15.361,9.901,25.262,4.027,4.027,2,2,138,530a6f1cbbbb,2026-09-24T01:15:55+00:00
401856742,ncaaf,2026,10,2026-11-07 05:00:00+00:00,344,238,0.000,7.791,16.179,58.320,15.994,33.056,25.265,0.691,37,80,31,24,0.009,2.651,0.443,-0.000,9.582,3.632,13.214,3.825,3.825,20,3,5.448,2.934,8.382,4.032,4.032,35,2,138,530a6f1cbbbb,2026-09-24T01:15:55+00:00
401856743,ncaaf,2026,10,2026-11-07 05:00:00+00:00,142,251,0.000,-8.481,16.180,50.101,15.994,20.810,29.291,0.308,30,71,24,31,0.009,2.651,0.288,-0.000,4.556,6.779,11.335,4.032,4.032,24,2,10.189,13.075,23.265,3.817,3.817,4,3,138,530a6f1cbbbb,2026-09-24T01:15:55+00:00
401856744,ncaaf,2026,10,2026-11-07 05:00:00+00:00,2579,245,0.000,-2.948,16.188,53.846,15.994,25.449,28.397,0.438,33,76,24,31,0.009,2.651,-0.060,-0.000,6.558,5.613,12.171,4.050,4.050,23,2,9.790,8.393,18.183,3.824,3.824,8,3,138,530a6f1cbbbb,2026-09-24T01:15:55+00:00
401856745,ncaaf,2026,10,2026-11-07 05:00:00+00:00,2633,96,0.000,12.048,16.274,55.757,15.994,33.903,21.854,0.777,35,77,31,24,0.009,2.651,1.248,-0.000,9.393,5.583,14.977,4.032,4.032,17,2,2.088,3.537,5.625,4.021,4.021,43,2,138,530a6f1cbbbb,2026-09-24T01:15:55+00:00
401856849,ncaaf,2026,10,2026-11-07 05:00:00+00:00,254,252,0.000,4.726,16.279,48.489,15.994,26.607,21.882,0.626,28,69,24,21,0.010,2.651,-1.440,-0.000,6.271,9.689,15.959,4.031,4.031,10,2,6.457,7.373,13.829,4.032,4.032,19,2,138,530a6f1cbbbb,2026-09-24T01:15:55+00:00
401856850,ncaaf,2026,10,2026-11-07 05:00:00+00:00,2305,2116,0.000,0.605,16.276,49.577,15.994,25.091,24.486,0.525,29,71,24,21,0.009,2.651,-0.459,-0.000,-0.968,-0.690,-1.657,4.031,4.031,70,2,-1.499,2.205,0.706,4.026,4.026,61,2,138,530a6f1cbbbb,2026-09-24T01:15:55+00:00
401856851,ncaaf,2026,10,2026-11-07 05:00:00+00:00,248,2132,0.000,10.421,16.309,52.972,15.994,31.697,21.276,0.748,32,74,31,24,0.009,2.651,-0.145,-0.000,4.248,4.267,8.515,4.055,4.055,33,2,0.467,0.146,0.613,4.055,4.055,62,2,138,530a6f1cbbbb,2026-09-24T01:15:55+00:00
401856852,ncaaf,2026,10,2026-11-07 05:00:00+00:00,9,38,0.000,10.326,16.292,50.016,15.994,30.171,19.845,0.749,30,71,24,17,0.009,2.651,0.587,-0.000,0.514,1.855,2.368,4.026,4.026,55,2,-5.247,-0.507,-5.754,4.062,4.062,90,2,138,530a6f1cbbbb,2026-09-24T01:15:55+00:00
401856853,ncaaf,2026,10,2026-11-07 05:00:00+00:00,239,66,0.000,0.510,16.289,51.862,15.994,26.186,25.676,0.523,31,73,27,24,0.009,2.651,1.528,-0.000,2.363,2.038,4.401,4.051,4.051,47,2,1.457,5.417,6.874,4.032,4.032,38,2,138,530a6f1cbbbb,2026-09-24T01:15:55+00:00
401856854,ncaaf,2026,10,2026-11-07 05:00:00+00:00,2306,197,0.000,12.010,16.303,50.897,15.994,31.453,19.444,0.780,31,72,31,24,0.009,2.651,-0.109,-0.000,4.039,4.818,8.857,4.026,4.026,30,2,-1.945,0.952,-0.993,4.084,4.084,68,2,138,530a6f1cbbbb,2026-09-24T01:15:55+00:00
401856855,ncaaf,2026,10,2026-11-07 03:15:00+00:00,12,2628,0.000,5.684,16.291,48.219,15.994,26.951,21.267,0.649,28,69,24,21,0.010,2.651,-0.472,-0.000,3.916,4.747,8.662,4.032,4.032,32,2,-0.154,5.615,5.461,4.055,4.055,44,2,138,530a6f1cbbbb,2026-09-24T01:15:55+00:00
401856856,ncaaf,2026,10,2026-11-07 05:00:00+00:00,2641,277,0.000,18.374,16.298,56.755,15.994,37.564,19.190,0.875,37,77,38,10,0.008,2.651,2.563,-0.000,7.124,8.154,15.277,4.032,4.032,14,2,0.515,-1.132,-0.617,4.056,4.056,66,2,138,530a6f1cbbbb,2026-09-24T01:15:55+00:00
401858285,ncaaf,2026,10,2026-11-07 05:00:00+00:00,183,228,0.000,-7.126,16.175,49.781,15.994,21.328,28.453,0.338,30,71,24,31,0.009,2.651,0.566,1.009,-4.886,-0.777,-5.664,4.026,4.026,89,2,0.647,4.228,4.875,3.821,3.821,45,3,138,530a6f1cbbbb,2026-09-24T01:15:55+00:00
401858286,ncaaf,2026,10,2026-11-07 05:00:00+00:00,152,150,0.000,-0.584,16.187,49.388,15.994,24.402,24.986,0.495,29,71,24,21,0.009,2.651,-1.131,-0.000,1.738,1.051,2.789,4.055,4.055,52,2,1.314,5.110,6.424,3.817,3.817,40,3,138,530a6f1cbbbb,2026-09-24T01:15:55+00:00
401858287,ncaaf,2026,10,2026-11-07 05:00:00+00:00,59,97,0.000,-6.283,16.315,53.992,15.994,23.854,30.138,0.361,33,76,24,31,0.009,2.651,-0.436,-0.000,-0.809,1.152,0.343,4.084,4.084,63,2,7.339,2.392,9.731,4.051,4.051,28,2,138,530a6f1cbbbb,2026-09-24T01:15:55+00:00
401858288,ncaaf,2026,10,2026-11-07 00:00:00+00:00,2567,259,0.000,6.647,16.289,55.946,15.994,31.296,24.649,0.666,35,77,31,24,0.009,2.651,1.546,-0.000,5.482,4.671,10.153,4.051,4.051,26,2,4.161,2.225,6.385,4.031,4.031,41,2,138,530a6f1cbbbb,2026-09-24T01:15:55+00:00
401858289,ncaaf,2026,10,2026-11-07 05:00:00+00:00,103,52,0.000,-10.540,16.212,54.162,15.994,21.811,32.351,0.269,34,76,24,31,0.009,2.651,1.362,-0.000,-4.326,-2.150,-6.476,4.079,4.079,95,2,4.503,2.680,7.183,3.843,3.843,36,3,138,530a6f1cbbbb,2026-09-24T01:15:55+00:00
401858291,ncaaf,2026,10,2026-11-08 00:30:00+00:00,87,2390,0.000,6.367,16.184,47.594,15.994,26.981,20.613,0.666,27,69,24,21,0.010,2.651,-2.716,-0.000,11.169,12.765,23.934,3.821,3.821,3,3,8.847,11.085,19.931,4.045,4.045,7,2,138,530a6f1cbbbb,2026-09-24T01:15:55+00:00
401858292,ncaaf,2026,10,2026-11-07 17:00:00+00:00,41,153,0.000,-9.640,16.288,50.444,15.994,20.402,30.042,0.285,30,72,24,31,0.009,2.651,-0.726,-0.000,-5.099,-7.935,-13.034,4.031,4.031,119,2,-2.867,2.947,0.080,4.050,4.050,64,2,138,530a6f1cbbbb,2026-09-24T01:15:55+00:00
401858510,ncaaf,2026,10,2026-11-07 01:00:00+00:00,356,158,0.000,-1.144,16.325,53.303,15.994,26.079,27.224,0.482,32,75,27,24,0.009,2.651,-1.900,-0.000,3.555,2.316,5.871,4.075,4.075,42,2,6.751,3.299,10.050,4.080,4.080,27,2,138,530a6f1cbbbb,2026-09-24T01:15:55+00:00
401858511,ncaaf,2026,10,2026-11-07 05:00:00+00:00,130,127,0.000,12.839,16.075,45.738,15.994,29.288,16.449,0.805,26,66,24,17,0.010,2.651,-1.729,-0.000,4.798,9.788,14.586,3.821,3.821,18,3,-1.295,4.238,2.943,3.814,3.814,51,3,138,530a6f1cbbbb,2026-09-24T01:15:55+00:00
401858512,ncaaf,2026,10,2026-11-07 05:00:00+00:00,135,26,0.000,0.473,16.176,49.887,15.994,25.180,24.707,0.522,29,71,24,21,0.009,2.651,-2.480,-0.000,-0.007,4.032,4.025,4.027,4.027,49,2,5.332,1.198,6.530,3.824,3.824,39,3,138,530a6f1cbbbb,2026-09-24T01:15:55+00:00
401858513,ncaaf,2026,10,2026-11-07 05:00:00+00:00,77,2294,0.000,-0.792,16.447,44.017,15.994,21.613,22.405,0.490,24,65,24,21,0.010,2.651,-2.968,-0.000,3.660,5.607,9.267,4.309,4.309,29,1,2.903,10.309,13.212,4.084,4.084,21,2,138,530a6f1cbbbb,2026-09-24T01:15:55+00:00
401858514,ncaaf,2026,10,2026-11-07 05:00:00+00:00,194,2483,0.000,12.600,16.204,53.322,15.994,32.961,20.361,0.790,33,75,31,24,0.009,2.651,-1.327,-0.000,13.138,14.029,27.167,3.821,3.821,1,3,10.241,6.751,16.992,4.084,4.084,9,2,138,530a6f1cbbbb,2026-09-24T01:15:55+00:00
401858515,ncaaf,2026,10,2026-11-07 05:00:00+00:00,2509,120,0.000,-2.071,16.274,57.820,15.994,27.875,29.945,0.460,37,79,24,31,0.009,2.651,1.081,-0.000,2.367,-5.278,-2.911,4.021,4.021,75,2,0.635,1.510,2.145,4.031,4.031,58,2,138,530a6f1cbbbb,2026-09-24T01:15:55+00:00
401858516,ncaaf,2026,10,2026-11-07 05:00:00+00:00,264,213,0.000,-0.908,16.203,45.179,15.994,22.136,23.044,0.487,25,66,24,21,0.010,2.651,-1.146,-0.000,2.120,9.049,11.169,4.084,4.084,25,2,5.889,9.330,15.220,3.821,3.821,15,3,138,530a6f1cbbbb,2026-09-24T01:15:55+00:00
401858517,ncaaf,2026,10,2026-11-07 05:00:00+00:00,275,164,0.000,12.048,16.182,53.425,15.994,32.737,20.688,0.780,33,75,31,24,0.009,2.651,-1.454,-0.000,2.295,2.477,4.772,4.042,4.042,46,2,-0.757,-4.047,-4.804,3.821,3.821,84,3,138,530a6f1cbbbb,2026-09-24T01:15:55+00:00
401860911,ncaaf,2026,10,2026-11-07 23:00:00+00:00,36,68,0.000,-10.630,16.315,53.657,15.994,21.514,32.144,0.268,33,75,24,31,0.009,2.651,-0.150,-0.000,-2.916,-3.736,-6.652,4.055,4.055,98,2,3.859,3.292,7.151,4.079,4.079,37,2,138,530a6f1cbbbb,2026-09-24T01:15:55+00:00
401860912,ncaaf,2026,10,2026-11-08 03:30:00+00:00,204,326,0.000,2.788,16.212,57.755,15.994,30.272,27.484,0.577,37,79,31,24,0.009,2.651,0.338,-0.000,-1.613,-1.538,-3.151,4.084,4.084,78,2,2.545,-5.498,-2.952,3.816,3.816,77,3,138,530a6f1cbbbb,2026-09-24T01:15:55+00:00
401860913,ncaaf,2026,10,2026-11-08 02:30:00+00:00,328,278,0.000,-0.858,16.176,45.267,15.994,22.204,23.063,0.488,25,66,24,21,0.010,2.651,-0.725,-0.000,-3.192,0.755,-2.437,4.032,4.032,71,2,-2.718,4.274,1.556,3.811,3.811,59,3,138,530a6f1cbbbb,2026-09-24T01:15:55+00:00
401862817,ncaaf,2026,10,2026-11-06 01:00:00+00:00,2226,2636,0.000,-8.802,16.179,56.950,15.994,24.074,32.876,0.306,36,79,24,31,0.009,2.651,1.823,-0.000,-2.281,-7.179,-9.461,3.825,3.825,110,3,0.542,1.729,2.272,4.021,4.021,56,2,138,530a6f1cbbbb,2026-09-24T01:15:55+00:00
401862818,ncaaf,2026,10,2026-11-07 00:30:00+00:00,151,58,0.000,3.735,16.205,52.528,15.994,28.131,24.397,0.601,31,74,27,24,0.009,2.651,2.683,-0.000,-2.896,0.074,-2.823,3.821,3.821,74,3,-2.685,-1.027,-3.711,4.086,4.086,81,2,138,530a6f1cbbbb,2026-09-24T01:15:55+00:00
401862819,ncaaf,2026,10,2026-11-07 05:00:00+00:00,5,2429,0.000,9.808,16.176,50.762,15.994,30.285,20.477,0.739,30,72,31,24,0.009,2.651,-1.235,-0.000,-4.258,-4.228,-8.486,3.824,3.824,106,3,-8.694,-7.257,-15.951,4.026,4.026,130,2,138,530a6f1cbbbb,2026-09-24T01:15:55+00:00
401862820,ncaaf,2026,10,2026-11-07 20:30:00+00:00,2426,218,0.000,-0.180,16.431,52.197,15.994,26.008,26.189,0.506,31,73,27,24,0.009,2.651,-3.466,-0.000,-3.833,-4.721,-8.555,4.333,4.333,107,1,-0.329,-5.034,-5.363,4.027,4.027,87,2,138,530a6f1cbbbb,2026-09-24T01:15:55+00:00
401862821,ncaaf,2026,10,2026-11-07 05:00:00+00:00,249,242,0.000,12.206,16.173,56.371,15.994,34.288,22.083,0.781,35,77,31,24,0.009,2.651,-1.493,-0.000,1.661,-6.560,-4.900,3.816,3.816,85,3,-7.202,-7.158,-14.360,4.027,4.027,125,2,138,530a6f1cbbbb,2026-09-24T01:15:55+00:00
401862822,ncaaf,2026,10,2026-11-07 05:00:00+00:00,2655,202,0.000,6.115,16.204,48.394,15.994,27.255,21.140,0.660,28,69,24,21,0.010,2.651,0.793,-0.000,-3.733,1.009,-2.724,3.821,3.821,73,3,-5.086,-1.297,-6.383,4.084,4.084,94,2,138,530a6f1cbbbb,2026-09-24T01:15:55+00:00
401862823,ncaaf,2026,10,2026-11-08 00:30:00+00:00,349,2005,0.000,5.141,16.589,49.571,15.994,27.356,22.215,0.633,29,71,24,21,0.009,2.651,-4.926,-0.000,-3.175,-2.719,-5.894,4.339,4.339,91,1,-2.246,-6.175,-8.421,4.333,4.333,105,1,138,530a6f1cbbbb,2026-09-24T01:15:55+00:00
401864532,ncaaf,2026,10,2026-11-07 05:00:00+00:00,2638,62,0.000,-7.074,16.212,54.806,15.994,23.866,30.940,0.343,34,76,24,31,0.009,2.651,0.566,-0.000,-7.127,-11.093,-18.220,4.045,4.045,134,2,-4.760,-3.325,-8.085,3.868,3.868,104,3,138,530a6f1cbbbb,2026-09-24T01:15:55+00:00
401864533,ncaaf,2026,10,2026-11-07 02:00:00+00:00,2440,167,0.000,-6.035,16.298,45.597,15.994,19.781,25.816,0.360,26,66,17,24,0.010,2.651,-2.504,-0.000,-5.077,-2.506,-7.583,4.051,4.051,102,2,-1.531,3.708,2.177,4.050,4.050,57,2,138,530a6f1cbbbb,2026-09-24T01:15:55+00:00
401864534,ncaaf,2026,10,2026-11-07 05:00:00+00:00,23,2459,0.000,4.926,16.197,51.401,15.994,28.164,23.237,0.630,31,73,31,24,0.009,2.651,1.164,-0.000,-5.955,-5.135,-11.090,3.831,3.831,117,3,-8.195,-5.084,-13.280,4.055,4.055,120,2,138,530a6f1cbbbb,2026-09-24T01:15:55+00:00
401864535,ncaaf,2026,10,2026-11-08 03:30:00+00:00,2439,2751,0.000,9.943,16.210,46.774,15.994,28.358,18.415,0.746,27,68,24,17,0.010,2.651,-0.861,1.009,-5.501,-0.474,-5.976,3.864,3.864,92,3,-10.041,-4.059,-14.100,4.056,4.056,123,2,138,530a6f1cbbbb,2026-09-24T01:15:55+00:00
401866453,ncaaf,2026,10,2026-11-04 00:00:00+00:00,2006,195,0.000,-4.576,16.187,53.513,15.994,24.469,29.045,0.399,33,75,24,31,0.009,2.651,-0.788,-0.000,-7.217,-7.058,-14.275,4.051,4.051,124,2,-1.731,-4.864,-6.596,3.820,3.820,97,3,138,530a6f1cbbbb,2026-09-24T01:15:55+00:00
401866454,ncaaf,2026,10,2026-11-04 00:00:00+00:00,193,2084,0.000,8.380,16.284,54.839,15.994,31.609,23.230,0.705,34,76,31,24,0.009,2.651,-0.511,-0.000,-3.170,-6.136,-9.306,4.051,4.051,109,2,-6.763,-8.157,-14.919,4.021,4.021,128,2,138,530a6f1cbbbb,2026-09-24T01:15:55+00:00
401866455,ncaaf,2026,10,2026-11-04 05:00:00+00:00,113,2050,0.000,1.535,16.459,49.722,15.994,25.629,24.093,0.548,29,71,24,21,0.009,2.651,-2.777,-0.000,-12.032,-10.732,-22.764,4.363,4.363,138,1,-9.928,-11.467,-21.395,4.051,4.051,137,2,138,530a6f1cbbbb,2026-09-24T01:15:55+00:00
401866456,ncaaf,2026,10,2026-11-04 05:00:00+00:00,2199,2117,1.000,-4.293,16.108,45.674,15.994,20.690,24.983,0.401,26,66,17,24,0.010,0.000,-2.292,-0.000,-7.620,-7.241,-14.862,3.644,3.644,127,4,-7.200,-2.505,-9.705,4.056,4.056,111,2,138,530a6f1cbbbb,2026-09-24T01:15:55+00:00
401866457,ncaaf,2026,10,2026-11-04 05:00:00+00:00,16,2649,0.000,-6.821,16.178,55.581,15.994,24.380,31.201,0.348,34,77,24,31,0.009,2.651,0.979,-0.000,-7.529,-5.892,-13.421,3.810,3.810,121,3,0.586,-4.164,-3.578,4.050,4.050,79,2,138,530a6f1cbbbb,2026-09-24T01:15:55+00:00
401869927,ncaaf,2026,10,2026-11-07 05:00:00+00:00,2026,2247,0.000,6.737,16.276,56.467,15.994,31.602,24.865,0.668,35,78,31,24,0.009,2.651,0.988,-0.000,-3.638,-3.571,-7.209,4.026,4.026,100,2,-3.207,-7.840,-11.047,4.031,4.031,116,2,138,530a6f1cbbbb,2026-09-24T01:15:55+00:00
401869936,ncaaf,2026,10,2026-11-07 20:00:00+00:00,2032,2433,0.000,10.201,16.311,53.264,15.994,31.733,21.531,0.743,33,75,31,24,0.009,2.651,-0.483,-0.000,-5.054,-5.432,-10.486,4.051,4.051,115,2,-8.541,-9.587,-18.129,4.075,4.075,133,2,138,530a6f1cbbbb,2026-09-24T01:15:55+00:00
401869945,ncaaf,2026,10,2026-11-07 05:00:00+00:00,324,295,0.000,-2.612,16.288,51.852,15.994,24.620,27.232,0.446,31,73,24,31,0.009,2.651,1.729,-0.000,-6.015,-3.986,-10.001,4.055,4.055,113,2,-3.160,-1.119,-4.279,4.026,4.026,83,2,138,530a6f1cbbbb,2026-09-24T01:15:55+00:00
401869951,ncaaf,2026,10,2026-11-07 05:00:00+00:00,290,276,0.000,1.097,16.172,54.088,15.994,27.592,26.495,0.537,33,76,27,24,0.009,2.651,0.620,-0.000,-4.898,-4.312,-9.211,4.021,4.021,108,2,-2.567,-4.769,-7.336,3.821,3.821,101,3,138,530a6f1cbbbb,2026-09-24T01:15:55+00:00
401869964,ncaaf,2026,10,2026-11-06 01:00:00+00:00,2572,256,0.000,-15.693,16.288,53.981,15.994,19.144,34.837,0.176,34,75,24,31,0.008,2.651,1.324,-0.000,-5.989,-9.841,-15.830,4.027,4.027,129,2,-1.189,4.283,3.093,4.055,4.055,50,2,138,530a6f1cbbbb,2026-09-24T01:15:55+00:00
401869968,ncaaf,2026,10,2026-11-07 05:00:00+00:00,309,6,0.000,4.678,16.267,55.153,15.994,29.915,25.237,0.622,34,77,31,24,0.009,2.651,-1.694,-0.000,-0.957,-2.893,-3.850,4.018,4.018,82,2,-0.162,-5.468,-5.630,4.021,4.021,88,2,138,530a6f1cbbbb,2026-09-24T01:15:55+00:00
401870795,ncaaf,2026,10,2026-11-07 22:00:00+00:00,166,2335,0.000,-7.981,16.313,51.923,15.994,21.971,29.952,0.322,31,73,24,31,0.009,2.651,-0.621,-0.000,-7.998,-6.849,-14.847,4.075,4.075,126,2,-1.397,-2.195,-3.593,4.055,4.055,80,2,138,530a6f1cbbbb,2026-09-24T01:15:55+00:00
401871073,ncaaf,2026,10,2026-11-07 20:00:00+00:00,338,48,0.000,-3.933,16.279,52.008,15.994,24.038,27.971,0.414,31,73,24,31,0.009,2.651,0.885,-0.000,-8.233,-5.360,-13.593,4.031,4.031,122,2,-3.025,-3.486,-6.511,4.032,4.032,96,2,138,530a6f1cbbbb,2026-09-24T01:15:55+00:00
401871074,ncaaf,2026,10,2026-11-07 21:00:00+00:00,2229,2623,0.000,8.546,16.183,49.262,15.994,28.904,20.358,0.714,29,70,24,17,0.009,2.651,0.087,-0.000,-8.116,-1.607,-9.722,3.820,3.820,112,3,-7.811,-8.161,-15.971,4.046,4.046,131,2,138,530a6f1cbbbb,2026-09-24T01:15:55+00:00
401871075,ncaaf,2026,10,2026-11-08 00:00:00+00:00,55,2534,0.000,10.626,16.202,52.346,15.994,31.486,20.860,0.754,31,73,31,24,0.009,2.651,-0.329,-0.000,-3.943,-3.922,-7.865,3.817,3.817,103,3,-8.242,-7.801,-16.043,4.084,4.084,132,2,138,530a6f1cbbbb,2026-09-24T01:15:55+00:00
401871076,ncaaf,2026,10,2026-11-07 20:30:00+00:00,2393,98,0.000,1.860,16.140,56.629,15.994,29.244,27.384,0.555,35,79,31,24,0.009,2.651,0.926,-0.000,-5.570,-5.838,-11.408,4.027,4.027,118,2,-2.692,-7.597,-10.288,3.825,3.825,114,3,138,530a6f1cbbbb,2026-09-24T01:15:55+00:00
401871098,ncaaf,2026,10,2026-11-07 05:00:00+00:00,2653,2348,0.000,3.843,16.289,50.769,15.994,27.306,23.463,0.604,30,72,24,21,0.009,2.651,-0.452,-0.000,-4.007,-1.065,-5.072,4.055,4.055,86,2,-2.655,-3.483,-6.138,4.027,4.027,93,2,138,530a6f1cbbbb,2026-09-24T01:15:55+00:00
401856857,ncaaf,2026,11,2026-11-14 05:00:00+00:00,2116,9,0.000,1.256,16.274,49.130,15.994,25.193,23.937,0.541,28,70,24,21,0.010,2.651,-0.288,-0.000,-1.499,2.205,0.706,4.026,4.026,61,2,0.514,1.855,2.368,4.026,4.026,55,2,138,530a6f1cbbbb,2026-09-24T01:15:55+00:00
401856858,ncaaf,2026,11,2026-11-14 05:00:00+00:00,252,239,0.000,11.947,16.289,53.854,15.994,32.901,20.954,0.776,33,75,31,24,0.009,2.651,1.088,-0.000,6.457,7.373,13.829,4.032,4.032,19,2,2.363,2.038,4.401,4.051,4.051,47,2,138,530a6f1cbbbb,2026-09-24T01:15:55+00:00
401856859,ncaaf,2026,11,2026-11-14 05:00:00+00:00,66,2132,0.000,8.639,16.291,50.212,15.994,29.426,20.786,0.714,30,71,31,24,0.009,2.651,-0.436,-0.000,1.457,5.417,6.874,4.032,4.032,38,2,0.467,0.146,0.613,4.055,4.055,62,2,138,530a6f1cbbbb,2026-09-24T01:15:55+00:00
401856860,ncaaf,2026,11,2026-11-14 03:15:00+00:00,38,248,0.000,-10.720,16.312,50.270,15.994,19.775,30.495,0.262,30,71,24,31,0.008,2.651,-0.009,-0.000,-5.247,-0.507,-5.754,4.062,4.062,90,2,4.248,4.267,8.515,4.055,4.055,33,2,138,530a6f1cbbbb,2026-09-24T01:15:55+00:00
401856861,ncaaf,2026,11,2026-11-14 05:00:00+00:00,277,2305,0.000,3.941,16.291,54.555,15.994,29.248,25.307,0.605,34,76,31,24,0.009,2.651,1.134,-0.000,0.515,-1.132,-0.617,4.056,4.056,66,2,-0.968,-0.690,-1.657,4.031,4.031,70,2,138,530a6f1cbbbb,2026-09-24T01:15:55+00:00
401856862,ncaaf,2026,11,2026-11-14 05:00:00+00:00,2628,2306,0.000,-0.349,16.289,47.918,15.994,23.785,24.134,0.501,27,69,24,21,0.010,2.651,-0.610,-0.000,-0.154,5.615,5.461,4.055,4.055,44,2,4.039,4.818,8.857,4.026,4.026,30,2,138,530a6f1cbbbb,2026-09-24T01:15:55+00:00
401856863,ncaaf,2026,11,2026-11-14 05:00:00+00:00,197,2641,0.000,-12.952,16.312,52.757,15.994,19.903,32.854,0.222,32,73,24,31,0.008,2.651,1.756,-0.000,-1.945,0.952,-0.993,4.084,4.084,68,2,7.124,8.154,15.277,4.032,4.032,14,2,138,530a6f1cbbbb,2026-09-24T01:15:55+00:00
401856864,ncaaf,2026,11,2026-11-14 05:00:00+00:00,12,254,0.000,-4.024,16.279,49.400,15.994,22.688,26.712,0.411,29,71,21,24,0.009,2.651,-0.583,-0.000,3.916,4.747,8.662,4.032,4.032,32,2,6.271,9.689,15.959,4.031,4.031,10,2,138,530a6f1cbbbb,2026-09-24T01:15:55+00:00
401856882,ncaaf,2026,11,2026-11-14 05:00:00+00:00,8,2579,0.000,-11.799,16.288,55.628,15.994,21.915,33.713,0.246,35,77,24,31,0.009,2.651,0.655,-0.000,-0.202,-2.422,-2.624,4.031,4.031,72,2,6.558,5.613,12.171,4.050,4.050,23,2,138,530a6f1cbbbb,2026-09-24T01:15:55+00:00
401856883,ncaaf,2026,11,2026-11-14 05:00:00+00:00,61,142,0.000,16.184,16.277,54.037,15.994,35.110,18.927,0.847,34,75,31,24,0.008,2.651,-1.435,-0.000,15.361,9.901,25.262,4.027,4.027,2,2,4.556,6.779,11.335,4.032,4.032,24,2,138,530a6f1cbbbb,2026-09-24T01:15:55+00:00
401856884,ncaaf,2026,11,2026-11-14 05:00:00+00:00,96,57,0.000,-6.465,16.281,54.875,15.994,24.205,30.670,0.357,34,76,24,31,0.009,2.651,-1.380,-0.000,2.088,3.537,5.625,4.021,4.021,43,2,11.339,3.809,15.148,4.046,4.046,16,2,138,530a6f1cbbbb,2026-09-24T01:15:55+00:00
401856885,ncaaf,2026,11,2026-11-14 05:00:00+00:00,99,251,0.000,-4.224,16.075,51.112,15.994,23.444,27.668,0.406,30,73,24,31,0.009,2.651,0.921,-0.000,7.395,8.450,15.846,3.817,3.817,12,3,10.189,13.075,23.265,3.817,3.817,4,3,138,530a6f1cbbbb,2026-09-24T01:15:55+00:00
401856886,ncaaf,2026,11,2026-11-14 05:00:00+00:00,344,2,0.000,7.776,16.078,58.373,15.994,33.074,25.298,0.692,37,80,31,24,0.009,2.651,3.358,-0.000,9.582,3.632,13.214,3.825,3.825,20,3,2.962,5.434,8.396,3.825,3.825,34,3,138,530a6f1cbbbb,2026-09-24T01:15:55+00:00
401856887,ncaaf,2026,11,2026-11-14 05:00:00+00:00,201,145,0.000,5.887,16.078,51.311,15.994,28.599,22.712,0.653,31,73,31,24,0.009,2.651,2.400,-0.000,3.116,12.808,15.924,3.821,3.821,11,3,8.054,4.656,12.711,3.820,3.820,22,3,138,530a6f1cbbbb,2026-09-24T01:15:55+00:00
401856888,ncaaf,2026,11,2026-11-14 05:00:00+00:00,245,2633,0.000,6.152,16.179,57.454,15.994,31.803,25.651,0.655,36,79,31,24,0.009,2.651,1.568,-0.000,9.790,8.393,18.183,3.824,3.824,8,3,9.393,5.583,14.977,4.032,4.032,17,2,138,530a6f1cbbbb,2026-09-24T01:15:55+00:00
401856889,ncaaf,2026,11,2026-11-14 05:00:00+00:00,238,333,0.000,-10.238,16.176,55.239,15.994,22.500,32.738,0.275,34,76,24,31,0.009,2.651,-2.017,-0.000,5.448,2.934,8.382,4.032,4.032,35,2,13.271,8.377,21.648,3.817,3.817,5,3,138,530a6f1cbbbb,2026-09-24T01:15:55+00:00
401858293,ncaaf,2026,11,2026-11-14 00:00:00+00:00,221,52,0.000,4.284,16.087,52.103,15.994,28.194,23.910,0.615,31,73,31,24,0.009,2.651,0.937,-0.000,2.275,6.388,8.663,3.824,3.824,31,3,4.503,2.680,7.183,3.843,3.843,36,3,138,530a6f1cbbbb,2026-09-24T01:15:55+00:00
401858294,ncaaf,2026,11,2026-11-14 20:30:00+00:00,87,103,0.000,30.176,16.201,54.354,15.994,42.265,12.089,0.976,36,73,38,10,0.011,2.651,-0.575,-0.000,11.169,12.765,23.934,3.821,3.821,3,3,-4.326,-2.150,-6.476,4.079,4.079,95,2,138,530a6f1cbbbb,2026-09-24T01:15:55+00:00
401858295,ncaaf,2026,11,2026-11-14 05:00:00+00:00,258,25,0.000,9.501,16.315,52.427,15.994,30.964,21.463,0.729,31,73,31,24,0.009,2.651,0.396,-0.000,1.289,2.764,4.053,4.056,4.056,48,2,-1.439,-1.485,-2.924,4.080,4.080,76,2,138,530a6f1cbbbb,2026-09-24T01:15:55+00:00
401858296,ncaaf,2026,11,2026-11-14 05:00:00+00:00,2390,150,0.000,14.940,16.150,48.527,15.994,31.733,16.794,0.836,28,69,24,17,0.009,2.651,-1.706,-0.000,8.847,11.085,19.931,4.045,4.045,7,2,1.314,5.110,6.424,3.817,3.817,40,3,138,530a6f1cbbbb,2026-09-24T01:15:55+00:00
401858297,ncaaf,2026,11,2026-11-14 05:00:00+00:00,228,59,0.000,7.009,16.204,49.714,15.994,28.361,21.353,0.679,29,71,24,21,0.009,2.651,0.318,-0.000,0.647,4.228,4.875,3.821,3.821,45,3,-0.809,1.152,0.343,4.084,4.084,63,2,138,530a6f1cbbbb,2026-09-24T01:15:55+00:00
401858298,ncaaf,2026,11,2026-11-14 05:00:00+00:00,153,97,0.000,-6.353,16.297,50.893,15.994,22.270,28.623,0.357,30,72,24,31,0.009,2.651,-1.206,-0.000,-2.867,2.947,0.080,4.050,4.050,64,2,7.339,2.392,9.731,4.051,4.051,28,2,138,530a6f1cbbbb,2026-09-24T01:15:55+00:00
401858299,ncaaf,2026,11,2026-11-14 05:00:00+00:00,259,24,0.000,15.781,16.186,53.888,15.994,34.835,19.054,0.843,34,75,31,24,0.008,2.651,0.421,-0.000,4.161,2.225,6.385,4.031,4.031,41,2,-4.602,-2.516,-7.118,3.839,3.839,99,3,138,530a6f1cbbbb,2026-09-24T01:15:55+00:00
401858300,ncaaf,2026,11,2026-11-14 05:00:00+00:00,152,183,0.000,10.682,16.288,50.489,15.994,30.586,19.904,0.755,30,72,31,24,0.009,2.651,-0.500,-0.000,1.738,1.051,2.789,4.055,4.055,52,2,-4.886,-0.777,-5.664,4.026,4.026,89,2,138,530a6f1cbbbb,2026-09-24T01:15:55+00:00
401858301,ncaaf,2026,11,2026-11-14 05:00:00+00:00,2567,154,0.000,10.270,16.189,54.912,15.994,32.591,22.321,0.745,34,76,31,24,0.009,2.651,1.690,-0.000,5.482,4.671,10.153,4.051,4.051,26,2,1.102,1.481,2.582,3.825,3.825,53,3,138,530a6f1cbbbb,2026-09-24T01:15:55+00:00
401858518,ncaaf,2026,11,2026-11-14 05:00:00+00:00,84,30,0.000,8.582,16.104,50.349,15.994,29.465,20.884,0.714,30,72,31,24,0.009,2.651,-2.747,-0.000,8.097,13.515,21.612,4.045,4.045,6,2,10.771,4.665,15.436,3.641,3.641,13,4,138,530a6f1cbbbb,2026-09-24T01:15:55+00:00
401858519,ncaaf,2026,11,2026-11-14 05:00:00+00:00,2294,2509,0.000,17.917,16.300,52.369,15.994,35.143,17.226,0.873,33,73,38,10,0.009,2.651,-1.764,-0.000,2.903,10.309,13.212,4.084,4.084,21,2,2.367,-5.278,-2.911,4.021,4.021,75,2,138,530a6f1cbbbb,2026-09-24T01:15:55+00:00
401858520,ncaaf,2026,11,2026-11-14 05:00:00+00:00,120,275,0.000,0.361,16.284,51.821,15.994,26.091,25.730,0.519,31,73,27,24,0.009,2.651,0.012,-0.000,0.635,1.510,2.145,4.031,4.031,58,2,2.295,2.477,4.772,4.042,4.042,46,2,138,530a6f1cbbbb,2026-09-24T01:15:55+00:00
401858521,ncaaf,2026,11,2026-11-14 05:00:00+00:00,127,264,0.000,-4.548,16.200,44.050,15.994,19.751,24.299,0.394,24,65,17,24,0.010,2.651,-1.289,-0.000,-1.295,4.238,2.943,3.814,3.814,51,3,2.120,9.049,11.169,4.084,4.084,25,2,138,530a6f1cbbbb,2026-09-24T01:15:55+00:00
401858522,ncaaf,2026,11,2026-11-14 05:00:00+00:00,194,77,0.000,18.999,16.320,50.054,15.994,34.526,15.528,0.890,30,70,38,10,0.010,2.651,-2.798,-0.000,13.138,14.029,27.167,3.821,3.821,1,3,3.660,5.607,9.267,4.309,4.309,29,1,138,530a6f1cbbbb,2026-09-24T01:15:55+00:00
401858523,ncaaf,2026,11,2026-11-14 05:00:00+00:00,2483,130,0.000,5.107,16.208,50.917,15.994,28.012,22.905,0.634,30,72,24,21,0.009,2.651,-0.705,-0.000,10.241,6.751,16.992,4.084,4.084,9,2,4.798,9.788,14.586,3.821,3.821,18,3,138,530a6f1cbbbb,2026-09-24T01:15:55+00:00
401858524,ncaaf,2026,11,2026-11-14 05:00:00+00:00,213,135,0.000,12.615,16.175,46.743,15.994,29.679,17.064,0.798,27,67,24,17,0.009,2.651,-2.350,-0.000,5.889,9.330,15.220,3.821,3.821,15,3,-0.007,4.032,4.025,4.027,4.027,49,2,138,530a6f1cbbbb,2026-09-24T01:15:55+00:00
401858525,ncaaf,2026,11,2026-11-14 05:00:00+00:00,164,158,0.000,-11.896,16.202,56.008,15.994,22.056,33.952,0.243,35,77,24,31,0.009,2.651,-1.026,-0.000,-0.757,-4.047,-4.804,3.821,3.821,84,3,6.751,3.299,10.050,4.080,4.080,27,2,138,530a6f1cbbbb,2026-09-24T01:15:55+00:00
401858526,ncaaf,2026,11,2026-11-14 02:00:00+00:00,26,356,0.000,3.546,16.200,53.634,15.994,28.590,25.044,0.596,33,75,31,24,0.009,2.651,-2.001,-0.000,5.332,1.198,6.530,3.824,3.824,39,3,3.555,2.316,5.871,4.075,4.075,42,2,138,530a6f1cbbbb,2026-09-24T01:15:55+00:00
401860914,ncaaf,2026,11,2026-11-14 23:00:00+00:00,68,204,0.000,12.638,16.335,52.676,15.994,32.657,20.019,0.790,32,73,31,24,0.009,2.651,-0.785,-0.000,3.859,3.292,7.151,4.079,4.079,37,2,-1.613,-1.538,-3.151,4.084,4.084,78,2,138,530a6f1cbbbb,2026-09-24T01:15:55+00:00
401860915,ncaaf,2026,11,2026-11-15 02:30:00+00:00,21,328,0.000,4.554,16.277,47.869,15.994,26.212,21.658,0.623,27,69,24,21,0.010,2.651,0.973,-0.000,-3.054,2.595,-0.459,4.027,4.027,65,2,-3.192,0.755,-2.437,4.032,4.032,71,2,138,530a6f1cbbbb,2026-09-24T01:15:55+00:00
401860916,ncaaf,2026,11,2026-11-14 21:00:00+00:00,326,278,0.000,-1.439,16.075,51.538,15.994,25.050,26.489,0.474,31,73,27,24,0.009,2.651,-1.449,-0.000,2.545,-5.498,-2.952,3.816,3.816,77,3,-2.718,4.274,1.556,3.811,3.811,59,3,138,530a6f1cbbbb,2026-09-24T01:15:55+00:00
401860917,ncaaf,2026,11,2026-11-15 03:30:00+00:00,265,36,0.000,8.129,16.317,49.772,15.994,28.950,20.822,0.703,30,71,24,21,0.009,2.651,-1.008,-0.000,-2.525,1.623,-0.902,4.084,4.084,67,2,-2.916,-3.736,-6.652,4.055,4.055,98,2,138,530a6f1cbbbb,2026-09-24T01:15:55+00:00
401861967,ncaaf,2026,11,2026-11-14 17:00:00+00:00,41,256,0.000,-12.668,16.291,51.594,15.994,19.463,32.131,0.226,31,72,24,31,0.008,2.651,-0.125,-0.000,-5.099,-7.935,-13.034,4.031,4.031,119,2,-1.189,4.283,3.093,4.055,4.055,50,2,138,530a6f1cbbbb,2026-09-24T01:15:55+00:00
401862824,ncaaf,2026,11,2026-11-13 01:00:00+00:00,58,235,0.000,0.323,16.229,54.080,15.994,27.201,26.878,0.518,33,76,27,24,0.009,2.651,1.205,-0.000,-2.685,-1.027,-3.711,4.086,4.086,81,2,0.595,-1.638,-1.042,3.872,3.872,69,3,138,530a6f1cbbbb,2026-09-24T01:15:55+00:00
401862825,ncaaf,2026,11,2026-11-14 05:00:00+00:00,2429,151,0.000,-9.739,16.134,51.146,15.994,20.703,30.442,0.281,31,72,24,31,0.009,2.651,0.806,-0.000,-8.694,-7.257,-15.951,4.026,4.026,130,2,-2.896,0.074,-2.823,3.821,3.821,74,3,138,530a6f1cbbbb,2026-09-24T01:15:55+00:00
401862826,ncaaf,2026,11,2026-11-14 05:00:00+00:00,202,2226,0.000,5.993,16.206,56.499,15.994,31.246,25.253,0.652,35,78,31,24,0.009,2.651,3.036,-0.000,-5.086,-1.297,-6.383,4.084,4.084,94,2,-2.281,-7.179,-9.461,3.825,3.825,110,3,138,530a6f1cbbbb,2026-09-24T01:15:55+00:00
401862827,ncaaf,2026,11,2026-11-14 05:00:00+00:00,2636,249,0.000,10.119,16.134,58.726,15.994,34.423,24.303,0.740,37,80,31,24,0.009,2.651,0.532,1.009,0.542,1.729,2.272,4.021,4.021,56,2,1.661,-6.560,-4.900,3.816,3.816,85,3,138,530a6f1cbbbb,2026-09-24T01:15:55+00:00
401862828,ncaaf,2026,11,2026-11-14 05:00:00+00:00,242,2655,0.000,-7.946,16.175,47.515,15.994,19.785,27.731,0.317,27,69,17,24,0.009,2.651,-2.445,-0.000,-7.202,-7.158,-14.360,4.027,4.027,125,2,-3.733,1.009,-2.724,3.821,3.821,73,3,138,530a6f1cbbbb,2026-09-24T01:15:55+00:00
401862829,ncaaf,2026,11,2026-11-14 05:00:00+00:00,218,5,0.000,5.905,16.177,53.351,15.994,29.628,23.723,0.652,33,75,31,24,0.009,2.651,-1.955,-0.000,-0.329,-5.034,-5.363,4.027,4.027,87,2,-4.258,-4.228,-8.486,3.824,3.824,106,3,138,530a6f1cbbbb,2026-09-24T01:15:55+00:00
401864536,ncaaf,2026,11,2026-11-14 05:00:00+00:00,2459,2440,0.000,-2.463,16.300,47.766,15.994,22.652,25.114,0.449,27,69,24,21,0.009,2.651,-1.304,-0.000,-8.195,-5.084,-13.280,4.055,4.055,120,2,-5.077,-2.506,-7.583,4.051,4.051,102,2,138,530a6f1cbbbb,2026-09-24T01:15:55+00:00
401864537,ncaaf,2026,11,2026-11-15 04:59:00+00:00,62,2449,0.000,-7.198,16.098,50.754,15.994,21.778,28.976,0.336,30,72,24,31,0.009,2.651,-0.147,-0.000,-4.760,-3.325,-8.085,3.868,3.868,104,3,0.436,2.009,2.446,3.822,3.822,54,3,138,530a6f1cbbbb,2026-09-24T01:15:55+00:00
401864538,ncaaf,2026,11,2026-11-15 00:00:00+00:00,2005,23,0.000,5.499,16.339,54.023,15.994,29.761,24.262,0.641,33,76,31,24,0.009,2.651,-0.423,-0.000,-2.246,-6.175,-8.421,4.333,4.333,105,1,-5.955,-5.135,-11.090,3.831,3.831,117,3,138,530a6f1cbbbb,2026-09-24T01:15:55+00:00
401864539,ncaaf,2026,11,2026-11-15 00:30:00+00:00,167,2439,0.000,9.767,16.207,45.291,15.994,27.529,17.762,0.744,25,66,24,17,0.010,2.651,-1.818,-0.000,-1.531,3.708,2.177,4.050,4.050,57,2,-5.501,-0.474,-5.976,3.864,3.864,92,3,138,530a6f1cbbbb,2026-09-24T01:15:55+00:00
401864540,ncaaf,2026,11,2026-11-14 05:00:00+00:00,2638,2751,0.000,-1.058,16.302,50.916,15.994,24.929,25.987,0.484,30,72,24,21,0.009,2.651,-0.311,-0.000,-7.127,-11.093,-18.220,4.045,4.045,134,2,-10.041,-4.059,-14.100,4.056,4.056,123,2,138,530a6f1cbbbb,2026-09-24T01:15:55+00:00
401866458,ncaaf,2026,11,2026-11-11 00:00:00+00:00,2006,2711,0.000,-11.812,16.298,48.205,15.994,18.196,30.008,0.238,28,69,17,24,0.009,2.651,-1.996,-0.000,-7.217,-7.058,-14.275,4.051,4.051,124,2,-1.829,3.287,1.458,4.051,4.051,60,2,138,530a6f1cbbbb,2026-09-24T01:15:55+00:00
401866459,ncaaf,2026,11,2026-11-11 00:00:00+00:00,189,2309,0.000,3.934,16.288,49.908,15.994,26.921,22.987,0.607,30,71,24,21,0.010,2.651,-3.525,-0.000,-10.217,-9.961,-20.178,4.031,4.031,135,2,-9.665,-11.711,-21.376,4.050,4.050,136,2,138,530a6f1cbbbb,2026-09-24T01:15:55+00:00
401866460,ncaaf,2026,11,2026-11-11 00:00:00+00:00,193,195,0.000,0.282,16.187,53.479,15.994,26.881,26.598,0.517,33,75,27,24,0.009,2.651,-2.516,-0.000,-3.170,-6.136,-9.306,4.051,4.051,109,2,-1.731,-4.864,-6.596,3.820,3.820,97,3,138,530a6f1cbbbb,2026-09-24T01:15:55+00:00
401866461,ncaaf,2026,11,2026-11-11 05:00:00+00:00,2050,2084,0.000,-3.416,16.284,54.262,15.994,25.423,28.839,0.428,33,76,24,31,0.009,2.651,-0.034,-0.000,-9.928,-11.467,-21.395,4.051,4.051,137,2,-6.763,-8.157,-14.919,4.021,4.021,128,2,138,530a6f1cbbbb,2026-09-24T01:15:55+00:00
401866462,ncaaf,2026,11,2026-11-11 05:00:00+00:00,2117,16,0.000,6.053,16.184,46.824,15.994,26.438,20.386,0.660,27,68,24,17,0.010,2.651,-2.035,-0.000,-7.200,-2.505,-9.705,4.056,4.056,111,2,-7.529,-5.892,-13.421,3.810,3.810,121,3,138,530a6f1cbbbb,2026-09-24T01:15:55+00:00
401866463,ncaaf,2026,11,2026-11-11 05:00:00+00:00,2649,113,0.000,21.193,16.459,55.612,15.994,38.403,17.209,0.908,35,76,38,10,0.009,2.651,-0.726,-0.000,0.586,-4.164,-3.578,4.050,4.050,79,2,-12.032,-10.732,-22.764,4.363,4.363,138,1,138,530a6f1cbbbb,2026-09-24T01:15:55+00:00
401869928,ncaaf,2026,11,2026-11-14 05:00:00+00:00,276,2026,0.000,2.810,16.175,54.766,15.994,28.788,25.978,0.578,34,76,31,24,0.009,2.651,0.931,-0.000,-2.567,-4.769,-7.336,3.821,3.821,101,3,-3.638,-3.571,-7.209,4.026,4.026,100,2,138,530a6f1cbbbb,2026-09-24T01:15:55+00:00
401869937,ncaaf,2026,11,2026-11-14 05:00:00+00:00,324,2032,0.000,3.367,16.301,53.184,15.994,28.275,24.908,0.592,32,75,31,24,0.009,2.651,1.594,-0.000,-6.015,-3.986,-10.001,4.055,4.055,113,2,-5.054,-5.432,-10.486,4.051,4.051,115,2,138,530a6f1cbbbb,2026-09-24T01:15:55+00:00
401869952,ncaaf,2026,11,2026-11-14 05:00:00+00:00,2247,290,0.000,1.145,16.274,55.665,15.994,28.405,27.260,0.538,34,77,31,24,0.009,2.651,0.677,-0.000,-3.207,-7.840,-11.047,4.031,4.031,116,2,-4.898,-4.312,-9.211,4.021,4.021,108,2,138,530a6f1cbbbb,2026-09-24T01:15:55+00:00
401869969,ncaaf,2026,11,2026-11-13 02:00:00+00:00,2433,309,0.000,-11.020,16.253,52.820,15.994,20.900,31.920,0.258,32,74,24,31,0.009,2.651,-1.918,-0.000,-8.541,-9.587,-18.129,4.075,4.075,133,2,-0.957,-2.893,-3.850,4.018,4.018,82,2,138,530a6f1cbbbb,2026-09-24T01:15:55+00:00
401870752,ncaaf,2026,11,2026-11-14 20:30:00+00:00,98,55,0.000,0.569,16.075,56.873,15.994,28.721,28.152,0.524,35,79,31,24,0.009,2.651,1.329,-0.000,-2.692,-7.597,-10.288,3.825,3.825,114,3,-3.943,-3.922,-7.865,3.817,3.817,103,3,138,530a6f1cbbbb,2026-09-24T01:15:55+00:00
401870769,ncaaf,2026,11,2026-11-14 19:00:00+00:00,2534,338,0.000,0.528,16.305,50.689,15.994,25.608,25.081,0.523,30,72,24,21,0.009,2.651,0.224,-0.000,-8.242,-7.801,-16.043,4.084,4.084,132,2,-8.233,-5.360,-13.593,4.031,4.031,122,2,138,530a6f1cbbbb,2026-09-24T01:15:55+00:00
401870796,ncaaf,2026,11,2026-11-14 20:00:00+00:00,2623,166,0.000,1.807,16.308,52.474,15.994,27.141,25.334,0.554,31,74,27,24,0.009,2.651,0.468,-0.000,-7.811,-8.161,-15.971,4.046,4.046,131,2,-7.998,-6.849,-14.847,4.075,4.075,126,2,138,530a6f1cbbbb,2026-09-24T01:15:55+00:00
401871060,ncaaf,2026,11,2026-11-14 20:00:00+00:00,48,2229,0.000,5.762,16.177,49.238,15.994,27.500,21.738,0.651,29,70,24,21,0.010,2.651,0.233,-0.000,-3.025,-3.486,-6.511,4.032,4.032,96,2,-8.116,-1.607,-9.722,3.820,3.820,112,3,138,530a6f1cbbbb,2026-09-24T01:15:55+00:00
401871061,ncaaf,2026,11,2026-11-14 20:30:00+00:00,2335,2393,0.000,10.270,16.289,52.220,15.994,31.245,20.975,0.746,31,73,31,24,0.009,2.651,-1.306,-0.000,-1.397,-2.195,-3.593,4.055,4.055,80,2,-5.570,-5.838,-11.408,4.027,4.027,118,2,138,530a6f1cbbbb,2026-09-24T01:15:55+00:00
401871099,ncaaf,2026,11,2026-11-14 05:00:00+00:00,2348,2572,0.000,12.532,16.269,57.717,15.994,35.124,22.592,0.784,37,79,31,24,0.009,2.651,1.774,-0.000,-2.655,-3.483,-6.138,4.027,4.027,93,2,-5.989,-9.841,-15.830,4.027,4.027,129,2,138,530a6f1cbbbb,2026-09-24T01:15:55+00:00
401871100,ncaaf,2026,11,2026-11-14 05:00:00+00:00,6,2653,0.000,2.350,16.286,52.526,15.994,27.438,25.088,0.567,31,74,27,24,0.009,2.651,-1.302,-0.000,-0.162,-5.468,-5.630,4.021,4.021,88,2,-4.007,-1.065,-5.072,4.055,4.055,86,2,138,530a6f1cbbbb,2026-09-24T01:15:55+00:00
401856748,ncaaf,2026,12,2026-11-21 05:00:00+00:00,57,238,0.000,9.606,16.286,56.601,15.994,33.103,23.498,0.729,35,78,31,24,0.009,2.651,-2.172,-0.000,11.339,3.809,15.148,4.046,4.046,16,2,5.448,2.934,8.382,4.032,4.032,35,2,138,530a6f1cbbbb,2026-09-24T01:15:55+00:00
401856751,ncaaf,2026,12,2026-11-21 05:00:00+00:00,142,96,0.000,8.076,16.273,49.572,15.994,28.824,20.748,0.702,29,71,24,21,0.009,2.651,-0.998,-0.000,4.556,6.779,11.335,4.032,4.032,24,2,2.088,3.537,5.625,4.021,4.021,43,2,138,530a6f1cbbbb,2026-09-24T01:15:55+00:00
401856752,ncaaf,2026,12,2026-11-21 05:00:00+00:00,201,245,0.000,0.692,16.080,47.450,15.994,24.071,23.379,0.528,27,69,24,21,0.010,2.651,-0.030,-0.000,3.116,12.808,15.924,3.821,3.821,11,3,9.790,8.393,18.183,3.824,3.824,8,3,138,530a6f1cbbbb,2026-09-24T01:15:55+00:00
401856753,ncaaf,2026,12,2026-11-21 05:00:00+00:00,2579,61,0.000,-10.107,16.286,55.892,15.994,22.892,33.000,0.279,35,77,24,31,0.009,2.651,-0.817,-0.000,6.558,5.613,12.171,4.050,4.050,23,2,15.361,9.901,25.262,4.027,4.027,2,2,138,530a6f1cbbbb,2026-09-24T01:15:55+00:00
401856754,ncaaf,2026,12,2026-11-21 05:00:00+00:00,2633,99,0.000,2.108,16.175,56.591,15.994,29.350,27.241,0.561,35,79,31,24,0.009,2.651,2.272,-0.000,9.393,5.583,14.977,4.032,4.032,17,2,7.395,8.450,15.846,3.817,3.817,12,3,138,530a6f1cbbbb,2026-09-24T01:15:55+00:00
401856755,ncaaf,2026,12,2026-11-21 05:00:00+00:00,251,8,0.000,27.135,16.179,56.132,15.994,41.633,14.499,0.959,37,76,38,10,0.010,2.651,0.932,-0.000,10.189,13.075,23.265,3.817,3.817,4,3,-0.202,-2.422,-2.624,4.031,4.031,72,2,138,530a6f1cbbbb,2026-09-24T01:15:55+00:00
401856865,ncaaf,2026,12,2026-11-21 05:00:00+00:00,2306,12,0.000,3.009,16.277,50.267,15.994,26.638,23.629,0.584,30,72,24,21,0.009,2.651,-1.195,-0.000,4.039,4.818,8.857,4.026,4.026,30,2,3.916,4.747,8.662,4.032,4.032,32,2,138,530a6f1cbbbb,2026-09-24T01:15:55+00:00
401856866,ncaaf,2026,12,2026-11-21 05:00:00+00:00,2305,252,0.000,-11.958,16.279,50.849,15.994,19.446,31.404,0.238,31,72,24,31,0.008,2.651,-1.615,-0.000,-0.968,-0.690,-1.657,4.031,4.031,70,2,6.457,7.373,13.829,4.032,4.032,19,2,138,530a6f1cbbbb,2026-09-24T01:15:55+00:00
401856867,ncaaf,2026,12,2026-11-21 05:00:00+00:00,2132,38,0.000,8.841,16.306,51.393,15.994,30.117,21.276,0.717,31,73,31,24,0.009,2.651,1.156,-0.000,0.467,0.146,0.613,4.055,4.055,62,2,-5.247,-0.507,-5.754,4.062,4.062,90,2,138,530a6f1cbbbb,2026-09-24T01:15:55+00:00
401856868,ncaaf,2026,12,2026-11-21 05:00:00+00:00,277,248,0.000,-6.049,16.309,54.367,15.994,24.159,30.208,0.366,33,76,24,31,0.009,2.651,0.709,-0.000,0.515,-1.132,-0.617,4.056,4.056,66,2,4.248,4.267,8.515,4.055,4.055,33,2,138,530a6f1cbbbb,2026-09-24T01:15:55+00:00
401856869,ncaaf,2026,12,2026-11-20 23:00:00+00:00,2116,66,0.000,-2.857,16.277,46.765,15.994,21.954,24.811,0.438,27,68,24,21,0.009,2.651,-1.175,-0.000,-1.499,2.205,0.706,4.026,4.026,61,2,1.457,5.417,6.874,4.032,4.032,38,2,138,530a6f1cbbbb,2026-09-24T01:15:55+00:00
401856870,ncaaf,2026,12,2026-11-21 05:00:00+00:00,9,197,0.000,5.981,16.303,50.605,15.994,28.293,22.312,0.654,30,72,24,21,0.009,2.651,0.499,-0.000,0.514,1.855,2.368,4.026,4.026,55,2,-1.945,0.952,-0.993,4.084,4.084,68,2,138,530a6f1cbbbb,2026-09-24T01:15:55+00:00
401856871,ncaaf,2026,12,2026-11-21 05:00:00+00:00,239,2641,0.000,-7.891,16.295,56.188,15.994,24.148,32.040,0.326,35,78,24,31,0.009,2.651,3.673,-0.000,2.363,2.038,4.401,4.051,4.051,47,2,7.124,8.154,15.277,4.032,4.032,14,2,138,530a6f1cbbbb,2026-09-24T01:15:55+00:00
401856872,ncaaf,2026,12,2026-11-21 05:00:00+00:00,2628,254,0.000,-6.869,16.291,47.351,15.994,20.241,27.110,0.342,27,69,17,24,0.009,2.651,0.001,-0.000,-0.154,5.615,5.461,4.055,4.055,44,2,6.271,9.689,15.959,4.031,4.031,10,2,138,530a6f1cbbbb,2026-09-24T01:15:55+00:00
401858302,ncaaf,2026,12,2026-11-21 05:00:00+00:00,2390,259,0.000,15.564,16.286,52.178,15.994,33.871,18.307,0.840,31,73,31,24,0.008,2.651,-1.241,-0.000,8.847,11.085,19.931,4.045,4.045,7,2,4.161,2.225,6.385,4.031,4.031,41,2,138,530a6f1cbbbb,2026-09-24T01:15:55+00:00
401858303,ncaaf,2026,12,2026-11-21 00:30:00+00:00,150,228,0.000,4.179,16.073,48.049,15.994,26.114,21.935,0.615,27,69,24,21,0.010,2.651,-0.065,-0.000,1.314,5.110,6.424,3.817,3.817,40,3,0.647,4.228,4.875,3.821,3.821,45,3,138,530a6f1cbbbb,2026-09-24T01:15:55+00:00
401858304,ncaaf,2026,12,2026-11-21 05:00:00+00:00,52,152,0.000,7.155,16.199,53.959,15.994,30.557,23.402,0.679,33,76,31,24,0.010,2.651,-0.204,-0.000,4.503,2.680,7.183,3.843,3.843,36,3,1.738,1.051,2.789,4.055,4.055,52,2,138,530a6f1cbbbb,2026-09-24T01:15:55+00:00
401858305,ncaaf,2026,12,2026-11-21 05:00:00+00:00,258,153,0.000,6.317,16.300,47.358,15.994,26.838,20.521,0.665,27,69,24,21,0.010,2.651,-0.989,-0.000,1.289,2.764,4.053,4.056,4.056,48,2,-2.867,2.947,0.080,4.050,4.050,64,2,138,530a6f1cbbbb,2026-09-24T01:15:55+00:00
401858306,ncaaf,2026,12,2026-11-21 05:00:00+00:00,97,221,0.000,3.918,16.189,52.918,15.994,28.418,24.500,0.605,31,75,31,24,0.009,2.651,-0.083,-0.000,7.339,2.392,9.731,4.051,4.051,28,2,2.275,6.388,8.663,3.824,3.824,31,3,138,530a6f1cbbbb,2026-09-24T01:15:55+00:00
401858307,ncaaf,2026,12,2026-11-22 00:30:00+00:00,87,2567,0.000,15.944,16.187,53.219,15.994,34.582,18.637,0.846,33,74,31,24,0.008,2.651,0.072,-0.000,11.169,12.765,23.934,3.821,3.821,3,3,5.482,4.671,10.153,4.051,4.051,26,2,138,530a6f1cbbbb,2026-09-24T01:15:55+00:00
401858308,ncaaf,2026,12,2026-11-21 05:00:00+00:00,25,24,0.000,6.875,16.210,52.424,15.994,29.650,22.774,0.674,31,74,31,24,0.009,2.651,0.953,-0.000,-1.439,-1.485,-2.924,4.080,4.080,76,2,-4.602,-2.516,-7.118,3.839,3.839,99,3,138,530a6f1cbbbb,2026-09-24T01:15:55+00:00
401858309,ncaaf,2026,12,2026-11-21 05:00:00+00:00,103,183,0.000,2.056,16.300,49.810,15.994,25.933,23.877,0.561,29,71,24,21,0.010,2.651,1.065,-0.000,-4.326,-2.150,-6.476,4.079,4.079,95,2,-4.886,-0.777,-5.664,4.026,4.026,89,2,138,530a6f1cbbbb,2026-09-24T01:15:55+00:00
401858310,ncaaf,2026,12,2026-11-21 05:00:00+00:00,59,154,0.000,0.731,16.205,51.303,15.994,26.017,25.286,0.528,31,73,27,24,0.009,2.651,0.266,-0.000,-0.809,1.152,0.343,4.084,4.084,63,2,1.102,1.481,2.582,3.825,3.825,53,3,138,530a6f1cbbbb,2026-09-24T01:15:55+00:00
401858527,ncaaf,2026,12,2026-11-21 05:00:00+00:00,356,2294,0.000,-3.902,16.327,46.355,15.994,21.226,25.128,0.413,27,67,17,24,0.009,2.651,-2.510,-0.000,3.555,2.316,5.871,4.075,4.075,42,2,2.903,10.309,13.212,4.084,4.084,21,2,138,530a6f1cbbbb,2026-09-24T01:15:55+00:00
401858528,ncaaf,2026,12,2026-11-21 05:00:00+00:00,130,26,0.000,10.350,16.081,50.675,15.994,30.512,20.163,0.751,30,72,31,24,0.009,2.651,-1.716,-0.000,4.798,9.788,14.586,3.821,3.821,18,3,5.332,1.198,6.530,3.824,3.824,39,3,138,530a6f1cbbbb,2026-09-24T01:15:55+00:00
401858529,ncaaf,2026,12,2026-11-21 01:00:00+00:00,127,2483,0.000,-10.582,16.200,50.796,15.994,20.107,30.689,0.264,30,72,24,31,0.009,2.651,-1.001,-0.000,-1.295,4.238,2.943,3.814,3.814,51,3,10.241,6.751,16.992,4.084,4.084,9,2,138,530a6f1cbbbb,2026-09-24T01:15:55+00:00
401858530,ncaaf,2026,12,2026-11-21 05:00:00+00:00,135,77,0.000,-1.987,16.419,45.960,15.994,21.986,23.973,0.460,26,67,24,21,0.009,2.651,-2.940,-0.000,-0.007,4.032,4.025,4.027,4.027,49,2,3.660,5.607,9.267,4.309,4.309,29,1,138,530a6f1cbbbb,2026-09-24T01:15:55+00:00
401858531,ncaaf,2026,12,2026-11-21 05:00:00+00:00,158,194,0.000,-13.763,16.201,52.577,15.994,19.407,33.170,0.206,32,73,24,31,0.008,2.651,-2.236,-0.000,6.751,3.299,10.050,4.080,4.080,27,2,13.138,14.029,27.167,3.821,3.821,1,3,138,530a6f1cbbbb,2026-09-24T01:15:55+00:00
401858532,ncaaf,2026,12,2026-11-21 05:00:00+00:00,213,164,0.000,21.629,16.075,53.541,15.994,37.585,15.956,0.918,34,73,38,10,0.010,2.651,-0.998,-0.000,5.889,9.330,15.220,3.821,3.821,15,3,-0.757,-4.047,-4.804,3.821,3.821,84,3,138,530a6f1cbbbb,2026-09-24T01:15:55+00:00
401858533,ncaaf,2026,12,2026-11-21 05:00:00+00:00,2509,275,0.000,-4.652,16.280,55.426,15.994,25.387,30.039,0.399,34,77,24,31,0.009,2.651,-1.582,-0.000,2.367,-5.278,-2.911,4.021,4.021,75,2,2.295,2.477,4.772,4.042,4.042,46,2,138,530a6f1cbbbb,2026-09-24T01:15:55+00:00
401858534,ncaaf,2026,12,2026-11-21 05:00:00+00:00,30,120,0.000,15.948,16.097,56.934,15.994,36.441,20.493,0.844,37,78,31,24,0.008,2.651,0.406,-0.000,10.771,4.665,15.436,3.641,3.641,13,4,0.635,1.510,2.145,4.031,4.031,58,2,138,530a6f1cbbbb,2026-09-24T01:15:55+00:00
401858535,ncaaf,2026,12,2026-11-21 05:00:00+00:00,264,84,0.000,-6.434,16.312,43.553,15.994,18.559,24.994,0.349,24,64,17,24,0.010,2.651,-2.093,-0.000,2.120,9.049,11.169,4.084,4.084,25,2,8.097,13.515,21.612,4.045,4.045,6,2,138,530a6f1cbbbb,2026-09-24T01:15:55+00:00
401860918,ncaaf,2026,12,2026-11-22 00:30:00+00:00,278,36,0.000,10.215,16.188,48.332,15.994,29.274,19.059,0.750,28,69,24,17,0.009,2.651,-1.044,-0.000,-2.718,4.274,1.556,3.811,3.811,59,3,-2.916,-3.736,-6.652,4.055,4.055,98,2,138,530a6f1cbbbb,2026-09-24T01:15:55+00:00
401860919,ncaaf,2026,12,2026-11-22 03:30:00+00:00,204,328,0.000,2.176,16.311,51.161,15.994,26.668,24.492,0.563,30,73,24,21,0.009,2.651,1.061,-0.000,-1.613,-1.538,-3.151,4.084,4.084,78,2,-3.192,0.755,-2.437,4.032,4.032,71,2,138,530a6f1cbbbb,2026-09-24T01:15:55+00:00
401860920,ncaaf,2026,12,2026-11-21 23:00:00+00:00,326,265,0.000,0.922,16.205,53.313,15.994,27.118,26.196,0.533,32,75,27,24,0.009,2.651,-1.412,-0.000,2.545,-5.498,-2.952,3.816,3.816,77,3,-2.525,1.623,-0.902,4.084,4.084,67,2,138,530a6f1cbbbb,2026-09-24T01:15:55+00:00
401860925,ncaaf,2026,12,2026-11-22 02:30:00+00:00,68,21,0.000,9.755,16.301,49.072,15.994,29.413,19.658,0.738,29,70,24,17,0.009,2.651,-0.874,-0.000,3.859,3.292,7.151,4.079,4.079,37,2,-3.054,2.595,-0.459,4.027,4.027,65,2,138,530a6f1cbbbb,2026-09-24T01:15:55+00:00
401861968,ncaaf,2026,12,2026-11-21 20:30:00+00:00,41,295,0.000,-5.637,16.270,53.563,15.994,23.963,29.600,0.375,33,75,24,31,0.009,2.651,0.451,-0.000,-5.099,-7.935,-13.034,4.031,4.031,119,2,-3.160,-1.119,-4.279,4.026,4.026,83,2,138,530a6f1cbbbb,2026-09-24T01:15:55+00:00
401862830,ncaaf,2026,12,2026-11-20 00:30:00+00:00,218,242,0.000,11.354,16.274,52.026,15.994,31.690,20.336,0.767,31,73,31,24,0.009,2.651,-3.670,-0.000,-0.329,-5.034,-5.363,4.027,4.027,87,2,-7.202,-7.158,-14.360,4.027,4.027,125,2,138,530a6f1cbbbb,2026-09-24T01:15:55+00:00
401862831,ncaaf,2026,12,2026-11-21 17:00:00+00:00,349,151,0.000,-0.054,16.336,49.024,15.994,24.485,24.539,0.509,28,70,24,21,0.009,2.651,-1.324,-0.000,-3.175,-2.719,-5.894,4.339,4.339,91,1,-2.896,0.074,-2.823,3.821,3.821,74,3,138,530a6f1cbbbb,2026-09-24T01:15:55+00:00
401862832,ncaaf,2026,12,2026-11-21 05:00:00+00:00,202,2429,0.000,11.687,16.303,50.372,15.994,31.029,19.343,0.775,30,71,31,24,0.009,2.651,0.288,-0.000,-5.086,-1.297,-6.383,4.084,4.084,94,2,-8.694,-7.257,-15.951,4.026,4.026,130,2,138,530a6f1cbbbb,2026-09-24T01:15:55+00:00
401862833,ncaaf,2026,12,2026-11-21 05:00:00+00:00,2226,58,0.000,-2.768,16.173,57.753,15.994,27.493,30.261,0.443,37,79,24,31,0.009,2.651,3.043,-0.000,-2.281,-7.179,-9.461,3.825,3.825,110,3,-2.685,-1.027,-3.711,4.086,4.086,81,2,138,530a6f1cbbbb,2026-09-24T01:15:55+00:00
401862834,ncaaf,2026,12,2026-11-21 17:00:00+00:00,2426,235,0.000,-4.370,16.356,52.512,15.994,24.071,28.441,0.405,31,74,24,31,0.009,2.651,-1.836,-0.000,-3.833,-4.721,-8.555,4.333,4.333,107,1,0.595,-1.638,-1.042,3.872,3.872,69,3,138,530a6f1cbbbb,2026-09-24T01:15:55+00:00
401862835,ncaaf,2026,12,2026-11-21 05:00:00+00:00,2655,249,0.000,5.059,16.072,55.055,15.994,30.057,24.998,0.632,34,77,31,24,0.010,2.651,0.380,-0.000,-3.733,1.009,-2.724,3.821,3.821,73,3,1.661,-6.560,-4.900,3.816,3.816,85,3,138,530a6f1cbbbb,2026-09-24T01:15:55+00:00
401862836,ncaaf,2026,12,2026-11-21 05:00:00+00:00,5,2636,0.000,-7.463,16.179,51.397,15.994,21.967,29.430,0.331,31,73,24,31,0.009,2.651,-0.578,-0.000,-4.258,-4.228,-8.486,3.824,3.824,106,3,0.542,1.729,2.272,4.021,4.021,56,2,138,530a6f1cbbbb,2026-09-24T01:15:55+00:00
401864541,ncaaf,2026,12,2026-11-21 05:00:00+00:00,2440,62,0.000,3.268,16.209,49.388,15.994,26.328,23.060,0.591,29,71,24,21,0.010,2.651,-0.669,-0.000,-5.077,-2.506,-7.583,4.051,4.051,102,2,-4.760,-3.325,-8.085,3.868,3.868,104,3,138,530a6f1cbbbb,2026-09-24T01:15:55+00:00
401864542,ncaaf,2026,12,2026-11-22 02:00:00+00:00,2751,167,0.000,-11.726,16.259,44.762,15.994,16.518,28.244,0.234,25,65,17,24,0.010,2.651,-2.278,-0.000,-10.041,-4.059,-14.100,4.056,4.056,123,2,-1.531,3.708,2.177,4.050,4.050,57,2,138,530a6f1cbbbb,2026-09-24T01:15:55+00:00
401864543,ncaaf,2026,12,2026-11-21 21:00:00+00:00,2449,2459,0.000,17.427,16.189,51.496,15.994,34.461,17.035,0.869,31,72,38,10,0.009,2.651,-0.782,1.009,0.436,2.009,2.446,3.822,3.822,54,3,-8.195,-5.084,-13.280,4.055,4.055,120,2,138,530a6f1cbbbb,2026-09-24T01:15:55+00:00
401864544,ncaaf,2026,12,2026-11-22 00:00:00+00:00,23,2439,0.000,-1.996,16.104,50.377,15.994,24.191,26.186,0.460,30,72,24,21,0.009,2.651,1.381,-0.000,-5.955,-5.135,-11.090,3.831,3.831,117,3,-5.501,-0.474,-5.976,3.864,3.864,92,3,138,530a6f1cbbbb,2026-09-24T01:15:55+00:00
401864545,ncaaf,2026,12,2026-11-21 01:00:00+00:00,2005,2638,0.000,12.503,16.445,56.091,15.994,34.297,21.794,0.783,35,77,31,24,0.009,2.651,-1.655,-0.000,-2.246,-6.175,-8.421,4.333,4.333,105,1,-7.127,-11.093,-18.220,4.045,4.045,134,2,138,530a6f1cbbbb,2026-09-24T01:15:55+00:00
401866464,ncaaf,2026,12,2026-11-18 00:00:00+00:00,195,2050,0.000,17.046,16.187,54.361,15.994,35.704,18.658,0.861,34,75,38,10,0.008,2.651,-2.039,-0.000,-1.731,-4.864,-6.596,3.820,3.820,97,3,-9.928,-11.467,-21.395,4.051,4.051,137,2,138,530a6f1cbbbb,2026-09-24T01:15:55+00:00
401866465,ncaaf,2026,12,2026-11-18 00:00:00+00:00,2711,2199,0.000,17.455,16.104,48.908,15.994,33.181,15.727,0.874,29,69,38,10,0.009,2.651,-2.153,-0.000,-1.829,3.287,1.458,4.051,4.051,60,2,-7.620,-7.241,-14.862,3.644,3.644,127,4,138,530a6f1cbbbb,2026-09-24T01:15:55+00:00
401866466,ncaaf,2026,12,2026-11-18 00:00:00+00:00,2309,193,0.000,-8.829,16.298,52.548,15.994,21.859,30.689,0.304,31,73,24,31,0.009,2.651,-3.153,-0.000,-9.665,-11.711,-21.376,4.050,4.050,136,2,-3.170,-6.136,-9.306,4.051,4.051,109,2,138,530a6f1cbbbb,2026-09-24T01:15:55+00:00
401866467,ncaaf,2026,12,2026-11-18 05:00:00+00:00,113,2006,0.000,-5.189,16.459,50.167,15.994,22.489,27.678,0.385,30,72,24,31,0.009,2.651,-1.526,-0.000,-12.032,-10.732,-22.764,4.363,4.363,138,1,-7.217,-7.058,-14.275,4.051,4.051,124,2,138,530a6f1cbbbb,2026-09-24T01:15:55+00:00
401866468,ncaaf,2026,12,2026-11-21 00:30:00+00:00,2649,189,0.000,18.831,16.289,55.318,15.994,37.074,18.244,0.882,35,76,38,10,0.008,2.651,-1.221,-0.000,0.586,-4.164,-3.578,4.050,4.050,79,2,-10.217,-9.961,-20.178,4.031,4.031,135,2,138,530a6f1cbbbb,2026-09-24T01:15:55+00:00
401866469,ncaaf,2026,12,2026-11-18 05:00:00+00:00,2084,2117,0.000,-2.065,16.286,49.456,15.994,23.696,25.761,0.459,29,71,24,21,0.009,2.651,-0.998,-0.000,-6.763,-8.157,-14.919,4.021,4.021,128,2,-7.200,-2.505,-9.705,4.056,4.056,111,2,138,530a6f1cbbbb,2026-09-24T01:15:55+00:00
401869929,ncaaf,2026,12,2026-11-21 05:00:00+00:00,2026,2433,0.000,13.348,16.298,53.815,15.994,33.581,20.234,0.802,33,75,31,24,0.009,2.651,-0.003,-0.000,-3.638,-3.571,-7.209,4.026,4.026,100,2,-8.541,-9.587,-18.129,4.075,4.075,133,2,138,530a6f1cbbbb,2026-09-24T01:15:55+00:00
401869938,ncaaf,2026,12,2026-11-21 05:00:00+00:00,2348,2032,0.000,7.114,16.287,54.018,15.994,30.566,23.452,0.678,33,76,31,24,0.009,2.651,0.592,-0.000,-2.655,-3.483,-6.138,4.027,4.027,93,2,-5.054,-5.432,-10.486,4.051,4.051,115,2,138,530a6f1cbbbb,2026-09-24T01:15:55+00:00
401869946,ncaaf,2026,12,2026-11-21 05:00:00+00:00,309,324,0.000,8.760,16.284,52.903,15.994,30.832,22.072,0.714,32,74,31,24,0.009,2.651,0.158,-0.000,-0.957,-2.893,-3.850,4.018,4.018,82,2,-6.015,-3.986,-10.001,4.055,4.055,113,2,138,530a6f1cbbbb,2026-09-24T01:15:55+00:00
401869953,ncaaf,2026,12,2026-11-21 05:00:00+00:00,2653,290,0.000,6.682,16.286,50.256,15.994,28.469,21.787,0.671,30,72,24,21,0.009,2.651,-0.293,-0.000,-4.007,-1.065,-5.072,4.055,4.055,86,2,-4.898,-4.312,-9.211,4.021,4.021,108,2,138,530a6f1cbbbb,2026-09-24T01:15:55+00:00
401869958,ncaaf,2026,12,2026-11-21 05:00:00+00:00,276,2247,0.000,6.641,16.177,57.195,15.994,31.918,25.277,0.667,36,79,31,24,0.009,2.651,0.378,-0.000,-2.567,-4.769,-7.336,3.821,3.821,101,3,-3.207,-7.840,-11.047,4.031,4.031,116,2,138,530a6f1cbbbb,2026-09-24T01:15:55+00:00
401871077,ncaaf,2026,12,2026-11-21 20:00:00+00:00,166,48,0.000,-5.190,16.301,52.822,15.994,23.816,29.006,0.385,31,74,24,31,0.009,2.651,0.614,-0.000,-7.998,-6.849,-14.847,4.075,4.075,126,2,-3.025,-3.486,-6.511,4.032,4.032,96,2,138,530a6f1cbbbb,2026-09-24T01:15:55+00:00
401871078,ncaaf,2026,12,2026-11-21 20:00:00+00:00,338,2229,0.000,-0.782,16.177,47.574,15.994,23.396,24.178,0.490,27,69,24,21,0.010,2.651,0.691,-0.000,-8.233,-5.360,-13.593,4.031,4.031,122,2,-8.116,-1.607,-9.722,3.820,3.820,112,3,138,530a6f1cbbbb,2026-09-24T01:15:55+00:00
401871079,ncaaf,2026,12,2026-11-21 19:00:00+00:00,55,2623,0.000,10.651,16.182,53.332,15.994,31.991,21.341,0.753,33,75,31,24,0.009,2.651,0.186,-0.000,-3.943,-3.922,-7.865,3.817,3.817,103,3,-7.811,-8.161,-15.971,4.046,4.046,131,2,138,530a6f1cbbbb,2026-09-24T01:15:55+00:00
401871080,ncaaf,2026,12,2026-11-21 18:00:00+00:00,2335,98,0.000,9.527,16.191,56.451,15.994,32.989,23.462,0.728,35,78,31,24,0.009,2.651,0.189,-0.000,-1.397,-2.195,-3.593,4.055,4.055,80,2,-2.692,-7.597,-10.288,3.825,3.825,114,3,138,530a6f1cbbbb,2026-09-24T01:15:55+00:00
401871081,ncaaf,2026,12,2026-11-21 19:00:00+00:00,2534,2393,0.000,-1.561,16.303,51.591,15.994,25.015,26.576,0.472,31,73,27,24,0.009,2.651,-0.732,-0.000,-8.242,-7.801,-16.043,4.084,4.084,132,2,-5.570,-5.838,-11.408,4.027,4.027,118,2,138,530a6f1cbbbb,2026-09-24T01:15:55+00:00
401871101,ncaaf,2026,12,2026-11-21 05:00:00+00:00,2572,6,0.000,-7.342,16.272,59.275,15.994,25.967,33.309,0.339,38,81,24,31,0.009,2.651,0.924,-0.000,-5.989,-9.841,-15.830,4.027,4.027,129,2,-0.162,-5.468,-5.630,4.021,4.021,88,2,138,530a6f1cbbbb,2026-09-24T01:15:55+00:00
401856756,ncaaf,2026,13,2026-11-28 00:30:00+00:00,245,251,0.000,-1.995,16.079,51.771,15.994,24.888,26.883,0.461,31,73,27,24,0.009,2.651,0.217,-0.000,9.790,8.393,18.183,3.824,3.824,8,3,10.189,13.075,23.265,3.817,3.817,4,3,138,530a6f1cbbbb,2026-09-24T01:15:55+00:00
401856757,ncaaf,2026,13,2026-11-28 05:00:00+00:00,333,2,0.000,15.788,16.075,55.798,15.994,35.793,20.005,0.843,35,76,31,24,0.008,2.651,0.898,-0.000,13.271,8.377,21.648,3.817,3.817,5,3,2.962,5.434,8.396,3.825,3.825,34,3,138,530a6f1cbbbb,2026-09-24T01:15:55+00:00
401856758,ncaaf,2026,13,2026-11-28 05:00:00+00:00,8,99,0.000,-15.379,16.175,54.849,15.994,19.735,35.114,0.180,34,76,24,31,0.008,2.651,0.669,-0.000,-0.202,-2.422,-2.624,4.031,4.031,72,2,7.395,8.450,15.846,3.817,3.817,12,3,138,530a6f1cbbbb,2026-09-24T01:15:55+00:00
401856759,ncaaf,2026,13,2026-11-27 20:30:00+00:00,52,57,0.000,-5.022,16.195,58.177,15.994,26.578,31.600,0.391,37,80,24,31,0.009,2.651,-0.122,-0.000,4.503,2.680,7.183,3.843,3.843,36,3,11.339,3.809,15.148,4.046,4.046,16,2,138,530a6f1cbbbb,2026-09-24T01:15:55+00:00
401856760,ncaaf,2026,13,2026-11-28 05:00:00+00:00,61,59,0.000,26.320,16.303,56.254,15.994,41.287,14.967,0.953,37,76,38,10,0.010,2.651,-1.112,-0.000,15.361,9.901,25.262,4.027,4.027,2,2,-0.809,1.152,0.343,4.084,4.084,63,2,138,530a6f1cbbbb,2026-09-24T01:15:55+00:00
401856761,ncaaf,2026,13,2026-11-28 05:00:00+00:00,96,97,0.000,-1.074,16.283,53.366,15.994,26.146,27.220,0.484,32,75,27,24,0.009,2.651,-1.150,-0.000,2.088,3.537,5.625,4.021,4.021,43,2,7.339,2.392,9.731,4.051,4.051,28,2,138,530a6f1cbbbb,2026-09-24T01:15:55+00:00
401856762,ncaaf,2026,13,2026-11-27 17:00:00+00:00,145,344,0.000,2.528,16.076,62.649,15.994,32.589,30.061,0.571,41,84,31,24,0.008,2.651,3.984,-0.000,8.054,4.656,12.711,3.820,3.820,22,3,9.582,3.632,13.214,3.825,3.825,20,3,138,530a6f1cbbbb,2026-09-24T01:15:55+00:00
401856763,ncaaf,2026,13,2026-11-28 05:00:00+00:00,142,201,0.000,-1.394,16.182,45.482,15.994,22.044,23.438,0.474,25,66,24,21,0.010,2.651,0.040,-0.000,4.556,6.779,11.335,4.032,4.032,24,2,3.116,12.808,15.924,3.821,3.821,11,3,138,530a6f1cbbbb,2026-09-24T01:15:55+00:00
401856764,ncaaf,2026,13,2026-11-28 05:00:00+00:00,228,2579,0.000,-4.123,16.187,51.583,15.994,23.730,27.853,0.409,31,73,24,31,0.009,2.651,0.612,-0.000,0.647,4.228,4.875,3.821,3.821,45,3,6.558,5.613,12.171,4.050,4.050,23,2,138,530a6f1cbbbb,2026-09-24T01:15:55+00:00
401856765,ncaaf,2026,13,2026-11-28 05:00:00+00:00,238,2633,0.000,-3.603,16.279,56.889,15.994,26.643,30.246,0.424,35,79,24,31,0.009,2.651,0.457,-0.000,5.448,2.934,8.382,4.032,4.032,35,2,9.393,5.583,14.977,4.032,4.032,17,2,138,530a6f1cbbbb,2026-09-24T01:15:55+00:00
401856873,ncaaf,2026,13,2026-11-28 05:00:00+00:00,12,9,0.000,8.733,16.277,50.917,15.994,29.825,21.092,0.715,30,72,31,24,0.009,2.651,-0.587,-0.000,3.916,4.747,8.662,4.032,4.032,32,2,0.514,1.855,2.368,4.026,4.026,55,2,138,530a6f1cbbbb,2026-09-24T01:15:55+00:00
401856874,ncaaf,2026,13,2026-11-28 05:00:00+00:00,248,239,0.000,6.927,16.307,54.763,15.994,30.845,23.918,0.673,34,76,31,24,0.009,2.651,1.819,-0.000,4.248,4.267,8.515,4.055,4.055,33,2,2.363,2.038,4.401,4.051,4.051,47,2,138,530a6f1cbbbb,2026-09-24T01:15:55+00:00
401856875,ncaaf,2026,13,2026-11-28 05:00:00+00:00,38,2116,0.000,-3.175,16.292,47.933,15.994,22.379,25.554,0.431,27,69,24,21,0.009,2.651,0.416,-0.000,-5.247,-0.507,-5.754,4.062,4.062,90,2,-1.499,2.205,0.706,4.026,4.026,61,2,138,530a6f1cbbbb,2026-09-24T01:15:55+00:00
401856876,ncaaf,2026,13,2026-11-28 05:00:00+00:00,252,2132,0.000,15.285,16.291,52.326,15.994,33.805,18.520,0.835,32,73,31,24,0.008,2.651,-0.876,-0.000,6.457,7.373,13.829,4.032,4.032,19,2,0.467,0.146,0.613,4.055,4.055,62,2,138,530a6f1cbbbb,2026-09-24T01:15:55+00:00
401856877,ncaaf,2026,13,2026-11-28 05:00:00+00:00,197,2305,0.000,3.470,16.305,50.936,15.994,27.203,23.733,0.595,30,72,24,21,0.009,2.651,0.327,-0.000,-1.945,0.952,-0.993,4.084,4.084,68,2,-0.968,-0.690,-1.657,4.031,4.031,70,2,138,530a6f1cbbbb,2026-09-24T01:15:55+00:00
401856878,ncaaf,2026,13,2026-11-28 05:00:00+00:00,66,2306,0.000,0.947,16.277,47.952,15.994,24.450,23.502,0.534,27,69,24,21,0.010,2.651,-1.612,-0.000,1.457,5.417,6.874,4.032,4.032,38,2,4.039,4.818,8.857,4.026,4.026,30,2,138,530a6f1cbbbb,2026-09-24T01:15:55+00:00
401856879,ncaaf,2026,13,2026-11-27 01:00:00+00:00,2641,2628,0.000,11.925,16.298,50.467,15.994,31.196,19.271,0.779,30,71,31,24,0.009,2.651,1.255,-0.000,7.124,8.154,15.277,4.032,4.032,14,2,-0.154,5.615,5.461,4.055,4.055,44,2,138,530a6f1cbbbb,2026-09-24T01:15:55+00:00
401856880,ncaaf,2026,13,2026-11-28 02:00:00+00:00,254,277,0.000,18.650,16.291,54.287,15.994,36.468,17.819,0.881,34,75,38,10,0.009,2.651,1.309,-0.000,6.271,9.689,15.959,4.031,4.031,10,2,0.515,-1.132,-0.617,4.056,4.056,66,2,138,530a6f1cbbbb,2026-09-24T01:15:55+00:00
401858311,ncaaf,2026,13,2026-11-28 05:00:00+00:00,2390,103,0.000,26.734,16.310,53.112,15.994,39.923,13.189,0.958,34,72,38,10,0.011,2.651,-0.546,-0.000,8.847,11.085,19.931,4.045,4.045,7,2,-4.326,-2.150,-6.476,4.079,4.079,95,2,138,530a6f1cbbbb,2026-09-24T01:15:55+00:00
401858312,ncaaf,2026,13,2026-11-28 05:00:00+00:00,154,150,0.000,-0.783,16.070,49.788,15.994,24.503,25.285,0.490,29,71,24,21,0.009,2.651,-0.117,-0.000,1.102,1.481,2.582,3.825,3.825,53,3,1.314,5.110,6.424,3.817,3.817,40,3,138,530a6f1cbbbb,2026-09-24T01:15:55+00:00
401858313,ncaaf,2026,13,2026-11-28 05:00:00+00:00,153,152,0.000,0.282,16.300,47.822,15.994,24.052,23.770,0.517,27,69,24,21,0.010,2.651,-1.518,-0.000,-2.867,2.947,0.080,4.050,4.050,64,2,1.738,1.051,2.789,4.055,4.055,52,2,138,530a6f1cbbbb,2026-09-24T01:15:55+00:00
401858314,ncaaf,2026,13,2026-11-28 05:00:00+00:00,183,87,0.000,-25.068,16.175,52.428,15.994,13.680,38.748,0.059,34,72,10,38,0.008,2.651,-1.105,1.009,-4.886,-0.777,-5.664,4.026,4.026,89,2,11.169,12.765,23.934,3.821,3.821,3,3,138,530a6f1cbbbb,2026-09-24T01:15:55+00:00
401858315,ncaaf,2026,13,2026-11-28 05:00:00+00:00,25,221,0.000,-8.269,16.162,51.412,15.994,21.571,29.841,0.313,31,73,24,31,0.009,2.651,1.007,-0.000,-1.439,-1.485,-2.924,4.080,4.080,76,2,2.275,6.388,8.663,3.824,3.824,31,3,138,530a6f1cbbbb,2026-09-24T01:15:55+00:00
401858316,ncaaf,2026,13,2026-11-28 05:00:00+00:00,24,2567,0.000,-14.144,16.195,54.403,15.994,20.129,34.273,0.201,34,75,24,31,0.008,2.651,1.764,-0.000,-4.602,-2.516,-7.118,3.839,3.839,99,3,5.482,4.671,10.153,4.051,4.051,26,2,138,530a6f1cbbbb,2026-09-24T01:15:55+00:00
401858317,ncaaf,2026,13,2026-11-28 05:00:00+00:00,259,258,0.000,5.119,16.291,52.698,15.994,28.908,23.789,0.633,31,74,31,24,0.009,2.651,-0.137,-0.000,4.161,2.225,6.385,4.031,4.031,41,2,1.289,2.764,4.053,4.056,4.056,48,2,138,530a6f1cbbbb,2026-09-24T01:15:55+00:00
401858536,ncaaf,2026,13,2026-11-27 17:00:00+00:00,2294,158,0.000,5.620,16.323,47.801,15.994,26.711,21.091,0.648,27,69,24,21,0.010,2.651,-2.406,-0.000,2.903,10.309,13.212,4.084,4.084,21,2,6.751,3.299,10.050,4.080,4.080,27,2,138,530a6f1cbbbb,2026-09-24T01:15:55+00:00
401858537,ncaaf,2026,13,2026-11-28 05:00:00+00:00,77,356,0.000,5.952,16.442,49.667,15.994,27.809,21.857,0.653,29,71,24,21,0.009,2.651,-2.461,-0.000,3.660,5.607,9.267,4.309,4.309,29,1,3.555,2.316,5.871,4.075,4.075,42,2,138,530a6f1cbbbb,2026-09-24T01:15:55+00:00
401858538,ncaaf,2026,13,2026-11-28 05:00:00+00:00,84,2509,0.000,25.642,16.281,54.683,15.994,40.163,14.521,0.950,35,74,38,10,0.010,2.651,-2.072,-0.000,8.097,13.515,21.612,4.045,4.045,6,2,2.367,-5.278,-2.911,4.021,4.021,75,2,138,530a6f1cbbbb,2026-09-24T01:15:55+00:00
401858539,ncaaf,2026,13,2026-11-28 05:00:00+00:00,120,213,0.000,-9.654,16.177,50.856,15.994,20.601,30.255,0.283,30,72,24,31,0.009,2.651,0.468,-0.000,0.635,1.510,2.145,4.031,4.031,58,2,5.889,9.330,15.220,3.821,3.821,15,3,138,530a6f1cbbbb,2026-09-24T01:15:55+00:00
401858540,ncaaf,2026,13,2026-11-28 17:00:00+00:00,194,130,0.000,14.069,16.079,48.113,15.994,31.091,17.022,0.823,28,69,24,17,0.009,2.651,-2.055,-0.000,13.138,14.029,27.167,3.821,3.821,1,3,4.798,9.788,14.586,3.821,3.821,18,3,138,530a6f1cbbbb,2026-09-24T01:15:55+00:00
401858541,ncaaf,2026,13,2026-11-28 05:00:00+00:00,2483,264,0.000,8.256,16.331,50.471,15.994,29.364,21.108,0.705,30,72,31,24,0.009,2.651,-0.264,-0.000,10.241,6.751,16.992,4.084,4.084,9,2,2.120,9.049,11.169,4.084,4.084,25,2,138,530a6f1cbbbb,2026-09-24T01:15:55+00:00
401858542,ncaaf,2026,13,2026-11-28 05:00:00+00:00,164,127,0.000,-4.485,16.071,49.998,15.994,22.756,27.241,0.399,30,71,24,31,0.009,2.651,-1.141,-0.000,-0.757,-4.047,-4.804,3.821,3.821,84,3,-1.295,4.238,2.943,3.814,3.814,51,3,138,530a6f1cbbbb,2026-09-24T01:15:55+00:00
401858543,ncaaf,2026,13,2026-11-28 05:00:00+00:00,26,30,0.000,-5.928,15.995,56.780,15.994,25.426,31.354,0.368,35,79,24,31,0.009,2.651,-1.930,-0.000,5.332,1.198,6.530,3.824,3.824,39,3,10.771,4.665,15.436,3.641,3.641,13,4,138,530a6f1cbbbb,2026-09-24T01:15:55+00:00
401858544,ncaaf,2026,13,2026-11-28 00:30:00+00:00,275,135,0.000,3.407,16.282,47.111,15.994,25.259,21.852,0.595,27,68,24,21,0.010,2.651,-2.806,-0.000,2.295,2.477,4.772,4.042,4.042,46,2,-0.007,4.032,4.025,4.027,4.027,49,2,138,530a6f1cbbbb,2026-09-24T01:15:55+00:00
401861969,ncaaf,2026,13,2026-11-28 05:00:00+00:00,2751,41,0.000,1.822,16.291,49.906,15.994,25.864,24.042,0.555,29,71,24,21,0.009,2.651,-0.636,-0.000,-10.041,-4.059,-14.100,4.056,4.056,123,2,-5.099,-7.935,-13.034,4.031,4.031,119,2,138,530a6f1cbbbb,2026-09-24T01:15:55+00:00
401862837,ncaaf,2026,13,2026-11-27 05:00:00+00:00,151,2226,0.000,9.541,16.077,57.715,15.994,33.628,24.087,0.729,37,79,31,24,0.009,2.651,3.554,-0.000,-2.896,0.074,-2.823,3.821,3.821,74,3,-2.281,-7.179,-9.461,3.825,3.825,110,3,138,530a6f1cbbbb,2026-09-24T01:15:55+00:00
401862838,ncaaf,2026,13,2026-11-27 05:00:00+00:00,235,218,0.000,7.159,16.199,55.390,15.994,31.274,24.116,0.679,34,77,31,24,0.010,2.651,-1.392,-0.000,0.595,-1.638,-1.042,3.872,3.872,69,3,-0.329,-5.034,-5.363,4.027,4.027,87,2,138,530a6f1cbbbb,2026-09-24T01:15:55+00:00
401862839,ncaaf,2026,13,2026-11-27 05:00:00+00:00,58,2655,0.000,1.887,16.205,49.449,15.994,25.668,23.781,0.557,29,71,24,21,0.010,2.651,0.800,-0.000,-2.685,-1.027,-3.711,4.086,4.086,81,2,-3.733,1.009,-2.724,3.821,3.821,73,3,138,530a6f1cbbbb,2026-09-24T01:15:55+00:00
401862840,ncaaf,2026,13,2026-11-28 05:00:00+00:00,2636,202,0.000,11.041,16.305,52.095,15.994,31.568,20.527,0.761,31,73,31,24,0.009,2.651,0.945,1.009,0.542,1.729,2.272,4.021,4.021,56,2,-5.086,-1.297,-6.383,4.084,4.084,94,2,138,530a6f1cbbbb,2026-09-24T01:15:55+00:00
401862841,ncaaf,2026,13,2026-11-28 05:00:00+00:00,242,349,0.000,-4.971,16.434,47.117,15.994,21.073,26.044,0.388,27,68,17,24,0.009,2.651,-5.080,-0.000,-7.202,-7.158,-14.360,4.027,4.027,125,2,-3.175,-2.719,-5.894,4.339,4.339,91,1,138,530a6f1cbbbb,2026-09-24T01:15:55+00:00
401862842,ncaaf,2026,13,2026-11-28 05:00:00+00:00,2429,2426,0.000,-4.113,16.431,49.387,15.994,22.637,26.750,0.410,29,71,21,24,0.009,2.651,-2.746,-0.000,-8.694,-7.257,-15.951,4.026,4.026,130,2,-3.833,-4.721,-8.555,4.333,4.333,107,1,138,530a6f1cbbbb,2026-09-24T01:15:55+00:00
401862843,ncaaf,2026,13,2026-11-28 05:00:00+00:00,249,5,0.000,6.539,16.074,57.854,15.994,32.197,25.658,0.665,37,79,31,24,0.009,2.651,0.222,-0.000,1.661,-6.560,-4.900,3.816,3.816,85,3,-4.258,-4.228,-8.486,3.824,3.824,106,3,138,530a6f1cbbbb,2026-09-24T01:15:55+00:00
401864546,ncaaf,2026,13,2026-11-28 21:30:00+00:00,167,2005,0.000,12.394,16.442,48.880,15.994,30.637,18.243,0.788,29,69,24,17,0.009,2.651,-3.622,-0.000,-1.531,3.708,2.177,4.050,4.050,57,2,-2.246,-6.175,-8.421,4.333,4.333,105,1,138,530a6f1cbbbb,2026-09-24T01:15:55+00:00
401864547,ncaaf,2026,13,2026-11-29 04:00:00+00:00,62,16,0.000,7.875,16.092,51.252,15.994,29.563,21.689,0.698,31,73,31,24,0.009,2.651,0.357,-0.000,-4.760,-3.325,-8.085,3.868,3.868,104,3,-7.529,-5.892,-13.421,3.810,3.810,121,3,138,530a6f1cbbbb,2026-09-24T01:15:55+00:00
401864548,ncaaf,2026,13,2026-11-29 02:00:00+00:00,2439,2440,0.000,4.224,16.207,47.934,15.994,26.079,21.855,0.615,27,69,24,21,0.010,2.651,-1.087,1.009,-5.501,-0.474,-5.976,3.864,3.864,92,3,-5.077,-2.506,-7.583,4.051,4.051,102,2,138,530a6f1cbbbb,2026-09-24T01:15:55+00:00
401864549,ncaaf,2026,13,2026-11-27 20:30:00+00:00,23,2449,0.000,-10.300,16.075,52.780,15.994,21.240,31.540,0.271,32,74,24,31,0.009,2.651,1.218,-0.000,-5.955,-5.135,-11.090,3.831,3.831,117,3,0.436,2.009,2.446,3.822,3.822,54,3,138,530a6f1cbbbb,2026-09-24T01:15:55+00:00
401864550,ncaaf,2026,13,2026-11-28 05:00:00+00:00,2459,2638,0.000,7.628,16.303,53.150,15.994,30.389,22.761,0.689,32,75,31,24,0.009,2.651,-0.069,-0.000,-8.195,-5.084,-13.280,4.055,4.055,120,2,-7.127,-11.093,-18.220,4.045,4.045,134,2,138,530a6f1cbbbb,2026-09-24T01:15:55+00:00
401866470,ncaaf,2026,13,2026-11-25 00:00:00+00:00,2199,2309,0.000,9.050,16.105,52.150,15.994,30.600,21.550,0.723,31,73,31,24,0.009,2.651,-1.582,-0.000,-7.620,-7.241,-14.862,3.644,3.644,127,4,-9.665,-11.711,-21.376,4.050,4.050,136,2,138,530a6f1cbbbb,2026-09-24T01:15:55+00:00
401866471,ncaaf,2026,13,2026-11-24 05:00:00+00:00,2711,193,0.000,12.474,16.299,48.315,15.994,30.395,17.921,0.792,28,69,24,17,0.009,2.651,-3.724,-0.000,-1.829,3.287,1.458,4.051,4.051,60,2,-3.170,-6.136,-9.306,4.051,4.051,109,2,138,530a6f1cbbbb,2026-09-24T01:15:55+00:00
401866472,ncaaf,2026,13,2026-11-27 17:00:00+00:00,2006,2084,0.000,3.556,16.284,54.549,15.994,29.053,25.497,0.596,34,76,31,24,0.009,2.651,1.217,-0.000,-7.217,-7.058,-14.275,4.051,4.051,124,2,-6.763,-8.157,-14.919,4.021,4.021,128,2,138,530a6f1cbbbb,2026-09-24T01:15:55+00:00
401866473,ncaaf,2026,13,2026-11-27 17:00:00+00:00,195,2649,0.000,-0.023,16.186,57.323,15.994,28.650,28.673,0.510,36,79,31,24,0.009,2.651,0.011,-0.000,-1.731,-4.864,-6.596,3.820,3.820,97,3,0.586,-4.164,-3.578,4.050,4.050,79,2,138,530a6f1cbbbb,2026-09-24T01:15:55+00:00
401866474,ncaaf,2026,13,2026-11-28 17:00:00+00:00,2050,2117,0.000,-7.987,16.301,47.536,15.994,19.775,27.762,0.317,27,69,17,24,0.009,2.651,-3.385,-0.000,-9.928,-11.467,-21.395,4.051,4.051,137,2,-7.200,-2.505,-9.705,4.056,4.056,111,2,138,530a6f1cbbbb,2026-09-24T01:15:55+00:00
401866475,ncaaf,2026,13,2026-11-28 17:00:00+00:00,189,113,0.000,5.104,16.449,47.943,15.994,26.523,21.419,0.635,27,69,24,21,0.010,2.651,-3.626,-0.000,-10.217,-9.961,-20.178,4.031,4.031,135,2,-12.032,-10.732,-22.764,4.363,4.363,138,1,138,530a6f1cbbbb,2026-09-24T01:15:55+00:00
401869930,ncaaf,2026,13,2026-11-27 20:00:00+00:00,6,2026,0.000,4.507,16.272,55.973,15.994,30.240,25.733,0.618,35,78,31,24,0.009,2.651,0.221,-0.000,-0.162,-5.468,-5.630,4.021,4.021,88,2,-3.638,-3.571,-7.209,4.026,4.026,100,2,138,530a6f1cbbbb,2026-09-24T01:15:55+00:00
401869939,ncaaf,2026,13,2026-11-28 20:00:00+00:00,2032,2653,0.000,-2.280,16.301,50.456,15.994,24.088,26.368,0.454,30,72,24,21,0.009,2.651,-0.462,-0.000,-5.054,-5.432,-10.486,4.051,4.051,115,2,-4.007,-1.065,-5.072,4.055,4.055,86,2,138,530a6f1cbbbb,2026-09-24T01:15:55+00:00
401869947,ncaaf,2026,13,2026-11-28 05:00:00+00:00,256,324,0.000,14.877,16.302,50.422,15.994,32.650,17.772,0.831,30,71,24,17,0.008,2.651,1.154,-0.000,-1.189,4.283,3.093,4.055,4.055,50,2,-6.015,-3.986,-10.001,4.055,4.055,113,2,138,530a6f1cbbbb,2026-09-24T01:15:55+00:00
401869954,ncaaf,2026,13,2026-11-28 05:00:00+00:00,290,2348,0.000,-0.070,16.267,53.404,15.994,26.667,26.737,0.508,32,75,27,24,0.009,2.651,0.761,-0.000,-4.898,-4.312,-9.211,4.021,4.021,108,2,-2.655,-3.483,-6.138,4.027,4.027,93,2,138,530a6f1cbbbb,2026-09-24T01:15:55+00:00
401869959,ncaaf,2026,13,2026-11-28 05:00:00+00:00,2247,309,0.000,-4.170,16.272,55.561,15.994,25.695,29.866,0.410,34,77,24,31,0.009,2.651,-0.927,-0.000,-3.207,-7.840,-11.047,4.031,4.031,116,2,-0.957,-2.893,-3.850,4.018,4.018,82,2,138,530a6f1cbbbb,2026-09-24T01:15:55+00:00
401870804,ncaaf,2026,13,2026-11-28 18:00:00+00:00,98,338,0.000,6.189,16.179,55.833,15.994,31.011,24.822,0.657,34,77,31,24,0.010,2.651,1.882,-0.000,-2.692,-7.597,-10.288,3.825,3.825,114,3,-8.233,-5.360,-13.593,4.031,4.031,122,2,138,530a6f1cbbbb,2026-09-24T01:15:55+00:00
401871062,ncaaf,2026,13,2026-11-28 20:30:00+00:00,48,55,0.000,4.200,16.176,53.126,15.994,28.663,24.463,0.612,32,75,31,24,0.009,2.651,0.332,-0.000,-3.025,-3.486,-6.511,4.032,4.032,96,2,-3.943,-3.922,-7.865,3.817,3.817,103,3,138,530a6f1cbbbb,2026-09-24T01:15:55+00:00
401871063,ncaaf,2026,13,2026-11-28 19:00:00+00:00,2623,2335,0.000,-9.131,16.298,52.557,15.994,21.713,30.844,0.297,31,73,24,31,0.009,2.651,-0.954,-0.000,-7.811,-8.161,-15.971,4.046,4.046,131,2,-1.397,-2.195,-3.593,4.055,4.055,80,2,138,530a6f1cbbbb,2026-09-24T01:15:55+00:00
401871082,ncaaf,2026,13,2026-11-28 19:00:00+00:00,2229,2534,0.000,8.516,16.203,48.300,15.994,28.408,19.892,0.714,28,69,24,17,0.009,2.651,-0.428,-0.000,-8.116,-1.607,-9.722,3.820,3.820,112,3,-8.242,-7.801,-16.043,4.084,4.084,132,2,138,530a6f1cbbbb,2026-09-24T01:15:55+00:00
401871083,ncaaf,2026,13,2026-11-28 19:00:00+00:00,2393,166,0.000,6.147,16.299,52.212,15.994,29.179,23.032,0.657,31,73,31,24,0.009,2.651,0.116,-0.000,-5.570,-5.838,-11.408,4.027,4.027,118,2,-7.998,-6.849,-14.847,4.075,4.075,126,2,138,530a6f1cbbbb,2026-09-24T01:15:55+00:00
401871102,ncaaf,2026,13,2026-11-28 05:00:00+00:00,2433,276,0.000,-7.682,16.199,54.033,15.994,23.176,30.858,0.329,33,76,24,31,0.009,2.651,-0.613,-0.000,-8.541,-9.587,-18.129,4.075,4.075,133,2,-2.567,-4.769,-7.336,3.821,3.821,101,3,138,530a6f1cbbbb,2026-09-24T01:15:55+00:00
401871103,ncaaf,2026,13,2026-11-28 05:00:00+00:00,295,2572,0.000,14.209,16.273,56.302,15.994,35.255,21.047,0.814,35,77,31,24,0.009,2.651,1.899,-0.000,-3.160,-1.119,-4.279,4.026,4.026,83,2,-5.989,-9.841,-15.830,4.027,4.027,129,2,138,530a6f1cbbbb,2026-09-24T01:15:55+00:00
401862844,ncaaf,2026,15,2026-12-12 20:00:00+00:00,349,2426,1.000,2.707,16.588,46.221,15.994,24.464,21.757,0.577,26,67,24,21,0.010,0.000,-4.876,-0.000,-3.175,-2.719,-5.894,4.339,4.339,91,1,-3.833,-4.721,-8.555,4.333,4.333,107,1,138,530a6f1cbbbb,2026-09-24T01:15:55+00:00
401872948,nfl,2026,3,2026-09-25 00:15:00+00:00,12,2,0.000,5.808,14.498,45.160,13.080,25.484,19.676,0.659,29,62,20,17,0.012,1.688,0.000,-0.000,0.049,-0.586,-0.537,3.902,3.803,18,2,-2.834,-1.307,-4.141,3.844,3.804,32,2,32,e722c67b6818,2026-09-24T01:15:55+00:00
401872949,nfl,2026,3,2026-09-27 17:00:00+00:00,8,5,0.000,-0.268,14.492,44.091,13.080,21.912,22.180,0.493,27,61,20,17,0.013,1.688,0.000,-0.000,-2.879,0.412,-2.467,3.840,3.806,25,2,1.733,-1.123,0.610,3.918,3.800,14,2,32,e722c67b6818,2026-09-24T01:15:55+00:00
401872950,nfl,2026,3,2026-09-27 17:00:00+00:00,27,7,0.000,-1.479,14.413,45.107,13.080,21.814,23.293,0.459,29,62,20,17,0.012,1.688,0.000,-0.000,-2.440,0.996,-1.444,3.891,3.793,21,2,1.253,-0.497,0.756,3.884,3.805,12,2,32,e722c67b6818,2026-09-24T01:15:55+00:00
401872951,nfl,2026,3,2026-09-27 17:00:00+00:00,14,13,0.000,0.437,14.407,47.315,13.080,23.876,23.439,0.513,31,64,20,17,0.011,1.688,0.000,-0.000,2.261,-2.837,-0.575,3.871,3.808,19,2,0.045,1.546,1.591,3.889,3.780,9,2,32,e722c67b6818,2026-09-24T01:15:55+00:00
401872952,nfl,2026,3,2026-09-27 17:00:00+00:00,20,16,0.000,-7.248,14.538,44.524,13.080,18.638,25.886,0.304,28,61,17,20,0.012,1.688,0.000,-0.000,-2.121,-1.716,-3.837,3.855,3.809,30,2,-1.551,1.500,-0.052,3.899,3.808,16,2,32,e722c67b6818,2026-09-24T01:15:55+00:00
401872953,nfl,2026,3,2026-09-27 17:00:00+00:00,4,18,0.000,9.673,14.408,48.393,13.080,29.033,19.360,0.751,32,65,20,17,0.010,1.688,0.000,-0.000,2.867,-0.881,1.987,3.912,3.779,8,2,-2.509,0.439,-2.071,3.917,3.795,24,2,32,e722c67b6818,2026-09-24T01:15:55+00:00
401872954,nfl,2026,3,2026-09-27 17:00:00+00:00,11,25,0.000,9.203,14.469,49.937,13.080,29.570,20.367,0.738,33,67,27,24,0.009,1.688,0.000,1.825,1.640,-2.058,-0.418,3.950,3.804,17,2,-2.156,-1.424,-3.580,3.841,3.805,29,2,32,e722c67b6818,2026-09-24T01:15:55+00:00
401872955,nfl,2026,3,2026-09-27 17:00:00+00:00,32,28,0.000,-9.426,14.448,45.400,13.080,17.987,27.413,0.252,29,62,17,20,0.011,1.688,0.000,-0.000,-0.515,-2.312,-2.827,3.874,3.814,27,2,1.957,5.214,7.171,3.853,3.768,1,2,32,e722c67b6818,2026-09-24T01:15:55+00:00
401872956,nfl,2026,3,2026-09-27 17:00:00+00:00,24,31,0.000,6.138,14.562,44.303,13.080,25.221,19.082,0.668,28,61,20,17,0.013,1.688,0.000,-0.000,-1.035,-0.254,-1.289,3.876,3.810,20,2,-1.597,-2.460,-4.057,3.900,3.807,31,2,32,e722c67b6818,2026-09-24T01:15:55+00:00
401872957,nfl,2026,3,2026-09-27 17:00:00+00:00,15,22,0.000,1.825,14.378,43.099,13.080,22.462,20.637,0.553,27,60,20,17,0.014,1.688,0.000,-0.000,1.349,2.090,3.439,3.919,3.796,5,2,0.326,4.198,4.525,3.880,3.761,2,2,32,e722c67b6818,2026-09-24T01:15:55+00:00
401872958,nfl,2026,3,2026-09-27 20:05:00+00:00,29,1,0.000,10.332,14.405,46.753,13.080,28.542,18.211,0.767,30,63,20,17,0.010,1.688,0.000,-0.000,2.245,1.818,4.063,3.876,3.786,3,2,-0.989,-1.841,-2.830,3.904,3.808,28,2,32,e722c67b6818,2026-09-24T01:15:55+00:00
401872959,nfl,2026,3,2026-09-27 20:05:00+00:00,30,21,0.000,-4.617,14.519,44.194,13.080,19.788,24.405,0.372,28,61,17,20,0.012,1.688,0.000,-0.000,-0.665,-1.319,-1.984,3.940,3.808,23,2,-0.532,4.131,3.599,3.841,3.807,4,2,32,e722c67b6818,2026-09-24T01:15:55+00:00
401872960,nfl,2026,3,2026-09-27 20:25:00+00:00,9,3,1.000,-3.564,14.407,50.302,13.080,23.369,26.933,0.403,34,67,24,27,0.009,0.000,0.000,-0.000,0.487,-3.137,-2.650,3.932,3.811,26,2,0.612,0.425,1.037,3.905,3.806,11,2,32,e722c67b6818,2026-09-24T01:15:55+00:00
401872961,nfl,2026,3,2026-09-27 20:25:00+00:00,23,19,0.000,2.532,14.488,45.143,13.080,23.837,21.306,0.571,29,62,20,17,0.013,1.688,0.000,1.825,-0.406,0.973,0.567,3.871,3.809,15,2,-1.702,-0.142,-1.844,3.851,3.807,22,2,32,e722c67b6818,2026-09-24T01:15:55+00:00
401872962,nfl,2026,3,2026-09-28 00:20:00+00:00,10,17,0.000,-1.967,14.384,44.442,13.080,21.238,23.204,0.445,28,61,20,17,0.012,1.688,0.000,-0.000,-0.585,1.900,1.315,3.887,3.781,10,2,1.430,1.483,2.913,3.910,3.770,6,2,32,e722c67b6818,2026-09-24T01:15:55+00:00
401872963,nfl,2026,3,2026-09-29 00:15:00+00:00,6,26,0.000,2.290,14.390,45.305,13.080,23.798,21.508,0.565,29,62,20,17,0.013,1.688,0.000,-0.000,2.265,0.099,2.364,3.906,3.784,7,2,-1.229,1.897,0.668,3.918,3.796,13,2,32,e722c67b6818,2026-09-24T01:15:55+00:00
401872964,nfl,2026,4,2026-10-02 00:15:00+00:00,8,27,0.000,0.233,14.480,41.157,13.080,20.695,20.462,0.507,25,58,20,17,0.014,1.688,0.000,-0.000,-2.879,0.412,-2.467,3.840,3.806,25,2,-2.440,0.996,-1.444,3.891,3.793,21,2,32,e722c67b6818,2026-09-24T01:15:55+00:00
401872965,nfl,2026,4,2026-10-04 13:30:00+00:00,32,14,1.000,-2.853,14.440,48.554,13.080,22.850,25.703,0.421,32,65,17,20,0.010,0.000,0.000,-0.000,-0.515,-2.312,-2.827,3.874,3.814,27,2,2.261,-2.837,-0.575,3.871,3.808,19,2,32,e722c67b6818,2026-09-24T01:15:55+00:00
401872966,nfl,2026,4,2026-10-04 17:00:00+00:00,24,1,0.000,3.996,14.560,44.876,13.080,24.436,20.440,0.611,29,62,20,17,0.013,1.688,0.000,-0.000,-1.035,-0.254,-1.289,3.876,3.810,20,2,-0.989,-1.841,-2.830,3.904,3.808,28,2,32,e722c67b6818,2026-09-24T01:15:55+00:00
401872967,nfl,2026,4,2026-10-04 17:00:00+00:00,13,9,0.000,2.237,14.400,48.044,13.080,25.140,22.903,0.563,31,65,20,17,0.011,1.688,0.000,-0.000,0.045,1.546,1.591,3.889,3.780,9,2,0.487,-3.137,-2.650,3.932,3.811,26,2,32,e722c67b6818,2026-09-24T01:15:55+00:00
401872968,nfl,2026,4,2026-10-04 17:00:00+00:00,30,12,0.000,0.012,14.413,46.844,13.080,23.428,23.416,0.501,30,64,20,17,0.011,1.688,0.000,-0.000,-0.665,-1.319,-1.984,3.940,3.808,23,2,0.049,-0.586,-0.537,3.902,3.803,18,2,32,e722c67b6818,2026-09-24T01:15:55+00:00
401872969,nfl,2026,4,2026-10-04 17:00:00+00:00,7,15,0.000,-1.021,14.420,47.478,13.080,23.229,24.249,0.472,31,65,20,17,0.011,1.688,0.000,-0.000,1.253,-0.497,0.756,3.884,3.805,12,2,1.349,2.090,3.439,3.919,3.796,5,2,32,e722c67b6818,2026-09-24T01:15:55+00:00
401872970,nfl,2026,4,2026-10-04 17:00:00+00:00,26,17,0.000,-1.247,14.392,44.924,13.080,21.838,23.085,0.465,29,62,20,17,0.012,1.688,0.000,-0.000,-1.229,1.897,0.668,3.918,3.796,13,2,1.430,1.483,2.913,3.910,3.770,6,2,32,e722c67b6818,2026-09-24T01:15:55+00:00
401872971,nfl,2026,4,2026-10-04 17:00:00+00:00,4,22,0.000,3.129,14.365,47.624,13.080,25.377,22.248,0.587,31,65,20,17,0.011,1.688,0.000,-0.000,2.867,-0.881,1.987,3.912,3.779,8,2,0.326,4.198,4.525,3.880,3.761,2,2,32,e722c67b6818,2026-09-24T01:15:55+00:00
401872972,nfl,2026,4,2026-10-04 17:00:00+00:00,6,25,0.000,8.792,14.449,45.463,13.080,27.128,18.335,0.733,29,62,20,17,0.012,1.688,0.000,-0.000,2.265,0.099,2.364,3.906,3.784,7,2,-2.156,-1.424,-3.580,3.841,3.805,29,2,32,e722c67b6818,2026-09-24T01:15:55+00:00
401872973,nfl,2026,4,2026-10-04 17:00:00+00:00,3,31,0.000,11.095,14.430,46.899,13.080,28.997,17.902,0.783,30,64,20,17,0.010,1.688,0.000,-0.000,0.612,0.425,1.037,3.905,3.806,11,2,-1.597,-2.460,-4.057,3.900,3.807,31,2,32,e722c67b6818,2026-09-24T01:15:55+00:00
401872974,nfl,2026,4,2026-10-04 20:05:00+00:00,21,20,0.000,11.612,14.593,44.393,13.080,28.002,16.390,0.794,28,61,20,17,0.011,1.688,0.000,1.825,-0.532,4.131,3.599,3.841,3.807,4,2,-2.121,-1.716,-3.837,3.855,3.809,30,2,32,e722c67b6818,2026-09-24T01:15:55+00:00
401872975,nfl,2026,4,2026-10-04 20:25:00+00:00,29,10,0.000,5.814,14.401,44.697,13.080,25.255,19.441,0.661,28,61,20,17,0.013,1.688,0.000,-0.000,2.245,1.818,4.063,3.876,3.786,3,2,-0.585,1.900,1.315,3.887,3.781,10,2,32,e722c67b6818,2026-09-24T01:15:55+00:00
401872976,nfl,2026,4,2026-10-04 20:25:00+00:00,19,16,0.000,-3.162,14.484,46.949,13.080,21.894,25.056,0.413,30,64,17,20,0.011,1.688,0.000,1.825,-1.702,-0.142,-1.844,3.851,3.807,22,2,-1.551,1.500,-0.052,3.899,3.808,16,2,32,e722c67b6818,2026-09-24T01:15:55+00:00
401872977,nfl,2026,4,2026-10-04 20:25:00+00:00,28,18,0.000,11.447,14.407,42.851,13.080,27.149,15.702,0.796,27,59,20,17,0.012,1.688,0.000,-0.000,1.957,5.214,7.171,3.853,3.768,1,2,-2.509,0.439,-2.071,3.917,3.795,24,2,32,e722c67b6818,2026-09-24T01:15:55+00:00
401872978,nfl,2026,4,2026-10-05 00:20:00+00:00,5,11,0.000,-1.466,14.408,50.448,13.080,24.491,25.957,0.460,34,68,27,24,0.009,1.688,0.000,-0.000,1.733,-1.123,0.610,3.918,3.800,14,2,1.640,-2.058,-0.418,3.950,3.804,17,2,32,e722c67b6818,2026-09-24T01:15:55+00:00
401872979,nfl,2026,4,2026-10-06 00:15:00+00:00,23,2,0.000,5.441,14.482,44.753,13.080,25.097,19.656,0.650,28,61,20,17,0.013,1.688,0.000,1.825,-0.406,0.973,0.567,3.871,3.809,15,2,-2.834,-1.307,-4.141,3.844,3.804,32,2,32,e722c67b6818,2026-09-24T01:15:55+00:00
401872980,nfl,2026,5,2026-10-09 00:15:00+00:00,9,30,0.000,3.295,14.424,50.193,13.080,26.744,23.449,0.591,33,67,27,24,0.010,1.688,0.000,-0.000,0.487,-3.137,-2.650,3.932,3.811,26,2,-0.665,-1.319,-1.984,3.940,3.808,23,2,32,e722c67b6818,2026-09-24T01:15:55+00:00
401872981,nfl,2026,5,2026-10-11 13:30:00+00:00,15,26,0.000,4.394,14.405,44.332,13.080,24.363,19.969,0.623,28,61,20,17,0.013,1.688,0.000,-0.000,1.349,2.090,3.439,3.919,3.796,5,2,-1.229,1.897,0.668,3.918,3.796,13,2,32,e722c67b6818,2026-09-24T01:15:55+00:00
401872982,nfl,2026,5,2026-10-11 17:00:00+00:00,20,7,0.000,-5.724,14.511,45.812,13.080,20.044,25.768,0.344,30,63,17,20,0.011,1.688,0.000,-0.000,-2.121,-1.716,-3.837,3.855,3.809,30,2,1.253,-0.497,0.756,3.884,3.805,12,2,32,e722c67b6818,2026-09-24T01:15:55+00:00
401872983,nfl,2026,5,2026-10-11 17:00:00+00:00,25,8,0.000,-0.938,14.526,41.630,13.080,20.346,21.284,0.473,26,58,20,17,0.014,1.688,0.000,-0.000,-2.156,-1.424,-3.580,3.841,3.805,29,2,-2.879,0.412,-2.467,3.840,3.806,25,2,32,e722c67b6818,2026-09-24T01:15:55+00:00
401872984,nfl,2026,5,2026-10-11 17:00:00+00:00,31,13,0.000,-4.962,14.393,43.284,13.080,19.161,24.123,0.361,27,60,17,20,0.013,1.688,0.000,-0.000,-1.597,-2.460,-4.057,3.900,3.807,31,2,0.045,1.546,1.591,3.889,3.780,9,2,32,e722c67b6818,2026-09-24T01:15:55+00:00
401872985,nfl,2026,5,2026-10-11 17:00:00+00:00,27,14,0.000,0.627,14.419,46.631,13.080,23.629,23.002,0.518,30,64,20,17,0.012,1.688,0.000,-0.000,-2.440,0.996,-1.444,3.891,3.793,21,2,2.261,-2.837,-0.575,3.871,3.808,19,2,32,e722c67b6818,2026-09-24T01:15:55+00:00
401872986,nfl,2026,5,2026-10-11 17:00:00+00:00,22,19,0.000,6.558,14.441,42.429,13.080,24.493,17.935,0.682,26,59,20,17,0.014,1.688,0.000,-0.000,0.326,4.198,4.525,3.880,3.761,2,2,-1.702,-0.142,-1.844,3.851,3.807,22,2,32,e722c67b6818,2026-09-24T01:15:55+00:00
401872987,nfl,2026,5,2026-10-11 17:00:00+00:00,23,21,0.000,-3.432,14.532,43.869,13.080,20.218,23.650,0.404,27,61,17,20,0.013,1.688,0.000,1.825,-0.406,0.973,0.567,3.871,3.809,15,2,-0.532,4.131,3.599,3.841,3.807,4,2,32,e722c67b6818,2026-09-24T01:15:55+00:00
401872988,nfl,2026,5,2026-10-11 17:00:00+00:00,32,24,0.000,-0.357,14.569,45.770,13.080,22.707,23.064,0.490,29,63,20,17,0.012,1.688,0.000,-0.000,-0.515,-2.312,-2.827,3.874,3.814,27,2,-1.035,-0.254,-1.289,3.876,3.810,20,2,32,e722c67b6818,2026-09-24T01:15:55+00:00
401872989,nfl,2026,5,2026-10-11 20:05:00+00:00,18,10,0.000,-1.458,14.382,43.152,13.080,20.847,22.305,0.459,27,60,20,17,0.013,1.688,0.000,1.825,-2.509,0.439,-2.071,3.917,3.795,24,2,-0.585,1.900,1.315,3.887,3.781,10,2,32,e722c67b6818,2026-09-24T01:15:55+00:00
401872990,nfl,2026,5,2026-10-11 20:25:00+00:00,12,6,0.000,-0.559,14.375,47.502,13.080,23.472,24.031,0.485,31,65,20,17,0.011,1.688,0.000,-0.000,0.049,-0.586,-0.537,3.902,3.803,18,2,2.265,0.099,2.364,3.906,3.784,7,2,32,e722c67b6818,2026-09-24T01:15:55+00:00
401872991,nfl,2026,5,2026-10-11 20:25:00+00:00,1,11,0.000,-4.472,14.423,49.418,13.080,22.473,26.945,0.378,33,66,20,27,0.009,1.688,0.000,-0.000,-0.989,-1.841,-2.830,3.904,3.808,28,2,1.640,-2.058,-0.418,3.950,3.804,17,2,32,e722c67b6818,2026-09-24T01:15:55+00:00
401872992,nfl,2026,5,2026-10-11 20:25:00+00:00,28,29,0.000,4.489,14.373,45.318,13.080,24.903,20.415,0.625,29,62,20,17,0.013,1.688,0.000,-0.000,1.957,5.214,7.171,3.853,3.768,1,2,2.245,1.818,4.063,3.876,3.786,3,2,32,e722c67b6818,2026-09-24T01:15:55+00:00
401872993,nfl,2026,5,2026-10-12 00:20:00+00:00,2,3,0.000,-6.239,14.491,46.212,13.080,19.986,26.225,0.331,30,63,17,20,0.011,1.688,0.000,-0.000,-2.834,-1.307,-4.141,3.844,3.804,32,2,0.612,0.425,1.037,3.905,3.806,11,2,32,e722c67b6818,2026-09-24T01:15:55+00:00
401872994,nfl,2026,5,2026-10-13 00:15:00+00:00,17,4,0.000,0.285,14.382,53.093,13.080,26.689,26.404,0.508,36,70,27,24,0.010,1.688,0.000,1.825,1.430,1.483,2.913,3.910,3.770,6,2,2.867,-0.881,1.987,3.912,3.779,8,2,32,e722c67b6818,2026-09-24T01:15:55+00:00
401872995,nfl,2026,6,2026-10-16 00:15:00+00:00,10,28,0.000,-5.505,14.395,42.446,13.080,18.471,23.976,0.346,26,59,17,20,0.013,1.688,0.000,-0.000,-0.585,1.900,1.315,3.887,3.781,10,2,1.957,5.214,7.171,3.853,3.768,1,2,32,e722c67b6818,2026-09-24T01:15:55+00:00
401872996,nfl,2026,6,2026-10-18 13:30:00+00:00,15,13,1.000,3.413,14.366,43.265,13.080,23.339,19.926,0.597,27,60,20,17,0.014,0.000,0.000,-0.000,1.349,2.090,3.439,3.919,3.796,5,2,0.045,1.546,1.591,3.889,3.780,9,2,32,e722c67b6818,2026-09-24T01:15:55+00:00
401872997,nfl,2026,6,2026-10-18 17:00:00+00:00,8,3,0.000,-4.527,14.495,45.099,13.080,20.286,24.813,0.375,29,62,17,20,0.012,1.688,0.000,-0.000,-2.879,0.412,-2.467,3.840,3.806,25,2,0.612,0.425,1.037,3.905,3.806,11,2,32,e722c67b6818,2026-09-24T01:15:55+00:00
401872998,nfl,2026,6,2026-10-18 17:00:00+00:00,26,5,0.000,3.683,14.409,44.939,13.080,24.311,20.628,0.603,29,62,20,17,0.013,1.688,0.000,-0.000,-1.229,1.897,0.668,3.918,3.796,13,2,1.733,-1.123,0.610,3.918,3.800,14,2,32,e722c67b6818,2026-09-24T01:15:55+00:00
401872999,nfl,2026,6,2026-10-18 17:00:00+00:00,2,6,0.000,-4.829,14.465,45.635,13.080,20.403,25.232,0.367,29,62,17,20,0.012,1.688,0.000,-0.000,-2.834,-1.307,-4.141,3.844,3.804,32,2,2.265,0.099,2.364,3.906,3.784,7,2,32,e722c67b6818,2026-09-24T01:15:55+00:00
401873000,nfl,2026,6,2026-10-18 17:00:00+00:00,24,23,0.000,0.624,14.549,43.548,13.080,22.086,21.462,0.518,27,60,20,17,0.013,1.688,0.000,-0.000,-1.035,-0.254,-1.289,3.876,3.810,20,2,-0.406,0.973,0.567,3.871,3.809,15,2,32,e722c67b6818,2026-09-24T01:15:55+00:00
401873001,nfl,2026,6,2026-10-18 17:00:00+00:00,22,25,0.000,10.134,14.425,41.902,13.080,26.018,15.884,0.769,26,58,20,17,0.013,1.688,0.000,-0.000,0.326,4.198,4.525,3.880,3.761,2,2,-2.156,-1.424,-3.580,3.841,3.805,29,2,32,e722c67b6818,2026-09-24T01:15:55+00:00
401873002,nfl,2026,6,2026-10-18 17:00:00+00:00,30,27,0.000,1.318,14.409,43.983,13.080,22.650,21.333,0.538,27,61,20,17,0.013,1.688,0.000,-0.000,-0.665,-1.319,-1.984,3.940,3.808,23,2,-2.440,0.996,-1.444,3.891,3.793,21,2,32,e722c67b6818,2026-09-24T01:15:55+00:00
401873003,nfl,2026,6,2026-10-18 17:00:00+00:00,14,31,0.000,7.252,14.427,48.095,13.080,27.674,20.421,0.694,31,65,20,17,0.010,1.688,0.000,-0.000,2.261,-2.837,-0.575,3.871,3.808,19,2,-1.597,-2.460,-4.057,3.900,3.807,31,2,32,e722c67b6818,2026-09-24T01:15:55+00:00
401873004,nfl,2026,6,2026-10-18 20:05:00+00:00,17,1,0.000,9.688,14.377,48.348,13.080,29.018,19.330,0.752,32,65,20,17,0.010,1.688,0.000,1.825,1.430,1.483,2.913,3.910,3.770,6,2,-0.989,-1.841,-2.830,3.904,3.808,28,2,32,e722c67b6818,2026-09-24T01:15:55+00:00
401873005,nfl,2026,6,2026-10-18 20:25:00+00:00,19,4,0.000,-5.461,14.460,51.465,13.080,23.002,28.463,0.353,35,68,24,27,0.009,1.688,0.000,1.825,-1.702,-0.142,-1.844,3.851,3.807,22,2,2.867,-0.881,1.987,3.912,3.779,8,2,32,e722c67b6818,2026-09-24T01:15:55+00:00
401873006,nfl,2026,6,2026-10-18 20:25:00+00:00,16,18,0.000,7.184,14.409,43.942,13.080,25.563,18.379,0.696,27,61,20,17,0.013,1.688,0.000,-0.000,-1.551,1.500,-0.052,3.899,3.808,16,2,-2.509,0.439,-2.071,3.917,3.795,24,2,32,e722c67b6818,2026-09-24T01:15:55+00:00
401873007,nfl,2026,6,2026-10-19 00:20:00+00:00,12,9,0.000,1.532,14.427,50.280,13.080,25.906,24.374,0.543,33,67,27,24,0.010,1.688,0.000,-0.000,0.049,-0.586,-0.537,3.902,3.803,18,2,0.487,-3.137,-2.650,3.932,3.811,26,2,32,e722c67b6818,2026-09-24T01:15:55+00:00
401873008,nfl,2026,6,2026-10-20 00:15:00+00:00,29,32,0.000,9.833,14.428,47.664,13.080,28.748,18.916,0.755,31,64,20,17,0.010,1.688,0.000,-0.000,2.245,1.818,4.063,3.876,3.786,3,2,-0.515,-2.312,-2.827,3.874,3.814,27,2,32,e722c67b6818,2026-09-24T01:15:55+00:00
401873009,nfl,2026,7,2026-10-27 00:15:00+00:00,26,9,0.000,2.888,14.394,48.040,13.080,25.464,22.576,0.580,31,65,20,17,0.011,1.688,0.000,-0.000,-1.229,1.897,0.668,3.918,3.796,13,2,0.487,-3.137,-2.650,3.932,3.811,26,2,32,e722c67b6818,2026-09-24T01:15:55+00:00
401873010,nfl,2026,7,2026-10-23 00:15:00+00:00,6,22,0.000,-0.273,14.372,44.117,13.080,21.922,22.195,0.493,27,61,20,17,0.013,1.688,0.000,-0.000,2.265,0.099,2.364,3.906,3.784,7,2,0.326,4.198,4.525,3.880,3.761,2,2,32,e722c67b6818,2026-09-24T01:15:55+00:00
401873011,nfl,2026,7,2026-10-25 13:30:00+00:00,23,27,1.000,0.918,14.390,42.657,13.080,21.787,20.869,0.527,26,59,20,17,0.014,0.000,0.000,1.825,-0.406,0.973,0.567,3.871,3.809,15,2,-2.440,0.996,-1.444,3.891,3.793,21,2,32,e722c67b6818,2026-09-24T01:15:55+00:00
401873012,nfl,2026,7,2026-10-25 17:00:00+00:00,3,7,0.000,3.437,14.418,49.114,13.080,26.276,22.838,0.595,33,66,20,17,0.010,1.688,0.000,-0.000,0.612,0.425,1.037,3.905,3.806,11,2,1.253,-0.497,0.756,3.884,3.805,12,2,32,e722c67b6818,2026-09-24T01:15:55+00:00
401873013,nfl,2026,7,2026-10-25 17:00:00+00:00,31,8,0.000,-1.694,14.464,42.387,13.080,20.347,22.040,0.452,26,59,20,17,0.013,1.688,0.000,-0.000,-1.597,-2.460,-4.057,3.900,3.807,31,2,-2.879,0.412,-2.467,3.840,3.806,25,2,32,e722c67b6818,2026-09-24T01:15:55+00:00
401873014,nfl,2026,7,2026-10-25 17:00:00+00:00,21,14,0.000,6.860,14.533,48.722,13.080,27.791,20.931,0.683,32,65,20,17,0.010,1.688,0.000,1.825,-0.532,4.131,3.599,3.841,3.807,4,2,2.261,-2.837,-0.575,3.871,3.808,19,2,32,e722c67b6818,2026-09-24T01:15:55+00:00
401873015,nfl,2026,7,2026-10-25 17:00:00+00:00,25,20,0.000,1.885,14.541,42.329,13.080,22.107,20.222,0.554,26,59,20,17,0.014,1.688,0.000,-0.000,-2.156,-1.424,-3.580,3.841,3.805,29,2,-2.121,-1.716,-3.837,3.855,3.809,30,2,32,e722c67b6818,2026-09-24T01:15:55+00:00
401873016,nfl,2026,7,2026-10-25 17:00:00+00:00,13,24,0.000,3.429,14.531,43.598,13.080,23.514,20.085,0.596,27,60,20,17,0.014,1.688,0.000,-0.000,0.045,1.546,1.591,3.889,3.780,9,2,-1.035,-0.254,-1.289,3.876,3.810,20,2,32,e722c67b6818,2026-09-24T01:15:55+00:00
401873017,nfl,2026,7,2026-10-25 17:00:00+00:00,2,29,0.000,-7.639,14.480,45.531,13.080,18.946,26.585,0.295,29,62,17,20,0.011,1.688,0.000,-0.000,-2.834,-1.307,-4.141,3.844,3.804,32,2,2.245,1.818,4.063,3.876,3.786,3,2,32,e722c67b6818,2026-09-24T01:15:55+00:00
401873018,nfl,2026,7,2026-10-25 17:00:00+00:00,5,30,0.000,2.310,14.385,46.999,13.080,24.655,22.344,0.565,30,64,20,17,0.011,1.688,0.000,-0.000,1.733,-1.123,0.610,3.918,3.800,14,2,-0.665,-1.319,-1.984,3.940,3.808,23,2,32,e722c67b6818,2026-09-24T01:15:55+00:00
401873019,nfl,2026,7,2026-10-25 20:05:00+00:00,1,10,0.000,-2.729,14.415,43.377,13.080,20.324,23.053,0.423,27,60,17,20,0.013,1.688,0.000,-0.000,-0.989,-1.841,-2.830,3.904,3.808,28,2,-0.585,1.900,1.315,3.887,3.781,10,2,32,e722c67b6818,2026-09-24T01:15:55+00:00
401873020,nfl,2026,7,2026-10-25 20:25:00+00:00,11,12,0.000,3.900,14.398,52.190,13.080,28.045,24.145,0.607,35,69,27,24,0.010,1.688,0.000,1.825,1.640,-2.058,-0.418,3.950,3.804,17,2,0.049,-0.586,-0.537,3.902,3.803,18,2,32,e722c67b6818,2026-09-24T01:15:55+00:00
401873021,nfl,2026,7,2026-10-25 20:25:00+00:00,19,17,0.000,-4.011,14.452,47.540,13.080,21.765,25.776,0.390,31,65,17,20,0.010,1.688,0.000,1.825,-1.702,-0.142,-1.844,3.851,3.807,22,2,1.430,1.483,2.913,3.910,3.770,6,2,32,e722c67b6818,2026-09-24T01:15:55+00:00
401873022,nfl,2026,7,2026-10-26 00:20:00+00:00,28,16,0.000,6.043,14.435,44.746,13.080,25.394,19.351,0.666,28,61,20,17,0.013,1.688,0.000,-0.000,1.957,5.214,7.171,3.853,3.768,1,2,-1.551,1.500,-0.052,3.899,3.808,16,2,32,e722c67b6818,2026-09-24T01:15:55+00:00
401873023,nfl,2026,8,2026-10-30 00:15:00+00:00,12,5,0.000,2.394,14.419,47.114,13.080,24.754,22.360,0.567,30,64,20,17,0.011,1.688,0.000,-0.000,0.049,-0.586,-0.537,3.902,3.803,18,2,1.733,-1.123,0.610,3.918,3.800,14,2,32,e722c67b6818,2026-09-24T01:15:55+00:00
401873024,nfl,2026,8,2026-11-01 18:00:00+00:00,9,1,0.000,5.549,14.426,49.425,13.080,27.487,21.938,0.650,33,66,27,24,0.010,1.688,0.000,-0.000,0.487,-3.137,-2.650,3.932,3.811,26,2,-0.989,-1.841,-2.830,3.904,3.808,28,2,32,e722c67b6818,2026-09-24T01:15:55+00:00
401873025,nfl,2026,8,2026-11-01 18:00:00+00:00,30,2,0.000,4.268,14.472,44.977,13.080,24.622,20.355,0.619,29,62,20,17,0.013,1.688,0.000,-0.000,-0.665,-1.319,-1.984,3.940,3.808,23,2,-2.834,-1.307,-4.141,3.844,3.804,32,2,32,e722c67b6818,2026-09-24T01:15:55+00:00
401873026,nfl,2026,8,2026-11-01 18:00:00+00:00,4,3,0.000,3.694,14.405,52.174,13.080,27.934,24.240,0.601,35,69,27,24,0.010,1.688,0.000,-0.000,2.867,-0.881,1.987,3.912,3.779,8,2,0.612,0.425,1.037,3.905,3.806,11,2,32,e722c67b6818,2026-09-24T01:15:55+00:00
401873027,nfl,2026,8,2026-11-01 18:00:00+00:00,27,8,0.000,2.684,14.461,41.204,13.080,21.944,19.260,0.577,25,58,20,17,0.015,1.688,0.000,-0.000,-2.440,0.996,-1.444,3.891,3.793,21,2,-2.879,0.412,-2.467,3.840,3.806,25,2,32,e722c67b6818,2026-09-24T01:15:55+00:00
401873028,nfl,2026,8,2026-11-01 18:00:00+00:00,15,14,0.000,6.419,14.407,49.161,13.080,27.790,21.371,0.673,33,66,20,17,0.010,1.688,0.000,-0.000,1.349,2.090,3.439,3.919,3.796,5,2,2.261,-2.837,-0.575,3.871,3.808,19,2,32,e722c67b6818,2026-09-24T01:15:55+00:00
401873029,nfl,2026,8,2026-11-01 18:00:00+00:00,25,19,0.000,-2.203,14.570,43.168,13.080,20.482,22.686,0.438,27,60,17,20,0.013,1.688,0.000,-0.000,-2.156,-1.424,-3.580,3.841,3.805,29,2,-1.702,-0.142,-1.844,3.851,3.807,22,2,32,e722c67b6818,2026-09-24T01:15:55+00:00
401873030,nfl,2026,8,2026-11-01 18:00:00+00:00,11,21,0.000,-1.033,14.499,49.313,13.080,24.140,25.173,0.472,33,66,27,24,0.009,1.688,0.000,1.825,1.640,-2.058,-0.418,3.950,3.804,17,2,-0.532,4.131,3.599,3.841,3.807,4,2,32,e722c67b6818,2026-09-24T01:15:55+00:00
401873031,nfl,2026,8,2026-11-01 18:00:00+00:00,7,31,0.000,9.290,14.437,46.721,13.080,28.005,18.716,0.743,30,63,20,17,0.011,1.688,0.000,-0.000,1.253,-0.497,0.756,3.884,3.805,12,2,-1.597,-2.460,-4.057,3.900,3.807,31,2,32,e722c67b6818,2026-09-24T01:15:55+00:00
401873032,nfl,2026,8,2026-11-01 21:05:00+00:00,17,18,0.000,8.200,14.399,46.301,13.080,27.250,19.051,0.719,30,63,20,17,0.011,1.688,0.000,1.825,1.430,1.483,2.913,3.910,3.770,6,2,-2.509,0.439,-2.071,3.917,3.795,24,2,32,e722c67b6818,2026-09-24T01:15:55+00:00
401873033,nfl,2026,8,2026-11-01 21:25:00+00:00,10,16,0.000,-1.152,14.325,43.861,13.080,21.354,22.507,0.467,27,61,20,17,0.013,1.688,0.000,-0.000,-0.585,1.900,1.315,3.887,3.781,10,2,-1.551,1.500,-0.052,3.899,3.808,16,2,32,e722c67b6818,2026-09-24T01:15:55+00:00
401873034,nfl,2026,8,2026-11-01 21:25:00+00:00,20,22,0.000,-7.550,14.468,41.688,13.080,17.069,24.619,0.293,26,58,17,20,0.013,1.688,0.000,-0.000,-2.121,-1.716,-3.837,3.855,3.809,30,2,0.326,4.198,4.525,3.880,3.761,2,2,32,e722c67b6818,2026-09-24T01:15:55+00:00
401873035,nfl,2026,8,2026-11-02 01:20:00+00:00,32,26,0.000,-2.932,14.346,44.824,13.080,20.946,23.878,0.418,28,61,17,20,0.012,1.688,0.000,-0.000,-0.515,-2.312,-2.827,3.874,3.814,27,2,-1.229,1.897,0.668,3.918,3.796,13,2,32,e722c67b6818,2026-09-24T01:15:55+00:00
401873036,nfl,2026,8,2026-11-03 01:15:00+00:00,28,6,0.000,7.351,14.391,45.731,13.080,26.541,19.190,0.699,30,62,20,17,0.012,1.688,0.000,-0.000,1.957,5.214,7.171,3.853,3.768,1,2,2.265,0.099,2.364,3.906,3.784,7,2,32,e722c67b6818,2026-09-24T01:15:55+00:00
401873037,nfl,2026,9,2026-11-06 01:15:00+00:00,3,15,0.000,0.789,14.417,47.512,13.080,24.151,23.361,0.522,31,65,20,17,0.011,1.688,0.000,-0.000,0.612,0.425,1.037,3.905,3.806,11,2,1.349,2.090,3.439,3.919,3.796,5,2,32,e722c67b6818,2026-09-24T01:15:55+00:00
401873038,nfl,2026,9,2026-11-08 14:30:00+00:00,2,7,1.000,-5.978,14.477,45.121,13.080,19.572,25.550,0.337,29,62,17,20,0.012,0.000,0.000,-0.000,-2.834,-1.307,-4.141,3.844,3.804,32,2,1.253,-0.497,0.756,3.884,3.805,12,2,32,e722c67b6818,2026-09-24T01:15:55+00:00
401873039,nfl,2026,9,2026-11-08 18:00:00+00:00,23,8,0.000,3.746,14.494,43.650,13.080,23.698,19.952,0.605,27,60,20,17,0.014,1.688,0.000,1.825,-0.406,0.973,0.567,3.871,3.809,15,2,-2.879,0.412,-2.467,3.840,3.806,25,2,32,e722c67b6818,2026-09-24T01:15:55+00:00
401873040,nfl,2026,9,2026-11-08 18:00:00+00:00,14,9,0.000,1.129,14.435,52.916,13.080,27.023,25.894,0.531,36,70,27,24,0.010,1.688,0.000,-0.000,2.261,-2.837,-0.575,3.871,3.808,19,2,0.487,-3.137,-2.650,3.932,3.811,26,2,32,e722c67b6818,2026-09-24T01:15:55+00:00
401873041,nfl,2026,9,2026-11-08 18:00:00+00:00,5,10,0.000,0.120,14.406,44.379,13.080,22.250,22.130,0.504,28,61,20,17,0.013,1.688,0.000,-0.000,1.733,-1.123,0.610,3.918,3.800,14,2,-0.585,1.900,1.315,3.887,3.781,10,2,32,e722c67b6818,2026-09-24T01:15:55+00:00
401873042,nfl,2026,9,2026-11-08 18:00:00+00:00,20,11,0.000,-6.305,14.509,48.087,13.080,20.891,27.196,0.331,31,65,17,20,0.010,1.688,0.000,-0.000,-2.121,-1.716,-3.837,3.855,3.809,30,2,1.640,-2.058,-0.418,3.950,3.804,17,2,32,e722c67b6818,2026-09-24T01:15:55+00:00
401873043,nfl,2026,9,2026-11-08 18:00:00+00:00,32,17,0.000,-5.843,14.436,47.321,13.080,20.739,26.582,0.341,31,64,17,20,0.010,1.688,0.000,-0.000,-0.515,-2.312,-2.827,3.874,3.814,27,2,1.430,1.483,2.913,3.910,3.770,6,2,32,e722c67b6818,2026-09-24T01:15:55+00:00
401873044,nfl,2026,9,2026-11-08 18:00:00+00:00,26,24,0.000,4.051,14.539,43.610,13.080,23.830,19.780,0.613,27,60,20,17,0.013,1.688,0.000,-0.000,-1.229,1.897,0.668,3.918,3.796,13,2,-1.035,-0.254,-1.289,3.876,3.810,20,2,32,e722c67b6818,2026-09-24T01:15:55+00:00
401873045,nfl,2026,9,2026-11-08 18:00:00+00:00,16,25,0.000,9.927,14.474,44.675,13.080,27.301,17.374,0.759,29,61,20,17,0.012,1.688,0.000,-0.000,-1.551,1.500,-0.052,3.899,3.808,16,2,-2.156,-1.424,-3.580,3.841,3.805,29,2,32,e722c67b6818,2026-09-24T01:15:55+00:00
401873046,nfl,2026,9,2026-11-08 21:05:00+00:00,18,13,0.000,-1.564,14.386,43.655,13.080,21.045,22.609,0.456,27,60,20,17,0.013,1.688,0.000,1.825,-2.509,0.439,-2.071,3.917,3.795,24,2,0.045,1.546,1.591,3.889,3.780,9,2,32,e722c67b6818,2026-09-24T01:15:55+00:00
401873047,nfl,2026,9,2026-11-08 21:05:00+00:00,29,19,0.000,7.863,14.457,46.056,13.080,26.960,19.096,0.710,30,63,20,17,0.012,1.688,0.000,-0.000,2.245,1.818,4.063,3.876,3.786,3,2,-1.702,-0.142,-1.844,3.851,3.807,22,2,32,e722c67b6818,2026-09-24T01:15:55+00:00
401873048,nfl,2026,9,2026-11-08 21:25:00+00:00,28,1,0.000,13.017,14.328,44.865,13.080,28.941,15.924,0.825,29,61,20,17,0.010,1.688,0.000,-0.000,1.957,5.214,7.171,3.853,3.768,1,2,-0.989,-1.841,-2.830,3.904,3.808,28,2,32,e722c67b6818,2026-09-24T01:15:55+00:00
401873049,nfl,2026,9,2026-11-08 21:25:00+00:00,22,12,0.000,5.362,14.379,43.738,13.080,24.550,19.188,0.650,27,60,20,17,0.013,1.688,0.000,-0.000,0.326,4.198,4.525,3.880,3.761,2,2,0.049,-0.586,-0.537,3.902,3.803,18,2,32,e722c67b6818,2026-09-24T01:15:55+00:00
401873050,nfl,2026,9,2026-11-09 01:20:00+00:00,6,30,0.000,5.288,14.398,47.503,13.080,26.395,21.107,0.645,31,64,20,17,0.011,1.688,0.000,-0.000,2.265,0.099,2.364,3.906,3.784,7,2,-0.665,-1.319,-1.984,3.940,3.808,23,2,32,e722c67b6818,2026-09-24T01:15:55+00:00
401873051,nfl,2026,9,2026-11-10 01:15:00+00:00,21,4,0.000,0.853,14.503,50.051,13.080,25.452,24.599,0.524,33,67,27,24,0.010,1.688,0.000,1.825,-0.532,4.131,3.599,3.841,3.807,4,2,2.867,-0.881,1.987,3.912,3.779,8,2,32,e722c67b6818,2026-09-24T01:15:55+00:00
401873052,nfl,2026,10,2026-11-13 01:15:00+00:00,24,32,0.000,3.461,14.555,45.824,13.080,24.642,21.182,0.596,29,63,20,17,0.012,1.688,0.000,-0.000,-1.035,-0.254,-1.289,3.876,3.810,20,2,-0.515,-2.312,-2.827,3.874,3.814,27,2,32,e722c67b6818,2026-09-24T01:15:55+00:00
401873053,nfl,2026,10,2026-11-15 14:30:00+00:00,11,22,1.000,-1.834,14.363,47.608,13.080,22.887,24.721,0.449,31,65,20,17,0.010,0.000,0.000,1.825,1.640,-2.058,-0.418,3.950,3.804,17,2,0.326,4.198,4.525,3.880,3.761,2,2,32,e722c67b6818,2026-09-24T01:15:55+00:00
401873054,nfl,2026,10,2026-11-15 18:00:00+00:00,25,4,0.000,-9.278,14.447,48.862,13.080,19.792,29.070,0.259,33,65,20,27,0.009,1.688,0.000,-0.000,-2.156,-1.424,-3.580,3.841,3.805,29,2,2.867,-0.881,1.987,3.912,3.779,8,2,32,e722c67b6818,2026-09-24T01:15:55+00:00
401873055,nfl,2026,10,2026-11-15 18:00:00+00:00,23,5,0.000,2.037,14.409,46.709,13.080,24.373,22.336,0.557,30,64,20,17,0.012,1.688,0.000,1.825,-0.406,0.973,0.567,3.871,3.809,15,2,1.733,-1.123,0.610,3.918,3.800,14,2,32,e722c67b6818,2026-09-24T01:15:55+00:00
401873056,nfl,2026,10,2026-11-15 18:00:00+00:00,8,13,0.000,-1.718,14.492,41.829,13.080,20.056,21.773,0.451,26,58,20,17,0.014,1.688,0.000,-0.000,-2.879,0.412,-2.467,3.840,3.806,25,2,0.045,1.546,1.591,3.889,3.780,9,2,32,e722c67b6818,2026-09-24T01:15:55+00:00
401873057,nfl,2026,10,2026-11-15 18:00:00+00:00,31,15,0.000,-8.574,14.377,45.152,13.080,18.289,26.863,0.271,29,62,17,20,0.011,1.688,0.000,-0.000,-1.597,-2.460,-4.057,3.900,3.807,31,2,1.349,2.090,3.439,3.919,3.796,5,2,32,e722c67b6818,2026-09-24T01:15:55+00:00
401873058,nfl,2026,10,2026-11-15 18:00:00+00:00,2,16,0.000,-6.003,14.515,44.782,13.080,19.389,25.392,0.336,29,61,17,20,0.012,1.688,0.000,-0.000,-2.834,-1.307,-4.141,3.844,3.804,32,2,-1.551,1.500,-0.052,3.899,3.808,16,2,32,e722c67b6818,2026-09-24T01:15:55+00:00
401873059,nfl,2026,10,2026-11-15 18:00:00+00:00,14,20,0.000,6.839,14.504,47.392,13.080,27.115,20.277,0.684,31,64,20,17,0.011,1.688,0.000,-0.000,2.261,-2.837,-0.575,3.871,3.808,19,2,-2.121,-1.716,-3.837,3.855,3.809,30,2,32,e722c67b6818,2026-09-24T01:15:55+00:00
401873060,nfl,2026,10,2026-11-15 18:00:00+00:00,12,21,0.000,-3.113,14.412,44.231,13.080,20.559,23.672,0.413,28,61,17,20,0.012,1.688,0.000,-0.000,0.049,-0.586,-0.537,3.902,3.803,18,2,-0.532,4.131,3.599,3.841,3.807,4,2,32,e722c67b6818,2026-09-24T01:15:55+00:00
401873061,nfl,2026,10,2026-11-15 21:05:00+00:00,1,17,0.000,-6.373,14.382,46.370,13.080,19.998,26.371,0.326,30,63,17,20,0.011,1.688,0.000,-0.000,-0.989,-1.841,-2.830,3.904,3.808,28,2,1.430,1.483,2.913,3.910,3.770,6,2,32,e722c67b6818,2026-09-24T01:15:55+00:00
401873062,nfl,2026,10,2026-11-15 21:05:00+00:00,19,28,0.000,-7.645,14.466,45.541,13.080,18.948,26.593,0.295,29,62,17,20,0.011,1.688,0.000,1.825,-1.702,-0.142,-1.844,3.851,3.807,22,2,1.957,5.214,7.171,3.853,3.768,1,2,32,e722c67b6818,2026-09-24T01:15:55+00:00
401873063,nfl,2026,10,2026-11-15 21:25:00+00:00,9,29,0.000,-3.433,14.419,50.590,13.080,23.579,27.012,0.406,34,68,24,27,0.009,1.688,0.000,-0.000,0.487,-3.137,-2.650,3.932,3.811,26,2,2.245,1.818,4.063,3.876,3.786,3,2,32,e722c67b6818,2026-09-24T01:15:55+00:00
401873064,nfl,2026,10,2026-11-16 01:20:00+00:00,7,27,0.000,4.567,14.413,45.200,13.080,24.884,20.316,0.627,29,62,20,17,0.013,1.688,0.000,-0.000,1.253,-0.497,0.756,3.884,3.805,12,2,-2.440,0.996,-1.444,3.891,3.793,21,2,32,e722c67b6818,2026-09-24T01:15:55+00:00
401873065,nfl,2026,10,2026-11-17 01:15:00+00:00,3,18,0.000,7.445,14.431,45.362,13.080,26.404,18.958,0.701,29,62,20,17,0.012,1.688,0.000,-0.000,0.612,0.425,1.037,3.905,3.806,11,2,-2.509,0.439,-2.071,3.917,3.795,24,2,32,e722c67b6818,2026-09-24T01:15:55+00:00
401873066,nfl,2026,11,2026-11-20 01:15:00+00:00,13,14,0.000,2.716,14.393,47.343,13.080,25.030,22.313,0.576,31,64,20,17,0.011,1.688,0.000,-0.000,0.045,1.546,1.591,3.889,3.780,9,2,2.261,-2.837,-0.575,3.871,3.808,19,2,32,e722c67b6818,2026-09-24T01:15:55+00:00
401873067,nfl,2026,11,2026-11-22 18:00:00+00:00,16,1,0.000,8.654,14.427,45.977,13.080,27.315,18.662,0.730,30,63,20,17,0.011,1.688,0.000,-0.000,-1.551,1.500,-0.052,3.899,3.808,16,2,-0.989,-1.841,-2.830,3.904,3.808,28,2,32,e722c67b6818,2026-09-24T01:15:55+00:00
401873068,nfl,2026,11,2026-11-22 18:00:00+00:00,5,3,0.000,-2.801,14.417,48.187,13.080,22.693,25.494,0.423,31,65,17,20,0.010,1.688,0.000,-0.000,1.733,-1.123,0.610,3.918,3.800,14,2,0.612,0.425,1.037,3.905,3.806,11,2,32,e722c67b6818,2026-09-24T01:15:55+00:00
401873069,nfl,2026,11,2026-11-22 18:00:00+00:00,24,15,0.000,-3.933,14.549,45.267,13.080,20.667,24.600,0.391,29,62,17,20,0.012,1.688,0.000,-0.000,-1.035,-0.254,-1.289,3.876,3.810,20,2,1.349,2.090,3.439,3.919,3.796,5,2,32,e722c67b6818,2026-09-24T01:15:55+00:00
401873070,nfl,2026,11,2026-11-22 18:00:00+00:00,4,20,0.000,12.939,14.475,49.220,13.080,31.079,18.141,0.816,33,66,34,10,0.009,1.688,0.000,-0.000,2.867,-0.881,1.987,3.912,3.779,8,2,-2.121,-1.716,-3.837,3.855,3.809,30,2,32,e722c67b6818,2026-09-24T01:15:55+00:00
401873071,nfl,2026,11,2026-11-22 18:00:00+00:00,6,23,0.000,3.985,14.394,45.382,13.080,24.683,20.699,0.612,29,62,20,17,0.013,1.688,0.000,-0.000,2.265,0.099,2.364,3.906,3.784,7,2,-0.406,0.973,0.567,3.871,3.809,15,2,32,e722c67b6818,2026-09-24T01:15:55+00:00
401873072,nfl,2026,11,2026-11-22 18:00:00+00:00,11,30,0.000,5.518,14.415,52.111,13.080,28.814,23.296,0.649,35,69,27,24,0.010,1.688,0.000,1.825,1.640,-2.058,-0.418,3.950,3.804,17,2,-0.665,-1.319,-1.984,3.940,3.808,23,2,32,e722c67b6818,2026-09-24T01:15:55+00:00
401873073,nfl,2026,11,2026-11-22 18:00:00+00:00,9,31,0.000,7.794,14.428,48.821,13.080,28.307,20.513,0.707,32,65,20,17,0.010,1.688,0.000,-0.000,0.487,-3.137,-2.650,3.932,3.811,26,2,-1.597,-2.460,-4.057,3.900,3.807,31,2,32,e722c67b6818,2026-09-24T01:15:55+00:00
401873074,nfl,2026,11,2026-11-22 21:05:00+00:00,18,25,0.000,4.175,14.459,43.555,13.080,23.865,19.690,0.617,27,60,20,17,0.014,1.688,0.000,1.825,-2.509,0.439,-2.071,3.917,3.795,24,2,-2.156,-1.424,-3.580,3.841,3.805,29,2,32,e722c67b6818,2026-09-24T01:15:55+00:00
401873075,nfl,2026,11,2026-11-22 21:25:00+00:00,10,19,0.000,3.392,14.446,42.893,13.080,23.143,19.750,0.596,27,59,20,17,0.014,1.688,0.000,-0.000,-0.585,1.900,1.315,3.887,3.781,10,2,-1.702,-0.142,-1.844,3.851,3.807,22,2,32,e722c67b6818,2026-09-24T01:15:55+00:00
401873076,nfl,2026,11,2026-11-22 21:25:00+00:00,26,27,0.000,4.052,14.408,42.020,13.080,23.036,18.984,0.616,26,58,20,17,0.014,1.688,0.000,-0.000,-1.229,1.897,0.668,3.918,3.796,13,2,-2.440,0.996,-1.444,3.891,3.793,21,2,32,e722c67b6818,2026-09-24T01:15:55+00:00
401873077,nfl,2026,11,2026-11-23 01:20:00+00:00,29,21,1.000,0.181,14.486,43.431,13.080,21.806,21.625,0.506,27,60,20,17,0.013,0.000,0.000,-0.000,2.245,1.818,4.063,3.876,3.786,3,2,-0.532,4.131,3.599,3.841,3.807,4,2,32,e722c67b6818,2026-09-24T01:15:55+00:00
401873078,nfl,2026,11,2026-11-24 01:15:00+00:00,32,7,0.000,-3.376,14.473,48.093,13.080,22.358,25.735,0.407,31,65,17,20,0.010,1.688,0.000,-0.000,-0.515,-2.312,-2.827,3.874,3.814,27,2,1.253,-0.497,0.756,3.884,3.805,12,2,32,e722c67b6818,2026-09-24T01:15:55+00:00
401873079,nfl,2026,12,2026-11-26 01:00:00+00:00,17,12,0.000,5.891,14.386,49.071,13.080,27.481,21.590,0.660,33,66,20,17,0.010,1.688,0.000,1.825,1.430,1.483,2.913,3.910,3.770,6,2,0.049,-0.586,-0.537,3.902,3.803,18,2,32,e722c67b6818,2026-09-24T01:15:55+00:00
401873080,nfl,2026,12,2026-11-26 21:30:00+00:00,9,26,0.000,0.286,14.395,48.009,13.080,24.147,23.861,0.508,31,65,20,17,0.011,1.688,0.000,-0.000,0.487,-3.137,-2.650,3.932,3.811,26,2,-1.229,1.897,0.668,3.918,3.796,13,2,32,e722c67b6818,2026-09-24T01:15:55+00:00
401873081,nfl,2026,12,2026-11-26 18:00:00+00:00,11,6,0.000,1.696,14.385,52.727,13.080,27.212,25.515,0.547,36,70,27,24,0.010,1.688,0.000,1.825,1.640,-2.058,-0.418,3.950,3.804,17,2,2.265,0.099,2.364,3.906,3.784,7,2,32,e722c67b6818,2026-09-24T01:15:55+00:00
401873082,nfl,2026,12,2026-11-27 01:20:00+00:00,4,16,0.000,3.815,14.424,50.691,13.080,27.253,23.438,0.604,34,68,27,24,0.010,1.688,0.000,-0.000,2.867,-0.881,1.987,3.912,3.779,8,2,-1.551,1.500,-0.052,3.899,3.808,16,2,32,e722c67b6818,2026-09-24T01:15:55+00:00
401873083,nfl,2026,12,2026-11-27 20:00:00+00:00,27,10,0.000,-0.387,14.399,41.436,13.080,20.524,20.912,0.489,25,58,20,17,0.014,1.688,0.000,-0.000,-2.440,0.996,-1.444,3.891,3.793,21,2,-0.585,1.900,1.315,3.887,3.781,10,2,32,e722c67b6818,2026-09-24T01:15:55+00:00
401873084,nfl,2026,12,2026-11-29 18:00:00+00:00,21,2,0.000,10.392,14.582,44.584,13.080,27.488,17.096,0.768,29,61,20,17,0.011,1.688,0.000,1.825,-0.532,4.131,3.599,3.841,3.807,4,2,-2.834,-1.307,-4.141,3.844,3.804,32,2,32,e722c67b6818,2026-09-24T01:15:55+00:00
401873085,nfl,2026,12,2026-11-29 18:00:00+00:00,13,3,0.000,-1.219,14.396,45.814,13.080,22.297,23.517,0.466,29,63,20,17,0.012,1.688,0.000,-0.000,0.045,1.546,1.591,3.889,3.780,9,2,0.612,0.425,1.037,3.905,3.806,11,2,32,e722c67b6818,2026-09-24T01:15:55+00:00
401873086,nfl,2026,12,2026-11-29 18:00:00+00:00,8,19,0.000,0.246,14.554,42.545,13.080,21.396,21.149,0.507,26,59,20,17,0.014,1.688,0.000,-0.000,-2.879,0.412,-2.467,3.840,3.806,25,2,-1.702,-0.142,-1.844,3.851,3.807,22,2,32,e722c67b6818,2026-09-24T01:15:55+00:00
401873087,nfl,2026,12,2026-11-29 18:00:00+00:00,7,23,0.000,3.605,14.424,45.850,13.080,24.727,21.123,0.601,29,63,20,17,0.012,1.688,0.000,-0.000,1.253,-0.497,0.756,3.884,3.805,12,2,-0.406,0.973,0.567,3.871,3.809,15,2,32,e722c67b6818,2026-09-24T01:15:55+00:00
401873088,nfl,2026,12,2026-11-29 18:00:00+00:00,14,24,0.000,2.455,14.567,48.310,13.080,25.382,22.928,0.568,32,65,20,17,0.010,1.688,0.000,-0.000,2.261,-2.837,-0.575,3.871,3.808,19,2,-1.035,-0.254,-1.289,3.876,3.810,20,2,32,e722c67b6818,2026-09-24T01:15:55+00:00
401873089,nfl,2026,12,2026-11-29 18:00:00+00:00,20,25,0.000,1.080,14.559,42.317,13.080,21.699,20.618,0.531,26,59,20,17,0.014,1.688,0.000,-0.000,-2.121,-1.716,-3.837,3.855,3.809,30,2,-2.156,-1.424,-3.580,3.841,3.805,29,2,32,e722c67b6818,2026-09-24T01:15:55+00:00
401873090,nfl,2026,12,2026-11-29 21:05:00+00:00,15,31,0.000,11.700,14.394,45.463,13.080,28.582,16.881,0.797,30,62,20,17,0.011,1.688,0.000,-0.000,1.349,2.090,3.439,3.919,3.796,5,2,-1.597,-2.460,-4.057,3.900,3.807,31,2,32,e722c67b6818,2026-09-24T01:15:55+00:00
401873091,nfl,2026,12,2026-11-29 21:25:00+00:00,29,28,0.000,-1.396,14.370,45.227,13.080,21.916,23.312,0.461,29,62,20,17,0.012,1.688,0.000,-0.000,2.245,1.818,4.063,3.876,3.786,3,2,1.957,5.214,7.171,3.853,3.768,1,2,32,e722c67b6818,2026-09-24T01:15:55+00:00
401873092,nfl,2026,12,2026-11-29 21:25:00+00:00,1,32,0.000,0.977,14.445,46.093,13.080,23.535,22.558,0.528,30,63,20,17,0.012,1.688,0.000,-0.000,-0.989,-1.841,-2.830,3.904,3.808,28,2,-0.515,-2.312,-2.827,3.874,3.814,27,2,32,e722c67b6818,2026-09-24T01:15:55+00:00
401873093,nfl,2026,12,2026-11-30 01:20:00+00:00,18,22,0.000,-4.638,14.364,42.600,13.080,18.981,23.619,0.369,26,59,17,20,0.013,1.688,0.000,1.825,-2.509,0.439,-2.071,3.917,3.795,24,2,0.326,4.198,4.525,3.880,3.761,2,2,32,e722c67b6818,2026-09-24T01:15:55+00:00
401873094,nfl,2026,12,2026-12-01 01:15:00+00:00,30,5,0.000,0.832,14.386,46.980,13.080,23.906,23.074,0.524,30,64,20,17,0.011,1.688,0.000,-0.000,-0.665,-1.319,-1.984,3.940,3.808,23,2,1.733,-1.123,0.610,3.918,3.800,14,2,32,e722c67b6818,2026-09-24T01:15:55+00:00
401873095,nfl,2026,13,2026-12-06 18:00:00+00:00,24,29,0.000,-4.644,14.545,46.080,13.080,20.718,25.362,0.373,30,63,17,20,0.011,1.688,0.000,-0.000,-1.035,-0.254,-1.289,3.876,3.810,20,2,2.245,1.818,4.063,3.876,3.786,3,2,32,e722c67b6818,2026-09-24T01:15:55+00:00
401873096,nfl,2026,13,2026-12-04 01:15:00+00:00,17,16,0.000,2.436,14.421,48.588,13.080,25.512,23.076,0.568,32,65,20,17,0.010,1.688,0.000,1.825,1.430,1.483,2.913,3.910,3.770,6,2,-1.551,1.500,-0.052,3.899,3.808,16,2,32,e722c67b6818,2026-09-24T01:15:55+00:00
401873097,nfl,2026,13,2026-12-06 18:00:00+00:00,8,7,0.000,-2.760,14.487,45.007,13.080,21.124,23.884,0.423,29,62,17,20,0.012,1.688,0.000,-0.000,-2.879,0.412,-2.467,3.840,3.806,25,2,1.253,-0.497,0.756,3.884,3.805,12,2,32,e722c67b6818,2026-09-24T01:15:55+00:00
401873098,nfl,2026,13,2026-12-06 18:00:00+00:00,2,11,0.000,-5.005,14.485,48.385,13.080,21.690,26.695,0.364,32,65,17,20,0.010,1.688,0.000,-0.000,-2.834,-1.307,-4.141,3.844,3.804,32,2,1.640,-2.058,-0.418,3.950,3.804,17,2,32,e722c67b6818,2026-09-24T01:15:55+00:00
401873099,nfl,2026,13,2026-12-06 18:00:00+00:00,23,12,0.000,1.217,14.424,46.565,13.080,23.891,22.674,0.534,30,64,20,17,0.012,1.688,0.000,1.825,-0.406,0.973,0.567,3.871,3.809,15,2,0.049,-0.586,-0.537,3.902,3.803,18,2,32,e722c67b6818,2026-09-24T01:15:55+00:00
401873100,nfl,2026,13,2026-12-06 18:00:00+00:00,6,15,0.000,-0.614,14.396,46.987,13.080,23.186,23.801,0.483,30,64,20,17,0.011,1.688,0.000,-0.000,2.265,0.099,2.364,3.906,3.784,7,2,1.349,2.090,3.439,3.919,3.796,5,2,32,e722c67b6818,2026-09-24T01:15:55+00:00
401873101,nfl,2026,13,2026-12-06 18:00:00+00:00,30,18,0.000,2.394,14.426,43.974,13.080,23.184,20.790,0.568,27,61,20,17,0.013,1.688,0.000,-0.000,-0.665,-1.319,-1.984,3.940,3.808,23,2,-2.509,0.439,-2.071,3.917,3.795,24,2,32,e722c67b6818,2026-09-24T01:15:55+00:00
401873102,nfl,2026,13,2026-12-06 18:00:00+00:00,31,32,0.000,-1.227,14.419,45.395,13.080,22.084,23.311,0.466,29,62,20,17,0.012,1.688,0.000,-0.000,-1.597,-2.460,-4.057,3.900,3.807,31,2,-0.515,-2.312,-2.827,3.874,3.814,27,2,32,e722c67b6818,2026-09-24T01:15:55+00:00
401873103,nfl,2026,13,2026-12-06 21:05:00+00:00,10,20,0.000,7.434,14.477,42.331,13.080,24.882,17.448,0.704,26,59,20,17,0.014,1.688,0.000,-0.000,-0.585,1.900,1.315,3.887,3.781,10,2,-2.121,-1.716,-3.837,3.855,3.809,30,2,32,e722c67b6818,2026-09-24T01:15:55+00:00
401873104,nfl,2026,13,2026-12-06 21:05:00+00:00,1,26,0.000,-3.464,14.421,43.886,13.080,20.211,23.675,0.403,27,61,17,20,0.013,1.688,0.000,-0.000,-0.989,-1.841,-2.830,3.904,3.808,28,2,-1.229,1.897,0.668,3.918,3.796,13,2,32,e722c67b6818,2026-09-24T01:15:55+00:00
401873105,nfl,2026,13,2026-12-06 21:25:00+00:00,22,4,0.000,0.034,14.363,47.585,13.080,23.810,23.776,0.501,31,65,20,17,0.011,1.688,0.000,-0.000,0.326,4.198,4.525,3.880,3.761,2,2,2.867,-0.881,1.987,3.912,3.779,8,2,32,e722c67b6818,2026-09-24T01:15:55+00:00
401873106,nfl,2026,13,2026-12-06 21:25:00+00:00,21,5,0.000,7.122,14.502,46.333,13.080,26.727,19.605,0.691,30,63,20,17,0.011,1.688,0.000,1.825,-0.532,4.131,3.599,3.841,3.807,4,2,1.733,-1.123,0.610,3.918,3.800,14,2,32,e722c67b6818,2026-09-24T01:15:55+00:00
401873107,nfl,2026,13,2026-12-07 01:20:00+00:00,27,13,0.000,-0.484,14.388,41.928,13.080,20.722,21.206,0.486,26,58,20,17,0.014,1.688,0.000,-0.000,-2.440,0.996,-1.444,3.891,3.793,21,2,0.045,1.546,1.591,3.889,3.780,9,2,32,e722c67b6818,2026-09-24T01:15:55+00:00
401873108,nfl,2026,13,2026-12-08 01:15:00+00:00,28,9,0.000,9.616,14.413,48.537,13.080,29.077,19.461,0.749,32,65,20,17,0.010,1.688,0.000,-0.000,1.957,5.214,7.171,3.853,3.768,1,2,0.487,-3.137,-2.650,3.932,3.811,26,2,32,e722c67b6818,2026-09-24T01:15:55+00:00
401873109,nfl,2026,14,2026-12-11 01:15:00+00:00,22,21,0.000,0.710,14.485,40.910,13.080,20.810,20.100,0.521,25,57,20,17,0.015,1.688,0.000,-0.000,0.326,4.198,4.525,3.880,3.761,2,2,-0.532,4.131,3.599,3.841,3.807,4,2,32,e722c67b6818,2026-09-24T01:15:55+00:00
401873110,nfl,2026,14,2026-12-13 18:00:00+00:00,8,2,0.000,3.066,14.565,42.112,13.080,22.589,19.523,0.587,26,59,20,17,0.014,1.688,0.000,-0.000,-2.879,0.412,-2.467,3.840,3.806,25,2,-2.834,-1.307,-4.141,3.844,3.804,32,2,32,e722c67b6818,2026-09-24T01:15:55+00:00
401873111,nfl,2026,14,2026-12-13 18:00:00+00:00,20,6,0.000,-6.093,14.497,45.356,13.080,19.632,25.724,0.334,29,62,17,20,0.012,1.688,0.000,-0.000,-2.121,-1.716,-3.837,3.855,3.809,30,2,2.265,0.099,2.364,3.906,3.784,7,2,32,e722c67b6818,2026-09-24T01:15:55+00:00
401873112,nfl,2026,14,2026-12-13 18:00:00+00:00,25,10,0.000,-4.042,14.452,42.000,13.080,18.979,23.021,0.386,26,58,17,20,0.013,1.688,0.000,-0.000,-2.156,-1.424,-3.580,3.841,3.805,29,2,-0.585,1.900,1.315,3.887,3.781,10,2,32,e722c67b6818,2026-09-24T01:15:55+00:00
401873113,nfl,2026,14,2026-12-13 18:00:00+00:00,32,13,0.000,-2.300,14.454,44.837,13.080,21.268,23.569,0.436,28,62,17,20,0.012,1.688,0.000,-0.000,-0.515,-2.312,-2.827,3.874,3.814,27,2,0.045,1.546,1.591,3.889,3.780,9,2,32,e722c67b6818,2026-09-24T01:15:55+00:00
401873114,nfl,2026,14,2026-12-13 18:00:00+00:00,26,14,0.000,3.363,14.430,47.347,13.080,25.355,21.992,0.593,31,64,20,17,0.011,1.688,0.000,-0.000,-1.229,1.897,0.668,3.918,3.796,13,2,2.261,-2.837,-0.575,3.871,3.808,19,2,32,e722c67b6818,2026-09-24T01:15:55+00:00
401873115,nfl,2026,14,2026-12-13 18:00:00+00:00,5,23,0.000,1.073,14.388,44.901,13.080,22.987,21.914,0.531,29,62,20,17,0.013,1.688,0.000,-0.000,1.733,-1.123,0.610,3.918,3.800,14,2,-0.406,0.973,0.567,3.871,3.809,15,2,32,e722c67b6818,2026-09-24T01:15:55+00:00
401873116,nfl,2026,14,2026-12-13 18:00:00+00:00,3,30,0.000,6.730,14.421,48.082,13.080,27.406,20.676,0.681,31,65,20,17,0.010,1.688,0.000,-0.000,0.612,0.425,1.037,3.905,3.806,11,2,-0.665,-1.319,-1.984,3.940,3.808,23,2,32,e722c67b6818,2026-09-24T01:15:55+00:00
401873117,nfl,2026,14,2026-12-13 18:00:00+00:00,11,31,0.000,10.063,14.426,50.754,13.080,30.408,20.345,0.757,34,68,27,24,0.009,1.688,0.000,1.825,1.640,-2.058,-0.418,3.950,3.804,17,2,-1.597,-2.460,-4.057,3.900,3.807,31,2,32,e722c67b6818,2026-09-24T01:15:55+00:00
401873118,nfl,2026,14,2026-12-13 21:05:00+00:00,19,18,0.000,2.604,14.363,44.413,13.080,23.508,20.905,0.574,28,61,20,17,0.013,1.688,0.000,1.825,-1.702,-0.142,-1.844,3.851,3.807,22,2,-2.509,0.439,-2.071,3.917,3.795,24,2,32,e722c67b6818,2026-09-24T01:15:55+00:00
401873119,nfl,2026,14,2026-12-13 21:25:00+00:00,7,16,0.000,-0.085,14.456,47.606,13.080,23.761,23.845,0.498,31,65,20,17,0.011,1.688,0.000,-0.000,1.253,-0.497,0.756,3.884,3.805,12,2,-1.551,1.500,-0.052,3.899,3.808,16,2,32,e722c67b6818,2026-09-24T01:15:55+00:00
401873120,nfl,2026,14,2026-12-13 21:25:00+00:00,29,17,0.000,2.371,14.300,47.437,13.080,24.904,22.533,0.567,31,64,20,17,0.011,1.688,0.000,-0.000,2.245,1.818,4.063,3.876,3.786,3,2,1.430,1.483,2.913,3.910,3.770,6,2,32,e722c67b6818,2026-09-24T01:15:55+00:00
401873121,nfl,2026,14,2026-12-13 21:25:00+00:00,28,24,0.000,10.494,14.541,44.291,13.080,27.393,16.898,0.772,28,61,20,17,0.012,1.688,0.000,-0.000,1.957,5.214,7.171,3.853,3.768,1,2,-1.035,-0.254,-1.289,3.876,3.810,20,2,32,e722c67b6818,2026-09-24T01:15:55+00:00
401873122,nfl,2026,14,2026-12-14 01:20:00+00:00,12,4,0.000,-4.053,14.417,51.085,13.080,23.516,27.569,0.390,34,68,24,27,0.009,1.688,0.000,-0.000,0.049,-0.586,-0.537,3.902,3.803,18,2,2.867,-0.881,1.987,3.912,3.779,8,2,32,e722c67b6818,2026-09-24T01:15:55+00:00
401873123,nfl,2026,14,2026-12-15 01:15:00+00:00,15,27,0.000,7.003,14.402,43.839,13.080,25.421,18.418,0.692,27,61,20,17,0.013,1.688,0.000,-0.000,1.349,2.090,3.439,3.919,3.796,5,2,-2.440,0.996,-1.444,3.891,3.793,21,2,32,e722c67b6818,2026-09-24T01:15:55+00:00
401873124,nfl,2026,15,2026-12-18 01:15:00+00:00,18,29,0.000,-5.841,14.402,46.248,13.080,20.203,26.045,0.340,30,63,17,20,0.011,1.688,0.000,1.825,-2.509,0.439,-2.071,3.917,3.795,24,2,2.245,1.818,4.063,3.876,3.786,3,2,32,e722c67b6818,2026-09-24T01:15:55+00:00
401873125,nfl,2026,15,2026-12-19 22:00:00+00:00,26,28,0.000,-4.826,14.407,42.886,13.080,19.030,23.856,0.365,27,59,17,20,0.013,1.688,0.000,-0.000,-1.229,1.897,0.668,3.918,3.796,13,2,1.957,5.214,7.171,3.853,3.768,1,2,32,e722c67b6818,2026-09-24T01:15:55+00:00
401873126,nfl,2026,15,2026-12-20 01:20:00+00:00,4,6,0.000,5.135,14.389,51.672,13.080,28.404,23.268,0.639,35,69,27,24,0.010,1.688,0.000,-0.000,2.867,-0.881,1.987,3.912,3.779,8,2,2.265,0.099,2.364,3.906,3.784,7,2,32,e722c67b6818,2026-09-24T01:15:55+00:00
401873127,nfl,2026,15,2026-12-20 18:00:00+00:00,32,2,0.000,2.664,14.522,45.093,13.080,23.878,21.215,0.575,29,62,20,17,0.013,1.688,0.000,-0.000,-0.515,-2.312,-2.827,3.874,3.814,27,2,-2.834,-1.307,-4.141,3.844,3.804,32,2,32,e722c67b6818,2026-09-24T01:15:55+00:00
401873128,nfl,2026,15,2026-12-20 18:00:00+00:00,27,3,0.000,-3.249,14.390,45.174,13.080,20.962,24.211,0.409,29,62,17,20,0.012,1.688,0.000,-0.000,-2.440,0.996,-1.444,3.891,3.793,21,2,0.612,0.425,1.037,3.905,3.806,11,2,32,e722c67b6818,2026-09-24T01:15:55+00:00
401873129,nfl,2026,15,2026-12-20 18:00:00+00:00,5,7,0.000,-0.981,14.426,48.133,13.080,23.576,24.557,0.473,31,65,20,17,0.010,1.688,0.000,-0.000,1.733,-1.123,0.610,3.918,3.800,14,2,1.253,-0.497,0.756,3.884,3.805,12,2,32,e722c67b6818,2026-09-24T01:15:55+00:00
401873130,nfl,2026,15,2026-12-20 18:00:00+00:00,24,8,0.000,2.825,14.610,42.796,13.080,22.810,19.986,0.580,27,59,20,17,0.014,1.688,0.000,-0.000,-1.035,-0.254,-1.289,3.876,3.810,20,2,-2.879,0.412,-2.467,3.840,3.806,25,2,32,e722c67b6818,2026-09-24T01:15:55+00:00
401873131,nfl,2026,15,2026-12-20 18:00:00+00:00,31,14,0.000,-4.059,14.411,47.957,13.080,21.949,26.008,0.388,31,65,17,20,0.010,1.688,0.000,-0.000,-1.597,-2.460,-4.057,3.900,3.807,31,2,2.261,-2.837,-0.575,3.871,3.808,19,2,32,e722c67b6818,2026-09-24T01:15:55+00:00
401873132,nfl,2026,15,2026-12-20 18:00:00+00:00,13,15,0.000,-1.964,14.381,44.259,13.080,21.148,23.112,0.445,28,61,20,17,0.012,1.688,0.000,-0.000,0.045,1.546,1.591,3.889,3.780,9,2,1.349,2.090,3.439,3.919,3.796,5,2,32,e722c67b6818,2026-09-24T01:15:55+00:00
401873133,nfl,2026,15,2026-12-20 18:00:00+00:00,12,20,0.000,7.068,14.504,44.899,13.080,25.983,18.915,0.691,29,61,20,17,0.012,1.688,0.000,-0.000,0.049,-0.586,-0.537,3.902,3.803,18,2,-2.121,-1.716,-3.837,3.855,3.809,30,2,32,e722c67b6818,2026-09-24T01:15:55+00:00
401873134,nfl,2026,15,2026-12-20 18:00:00+00:00,30,23,0.000,0.349,14.398,44.656,13.080,22.502,22.154,0.510,28,61,20,17,0.013,1.688,0.000,-0.000,-0.665,-1.319,-1.984,3.940,3.808,23,2,-0.406,0.973,0.567,3.871,3.809,15,2,32,e722c67b6818,2026-09-24T01:15:55+00:00
401873135,nfl,2026,15,2026-12-20 21:05:00+00:00,1,25,0.000,2.908,14.477,43.703,13.080,23.305,20.398,0.582,27,61,20,17,0.013,1.688,0.000,-0.000,-0.989,-1.841,-2.830,3.904,3.808,28,2,-2.156,-1.424,-3.580,3.841,3.805,29,2,32,e722c67b6818,2026-09-24T01:15:55+00:00
401873136,nfl,2026,15,2026-12-20 21:25:00+00:00,17,9,0.000,5.929,14.388,52.383,13.080,29.156,23.227,0.659,36,69,27,24,0.010,1.688,0.000,1.825,1.430,1.483,2.913,3.910,3.770,6,2,0.487,-3.137,-2.650,3.932,3.811,26,2,32,e722c67b6818,2026-09-24T01:15:55+00:00
401873137,nfl,2026,15,2026-12-20 21:25:00+00:00,19,10,0.000,-0.404,14.451,44.588,13.080,22.092,22.496,0.489,28,61,20,17,0.013,1.688,0.000,1.825,-1.702,-0.142,-1.844,3.851,3.807,22,2,-0.585,1.900,1.315,3.887,3.781,10,2,32,e722c67b6818,2026-09-24T01:15:55+00:00
401873138,nfl,2026,15,2026-12-21 01:20:00+00:00,21,11,0.000,4.245,14.494,49.368,13.080,26.807,22.561,0.616,33,66,27,24,0.010,1.688,0.000,1.825,-0.532,4.131,3.599,3.841,3.807,4,2,1.640,-2.058,-0.418,3.950,3.804,17,2,32,e722c67b6818,2026-09-24T01:15:55+00:00
401873139,nfl,2026,15,2026-12-22 01:15:00+00:00,16,22,0.000,0.932,14.390,43.209,13.080,22.070,21.139,0.527,27,60,20,17,0.014,1.688,0.000,-0.000,-1.551,1.500,-0.052,3.899,3.808,16,2,0.326,4.198,4.525,3.880,3.761,2,2,32,e722c67b6818,2026-09-24T01:15:55+00:00
401873140,nfl,2026,16,2026-12-25 01:15:00+00:00,26,13,0.000,2.105,14.408,42.605,13.080,22.355,20.250,0.561,26,59,20,17,0.014,1.688,0.000,-0.000,-1.229,1.897,0.668,3.918,3.796,13,2,0.045,1.546,1.591,3.889,3.780,9,2,32,e722c67b6818,2026-09-24T01:15:55+00:00
401873141,nfl,2026,16,2026-12-25 18:00:00+00:00,6,12,0.000,3.721,14.354,47.554,13.080,25.638,21.917,0.604,31,65,20,17,0.011,1.688,0.000,-0.000,2.265,0.099,2.364,3.906,3.784,7,2,0.049,-0.586,-0.537,3.902,3.803,18,2,32,e722c67b6818,2026-09-24T01:15:55+00:00
401873142,nfl,2026,16,2026-12-25 21:30:00+00:00,10,4,0.000,-3.351,14.372,48.304,13.080,22.476,25.827,0.407,32,65,17,20,0.010,1.688,0.000,-0.000,-0.585,1.900,1.315,3.887,3.781,10,2,2.867,-0.881,1.987,3.912,3.779,8,2,32,e722c67b6818,2026-09-24T01:15:55+00:00
401873143,nfl,2026,16,2026-12-26 01:15:00+00:00,28,17,0.000,5.264,14.358,45.253,13.080,25.258,19.994,0.646,29,62,20,17,0.013,1.688,0.000,-0.000,1.957,5.214,7.171,3.853,3.768,1,2,1.430,1.483,2.913,3.910,3.770,6,2,32,e722c67b6818,2026-09-24T01:15:55+00:00
401873144,nfl,2026,16,2026-12-27 18:00:00+00:00,27,5,0.000,1.006,14.397,44.217,13.080,22.611,21.605,0.529,27,61,20,17,0.013,1.688,0.000,-0.000,-2.440,0.996,-1.444,3.891,3.793,21,2,1.733,-1.123,0.610,3.918,3.800,14,2,32,e722c67b6818,2026-09-24T01:15:55+00:00
401873145,nfl,2026,16,2026-12-27 18:00:00+00:00,14,7,0.000,-0.576,14.443,50.609,13.080,25.017,25.592,0.484,34,68,27,24,0.010,1.688,0.000,-0.000,2.261,-2.837,-0.575,3.871,3.808,19,2,1.253,-0.497,0.756,3.884,3.805,12,2,32,e722c67b6818,2026-09-24T01:15:55+00:00
401873146,nfl,2026,16,2026-12-27 18:00:00+00:00,2,30,0.000,-1.190,14.473,44.892,13.080,21.851,23.041,0.467,29,62,20,17,0.012,1.688,0.000,-0.000,-2.834,-1.307,-4.141,3.844,3.804,32,2,-0.665,-1.319,-1.984,3.940,3.808,23,2,32,e722c67b6818,2026-09-24T01:15:55+00:00
401873147,nfl,2026,16,2026-12-27 18:00:00+00:00,21,32,0.000,9.483,14.527,46.423,13.080,27.953,18.470,0.747,30,63,20,17,0.011,1.688,0.000,1.825,-0.532,4.131,3.599,3.841,3.807,4,2,-0.515,-2.312,-2.827,3.874,3.814,27,2,32,e722c67b6818,2026-09-24T01:15:55+00:00
401873148,nfl,2026,16,2026-12-27 18:00:00+00:00,23,1,0.000,4.947,14.438,45.749,13.080,25.348,20.401,0.637,29,62,20,17,0.012,1.688,0.000,1.825,-0.406,0.973,0.567,3.871,3.809,15,2,-0.989,-1.841,-2.830,3.904,3.808,28,2,32,e722c67b6818,2026-09-24T01:15:55+00:00
401873149,nfl,2026,16,2026-12-27 18:00:00+00:00,3,8,0.000,7.633,14.479,45.284,13.080,26.458,18.825,0.705,29,62,20,17,0.012,1.688,0.000,-0.000,0.612,0.425,1.037,3.905,3.806,11,2,-2.879,0.412,-2.467,3.840,3.806,25,2,32,e722c67b6818,2026-09-24T01:15:55+00:00
401873150,nfl,2026,16,2026-12-27 18:00:00+00:00,20,18,0.000,-1.528,14.506,41.815,13.080,20.143,21.671,0.457,26,58,20,17,0.014,1.688,0.000,-0.000,-2.121,-1.716,-3.837,3.855,3.809,30,2,-2.509,0.439,-2.071,3.917,3.795,24,2,32,e722c67b6818,2026-09-24T01:15:55+00:00
401873151,nfl,2026,16,2026-12-27 18:00:00+00:00,25,22,0.000,-7.148,14.427,41.565,13.080,17.208,24.356,0.302,26,58,17,20,0.013,1.688,0.000,-0.000,-2.156,-1.424,-3.580,3.841,3.805,29,2,0.326,4.198,4.525,3.880,3.761,2,2,32,e722c67b6818,2026-09-24T01:15:55+00:00
401873152,nfl,2026,16,2026-12-27 21:05:00+00:00,19,31,0.000,6.160,14.480,45.850,13.080,26.005,19.845,0.668,30,63,20,17,0.012,1.688,0.000,1.825,-1.702,-0.142,-1.844,3.851,3.807,22,2,-1.597,-2.460,-4.057,3.900,3.807,31,2,32,e722c67b6818,2026-09-24T01:15:55+00:00
401873153,nfl,2026,16,2026-12-27 21:25:00+00:00,16,29,0.000,-0.049,14.418,46.851,13.080,23.401,23.450,0.499,30,64,20,17,0.011,1.688,0.000,-0.000,-1.551,1.500,-0.052,3.899,3.808,16,2,2.245,1.818,4.063,3.876,3.786,3,2,32,e722c67b6818,2026-09-24T01:15:55+00:00
401873154,nfl,2026,16,2026-12-28 01:20:00+00:00,9,15,0.000,-2.715,14.417,49.765,13.080,23.525,26.240,0.425,33,67,24,27,0.009,1.688,0.000,-0.000,0.487,-3.137,-2.650,3.932,3.811,26,2,1.349,2.090,3.439,3.919,3.796,5,2,32,e722c67b6818,2026-09-24T01:15:55+00:00
401873155,nfl,2026,16,2026-12-29 01:15:00+00:00,11,24,0.000,5.179,14.537,50.941,13.080,28.060,22.881,0.639,34,68,27,24,0.010,1.688,0.000,1.825,1.640,-2.058,-0.418,3.950,3.804,17,2,-1.035,-0.254,-1.289,3.876,3.810,20,2,32,e722c67b6818,2026-09-24T01:15:55+00:00
401873156,nfl,2026,17,2027-01-01 01:15:00+00:00,7,3,0.000,-0.234,14.415,49.074,13.080,24.420,24.654,0.494,33,66,20,17,0.010,1.688,0.000,-0.000,1.253,-0.497,0.756,3.884,3.805,12,2,0.612,0.425,1.037,3.905,3.806,11,2,32,e722c67b6818,2026-09-24T01:15:55+00:00
401873157,nfl,2026,17,2027-01-03 18:00:00+00:00,22,10,0.000,4.589,14.366,41.090,13.080,22.840,18.250,0.631,25,58,20,17,0.015,1.688,0.000,-0.000,0.326,4.198,4.525,3.880,3.761,2,2,-0.585,1.900,1.315,3.887,3.781,10,2,32,e722c67b6818,2026-09-24T01:15:55+00:00
401873158,nfl,2026,17,2027-01-03 18:00:00+00:00,18,16,0.000,-4.208,14.413,45.518,13.080,20.655,24.863,0.383,29,62,17,20,0.012,1.688,0.000,1.825,-2.509,0.439,-2.071,3.917,3.795,24,2,-1.551,1.500,-0.052,3.899,3.808,16,2,32,e722c67b6818,2026-09-24T01:15:55+00:00
401873159,nfl,2026,17,2027-01-03 18:00:00+00:00,30,17,0.000,-4.197,14.389,47.090,13.080,21.446,25.643,0.384,30,64,17,20,0.011,1.688,0.000,-0.000,-0.665,-1.319,-1.984,3.940,3.808,23,2,1.430,1.483,2.913,3.910,3.770,6,2,32,e722c67b6818,2026-09-24T01:15:55+00:00
401873160,nfl,2026,17,2027-01-03 18:00:00+00:00,15,32,0.000,9.074,14.432,46.835,13.080,27.955,18.880,0.738,30,64,20,17,0.011,1.688,0.000,-0.000,1.349,2.090,3.439,3.919,3.796,5,2,-0.515,-2.312,-2.827,3.874,3.814,27,2,32,e722c67b6818,2026-09-24T01:15:55+00:00
401873161,nfl,2026,17,2027-01-03 18:00:00+00:00,20,4,0.000,-9.709,14.493,48.977,13.080,19.634,29.343,0.250,33,65,20,27,0.009,1.688,0.000,-0.000,-2.121,-1.716,-3.837,3.855,3.809,30,2,2.867,-0.881,1.987,3.912,3.779,8,2,32,e722c67b6818,2026-09-24T01:15:55+00:00
401873162,nfl,2026,17,2027-01-03 18:00:00+00:00,8,14,0.000,-0.679,14.513,46.506,13.080,22.914,23.592,0.481,30,64,20,17,0.011,1.688,0.000,-0.000,-2.879,0.412,-2.467,3.840,3.806,25,2,2.261,-2.837,-0.575,3.871,3.808,19,2,32,e722c67b6818,2026-09-24T01:15:55+00:00
401873163,nfl,2026,17,2027-01-03 18:00:00+00:00,25,21,0.000,-7.946,14.556,42.227,13.080,17.140,25.086,0.285,26,59,17,20,0.013,1.688,0.000,-0.000,-2.156,-1.424,-3.580,3.841,3.805,29,2,-0.532,4.131,3.599,3.841,3.807,4,2,32,e722c67b6818,2026-09-24T01:15:55+00:00
401873164,nfl,2026,17,2027-01-03 18:00:00+00:00,2,23,0.000,-2.320,14.464,42.865,13.080,20.273,22.593,0.434,27,59,17,20,0.013,1.688,0.000,-0.000,-2.834,-1.307,-4.141,3.844,3.804,32,2,-0.406,0.973,0.567,3.871,3.809,15,2,32,e722c67b6818,2026-09-24T01:15:55+00:00
401873165,nfl,2026,17,2027-01-03 18:00:00+00:00,9,24,0.000,2.969,14.466,49.023,13.080,25.996,23.027,0.582,33,66,20,17,0.010,1.688,0.000,-0.000,0.487,-3.137,-2.650,3.932,3.811,26,2,-1.035,-0.254,-1.289,3.876,3.810,20,2,32,e722c67b6818,2026-09-24T01:15:55+00:00
401873166,nfl,2026,17,2027-01-03 18:00:00+00:00,31,27,0.000,-2.945,14.399,42.539,13.080,19.797,22.742,0.416,26,59,17,20,0.013,1.688,0.000,-0.000,-1.597,-2.460,-4.057,3.900,3.807,31,2,-2.440,0.996,-1.444,3.891,3.793,21,2,32,e722c67b6818,2026-09-24T01:15:55+00:00
401873167,nfl,2026,17,2027-01-03 18:00:00+00:00,5,28,0.000,-7.105,14.391,45.297,13.080,19.096,26.201,0.307,29,62,17,20,0.011,1.688,0.000,-0.000,1.733,-1.123,0.610,3.918,3.800,14,2,1.957,5.214,7.171,3.853,3.768,1,2,32,e722c67b6818,2026-09-24T01:15:55+00:00
401873168,nfl,2026,17,2027-01-03 21:05:00+00:00,1,19,0.000,-0.834,14.470,44.588,13.080,21.877,22.711,0.477,28,61,20,17,0.012,1.688,0.000,-0.000,-0.989,-1.841,-2.830,3.904,3.808,28,2,-1.702,-0.142,-1.844,3.851,3.807,22,2,32,e722c67b6818,2026-09-24T01:15:55+00:00
401873169,nfl,2026,17,2027-01-03 21:25:00+00:00,6,11,0.000,1.563,14.381,50.873,13.080,26.218,24.655,0.544,34,68,27,24,0.010,1.688,0.000,-0.000,2.265,0.099,2.364,3.906,3.784,7,2,1.640,-2.058,-0.418,3.950,3.804,17,2,32,e722c67b6818,2026-09-24T01:15:55+00:00
401873170,nfl,2026,17,2027-01-04 01:20:00+00:00,29,26,0.000,5.111,14.391,45.145,13.080,25.128,20.017,0.642,29,62,20,17,0.013,1.688,0.000,-0.000,2.245,1.818,4.063,3.876,3.786,3,2,-1.229,1.897,0.668,3.918,3.796,13,2,32,e722c67b6818,2026-09-24T01:15:55+00:00
401873171,nfl,2026,17,2027-01-05 01:15:00+00:00,12,13,0.000,0.824,14.428,44.760,13.080,22.792,21.968,0.524,28,61,20,17,0.013,1.688,0.000,-0.000,0.049,-0.586,-0.537,3.902,3.803,18,2,0.045,1.546,1.591,3.889,3.780,9,2,32,e722c67b6818,2026-09-24T01:15:55+00:00
401873172,nfl,2026,18,2027-01-10 18:00:00+00:00,5,2,0.000,5.011,14.383,45.238,13.080,25.124,20.114,0.639,29,62,20,17,0.013,1.688,0.000,-0.000,1.733,-1.123,0.610,3.918,3.800,14,2,-2.834,-1.307,-4.141,3.844,3.804,32,2,32,e722c67b6818,2026-09-24T01:15:55+00:00
401873173,nfl,2026,18,2027-01-10 18:00:00+00:00,21,6,0.000,4.203,14.407,46.594,13.080,25.398,21.195,0.617,30,64,20,17,0.012,1.688,0.000,1.825,-0.532,4.131,3.599,3.841,3.807,4,2,2.265,0.099,2.364,3.906,3.784,7,2,32,e722c67b6818,2026-09-24T01:15:55+00:00
401873174,nfl,2026,18,2027-01-10 18:00:00+00:00,7,8,0.000,5.852,14.468,45.139,13.080,25.495,19.643,0.661,29,62,20,17,0.012,1.688,0.000,-0.000,1.253,-0.497,0.756,3.884,3.805,12,2,-2.879,0.412,-2.467,3.840,3.806,25,2,32,e722c67b6818,2026-09-24T01:15:55+00:00
401873175,nfl,2026,18,2027-01-10 18:00:00+00:00,32,9,0.000,-1.745,14.337,50.331,13.080,24.293,26.038,0.452,34,67,27,24,0.009,1.688,0.000,-0.000,-0.515,-2.312,-2.827,3.874,3.814,27,2,0.487,-3.137,-2.650,3.932,3.811,26,2,32,e722c67b6818,2026-09-24T01:15:55+00:00
401873176,nfl,2026,18,2027-01-10 18:00:00+00:00,12,11,0.000,-0.625,14.413,50.307,13.080,24.841,25.466,0.483,34,67,27,24,0.010,1.688,0.000,-0.000,0.049,-0.586,-0.537,3.902,3.803,18,2,1.640,-2.058,-0.418,3.950,3.804,17,2,32,e722c67b6818,2026-09-24T01:15:55+00:00
401873177,nfl,2026,18,2027-01-10 18:00:00+00:00,14,15,0.000,-3.201,14.405,49.056,13.080,22.928,26.129,0.412,33,66,17,20,0.009,1.688,0.000,-0.000,2.261,-2.837,-0.575,3.871,3.808,19,2,1.349,2.090,3.439,3.919,3.796,5,2,32,e722c67b6818,2026-09-24T01:15:55+00:00
401873178,nfl,2026,18,2027-01-10 18:00:00+00:00,16,19,0.000,6.208,14.464,45.300,13.080,25.754,19.546,0.670,29,62,20,17,0.012,1.688,0.000,-0.000,-1.551,1.500,-0.052,3.899,3.808,16,2,-1.702,-0.142,-1.844,3.851,3.807,22,2,32,e722c67b6818,2026-09-24T01:15:55+00:00
401873179,nfl,2026,18,2027-01-10 18:00:00+00:00,10,18,0.000,4.367,14.392,41.527,13.080,22.947,18.580,0.625,26,58,20,17,0.015,1.688,0.000,-0.000,-0.585,1.900,1.315,3.887,3.781,10,2,-2.509,0.439,-2.071,3.917,3.795,24,2,32,e722c67b6818,2026-09-24T01:15:55+00:00
401873180,nfl,2026,18,2027-01-10 18:00:00+00:00,22,20,0.000,10.544,14.448,42.035,13.080,26.289,15.746,0.777,26,58,20,17,0.013,1.688,0.000,-0.000,0.326,4.198,4.525,3.880,3.761,2,2,-2.121,-1.716,-3.837,3.855,3.809,30,2,32,e722c67b6818,2026-09-24T01:15:55+00:00
401873181,nfl,2026,18,2027-01-10 18:00:00+00:00,4,25,0.000,12.508,14.447,49.100,13.080,30.804,18.296,0.809,33,65,34,10,0.008,1.688,0.000,-0.000,2.867,-0.881,1.987,3.912,3.779,8,2,-2.156,-1.424,-3.580,3.841,3.805,29,2,32,e722c67b6818,2026-09-24T01:15:55+00:00
401873182,nfl,2026,18,2027-01-10 18:00:00+00:00,24,26,0.000,-1.028,14.542,43.523,13.080,21.247,22.275,0.471,27,60,20,17,0.013,1.688,0.000,-0.000,-1.035,-0.254,-1.289,3.876,3.810,20,2,-1.229,1.897,0.668,3.918,3.796,13,2,32,e722c67b6818,2026-09-24T01:15:55+00:00
401873183,nfl,2026,18,2027-01-10 18:00:00+00:00,3,27,0.000,6.351,14.393,45.321,13.080,25.836,19.485,0.674,29,62,20,17,0.012,1.688,0.000,-0.000,0.612,0.425,1.037,3.905,3.806,11,2,-2.440,0.996,-1.444,3.891,3.793,21,2,32,e722c67b6818,2026-09-24T01:15:55+00:00
401873184,nfl,2026,18,2027-01-10 18:00:00+00:00,1,29,0.000,-7.163,14.411,46.514,13.080,19.676,26.838,0.307,30,63,17,20,0.011,1.688,0.000,-0.000,-0.989,-1.841,-2.830,3.904,3.808,28,2,2.245,1.818,4.063,3.876,3.786,3,2,32,e722c67b6818,2026-09-24T01:15:55+00:00
401873185,nfl,2026,18,2027-01-10 18:00:00+00:00,17,28,0.000,-2.205,14.356,46.933,13.080,22.364,24.569,0.439,30,64,17,20,0.011,1.688,0.000,1.825,1.430,1.483,2.913,3.910,3.770,6,2,1.957,5.214,7.171,3.853,3.768,1,2,32,e722c67b6818,2026-09-24T01:15:55+00:00
401873186,nfl,2026,18,2027-01-10 18:00:00+00:00,23,30,0.000,2.769,14.418,46.482,13.080,24.625,21.857,0.578,30,63,20,17,0.012,1.688,0.000,1.825,-0.406,0.973,0.567,3.871,3.809,15,2,-0.665,-1.319,-1.984,3.940,3.808,23,2,32,e722c67b6818,2026-09-24T01:15:55+00:00
401873187,nfl,2026,18,2027-01-10 18:00:00+00:00,13,31,0.000,8.007,14.395,43.511,13.080,25.759,17.752,0.717,27,60,20,17,0.013,1.688,0.000,-0.000,0.045,1.546,1.591,3.889,3.780,9,2,-1.597,-2.460,-4.057,3.900,3.807,31,2,32,e722c67b6818,2026-09-24T01:15:55+00:00
401856696,,2026,4,2026-09-26 23:00:00+00:00,333,2579,0.000,12.217,16.185,56.307,15.994,34.262,22.045,0.781,35,77,31,24,0.009,2.651,-0.216,-0.000,13.271,8.377,21.648,3.817,3.817,5,3,6.558,5.613,12.171,4.050,4.050,23,2,138,530a6f1cbbbb,2026-09-23T23:50:55+00:00
401856696,,2026,4,2026-09-26 23:00:00+00:00,333,2579,0.000,11.311,16.185,57.519,15.994,34.415,23.104,0.770,38,78,30,27,0.003,2.651,-0.216,-0.000,13.271,8.377,21.648,3.817,3.817,5,3,6.558,5.613,12.171,4.050,4.050,23,2,138,6a9b54205a2a,2026-09-23T23:26:21+00:00
401856697,,2026,4,2026-09-27 00:00:00+00:00,8,202,0.000,6.504,16.305,53.183,15.994,29.843,23.340,0.664,32,75,31,24,0.009,2.651,1.419,-0.000,-0.202,-2.422,-2.624,4.031,4.031,72,2,-5.086,-1.297,-6.383,4.084,4.084,94,2,138,530a6f1cbbbb,2026-09-23T23:50:55+00:00
401856697,,2026,4,2026-09-27 00:00:00+00:00,8,202,0.000,6.022,16.305,54.836,15.994,30.429,24.407,0.658,35,75,29,26,0.003,2.651,1.419,-0.000,-0.202,-2.422,-2.624,4.031,4.031,72,2,-5.086,-1.297,-6.383,4.084,4.084,94,2,138,6a9b54205a2a,2026-09-23T23:26:21+00:00
401856698,,2026,4,2026-09-26 20:15:00+00:00,2,238,0.000,2.896,16.179,52.433,15.994,27.665,24.768,0.581,31,74,27,24,0.009,2.651,-0.057,-0.000,2.962,5.434,8.396,3.825,3.825,34,3,5.448,2.934,8.382,4.032,4.032,35,2,138,530a6f1cbbbb,2026-09-23T23:50:55+00:00
401856698,,2026,4,2026-09-26 20:15:00+00:00,2,238,0.000,2.670,16.179,54.223,15.994,28.446,25.776,0.578,34,74,28,25,0.003,2.651,-0.057,-0.000,2.962,5.434,8.396,3.825,3.825,34,3,5.448,2.934,8.382,4.032,4.032,35,2,138,6a9b54205a2a,2026-09-23T23:26:21+00:00
401856699,,2026,4,2026-09-26 19:30:00+00:00,57,145,0.000,5.475,16.184,60.800,15.994,33.137,27.662,0.639,39,83,31,24,0.009,2.651,1.370,-0.000,11.339,3.809,15.148,4.046,4.046,16,2,8.054,4.656,12.711,3.820,3.820,22,3,138,530a6f1cbbbb,2026-09-23T23:50:55+00:00
401856699,,2026,4,2026-09-26 19:30:00+00:00,57,145,0.000,4.977,16.184,61.626,15.994,33.301,28.324,0.632,41,82,32,29,0.003,2.651,1.370,-0.000,11.339,3.809,15.148,4.046,4.046,16,2,8.054,4.656,12.711,3.820,3.820,22,3,138,6a9b54205a2a,2026-09-23T23:26:21+00:00
401856700,,2026,4,2026-09-26 19:30:00+00:00,61,201,0.000,11.419,16.179,49.824,15.994,30.622,19.202,0.772,30,71,24,17,0.009,2.651,-0.787,-0.000,15.361,9.901,25.262,4.027,4.027,2,2,3.116,12.808,15.924,3.821,3.821,11,3,138,530a6f1cbbbb,2026-09-23T23:50:55+00:00
401856700,,2026,4,2026-09-26 19:30:00+00:00,61,201,0.000,10.791,16.179,51.641,15.994,31.216,20.425,0.765,32,71,27,24,0.003,2.651,-0.787,-0.000,15.361,9.901,25.262,4.027,4.027,2,2,3.116,12.808,15.924,3.821,3.821,11,3,138,6a9b54205a2a,2026-09-23T23:26:21+00:00
401856702,,2026,4,2026-09-26 23:30:00+00:00,99,245,0.000,0.641,16.074,52.579,15.994,26.610,25.969,0.526,31,74,27,24,0.009,2.651,-0.045,-0.000,7.395,8.450,15.846,3.817,3.817,12,3,9.790,8.393,18.183,3.824,3.824,8,3,138,530a6f1cbbbb,2026-09-23T23:50:55+00:00
401856702,,2026,4,2026-09-26 23:30:00+00:00,99,245,0.000,0.570,16.074,54.372,15.994,27.471,26.901,0.525,34,75,28,25,0.003,2.651,-0.045,-0.000,7.395,8.450,15.846,3.817,3.817,12,3,9.790,8.393,18.183,3.824,3.824,8,3,138,6a9b54205a2a,2026-09-23T23:26:21+00:00
401856703,,2026,4,2026-09-26 23:45:00+00:00,344,142,0.000,4.818,16.179,56.553,15.994,30.685,25.868,0.625,35,79,31,24,0.009,2.651,1.625,-0.000,9.582,3.632,13.214,3.825,3.825,20,3,4.556,6.779,11.335,4.032,4.032,24,2,138,530a6f1cbbbb,2026-09-23T23:50:55+00:00
401856703,,2026,4,2026-09-26 23:45:00+00:00,344,142,0.000,4.407,16.179,57.873,15.994,31.140,26.733,0.620,38,78,30,27,0.003,2.651,1.625,-0.000,9.582,3.632,13.214,3.825,3.825,20,3,4.556,6.779,11.335,4.032,4.032,24,2,138,6a9b54205a2a,2026-09-23T23:26:21+00:00
401856704,,2026,4,2026-09-26 16:00:00+00:00,2633,251,0.000,-5.271,16.180,55.832,15.994,25.280,30.552,0.384,34,77,24,31,0.009,2.651,2.534,-0.000,9.393,5.583,14.977,4.032,4.032,17,2,10.189,13.075,23.265,3.817,3.817,4,3,138,530a6f1cbbbb,2026-09-23T23:50:55+00:00
401856704,,2026,4,2026-09-26 16:00:00+00:00,2633,251,0.000,-4.884,16.180,57.227,15.994,26.172,31.056,0.389,37,77,27,30,0.003,2.651,2.534,-0.000,9.393,5.583,14.977,4.032,4.032,17,2,10.189,13.075,23.265,3.817,3.817,4,3,138,6a9b54205a2a,2026-09-23T23:26:21+00:00
401856804,,2026,4,2026-09-26 23:30:00+00:00,265,12,0.000,-6.015,16.305,47.461,15.994,20.723,26.738,0.362,27,69,17,24,0.009,2.651,-2.225,-0.000,-2.525,1.623,-0.902,4.084,4.084,67,2,3.916,4.747,8.662,4.032,4.032,32,2,138,530a6f1cbbbb,2026-09-23T23:50:55+00:00
401856804,,2026,4,2026-09-26 23:30:00+00:00,265,12,0.000,-5.757,16.305,49.656,15.994,21.949,27.706,0.366,30,69,23,26,0.003,2.651,-2.225,-0.000,-2.525,1.623,-0.902,4.084,4.084,67,2,3.916,4.747,8.662,4.032,4.032,32,2,138,6a9b54205a2a,2026-09-23T23:26:21+00:00
401856805,,2026,4,2026-09-26 16:00:00+00:00,2641,2534,0.000,31.501,16.312,56.720,15.994,44.111,12.609,0.979,38,75,38,10,0.010,2.651,0.751,-0.000,7.124,8.154,15.277,4.032,4.032,14,2,-8.242,-7.801,-16.043,4.084,4.084,132,2,138,530a6f1cbbbb,2026-09-23T23:50:55+00:00
401856805,,2026,4,2026-09-26 16:00:00+00:00,2641,2534,0.000,30.130,16.312,57.258,15.994,43.694,13.564,0.976,39,76,41,13,0.003,2.651,0.751,-0.000,7.124,8.154,15.277,4.032,4.032,14,2,-8.242,-7.801,-16.043,4.084,4.084,132,2,138,6a9b54205a2a,2026-09-23T23:26:21+00:00
401856806,,2026,4,2026-09-26 20:00:00+00:00,290,248,0.000,-14.383,16.292,52.892,15.994,19.255,33.637,0.197,33,73,24,31,0.008,2.651,-0.195,-0.000,-4.898,-4.312,-9.211,4.021,4.021,108,2,4.248,4.267,8.515,4.055,4.055,33,2,138,530a6f1cbbbb,2026-09-23T23:50:55+00:00
401856806,,2026,4,2026-09-26 20:00:00+00:00,290,248,0.000,-13.521,16.292,54.331,15.994,20.405,33.926,0.206,35,74,23,30,0.003,2.651,-0.195,-0.000,-4.898,-4.312,-9.211,4.021,4.021,108,2,4.248,4.267,8.515,4.055,4.055,33,2,138,6a9b54205a2a,2026-09-23T23:26:21+00:00
401856813,,2026,4,2026-09-26 16:00:00+00:00,239,38,0.000,12.623,16.304,53.766,15.994,33.194,20.571,0.789,33,75,31,24,0.009,2.651,3.120,-0.000,2.363,2.038,4.401,4.051,4.051,47,2,-5.247,-0.507,-5.754,4.062,4.062,90,2,138,530a6f1cbbbb,2026-09-23T23:50:55+00:00
401856813,,2026,4,2026-09-26 16:00:00+00:00,239,38,0.000,11.771,16.304,55.195,15.994,33.483,21.712,0.779,35,75,29,26,0.003,2.651,3.120,-0.000,2.363,2.038,4.401,4.051,4.051,47,2,-5.247,-0.507,-5.754,4.062,4.062,90,2,138,6a9b54205a2a,2026-09-23T23:26:21+00:00
401856814,,2026,4,2026-09-26 23:00:00+00:00,2132,2306,0.000,-5.067,16.289,52.145,15.994,23.539,28.606,0.388,31,73,24,31,0.009,2.651,-0.157,-0.000,0.467,0.146,0.613,4.055,4.055,62,2,4.039,4.818,8.857,4.026,4.026,30,2,138,530a6f1cbbbb,2026-09-23T23:50:55+00:00
401856814,,2026,4,2026-09-26 23:00:00+00:00,2132,2306,0.000,-4.750,16.289,53.928,15.994,24.589,29.339,0.392,34,74,25,28,0.003,2.651,-0.157,-0.000,0.467,0.146,0.613,4.055,4.055,62,2,4.039,4.818,8.857,4.026,4.026,30,2,138,6a9b54205a2a,2026-09-23T23:26:21+00:00
401856815,,2026,4,2026-09-26 19:30:00+00:00,2116,2628,0.000,-1.570,16.289,46.688,15.994,22.559,24.129,0.471,27,68,24,21,0.009,2.651,-0.173,-0.000,-1.499,2.205,0.706,4.026,4.026,61,2,-0.154,5.615,5.461,4.055,4.055,44,2,138,530a6f1cbbbb,2026-09-23T23:50:55+00:00
401856815,,2026,4,2026-09-26 19:30:00+00:00,2116,2628,0.000,-1.528,16.289,49.027,15.994,23.750,25.278,0.471,29,69,26,23,0.003,2.651,-0.173,-0.000,-1.499,2.205,0.706,4.026,4.026,61,2,-0.154,5.615,5.461,4.055,4.055,44,2,138,6a9b54205a2a,2026-09-23T23:26:21+00:00
401856816,,2026,4,2026-09-26 19:30:00+00:00,66,254,0.000,-5.560,16.279,47.269,15.994,20.854,26.415,0.373,27,69,17,24,0.009,2.651,-1.001,-0.000,1.457,5.417,6.874,4.032,4.032,38,2,6.271,9.689,15.959,4.031,4.031,10,2,138,530a6f1cbbbb,2026-09-23T23:50:55+00:00
401856816,,2026,4,2026-09-26 19:30:00+00:00,66,254,0.000,-5.328,16.279,49.494,15.994,22.083,27.411,0.376,30,69,23,26,0.003,2.651,-1.001,-0.000,1.457,5.417,6.874,4.032,4.032,38,2,6.271,9.689,15.959,4.031,4.031,10,2,138,6a9b54205a2a,2026-09-23T23:26:21+00:00
401856881,,2026,4,2026-09-26 23:00:00+00:00,277,197,0.000,3.277,16.317,53.776,15.994,28.526,25.249,0.589,33,76,31,24,0.009,2.651,1.921,-0.000,0.515,-1.132,-0.617,4.056,4.056,66,2,-1.945,0.952,-0.993,4.084,4.084,68,2,138,530a6f1cbbbb,2026-09-23T23:50:55+00:00
401856881,,2026,4,2026-09-26 23:00:00+00:00,277,197,0.000,3.009,16.317,55.413,15.994,29.211,26.202,0.585,35,76,29,26,0.003,2.651,1.921,-0.000,0.515,-1.132,-0.617,4.056,4.056,66,2,-1.945,0.952,-0.993,4.084,4.084,68,2,138,6a9b54205a2a,2026-09-23T23:26:21+00:00
401858234,,2026,4,2026-09-26 02:30:00+00:00,25,228,0.000,-4.601,16.202,51.404,15.994,23.401,28.002,0.398,31,73,24,31,0.009,2.651,0.932,-0.000,-1.439,-1.485,-2.924,4.080,4.080,76,2,0.647,4.228,4.875,3.821,3.821,45,3,138,530a6f1cbbbb,2026-09-23T23:50:55+00:00
401858234,,2026,4,2026-09-26 02:30:00+00:00,25,228,0.000,-4.329,16.202,53.274,15.994,24.472,28.801,0.402,33,73,25,28,0.003,2.651,0.932,-0.000,-1.439,-1.485,-2.924,4.080,4.080,76,2,0.647,4.228,4.875,3.821,3.821,45,3,138,6a9b54205a2a,2026-09-23T23:26:21+00:00
401858238,,2026,4,2026-09-26 22:30:00+00:00,2390,2117,0.000,28.195,16.298,50.276,15.994,39.235,11.040,0.969,31,69,38,10,0.012,2.651,-3.518,-0.000,8.847,11.085,19.931,4.045,4.045,7,2,-7.200,-2.505,-9.705,4.056,4.056,111,2,138,530a6f1cbbbb,2026-09-23T23:50:55+00:00
401858238,,2026,4,2026-09-26 22:30:00+00:00,2390,2117,0.000,27.198,16.298,51.117,15.994,39.157,11.959,0.966,33,69,37,9,0.003,2.651,-3.518,-0.000,8.847,11.085,19.931,4.045,4.045,7,2,-7.200,-2.505,-9.705,4.056,4.056,111,2,138,6a9b54205a2a,2026-09-23T23:26:21+00:00
401858239,,2026,4,2026-09-26 22:00:00+00:00,258,48,0.000,12.876,16.279,52.595,15.994,32.735,19.860,0.795,32,73,31,24,0.009,2.651,-0.025,-0.000,1.289,2.764,4.053,4.056,4.056,48,2,-3.025,-3.486,-6.511,4.032,4.032,96,2,138,530a6f1cbbbb,2026-09-23T23:50:55+00:00
401858239,,2026,4,2026-09-26 22:00:00+00:00,258,48,0.000,12.059,16.279,54.117,15.994,33.088,21.029,0.786,35,74,28,25,0.003,2.651,-0.025,-0.000,1.289,2.764,4.053,4.056,4.056,48,2,-3.025,-3.486,-6.511,4.032,4.032,96,2,138,6a9b54205a2a,2026-09-23T23:26:21+00:00
401858240,,2026,4,2026-09-27 02:30:00+00:00,24,59,0.000,-4.233,16.212,50.467,15.994,23.117,27.350,0.406,30,72,24,31,0.009,2.651,0.339,-0.000,-4.602,-2.516,-7.118,3.839,3.839,99,3,-0.809,1.152,0.343,4.084,4.084,63,2,138,530a6f1cbbbb,2026-09-23T23:50:55+00:00
401858240,,2026,4,2026-09-27 02:30:00+00:00,24,59,0.000,-4.000,16.212,52.434,15.994,24.217,28.217,0.409,33,73,24,27,0.003,2.651,0.339,-0.000,-4.602,-2.516,-7.118,3.839,3.839,99,3,-0.809,1.152,0.343,4.084,4.084,63,2,138,6a9b54205a2a,2026-09-23T23:26:21+00:00
401858241,,2026,4,2026-09-27 01:00:00+00:00,2567,2623,0.000,27.617,16.296,57.604,15.994,42.610,14.993,0.960,38,77,38,10,0.010,2.651,1.512,-0.000,5.482,4.671,10.153,4.051,4.051,26,2,-7.811,-8.161,-15.971,4.046,4.046,131,2,138,530a6f1cbbbb,2026-09-23T23:50:55+00:00
401858241,,2026,4,2026-09-27 01:00:00+00:00,2567,2623,0.000,26.213,16.296,58.257,15.994,42.235,16.022,0.955,40,77,42,14,0.003,2.651,1.512,-0.000,5.482,4.671,10.153,4.051,4.051,26,2,-7.811,-8.161,-15.971,4.046,4.046,131,2,138,6a9b54205a2a,2026-09-23T23:26:21+00:00
401858242,,2026,4,2026-09-26 16:00:00+00:00,103,259,0.000,-9.704,16.303,53.693,15.994,21.994,31.698,0.286,33,75,24,31,0.009,2.651,0.899,-0.000,-4.326,-2.150,-6.476,4.079,4.079,95,2,4.161,2.225,6.385,4.031,4.031,41,2,138,530a6f1cbbbb,2026-09-23T23:50:55+00:00
401858242,,2026,4,2026-09-26 16:00:00+00:00,103,259,0.000,-9.056,16.303,55.218,15.994,23.081,32.137,0.294,35,75,26,29,0.003,2.651,0.899,-0.000,-4.326,-2.150,-6.476,4.079,4.079,95,2,4.161,2.225,6.385,4.031,4.031,41,2,138,6a9b54205a2a,2026-09-23T23:26:21+00:00
401858243,,2026,4,2026-09-26 16:00:00+00:00,97,154,0.000,9.897,16.189,55.374,15.994,32.635,22.738,0.737,34,77,31,24,0.009,2.651,-0.210,-0.000,7.339,2.392,9.731,4.051,4.051,28,2,1.102,1.481,2.582,3.825,3.825,53,3,138,530a6f1cbbbb,2026-09-23T23:50:55+00:00
401858243,,2026,4,2026-09-26 16:00:00+00:00,97,154,0.000,9.152,16.189,56.733,15.994,32.942,23.791,0.727,37,77,30,27,0.003,2.651,-0.210,-0.000,7.339,2.392,9.731,4.051,4.051,28,2,1.102,1.481,2.582,3.825,3.825,53,3,138,6a9b54205a2a,2026-09-23T23:26:21+00:00
401858461,,2026,4,2026-09-26 00:00:00+00:00,84,77,0.000,13.446,16.428,46.152,15.994,29.799,16.353,0.811,27,66,24,17,0.009,2.651,-3.276,-0.000,8.097,13.515,21.612,4.045,4.045,6,2,3.660,5.607,9.267,4.309,4.309,29,1,138,530a6f1cbbbb,2026-09-23T23:50:55+00:00
401858461,,2026,4,2026-09-26 00:00:00+00:00,84,77,0.000,12.943,16.428,48.134,15.994,30.539,17.595,0.806,29,67,25,22,0.003,2.651,-3.276,-0.000,8.097,13.515,21.612,4.045,4.045,6,2,3.660,5.607,9.267,4.309,4.309,29,1,138,6a9b54205a2a,2026-09-23T23:26:21+00:00
401858462,,2026,4,2026-09-26 17:30:00+00:00,120,26,0.000,-1.365,16.179,54.805,15.994,26.720,28.085,0.477,34,76,27,24,0.009,2.651,0.338,-0.000,0.635,1.510,2.145,4.031,4.031,58,2,5.332,1.198,6.530,3.824,3.824,39,3,138,530a6f1cbbbb,2026-09-23T23:50:55+00:00
401858462,,2026,4,2026-09-26 17:30:00+00:00,120,26,0.000,-1.286,16.179,56.347,15.994,27.530,28.817,0.478,36,77,29,26,0.003,2.651,0.338,-0.000,0.635,1.510,2.145,4.031,4.031,58,2,5.332,1.198,6.530,3.824,3.824,39,3,138,6a9b54205a2a,2026-09-23T23:26:21+00:00
401858463,,2026,4,2026-09-26 19:30:00+00:00,130,2294,0.000,3.762,16.208,43.102,15.994,23.432,19.670,0.607,23,64,24,17,0.010,2.651,-2.225,-0.000,4.798,9.788,14.586,3.821,3.821,18,3,2.903,10.309,13.212,4.084,4.084,21,2,138,530a6f1cbbbb,2026-09-23T23:50:55+00:00
401858463,,2026,4,2026-09-26 19:30:00+00:00,130,2294,0.000,3.634,16.208,45.691,15.994,24.663,21.028,0.605,26,65,24,21,0.004,2.651,-2.225,-0.000,4.798,9.788,14.586,3.821,3.821,18,3,2.903,10.309,13.212,4.084,4.084,21,2,138,6a9b54205a2a,2026-09-23T23:26:21+00:00
401858464,,2026,4,2026-09-26 21:00:00+00:00,127,158,0.000,-3.841,16.198,49.291,15.994,22.725,26.566,0.415,29,71,24,21,0.009,2.651,-1.910,-0.000,-1.295,4.238,2.943,3.814,3.814,51,3,6.751,3.299,10.050,4.080,4.080,27,2,138,530a6f1cbbbb,2026-09-23T23:50:55+00:00
401858464,,2026,4,2026-09-26 21:00:00+00:00,127,158,0.000,-3.652,16.198,51.377,15.994,23.863,27.514,0.418,32,71,27,24,0.003,2.651,-1.910,-0.000,-1.295,4.238,2.943,3.814,3.814,51,3,6.751,3.299,10.050,4.080,4.080,27,2,138,6a9b54205a2a,2026-09-23T23:26:21+00:00
401858465,,2026,4,2026-09-26 16:00:00+00:00,194,356,0.000,22.537,16.199,52.824,15.994,37.680,15.143,0.927,34,73,38,10,0.010,2.651,-2.340,-0.000,13.138,14.029,27.167,3.821,3.821,1,3,3.555,2.316,5.871,4.075,4.075,42,2,138,530a6f1cbbbb,2026-09-23T23:50:55+00:00
401858465,,2026,4,2026-09-26 16:00:00+00:00,194,356,0.000,21.432,16.199,53.883,15.994,37.658,16.225,0.920,35,73,40,12,0.003,2.651,-2.340,-0.000,13.138,14.029,27.167,3.821,3.821,1,3,3.555,2.316,5.871,4.075,4.075,42,2,138,6a9b54205a2a,2026-09-23T23:26:21+00:00
401858466,,2026,4,2026-09-26 21:00:00+00:00,213,275,0.000,12.298,16.183,48.922,15.994,30.610,18.312,0.790,29,69,24,17,0.009,2.651,-2.195,-0.000,5.889,9.330,15.220,3.821,3.821,15,3,2.295,2.477,4.772,4.042,4.042,46,2,138,530a6f1cbbbb,2026-09-23T23:50:55+00:00
401858466,,2026,4,2026-09-26 21:00:00+00:00,213,275,0.000,11.680,16.183,50.772,15.994,31.226,19.546,0.783,31,70,26,23,0.003,2.651,-2.195,-0.000,5.889,9.330,15.220,3.821,3.821,15,3,2.295,2.477,4.772,4.042,4.042,46,2,138,6a9b54205a2a,2026-09-23T23:26:21+00:00
401858467,,2026,4,2026-09-26 18:00:00+00:00,2509,87,0.000,-23.615,16.172,56.549,15.994,16.467,40.082,0.076,37,76,14,38,0.008,2.651,-1.629,-0.000,2.367,-5.278,-2.911,4.021,4.021,75,2,11.169,12.765,23.934,3.821,3.821,3,3,138,530a6f1cbbbb,2026-09-23T23:50:55+00:00
401858467,,2026,4,2026-09-26 18:00:00+00:00,2509,87,0.000,-22.300,16.172,57.384,15.994,17.542,39.842,0.084,38,77,16,40,0.002,2.651,-1.629,-0.000,2.367,-5.278,-2.911,4.021,4.021,75,2,11.169,12.765,23.934,3.821,3.821,3,3,138,6a9b54205a2a,2026-09-23T23:26:21+00:00
401858469,,2026,4,2026-09-26 23:30:00+00:00,30,2483,0.000,1.434,16.124,57.377,15.994,29.405,27.972,0.545,36,79,31,24,0.009,2.651,-0.919,-0.000,10.771,4.665,15.436,3.641,3.641,13,4,10.241,6.751,16.992,4.084,4.084,9,2,138,530a6f1cbbbb,2026-09-23T23:50:55+00:00
401858469,,2026,4,2026-09-26 23:30:00+00:00,30,2483,0.000,1.289,16.124,58.626,15.994,29.958,28.668,0.543,38,79,31,28,0.003,2.651,-0.919,-0.000,10.771,4.665,15.436,3.641,3.641,13,4,10.241,6.751,16.992,4.084,4.084,9,2,138,6a9b54205a2a,2026-09-23T23:26:21+00:00
401858470,,2026,4,2026-09-27 03:00:00+00:00,264,135,0.000,8.834,16.303,44.854,15.994,26.844,18.010,0.724,24,65,24,17,0.010,2.651,-1.756,-0.000,2.120,9.049,11.169,4.084,4.084,25,2,-0.007,4.032,4.025,4.027,4.027,49,2,138,530a6f1cbbbb,2026-09-23T23:50:55+00:00
401858470,,2026,4,2026-09-27 03:00:00+00:00,264,135,0.000,8.518,16.303,47.157,15.994,27.838,19.320,0.720,28,67,24,21,0.003,2.651,-1.756,-0.000,2.120,9.049,11.169,4.084,4.084,25,2,-0.007,4.032,4.025,4.027,4.027,49,2,138,6a9b54205a2a,2026-09-23T23:26:21+00:00
401860891,,2026,4,2026-09-27 02:00:00+00:00,278,242,0.000,16.539,16.173,46.407,15.994,31.473,14.934,0.864,27,66,38,10,0.009,2.651,-3.892,-0.000,-2.718,4.274,1.556,3.811,3.811,59,3,-7.202,-7.158,-14.360,4.027,4.027,125,2,138,530a6f1cbbbb,2026-09-23T23:50:55+00:00
401860891,,2026,4,2026-09-27 02:00:00+00:00,278,242,0.000,15.974,16.173,48.196,15.994,32.085,16.111,0.859,30,67,26,19,0.003,2.651,-3.892,-0.000,-2.718,4.274,1.556,3.811,3.811,59,3,-7.202,-7.158,-14.360,4.027,4.027,125,2,138,6a9b54205a2a,2026-09-23T23:26:21+00:00
401860893,,2026,4,2026-09-26 16:00:00+00:00,2649,21,0.000,-0.113,16.286,52.756,15.994,26.322,26.434,0.507,31,75,27,24,0.009,2.651,0.804,-0.000,0.586,-4.164,-3.578,4.050,4.050,79,2,-3.054,2.595,-0.459,4.027,4.027,65,2,138,530a6f1cbbbb,2026-09-23T23:50:55+00:00
401860893,,2026,4,2026-09-26 16:00:00+00:00,2649,21,0.000,-0.131,16.286,54.520,15.994,27.194,27.326,0.507,35,75,29,26,0.003,2.651,0.804,-0.000,0.586,-4.164,-3.578,4.050,4.050,79,2,-3.054,2.595,-0.459,4.027,4.027,65,2,138,6a9b54205a2a,2026-09-23T23:26:21+00:00
401860894,,2026,4,2026-09-26 23:30:00+00:00,328,2653,0.000,5.201,16.291,48.753,15.994,26.977,21.776,0.637,28,70,24,21,0.010,2.651,0.255,-0.000,-3.192,0.755,-2.437,4.032,4.032,71,2,-4.007,-1.065,-5.072,4.055,4.055,86,2,138,530a6f1cbbbb,2026-09-23T23:50:55+00:00
401860894,,2026,4,2026-09-26 23:30:00+00:00,328,2653,0.000,4.894,16.291,50.860,15.994,27.877,22.983,0.633,31,71,27,24,0.003,2.651,0.255,-0.000,-3.192,0.755,-2.437,4.032,4.032,71,2,-4.007,-1.065,-5.072,4.055,4.055,86,2,138,6a9b54205a2a,2026-09-23T23:26:21+00:00
401860895,,2026,4,2026-09-27 01:00:00+00:00,2638,204,0.000,-12.090,16.323,55.826,15.994,21.868,33.958,0.241,35,77,24,31,0.009,2.651,0.403,-0.000,-7.127,-11.093,-18.220,4.045,4.045,134,2,-1.613,-1.538,-3.151,4.084,4.084,78,2,138,530a6f1cbbbb,2026-09-23T23:50:55+00:00
401860895,,2026,4,2026-09-27 01:00:00+00:00,2638,204,0.000,-11.234,16.323,57.085,15.994,22.925,34.160,0.251,37,77,25,32,0.003,2.651,0.403,-0.000,-7.127,-11.093,-18.220,4.045,4.045,134,2,-1.613,-1.538,-3.151,4.084,4.084,78,2,138,6a9b54205a2a,2026-09-23T23:26:21+00:00
401860896,,2026,4,2026-09-26 16:00:00+00:00,2636,36,0.000,11.522,16.291,54.428,15.994,32.975,21.453,0.768,34,76,31,24,0.009,2.651,0.555,1.009,0.542,1.729,2.272,4.021,4.021,56,2,-2.916,-3.736,-6.652,4.055,4.055,98,2,138,530a6f1cbbbb,2026-09-23T23:50:55+00:00
401860896,,2026,4,2026-09-26 16:00:00+00:00,2636,36,0.000,10.705,16.291,55.832,15.994,33.269,22.564,0.758,36,76,29,26,0.003,2.651,0.555,1.009,0.542,1.729,2.272,4.021,4.021,56,2,-2.916,-3.736,-6.652,4.055,4.055,98,2,138,6a9b54205a2a,2026-09-23T23:26:21+00:00
401860897,,2026,4,2026-09-26 19:30:00+00:00,2711,68,0.000,-2.427,16.313,46.841,15.994,22.207,24.634,0.449,27,68,24,21,0.009,2.651,-2.875,-0.000,-1.829,3.287,1.458,4.051,4.051,60,2,3.859,3.292,7.151,4.079,4.079,37,2,138,530a6f1cbbbb,2026-09-23T23:50:55+00:00
401860897,,2026,4,2026-09-26 19:30:00+00:00,2711,68,0.000,-2.344,16.313,49.158,15.994,23.407,25.751,0.450,30,69,26,23,0.003,2.651,-2.875,-0.000,-1.829,3.287,1.458,4.051,4.051,60,2,3.859,3.292,7.151,4.079,4.079,37,2,138,6a9b54205a2a,2026-09-23T23:26:21+00:00
401861970,,2026,4,2026-09-26 19:30:00+00:00,193,41,0.000,6.536,16.289,54.388,15.994,30.462,23.926,0.665,34,76,31,24,0.009,2.651,-1.663,-0.000,-3.170,-6.136,-9.306,4.051,4.051,109,2,-5.099,-7.935,-13.034,4.031,4.031,119,2,138,530a6f1cbbbb,2026-09-23T23:50:55+00:00
401861970,,2026,4,2026-09-26 19:30:00+00:00,193,41,0.000,6.029,16.289,55.916,15.994,30.973,24.943,0.658,36,76,29,26,0.003,2.651,-1.663,-0.000,-3.170,-6.136,-9.306,4.051,4.051,109,2,-5.099,-7.935,-13.034,4.031,4.031,119,2,138,6a9b54205a2a,2026-09-23T23:26:21+00:00
401862778,,2026,4,2026-09-25 23:00:00+00:00,5,2426,0.000,2.897,16.334,50.491,15.994,26.694,23.797,0.581,30,72,24,21,0.009,2.651,-2.399,-0.000,-4.258,-4.228,-8.486,3.824,3.824,106,3,-3.833,-4.721,-8.555,4.333,4.333,107,1,138,530a6f1cbbbb,2026-09-23T23:50:55+00:00
401862778,,2026,4,2026-09-25 23:00:00+00:00,5,2426,0.000,2.689,16.334,52.470,15.994,27.580,24.891,0.578,33,73,27,24,0.003,2.651,-2.399,-0.000,-4.258,-4.228,-8.486,3.824,3.824,106,3,-3.833,-4.721,-8.555,4.333,4.333,107,1,138,6a9b54205a2a,2026-09-23T23:26:21+00:00
401862779,,2026,4,2026-09-25 20:00:00+00:00,218,349,0.000,3.328,16.434,50.428,15.994,26.878,23.550,0.591,30,72,24,21,0.009,2.651,-4.432,-0.000,-0.329,-5.034,-5.363,4.027,4.027,87,2,-3.175,-2.719,-5.894,4.339,4.339,91,1,138,530a6f1cbbbb,2026-09-23T23:50:55+00:00
401862779,,2026,4,2026-09-25 20:00:00+00:00,218,349,0.000,3.093,16.434,52.403,15.994,27.748,24.655,0.588,33,73,27,24,0.003,2.651,-4.432,-0.000,-0.329,-5.034,-5.363,4.027,4.027,87,2,-3.175,-2.719,-5.894,4.339,4.339,91,1,138,6a9b54205a2a,2026-09-23T23:26:21+00:00
401862780,,2026,4,2026-09-26 22:30:00+00:00,2429,309,0.000,-8.736,16.270,51.138,15.994,21.201,29.937,0.304,31,72,24,31,0.009,2.651,-1.936,-0.000,-8.694,-7.257,-15.951,4.026,4.026,130,2,-0.957,-2.893,-3.850,4.018,4.018,82,2,138,530a6f1cbbbb,2026-09-23T23:50:55+00:00
401862780,,2026,4,2026-09-26 22:30:00+00:00,2429,309,0.000,-8.226,16.270,52.932,15.994,22.353,30.579,0.311,33,73,25,28,0.003,2.651,-1.936,-0.000,-8.694,-7.257,-15.951,4.026,4.026,130,2,-0.957,-2.893,-3.850,4.018,4.018,82,2,138,6a9b54205a2a,2026-09-23T23:26:21+00:00
401862782,,2026,4,2026-09-27 00:00:00+00:00,2433,2226,0.000,-5.714,16.201,57.496,15.994,25.891,31.605,0.375,36,79,24,31,0.009,2.651,1.183,-0.000,-8.541,-9.587,-18.129,4.075,4.075,133,2,-2.281,-7.179,-9.461,3.825,3.825,110,3,138,530a6f1cbbbb,2026-09-23T23:50:55+00:00
401862782,,2026,4,2026-09-27 00:00:00+00:00,2433,2226,0.000,-5.272,16.201,58.701,15.994,26.714,31.986,0.381,39,79,28,31,0.003,2.651,1.183,-0.000,-8.541,-9.587,-18.129,4.075,4.075,133,2,-2.281,-7.179,-9.461,3.825,3.825,110,3,138,6a9b54205a2a,2026-09-23T23:26:21+00:00
401862784,,2026,4,2026-09-26 23:00:00+00:00,2655,2572,0.000,15.449,16.175,54.178,15.994,34.813,19.364,0.837,34,75,31,24,0.008,2.651,1.187,-0.000,-3.733,1.009,-2.724,3.821,3.821,73,3,-5.989,-9.841,-15.830,4.027,4.027,129,2,138,530a6f1cbbbb,2026-09-23T23:50:55+00:00
401862784,,2026,4,2026-09-26 23:00:00+00:00,2655,2572,0.000,14.463,16.175,55.473,15.994,34.968,20.505,0.828,36,75,31,24,0.003,2.651,1.187,-0.000,-3.733,1.009,-2.724,3.821,3.821,73,3,-5.989,-9.841,-15.830,4.027,4.027,129,2,138,6a9b54205a2a,2026-09-23T23:26:21+00:00
401862785,,2026,4,2026-09-26 21:00:00+00:00,189,58,0.000,-12.938,16.306,51.206,15.994,19.134,32.072,0.221,31,72,24,31,0.008,2.651,-0.974,-0.000,-10.217,-9.961,-20.178,4.031,4.031,135,2,-2.685,-1.027,-3.711,4.086,4.086,81,2,138,530a6f1cbbbb,2026-09-23T23:50:55+00:00
401862785,,2026,4,2026-09-26 21:00:00+00:00,189,58,0.000,-12.217,16.306,52.841,15.994,20.312,32.529,0.229,33,73,22,29,0.003,2.651,-0.974,-0.000,-10.217,-9.961,-20.178,4.031,4.031,135,2,-2.685,-1.027,-3.711,4.086,4.086,81,2,138,6a9b54205a2a,2026-09-23T23:26:21+00:00
401864509,,2026,4,2026-09-27 02:30:00+00:00,2440,2005,0.000,3.610,16.443,50.319,15.994,26.965,23.355,0.598,30,72,24,21,0.009,2.651,-2.891,-0.000,-5.077,-2.506,-7.583,4.051,4.051,102,2,-2.246,-6.175,-8.421,4.333,4.333,105,1,138,530a6f1cbbbb,2026-09-23T23:50:55+00:00
401864509,,2026,4,2026-09-27 02:30:00+00:00,2440,2005,0.000,3.360,16.443,52.300,15.994,27.830,24.470,0.594,33,72,27,24,0.003,2.651,-2.891,-0.000,-5.077,-2.506,-7.583,4.051,4.051,102,2,-2.246,-6.175,-8.421,4.333,4.333,105,1,138,6a9b54205a2a,2026-09-23T23:26:21+00:00
401864510,,2026,4,2026-09-26 19:00:00+00:00,2751,62,0.000,-2.754,16.212,47.626,15.994,22.436,25.190,0.441,27,69,24,21,0.009,2.651,-0.443,-0.000,-10.041,-4.059,-14.100,4.056,4.056,123,2,-4.760,-3.325,-8.085,3.868,3.868,104,3,138,530a6f1cbbbb,2026-09-23T23:50:55+00:00
401864510,,2026,4,2026-09-26 19:00:00+00:00,2751,62,0.000,-2.646,16.212,49.877,15.994,23.615,26.262,0.443,30,70,26,23,0.003,2.651,-0.443,-0.000,-10.041,-4.059,-14.100,4.056,4.056,123,2,-4.760,-3.325,-8.085,3.868,3.868,104,3,138,6a9b54205a2a,2026-09-23T23:26:21+00:00
401864511,,2026,4,2026-09-26 18:00:00+00:00,2247,2459,0.000,5.048,16.291,53.268,15.994,29.158,24.110,0.631,32,75,31,24,0.009,2.651,-0.201,-0.000,-3.207,-7.840,-11.047,4.031,4.031,116,2,-8.195,-5.084,-13.280,4.055,4.055,120,2,138,530a6f1cbbbb,2026-09-23T23:50:55+00:00
401864511,,2026,4,2026-09-26 18:00:00+00:00,2247,2459,0.000,4.662,16.291,54.939,15.994,29.800,25.138,0.626,35,75,29,26,0.003,2.651,-0.201,-0.000,-3.207,-7.840,-11.047,4.031,4.031,116,2,-8.195,-5.084,-13.280,4.055,4.055,120,2,138,6a9b54205a2a,2026-09-23T23:26:21+00:00
401864512,,2026,4,2026-09-26 16:00:00+00:00,2006,2439,0.000,-4.968,16.207,49.324,15.994,22.178,27.146,0.388,29,70,17,24,0.009,2.651,-0.161,-0.000,-7.217,-7.058,-14.275,4.051,4.051,124,2,-5.501,-0.474,-5.976,3.864,3.864,92,3,138,530a6f1cbbbb,2026-09-23T23:50:55+00:00
401864512,,2026,4,2026-09-26 16:00:00+00:00,2006,2439,0.000,-4.716,16.207,51.386,15.994,23.335,28.051,0.391,32,71,24,27,0.003,2.651,-0.161,-0.000,-7.217,-7.058,-14.275,4.051,4.051,124,2,-5.501,-0.474,-5.976,3.864,3.864,92,3,138,6a9b54205a2a,2026-09-23T23:26:21+00:00
401864572,,2026,4,2026-09-26 23:30:00+00:00,152,2026,0.000,12.450,16.288,53.512,15.994,32.981,20.531,0.786,33,75,31,24,0.009,2.651,0.003,-0.000,1.738,1.051,2.789,4.055,4.055,52,2,-3.638,-3.571,-7.209,4.026,4.026,100,2,138,530a6f1cbbbb,2026-09-23T23:50:55+00:00
401864572,,2026,4,2026-09-26 23:30:00+00:00,152,2026,0.000,11.617,16.288,54.969,15.994,33.293,21.676,0.777,35,75,29,26,0.003,2.651,0.003,-0.000,1.738,1.051,2.789,4.055,4.055,52,2,-3.638,-3.571,-7.209,4.026,4.026,100,2,138,6a9b54205a2a,2026-09-23T23:26:21+00:00
401864576,,2026,4,2026-09-26 16:45:00+00:00,96,6,0.000,13.715,16.269,54.263,15.994,33.989,20.274,0.808,34,75,31,24,0.009,2.651,-1.244,-0.000,2.088,3.537,5.625,4.021,4.021,43,2,-0.162,-5.468,-5.630,4.021,4.021,88,2,138,530a6f1cbbbb,2026-09-23T23:50:55+00:00
401864576,,2026,4,2026-09-26 16:45:00+00:00,96,6,0.000,12.794,16.269,55.612,15.994,34.203,21.409,0.798,36,75,29,26,0.003,2.651,-1.244,-0.000,2.088,3.537,5.625,4.021,4.021,43,2,-0.162,-5.468,-5.630,4.021,4.021,88,2,138,6a9b54205a2a,2026-09-23T23:26:21+00:00
401864579,,2026,4,2026-09-26 19:30:00+00:00,166,167,0.000,-13.054,16.310,48.536,15.994,17.741,30.795,0.215,28,69,17,24,0.009,2.651,-1.217,-0.000,-7.998,-6.849,-14.847,4.075,4.075,126,2,-1.531,3.708,2.177,4.050,4.050,57,2,138,530a6f1cbbbb,2026-09-23T23:50:55+00:00
401864579,,2026,4,2026-09-26 19:30:00+00:00,166,167,0.000,-12.467,16.310,50.373,15.994,18.953,31.420,0.221,31,70,21,28,0.003,2.651,-1.217,-0.000,-7.998,-6.849,-14.847,4.075,4.075,126,2,-1.531,3.708,2.177,4.050,4.050,57,2,138,6a9b54205a2a,2026-09-23T23:26:21+00:00
401866425,,2026,4,2026-09-26 16:00:00+00:00,2309,2050,0.000,2.885,16.261,51.825,15.994,27.355,24.470,0.581,31,73,27,24,0.009,2.651,-2.675,-0.000,-9.665,-11.711,-21.376,4.050,4.050,136,2,-9.928,-11.467,-21.395,4.051,4.051,137,2,138,530a6f1cbbbb,2026-09-23T23:50:55+00:00
401866425,,2026,4,2026-09-26 16:00:00+00:00,2309,2050,0.000,2.664,16.261,53.674,15.994,28.169,25.505,0.577,34,74,28,25,0.003,2.651,-2.675,-0.000,-9.665,-11.711,-21.376,4.050,4.050,136,2,-9.928,-11.467,-21.395,4.051,4.051,137,2,138,6a9b54205a2a,2026-09-23T23:26:21+00:00
401866429,,2026,4,2026-09-27 01:00:00+00:00,16,113,0.000,11.425,16.343,49.950,15.994,30.688,19.263,0.770,30,71,24,17,0.009,2.651,-1.426,-0.000,-7.529,-5.892,-13.421,3.810,3.810,121,3,-12.032,-10.732,-22.764,4.363,4.363,138,1,138,530a6f1cbbbb,2026-09-23T23:50:55+00:00
401866429,,2026,4,2026-09-27 01:00:00+00:00,16,113,0.000,10.784,16.343,51.750,15.994,31.267,20.483,0.762,32,72,27,24,0.003,2.651,-1.426,-0.000,-7.529,-5.892,-13.421,3.810,3.810,121,3,-12.032,-10.732,-22.764,4.363,4.363,138,1,138,6a9b54205a2a,2026-09-23T23:26:21+00:00
401869931,,2026,4,2026-09-26 23:00:00+00:00,2032,338,0.000,5.826,16.289,52.109,15.994,28.968,23.141,0.650,31,73,31,24,0.009,2.651,0.962,-0.000,-5.054,-5.432,-10.486,4.051,4.051,115,2,-8.233,-5.360,-13.593,4.031,4.031,122,2,138,530a6f1cbbbb,2026-09-23T23:50:55+00:00
401869931,,2026,4,2026-09-26 23:00:00+00:00,2032,338,0.000,5.411,16.289,53.885,15.994,29.648,24.237,0.644,34,74,28,25,0.003,2.651,0.962,-0.000,-5.054,-5.432,-10.486,4.051,4.051,115,2,-8.233,-5.360,-13.593,4.031,4.031,122,2,138,6a9b54205a2a,2026-09-23T23:26:21+00:00
401869941,,2026,4,2026-09-24 23:30:00+00:00,324,2335,0.000,-3.281,16.303,52.064,15.994,24.392,27.673,0.430,31,73,24,31,0.009,2.651,0.281,-0.000,-6.015,-3.986,-10.001,4.055,4.055,113,2,-1.397,-2.195,-3.593,4.055,4.055,80,2,138,530a6f1cbbbb,2026-09-23T23:50:55+00:00
401869941,,2026,4,2026-09-24 23:30:00+00:00,324,2335,0.000,-3.084,16.303,53.881,15.994,25.398,28.483,0.433,34,74,28,25,0.003,2.651,0.281,-0.000,-6.015,-3.986,-10.001,4.055,4.055,113,2,-1.397,-2.195,-3.593,4.055,4.055,80,2,138,6a9b54205a2a,2026-09-23T23:26:21+00:00
401869961,,2026,4,2026-09-26 22:00:00+00:00,295,256,0.000,-4.043,16.288,48.374,15.994,22.165,26.208,0.410,28,69,17,24,0.009,2.651,0.277,-0.000,-3.160,-1.119,-4.279,4.026,4.026,83,2,-1.189,4.283,3.093,4.055,4.055,50,2,138,530a6f1cbbbb,2026-09-23T23:50:55+00:00
401869961,,2026,4,2026-09-26 22:00:00+00:00,295,256,0.000,-3.858,16.288,50.535,15.994,23.338,27.196,0.413,31,71,23,26,0.003,2.651,0.277,-0.000,-3.160,-1.119,-4.279,4.026,4.026,83,2,-1.189,4.283,3.093,4.055,4.055,50,2,138,6a9b54205a2a,2026-09-23T23:26:21+00:00
401871048,,2026,4,2026-09-26 23:00:00+00:00,55,2393,0.000,6.266,16.173,52.582,15.994,29.424,23.158,0.661,31,74,31,24,0.009,2.651,-0.166,-0.000,-3.943,-3.922,-7.865,3.817,3.817,103,3,-5.570,-5.838,-11.408,4.027,4.027,118,2,138,530a6f1cbbbb,2026-09-23T23:50:55+00:00
401871048,,2026,4,2026-09-26 23:00:00+00:00,55,2393,0.000,5.816,16.173,54.306,15.994,30.061,24.245,0.654,34,74,28,25,0.003,2.651,-0.166,-0.000,-3.943,-3.922,-7.865,3.817,3.817,103,3,-5.570,-5.838,-11.408,4.027,4.027,118,2,138,6a9b54205a2a,2026-09-23T23:26:21+00:00
401856705,,2026,5,2026-10-03 04:00:00+00:00,61,238,0.000,19.181,16.277,55.937,15.994,37.559,18.378,0.886,36,76,38,10,0.008,2.651,-2.617,-0.000,15.361,9.901,25.262,4.027,4.027,2,2,5.448,2.934,8.382,4.032,4.032,35,2,138,530a6f1cbbbb,2026-09-23T23:50:55+00:00
401856705,,2026,5,2026-10-03 04:00:00+00:00,61,238,0.000,17.983,16.277,56.962,15.994,37.472,19.489,0.877,38,77,31,24,0.002,2.651,-2.617,-0.000,15.361,9.901,25.262,4.027,4.027,2,2,5.448,2.934,8.382,4.032,4.032,35,2,138,6a9b54205a2a,2026-09-23T23:26:21+00:00
401856707,,2026,5,2026-10-03 04:00:00+00:00,344,333,0.000,-5.563,16.075,60.781,15.994,27.609,33.172,0.378,39,83,24,31,0.009,2.651,1.398,-0.000,9.582,3.632,13.214,3.825,3.825,20,3,13.271,8.377,21.648,3.817,3.817,5,3,138,530a6f1cbbbb,2026-09-23T23:50:55+00:00
401856707,,2026,5,2026-10-03 04:00:00+00:00,344,333,0.000,-5.109,16.075,61.613,15.994,28.252,33.361,0.384,41,82,29,32,0.003,2.651,1.398,-0.000,9.582,3.632,13.214,3.825,3.825,20,3,13.271,8.377,21.648,3.817,3.817,5,3,138,6a9b54205a2a,2026-09-23T23:26:21+00:00
401856708,,2026,5,2026-10-03 04:00:00+00:00,142,57,0.000,-0.801,16.286,54.647,15.994,26.923,27.724,0.491,34,76,27,24,0.009,2.651,-0.990,-0.000,4.556,6.779,11.335,4.032,4.032,24,2,11.339,3.809,15.148,4.046,4.046,16,2,138,530a6f1cbbbb,2026-09-23T23:50:55+00:00
401856708,,2026,5,2026-10-03 04:00:00+00:00,142,57,0.000,-0.765,16.286,56.204,15.994,27.719,28.485,0.491,36,76,29,26,0.003,2.651,-0.990,-0.000,4.556,6.779,11.335,4.032,4.032,24,2,11.339,3.809,15.148,4.046,4.046,16,2,138,6a9b54205a2a,2026-09-23T23:26:21+00:00
401856709,,2026,5,2026-10-03 04:00:00+00:00,2579,96,0.000,9.072,16.283,52.133,15.994,30.602,21.531,0.721,31,73,31,24,0.009,2.651,-0.380,-0.000,6.558,5.613,12.171,4.050,4.050,23,2,2.088,3.537,5.625,4.021,4.021,43,2,138,530a6f1cbbbb,2026-09-23T23:50:55+00:00
401856709,,2026,5,2026-10-03 04:00:00+00:00,2579,96,0.000,8.464,16.283,53.826,15.994,31.145,22.681,0.713,34,74,28,25,0.003,2.651,-0.380,-0.000,6.558,5.613,12.171,4.050,4.050,23,2,2.088,3.537,5.625,4.021,4.021,43,2,138,6a9b54205a2a,2026-09-23T23:26:21+00:00
401856710,,2026,5,2026-10-03 04:00:00+00:00,2633,2,0.000,9.456,16.179,57.167,15.994,33.311,23.855,0.727,36,79,31,24,0.009,2.651,3.372,-0.000,9.393,5.583,14.977,4.032,4.032,17,2,2.962,5.434,8.396,3.825,3.825,34,3,138,530a6f1cbbbb,2026-09-23T23:50:55+00:00
401856710,,2026,5,2026-10-03 04:00:00+00:00,2633,2,0.000,8.700,16.179,58.353,15.994,33.527,24.826,0.717,38,79,30,27,0.003,2.651,3.372,-0.000,9.393,5.583,14.977,4.032,4.032,17,2,2.962,5.434,8.396,3.825,3.825,34,3,138,6a9b54205a2a,2026-09-23T23:26:21+00:00
401856711,,2026,5,2026-10-03 04:00:00+00:00,245,8,0.000,22.863,16.179,56.584,15.994,39.724,16.861,0.926,37,76,38,10,0.009,2.651,-0.034,-0.000,9.790,8.393,18.183,3.824,3.824,8,3,-0.202,-2.422,-2.624,4.031,4.031,72,2,138,530a6f1cbbbb,2026-09-23T23:50:55+00:00
401856711,,2026,5,2026-10-03 04:00:00+00:00,245,8,0.000,21.561,16.179,57.439,15.994,39.500,17.939,0.918,38,77,42,14,0.002,2.651,-0.034,-0.000,9.790,8.393,18.183,3.824,3.824,8,3,-0.202,-2.422,-2.624,4.031,4.031,72,2,138,6a9b54205a2a,2026-09-23T23:26:21+00:00
401856807,,2026,5,2026-10-03 04:00:00+00:00,2305,2393,0.000,12.118,16.277,52.592,15.994,32.355,20.237,0.781,32,73,31,24,0.009,2.651,-0.514,-0.000,-0.968,-0.690,-1.657,4.031,4.031,70,2,-5.570,-5.838,-11.408,4.027,4.027,118,2,138,530a6f1cbbbb,2026-09-23T23:50:55+00:00
401856807,,2026,5,2026-10-03 04:00:00+00:00,2305,2393,0.000,11.338,16.277,54.143,15.994,32.740,21.403,0.772,35,74,28,25,0.003,2.651,-0.514,-0.000,-0.968,-0.690,-1.657,4.031,4.031,70,2,-5.570,-5.838,-11.408,4.027,4.027,118,2,138,6a9b54205a2a,2026-09-23T23:26:21+00:00
401856817,,2026,5,2026-10-03 04:00:00+00:00,9,239,0.000,0.945,16.286,54.409,15.994,27.677,26.732,0.533,33,76,27,24,0.009,2.651,2.415,-0.000,0.514,1.855,2.368,4.026,4.026,55,2,2.363,2.038,4.401,4.051,4.051,47,2,138,530a6f1cbbbb,2026-09-23T23:50:55+00:00
401856817,,2026,5,2026-10-03 04:00:00+00:00,9,239,0.000,0.846,16.286,55.992,15.994,28.419,27.573,0.532,36,76,29,26,0.003,2.651,2.415,-0.000,0.514,1.855,2.368,4.026,4.026,55,2,2.363,2.038,4.401,4.051,4.051,47,2,138,6a9b54205a2a,2026-09-23T23:26:21+00:00
401856818,,2026,5,2026-10-03 04:00:00+00:00,2628,252,0.000,-4.901,16.291,47.291,15.994,21.195,26.096,0.389,27,69,17,24,0.009,2.651,-1.330,-0.000,-0.154,5.615,5.461,4.055,4.055,44,2,6.457,7.373,13.829,4.032,4.032,19,2,138,530a6f1cbbbb,2026-09-23T23:50:55+00:00
401856818,,2026,5,2026-10-03 04:00:00+00:00,2628,252,0.000,-4.698,16.291,49.528,15.994,22.415,27.113,0.391,30,69,23,26,0.003,2.651,-1.330,-0.000,-0.154,5.615,5.461,4.055,4.055,44,2,6.457,7.373,13.829,4.032,4.032,19,2,138,6a9b54205a2a,2026-09-23T23:26:21+00:00
401856819,,2026,5,2026-10-03 04:00:00+00:00,248,2116,0.000,10.023,16.295,49.862,15.994,29.943,19.920,0.743,30,71,24,17,0.009,2.651,-0.884,-0.000,4.248,4.267,8.515,4.055,4.055,33,2,-1.499,2.205,0.706,4.026,4.026,61,2,138,530a6f1cbbbb,2026-09-23T23:50:55+00:00
401856819,,2026,5,2026-10-03 04:00:00+00:00,248,2116,0.000,9.448,16.295,51.727,15.994,30.588,21.139,0.736,32,72,27,24,0.003,2.651,-0.884,-0.000,4.248,4.267,8.515,4.055,4.055,33,2,-1.499,2.205,0.706,4.026,4.026,61,2,138,6a9b54205a2a,2026-09-23T23:26:21+00:00
401856820,,2026,5,2026-10-03 04:00:00+00:00,12,2132,0.000,10.529,16.291,52.635,15.994,31.582,21.053,0.750,32,74,31,24,0.009,2.651,-0.019,-0.000,3.916,4.747,8.662,4.032,4.032,32,2,0.467,0.146,0.613,4.055,4.055,62,2,138,530a6f1cbbbb,2026-09-23T23:50:55+00:00
401856820,,2026,5,2026-10-03 04:00:00+00:00,12,2132,0.000,9.825,16.291,54.236,15.994,32.031,22.205,0.742,35,74,28,25,0.003,2.651,-0.019,-0.000,3.916,4.747,8.662,4.032,4.032,32,2,0.467,0.146,0.613,4.055,4.055,62,2,138,6a9b54205a2a,2026-09-23T23:26:21+00:00
401856821,,2026,5,2026-10-03 04:00:00+00:00,38,2641,0.000,-17.464,16.301,52.479,15.994,17.507,34.972,0.147,33,73,14,38,0.007,2.651,1.845,-0.000,-5.247,-0.507,-5.754,4.062,4.062,90,2,7.124,8.154,15.277,4.032,4.032,14,2,138,530a6f1cbbbb,2026-09-23T23:50:55+00:00
401856821,,2026,5,2026-10-03 04:00:00+00:00,38,2641,0.000,-16.504,16.301,53.816,15.994,18.656,35.160,0.156,35,73,23,30,0.002,2.651,1.845,-0.000,-5.247,-0.507,-5.754,4.062,4.062,90,2,7.124,8.154,15.277,4.032,4.032,14,2,138,6a9b54205a2a,2026-09-23T23:26:21+00:00
401856822,,2026,5,2026-10-03 04:00:00+00:00,66,277,0.000,9.942,16.291,51.971,15.994,30.957,21.014,0.739,31,73,31,24,0.009,2.651,0.418,-0.000,1.457,5.417,6.874,4.032,4.032,38,2,0.515,-1.132,-0.617,4.056,4.056,66,2,138,530a6f1cbbbb,2026-09-23T23:50:55+00:00
401856822,,2026,5,2026-10-03 04:00:00+00:00,66,277,0.000,9.292,16.291,53.652,15.994,31.472,22.180,0.731,34,74,28,25,0.003,2.651,0.418,-0.000,1.457,5.417,6.874,4.032,4.032,38,2,0.515,-1.132,-0.617,4.056,4.056,66,2,138,6a9b54205a2a,2026-09-23T23:26:21+00:00
401858245,,2026,5,2026-10-02 23:00:00+00:00,259,221,0.000,0.695,16.179,51.617,15.994,26.156,25.461,0.527,31,73,27,24,0.009,2.651,0.475,-0.000,4.161,2.225,6.385,4.031,4.031,41,2,2.275,6.388,8.663,3.824,3.824,31,3,138,530a6f1cbbbb,2026-09-23T23:50:55+00:00
401858245,,2026,5,2026-10-02 23:00:00+00:00,259,221,0.000,0.622,16.179,53.506,15.994,27.064,26.442,0.526,34,74,28,25,0.003,2.651,0.475,-0.000,4.161,2.225,6.385,4.031,4.031,41,2,2.275,6.388,8.663,3.824,3.824,31,3,138,6a9b54205a2a,2026-09-23T23:26:21+00:00
401858246,,2026,5,2026-10-03 04:00:00+00:00,2567,103,0.000,18.871,16.313,55.426,15.994,37.149,18.277,0.883,35,76,38,10,0.008,2.651,2.242,-0.000,5.482,4.671,10.153,4.051,4.051,26,2,-4.326,-2.150,-6.476,4.079,4.079,95,2,138,530a6f1cbbbb,2026-09-23T23:50:55+00:00
401858246,,2026,5,2026-10-03 04:00:00+00:00,2567,103,0.000,17.701,16.313,56.496,15.994,37.099,19.398,0.873,37,76,31,24,0.002,2.651,2.242,-0.000,5.482,4.671,10.153,4.051,4.051,26,2,-4.326,-2.150,-6.476,4.079,4.079,95,2,138,6a9b54205a2a,2026-09-23T23:26:21+00:00
401858247,,2026,5,2026-10-03 19:30:00+00:00,2439,25,0.000,-0.042,16.222,50.951,15.994,25.454,25.497,0.509,30,72,24,21,0.009,2.651,0.433,1.009,-5.501,-0.474,-5.976,3.864,3.864,92,3,-1.439,-1.485,-2.924,4.080,4.080,76,2,138,530a6f1cbbbb,2026-09-23T23:50:55+00:00
401858247,,2026,5,2026-10-03 19:30:00+00:00,2439,25,0.000,-0.067,16.222,52.905,15.994,26.419,26.486,0.509,33,73,28,25,0.003,2.651,0.433,1.009,-5.501,-0.474,-5.976,3.864,3.864,92,3,-1.439,-1.485,-2.924,4.080,4.080,76,2,138,6a9b54205a2a,2026-09-23T23:26:21+00:00
401858248,,2026,5,2026-10-03 04:00:00+00:00,152,97,0.000,-3.888,16.301,54.662,15.994,25.387,29.275,0.417,34,76,24,31,0.009,2.651,-1.223,-0.000,1.738,1.051,2.789,4.055,4.055,52,2,7.339,2.392,9.731,4.051,4.051,28,2,138,530a6f1cbbbb,2026-09-23T23:50:55+00:00
401858248,,2026,5,2026-10-03 04:00:00+00:00,152,97,0.000,-3.618,16.301,56.197,15.994,26.290,29.907,0.420,36,76,29,26,0.003,2.651,-1.223,-0.000,1.738,1.051,2.789,4.055,4.055,52,2,7.339,2.392,9.731,4.051,4.051,28,2,138,6a9b54205a2a,2026-09-23T23:26:21+00:00
401858249,,2026,5,2026-10-03 04:00:00+00:00,228,2390,0.000,-11.276,16.184,48.719,15.994,18.722,29.998,0.248,28,69,17,24,0.009,2.651,-1.045,-0.000,0.647,4.228,4.875,3.821,3.821,45,3,8.847,11.085,19.931,4.045,4.045,7,2,138,530a6f1cbbbb,2026-09-23T23:50:55+00:00
401858249,,2026,5,2026-10-03 04:00:00+00:00,228,2390,0.000,-10.750,16.184,50.629,15.994,19.940,30.689,0.254,31,70,21,28,0.003,2.651,-1.045,-0.000,0.647,4.228,4.875,3.821,3.821,45,3,8.847,11.085,19.931,4.045,4.045,7,2,138,6a9b54205a2a,2026-09-23T23:26:21+00:00
401858250,,2026,5,2026-10-03 04:00:00+00:00,153,87,0.000,-19.165,16.186,48.428,15.994,14.632,33.797,0.117,29,68,7,31,0.009,2.651,-2.123,-0.000,-2.867,2.947,0.080,4.050,4.050,64,2,11.169,12.765,23.934,3.821,3.821,3,3,138,530a6f1cbbbb,2026-09-23T23:50:55+00:00
401858250,,2026,5,2026-10-03 04:00:00+00:00,153,87,0.000,-18.432,16.186,49.935,15.994,15.751,34.184,0.122,31,69,12,36,0.002,2.651,-2.123,-0.000,-2.867,2.947,0.080,4.050,4.050,64,2,11.169,12.765,23.934,3.821,3.821,3,3,138,6a9b54205a2a,2026-09-23T23:26:21+00:00
401858251,,2026,5,2026-10-03 04:00:00+00:00,154,24,0.000,12.045,16.052,52.226,15.994,32.135,20.091,0.783,31,73,31,24,0.009,2.651,0.565,-0.000,1.102,1.481,2.582,3.825,3.825,53,3,-4.602,-2.516,-7.118,3.839,3.839,99,3,138,530a6f1cbbbb,2026-09-23T23:50:55+00:00
401858251,,2026,5,2026-10-03 04:00:00+00:00,154,24,0.000,11.293,16.052,53.819,15.994,32.556,21.263,0.774,34,74,28,25,0.003,2.651,0.565,-0.000,1.102,1.481,2.582,3.825,3.825,53,3,-4.602,-2.516,-7.118,3.839,3.839,99,3,138,6a9b54205a2a,2026-09-23T23:26:21+00:00
401858252,,2026,5,2026-10-03 16:00:00+00:00,41,183,0.000,-4.215,16.276,52.082,15.994,23.934,28.149,0.408,31,73,24,31,0.009,2.651,0.292,-0.000,-5.099,-7.935,-13.034,4.031,4.031,119,2,-4.886,-0.777,-5.664,4.026,4.026,89,2,138,530a6f1cbbbb,2026-09-23T23:50:55+00:00
401858252,,2026,5,2026-10-03 16:00:00+00:00,41,183,0.000,-3.956,16.276,53.886,15.994,24.965,28.921,0.411,34,74,25,28,0.003,2.651,0.292,-0.000,-5.099,-7.935,-13.034,4.031,4.031,119,2,-4.886,-0.777,-5.664,4.026,4.026,89,2,138,6a9b54205a2a,2026-09-23T23:26:21+00:00
401858253,,2026,5,2026-10-03 04:00:00+00:00,52,258,0.000,5.901,16.200,53.142,15.994,29.521,23.620,0.652,32,75,31,24,0.009,2.651,0.326,-0.000,4.503,2.680,7.183,3.843,3.843,36,3,1.289,2.764,4.053,4.056,4.056,48,2,138,530a6f1cbbbb,2026-09-23T23:50:55+00:00
401858253,,2026,5,2026-10-03 04:00:00+00:00,52,258,0.000,5.463,16.200,54.814,15.994,30.139,24.676,0.646,35,75,29,26,0.003,2.651,0.326,-0.000,4.503,2.680,7.183,3.843,3.843,36,3,1.289,2.764,4.053,4.056,4.056,48,2,138,6a9b54205a2a,2026-09-23T23:26:21+00:00
401858472,,2026,5,2026-10-03 04:00:00+00:00,356,2509,0.000,11.594,16.296,57.001,15.994,34.298,22.703,0.767,36,79,31,24,0.009,2.651,-1.258,-0.000,3.555,2.316,5.871,4.075,4.075,42,2,2.367,-5.278,-2.911,4.021,4.021,75,2,138,530a6f1cbbbb,2026-09-23T23:50:55+00:00
401858472,,2026,5,2026-10-03 04:00:00+00:00,356,2509,0.000,10.701,16.296,58.159,15.994,34.430,23.729,0.757,38,78,30,27,0.003,2.651,-1.258,-0.000,3.555,2.316,5.871,4.075,4.075,42,2,2.367,-5.278,-2.911,4.021,4.021,75,2,138,6a9b54205a2a,2026-09-23T23:26:21+00:00
401858473,,2026,5,2026-10-03 04:00:00+00:00,2294,194,0.000,-9.794,16.204,45.447,15.994,17.826,27.621,0.274,26,66,17,24,0.010,2.651,-2.847,-0.000,2.903,10.309,13.212,4.084,4.084,21,2,13.138,14.029,27.167,3.821,3.821,1,3,138,530a6f1cbbbb,2026-09-23T23:50:55+00:00
401858473,,2026,5,2026-10-03 04:00:00+00:00,2294,194,0.000,-9.480,16.204,47.668,15.994,19.094,28.574,0.278,29,67,22,25,0.003,2.651,-2.847,-0.000,2.903,10.309,13.212,4.084,4.084,21,2,13.138,14.029,27.167,3.821,3.821,1,3,138,6a9b54205a2a,2026-09-23T23:26:21+00:00
401858474,,2026,5,2026-10-03 04:00:00+00:00,135,130,0.000,-6.732,16.179,45.266,15.994,19.267,25.999,0.343,25,66,17,24,0.010,2.651,-2.197,-0.000,-0.007,4.032,4.025,4.027,4.027,49,2,4.798,9.788,14.586,3.821,3.821,18,3,138,530a6f1cbbbb,2026-09-23T23:50:55+00:00
401858474,,2026,5,2026-10-03 04:00:00+00:00,135,130,0.000,-6.519,16.179,47.620,15.994,20.550,27.069,0.345,28,67,22,25,0.003,2.651,-2.197,-0.000,-0.007,4.032,4.025,4.027,4.027,49,2,4.798,9.788,14.586,3.821,3.821,18,3,138,6a9b54205a2a,2026-09-23T23:26:21+00:00
401858475,,2026,5,2026-10-03 04:00:00+00:00,158,120,0.000,10.590,16.303,54.928,15.994,32.759,22.169,0.749,34,76,31,24,0.009,2.651,0.440,-0.000,6.751,3.299,10.050,4.080,4.080,27,2,0.635,1.510,2.145,4.031,4.031,58,2,138,530a6f1cbbbb,2026-09-23T23:50:55+00:00
401858475,,2026,5,2026-10-03 04:00:00+00:00,158,120,0.000,9.810,16.303,56.311,15.994,33.061,23.250,0.740,37,76,29,26,0.003,2.651,0.440,-0.000,6.751,3.299,10.050,4.080,4.080,27,2,0.635,1.510,2.145,4.031,4.031,58,2,138,6a9b54205a2a,2026-09-23T23:26:21+00:00
401858476,,2026,5,2026-10-03 00:00:00+00:00,77,213,0.000,-2.666,16.320,46.916,15.994,22.125,24.791,0.443,27,68,24,21,0.009,2.651,-2.329,-0.000,3.660,5.607,9.267,4.309,4.309,29,1,5.889,9.330,15.220,3.821,3.821,15,3,138,530a6f1cbbbb,2026-09-23T23:50:55+00:00
401858476,,2026,5,2026-10-03 00:00:00+00:00,77,213,0.000,-2.572,16.320,49.223,15.994,23.326,25.897,0.445,30,69,26,23,0.003,2.651,-2.329,-0.000,3.660,5.607,9.267,4.309,4.309,29,1,5.889,9.330,15.220,3.821,3.821,15,3,138,6a9b54205a2a,2026-09-23T23:26:21+00:00
401858477,,2026,5,2026-10-04 00:00:00+00:00,164,84,0.000,-22.241,16.184,51.900,15.994,14.829,37.070,0.085,33,72,14,38,0.008,2.651,-1.945,-0.000,-0.757,-4.047,-4.804,3.821,3.821,84,3,8.097,13.515,21.612,4.045,4.045,6,2,138,530a6f1cbbbb,2026-09-23T23:50:55+00:00
401858477,,2026,5,2026-10-04 00:00:00+00:00,164,84,0.000,-21.205,16.184,53.029,15.994,15.912,37.117,0.092,34,72,13,37,0.002,2.651,-1.945,-0.000,-0.757,-4.047,-4.804,3.821,3.821,84,3,8.097,13.515,21.612,4.045,4.045,6,2,138,6a9b54205a2a,2026-09-23T23:26:21+00:00
401858478,,2026,5,2026-10-03 04:00:00+00:00,30,264,0.000,6.849,16.123,50.895,15.994,28.872,22.023,0.675,30,72,31,24,0.009,2.651,-1.207,-0.000,10.771,4.665,15.436,3.641,3.641,13,4,2.120,9.049,11.169,4.084,4.084,25,2,138,530a6f1cbbbb,2026-09-23T23:50:55+00:00
401858478,,2026,5,2026-10-03 04:00:00+00:00,30,264,0.000,6.404,16.123,52.774,15.994,29.589,23.185,0.669,33,73,28,25,0.003,2.651,-1.207,-0.000,10.771,4.665,15.436,3.641,3.641,13,4,2.120,9.049,11.169,4.084,4.084,25,2,138,6a9b54205a2a,2026-09-23T23:26:21+00:00
401858479,,2026,5,2026-10-03 04:00:00+00:00,275,127,0.000,4.364,16.114,46.741,15.994,25.553,21.188,0.620,27,68,24,21,0.010,2.651,-2.338,-0.000,2.295,2.477,4.772,4.042,4.042,46,2,-1.295,4.238,2.943,3.814,3.814,51,3,138,530a6f1cbbbb,2026-09-23T23:50:55+00:00
401858479,,2026,5,2026-10-03 04:00:00+00:00,275,127,0.000,4.142,16.114,49.050,15.994,26.596,22.454,0.617,29,69,26,23,0.004,2.651,-2.338,-0.000,2.295,2.477,4.772,4.042,4.042,46,2,-1.295,4.238,2.943,3.814,3.814,51,3,138,6a9b54205a2a,2026-09-23T23:26:21+00:00
401860898,,2026,5,2026-10-03 23:30:00+00:00,68,328,0.000,11.819,16.303,51.316,15.994,31.568,19.748,0.776,31,72,31,24,0.009,2.651,0.169,-0.000,3.859,3.292,7.151,4.079,4.079,37,2,-3.192,0.755,-2.437,4.032,4.032,71,2,138,530a6f1cbbbb,2026-09-23T23:50:55+00:00
401860898,,2026,5,2026-10-03 23:30:00+00:00,68,328,0.000,11.103,16.303,52.987,15.994,32.045,20.942,0.768,33,73,27,24,0.003,2.651,0.169,-0.000,3.859,3.292,7.151,4.079,4.079,37,2,-3.192,0.755,-2.437,4.032,4.032,71,2,138,6a9b54205a2a,2026-09-23T23:26:21+00:00
401860899,,2026,5,2026-10-03 22:00:00+00:00,36,204,0.000,-0.488,16.323,53.702,15.994,26.607,27.095,0.498,33,75,27,24,0.009,2.651,0.742,-0.000,-2.916,-3.736,-6.652,4.055,4.055,98,2,-1.613,-1.538,-3.151,4.084,4.084,78,2,138,530a6f1cbbbb,2026-09-23T23:50:55+00:00
401860899,,2026,5,2026-10-03 22:00:00+00:00,36,204,0.000,-0.478,16.323,55.362,15.994,27.442,27.920,0.498,35,75,29,26,0.003,2.651,0.742,-0.000,-2.916,-3.736,-6.652,4.055,4.055,98,2,-1.613,-1.538,-3.151,4.084,4.084,78,2,138,6a9b54205a2a,2026-09-23T23:26:21+00:00
401860900,,2026,5,2026-10-04 02:30:00+00:00,21,326,0.000,5.338,16.177,54.273,15.994,29.806,24.468,0.638,33,76,31,24,0.010,2.651,0.249,-0.000,-3.054,2.595,-0.459,4.027,4.027,65,2,2.545,-5.498,-2.952,3.816,3.816,77,3,138,530a6f1cbbbb,2026-09-23T23:50:55+00:00
401860900,,2026,5,2026-10-04 02:30:00+00:00,21,326,0.000,4.919,16.177,55.838,15.994,30.378,25.459,0.632,36,76,29,26,0.003,2.651,0.249,-0.000,-3.054,2.595,-0.459,4.027,4.027,65,2,2.545,-5.498,-2.952,3.816,3.816,77,3,138,6a9b54205a2a,2026-09-23T23:26:21+00:00
401860921,,2026,5,2026-10-04 01:30:00+00:00,265,278,0.000,0.493,16.202,42.531,15.994,21.512,21.019,0.523,23,63,24,21,0.010,2.651,-3.429,-0.000,-2.525,1.623,-0.902,4.084,4.084,67,2,-2.718,4.274,1.556,3.811,3.811,59,3,138,530a6f1cbbbb,2026-09-23T23:50:55+00:00
401860921,,2026,5,2026-10-04 01:30:00+00:00,265,278,0.000,0.450,16.202,45.193,15.994,22.822,22.372,0.522,26,65,23,20,0.004,2.651,-3.429,-0.000,-2.525,1.623,-0.902,4.084,4.084,67,2,-2.718,4.274,1.556,3.811,3.811,59,3,138,6a9b54205a2a,2026-09-23T23:26:21+00:00
401862786,,2026,5,2026-10-02 01:00:00+00:00,202,249,0.000,1.504,16.202,57.062,15.994,29.283,27.779,0.546,35,79,31,24,0.009,2.651,1.745,-0.000,-5.086,-1.297,-6.383,4.084,4.084,94,2,1.661,-6.560,-4.900,3.816,3.816,85,3,138,530a6f1cbbbb,2026-09-23T23:50:55+00:00
401862786,,2026,5,2026-10-02 01:00:00+00:00,202,249,0.000,1.354,16.202,58.345,15.994,29.849,28.496,0.544,38,79,31,28,0.003,2.651,1.745,-0.000,-5.086,-1.297,-6.383,4.084,4.084,94,2,1.661,-6.560,-4.900,3.816,3.816,85,3,138,6a9b54205a2a,2026-09-23T23:26:21+00:00
401862787,,2026,5,2026-10-03 04:00:00+00:00,2429,235,0.000,-11.648,16.199,52.872,15.994,20.612,32.260,0.245,32,74,24,31,0.009,2.651,-0.672,-0.000,-8.694,-7.257,-15.951,4.026,4.026,130,2,0.595,-1.638,-1.042,3.872,3.872,69,3,138,530a6f1cbbbb,2026-09-23T23:50:55+00:00
401862787,,2026,5,2026-10-03 04:00:00+00:00,2429,235,0.000,-10.923,16.199,54.417,15.994,21.747,32.670,0.254,35,74,23,30,0.003,2.651,-0.672,-0.000,-8.694,-7.257,-15.951,4.026,4.026,130,2,0.595,-1.638,-1.042,3.872,3.872,69,3,138,6a9b54205a2a,2026-09-23T23:26:21+00:00
401862788,,2026,5,2026-10-03 04:00:00+00:00,242,2636,0.000,-12.971,16.277,50.307,15.994,18.668,31.639,0.219,30,71,17,24,0.008,2.651,-2.293,-0.000,-7.202,-7.158,-14.360,4.027,4.027,125,2,0.542,1.729,2.272,4.021,4.021,56,2,138,530a6f1cbbbb,2026-09-23T23:50:55+00:00
401862788,,2026,5,2026-10-03 04:00:00+00:00,242,2636,0.000,-12.294,16.277,52.014,15.994,19.860,32.154,0.226,33,72,22,29,0.003,2.651,-2.293,-0.000,-7.202,-7.158,-14.360,4.027,4.027,125,2,0.542,1.729,2.272,4.021,4.021,56,2,138,6a9b54205a2a,2026-09-23T23:26:21+00:00
401862791,,2026,5,2026-10-03 16:00:00+00:00,2005,2426,0.000,2.979,16.586,51.271,15.994,27.125,24.146,0.582,31,73,27,24,0.009,2.651,-3.960,-0.000,-2.246,-6.175,-8.421,4.333,4.333,105,1,-3.833,-4.721,-8.555,4.333,4.333,107,1,138,530a6f1cbbbb,2026-09-23T23:50:55+00:00
401862791,,2026,5,2026-10-03 16:00:00+00:00,2005,2426,0.000,2.754,16.586,53.158,15.994,27.956,25.202,0.579,33,73,28,25,0.003,2.651,-3.960,-0.000,-2.246,-6.175,-8.421,4.333,4.333,105,1,-3.833,-4.721,-8.555,4.333,4.333,107,1,138,6a9b54205a2a,2026-09-23T23:26:21+00:00
401862792,,2026,5,2026-10-03 04:00:00+00:00,58,218,0.000,4.514,16.303,53.939,15.994,29.226,24.713,0.618,33,76,31,24,0.009,2.651,-0.425,-0.000,-2.685,-1.027,-3.711,4.086,4.086,81,2,-0.329,-5.034,-5.363,4.027,4.027,87,2,138,530a6f1cbbbb,2026-09-23T23:50:55+00:00
401862792,,2026,5,2026-10-03 04:00:00+00:00,58,218,0.000,4.155,16.303,55.545,15.994,29.850,25.695,0.613,35,76,29,26,0.003,2.651,-0.425,-0.000,-2.685,-1.027,-3.711,4.086,4.086,81,2,-0.329,-5.034,-5.363,4.027,4.027,87,2,138,6a9b54205a2a,2026-09-23T23:26:21+00:00
401864513,,2026,5,2026-10-04 03:59:00+00:00,62,23,0.000,5.781,16.106,53.104,15.994,29.442,23.661,0.650,32,75,31,24,0.010,2.651,1.799,-0.000,-4.760,-3.325,-8.085,3.868,3.868,104,3,-5.955,-5.135,-11.090,3.831,3.831,117,3,138,530a6f1cbbbb,2026-09-23T23:50:55+00:00
401864513,,2026,5,2026-10-04 03:59:00+00:00,62,23,0.000,5.353,16.106,54.787,15.994,30.070,24.717,0.644,35,75,29,26,0.003,2.651,1.799,-0.000,-4.760,-3.325,-8.085,3.868,3.868,104,3,-5.955,-5.135,-11.090,3.831,3.831,117,3,138,6a9b54205a2a,2026-09-23T23:26:21+00:00
401864514,,2026,5,2026-10-03 04:00:00+00:00,167,2638,0.000,21.748,16.258,52.781,15.994,37.264,15.516,0.918,33,73,38,10,0.010,2.651,-1.268,-0.000,-1.531,3.708,2.177,4.050,4.050,57,2,-7.127,-11.093,-18.220,4.045,4.045,134,2,138,530a6f1cbbbb,2026-09-23T23:50:55+00:00
401864514,,2026,5,2026-10-03 04:00:00+00:00,167,2638,0.000,20.653,16.258,53.883,15.994,37.268,16.615,0.911,35,73,40,12,0.003,2.651,-1.268,-0.000,-1.531,3.708,2.177,4.050,4.050,57,2,-7.127,-11.093,-18.220,4.045,4.045,134,2,138,6a9b54205a2a,2026-09-23T23:26:21+00:00
401864515,,2026,5,2026-10-03 19:30:00+00:00,2449,2751,0.000,17.828,16.190,49.854,15.994,33.841,16.013,0.877,30,70,38,10,0.009,2.651,-1.024,1.009,0.436,2.009,2.446,3.822,3.822,54,3,-10.041,-4.059,-14.100,4.056,4.056,123,2,138,530a6f1cbbbb,2026-09-23T23:50:55+00:00
401864515,,2026,5,2026-10-03 19:30:00+00:00,2449,2751,0.000,17.000,16.190,51.346,15.994,34.173,17.173,0.870,32,71,28,21,0.002,2.651,-1.024,1.009,0.436,2.009,2.446,3.822,3.822,54,3,-10.041,-4.059,-14.100,4.056,4.056,123,2,138,6a9b54205a2a,2026-09-23T23:26:21+00:00
401866430,,2026,5,2026-10-03 04:00:00+00:00,2117,2006,0.000,6.876,16.301,47.655,15.994,27.266,20.389,0.677,27,69,24,17,0.010,2.651,-2.135,-0.000,-7.200,-2.505,-9.705,4.056,4.056,111,2,-7.217,-7.058,-14.275,4.051,4.051,124,2,138,530a6f1cbbbb,2026-09-23T23:50:55+00:00
401866430,,2026,5,2026-10-03 04:00:00+00:00,2117,2006,0.000,6.520,16.301,49.814,15.994,28.167,21.647,0.672,30,70,26,23,0.003,2.651,-2.135,-0.000,-7.200,-2.505,-9.705,4.056,4.056,111,2,-7.217,-7.058,-14.275,4.051,4.051,124,2,138,6a9b54205a2a,2026-09-23T23:26:21+00:00
401866431,,2026,5,2026-10-03 04:00:00+00:00,2050,2649,0.000,-14.930,16.298,56.702,15.994,20.886,35.816,0.191,36,78,24,31,0.008,2.651,-0.371,-0.000,-9.928,-11.467,-21.395,4.051,4.051,137,2,0.586,-4.164,-3.578,4.050,4.050,79,2,138,530a6f1cbbbb,2026-09-23T23:50:55+00:00
401866431,,2026,5,2026-10-03 04:00:00+00:00,2050,2649,0.000,-13.894,16.298,57.809,15.994,21.957,35.851,0.202,38,78,25,32,0.003,2.651,-0.371,-0.000,-9.928,-11.467,-21.395,4.051,4.051,137,2,0.586,-4.164,-3.578,4.050,4.050,79,2,138,6a9b54205a2a,2026-09-23T23:26:21+00:00
401866432,,2026,5,2026-10-03 04:00:00+00:00,2084,2711,0.000,-12.725,16.284,50.279,15.994,18.777,31.502,0.223,30,71,17,24,0.008,2.651,-0.860,-0.000,-6.763,-8.157,-14.919,4.021,4.021,128,2,-1.829,3.287,1.458,4.051,4.051,60,2,138,530a6f1cbbbb,2026-09-23T23:50:55+00:00
401866432,,2026,5,2026-10-03 04:00:00+00:00,2084,2711,0.000,-12.060,16.284,51.998,15.994,19.969,32.029,0.231,33,72,22,29,0.003,2.651,-0.860,-0.000,-6.763,-8.157,-14.919,4.021,4.021,128,2,-1.829,3.287,1.458,4.051,4.051,60,2,138,6a9b54205a2a,2026-09-23T23:26:21+00:00
401866433,,2026,5,2026-10-03 04:00:00+00:00,113,2199,0.000,-4.618,16.267,49.812,15.994,22.597,27.215,0.397,29,71,24,31,0.009,2.651,-1.683,-0.000,-12.032,-10.732,-22.764,4.363,4.363,138,1,-7.620,-7.241,-14.862,3.644,3.644,127,4,138,530a6f1cbbbb,2026-09-23T23:50:55+00:00
401866433,,2026,5,2026-10-03 04:00:00+00:00,113,2199,0.000,-4.374,16.267,51.832,15.994,23.729,28.103,0.400,32,72,24,27,0.003,2.651,-1.683,-0.000,-12.032,-10.732,-22.764,4.363,4.363,138,1,-7.620,-7.241,-14.862,3.644,3.644,127,4,138,6a9b54205a2a,2026-09-23T23:26:21+00:00
401866434,,2026,5,2026-10-03 04:00:00+00:00,2309,195,0.000,-11.616,16.186,53.767,15.994,21.076,32.692,0.247,33,75,24,31,0.009,2.651,-2.293,-0.000,-9.665,-11.711,-21.376,4.050,4.050,136,2,-1.731,-4.864,-6.596,3.820,3.820,97,3,138,530a6f1cbbbb,2026-09-23T23:50:55+00:00
401866434,,2026,5,2026-10-03 04:00:00+00:00,2309,195,0.000,-10.860,16.186,55.233,15.994,22.186,33.047,0.256,35,75,24,31,0.003,2.651,-2.293,-0.000,-9.665,-11.711,-21.376,4.050,4.050,136,2,-1.731,-4.864,-6.596,3.820,3.820,97,3,138,6a9b54205a2a,2026-09-23T23:26:21+00:00
401866477,,2026,5,2026-10-03 04:00:00+00:00,193,189,0.000,12.964,16.289,51.044,15.994,32.004,19.040,0.798,31,72,31,24,0.008,2.651,-3.748,-0.000,-3.170,-6.136,-9.306,4.051,4.051,109,2,-10.217,-9.961,-20.178,4.031,4.031,135,2,138,530a6f1cbbbb,2026-09-23T23:50:55+00:00
401866477,,2026,5,2026-10-03 04:00:00+00:00,193,189,0.000,12.212,16.289,52.691,15.994,32.452,20.239,0.790,33,73,27,24,0.003,2.651,-3.748,-0.000,-3.170,-6.136,-9.306,4.051,4.051,109,2,-10.217,-9.961,-20.178,4.031,4.031,135,2,138,6a9b54205a2a,2026-09-23T23:26:21+00:00
401869842,,2026,5,2026-10-03 04:00:00+00:00,2348,349,0.000,2.591,16.434,49.980,15.994,26.285,23.695,0.573,30,71,24,21,0.009,2.651,-2.620,-0.000,-2.655,-3.483,-6.138,4.027,4.027,93,2,-3.175,-2.719,-5.894,4.339,4.339,91,1,138,530a6f1cbbbb,2026-09-23T23:50:55+00:00
401869842,,2026,5,2026-10-03 04:00:00+00:00,2348,349,0.000,2.406,16.434,52.006,15.994,27.206,24.800,0.571,32,72,27,24,0.003,2.651,-2.620,-0.000,-2.655,-3.483,-6.138,4.027,4.027,93,2,-3.175,-2.719,-5.894,4.339,4.339,91,1,138,6a9b54205a2a,2026-09-23T23:26:21+00:00
401869932,,2026,5,2026-10-03 04:00:00+00:00,309,2032,0.000,9.253,16.282,53.322,15.994,31.288,22.035,0.724,33,75,31,24,0.009,2.651,-0.854,-0.000,-0.957,-2.893,-3.850,4.018,4.018,82,2,-5.054,-5.432,-10.486,4.051,4.051,115,2,138,530a6f1cbbbb,2026-09-23T23:50:55+00:00
401869932,,2026,5,2026-10-03 04:00:00+00:00,309,2032,0.000,8.599,16.282,54.897,15.994,31.748,23.149,0.716,35,75,29,26,0.003,2.651,-0.854,-0.000,-0.957,-2.893,-3.850,4.018,4.018,82,2,-5.054,-5.432,-10.486,4.051,4.051,115,2,138,6a9b54205a2a,2026-09-23T23:26:21+00:00
401869942,,2026,5,2026-10-03 04:00:00+00:00,324,290,0.000,2.131,16.286,52.746,15.994,27.439,25.307,0.562,31,75,27,24,0.009,2.651,1.763,-0.000,-6.015,-3.986,-10.001,4.055,4.055,113,2,-4.898,-4.312,-9.211,4.021,4.021,108,2,138,530a6f1cbbbb,2026-09-23T23:50:55+00:00
401869942,,2026,5,2026-10-03 04:00:00+00:00,324,290,0.000,1.954,16.286,54.504,15.994,28.229,26.275,0.559,35,75,29,26,0.003,2.651,1.763,-0.000,-6.015,-3.986,-10.001,4.055,4.055,113,2,-4.898,-4.312,-9.211,4.021,4.021,108,2,138,6a9b54205a2a,2026-09-23T23:26:21+00:00
401869956,,2026,5,2026-10-03 04:00:00+00:00,2247,295,0.000,-3.720,16.276,54.786,15.994,25.533,29.253,0.420,34,76,24,31,0.009,2.651,0.644,-0.000,-3.207,-7.840,-11.047,4.031,4.031,116,2,-3.160,-1.119,-4.279,4.026,4.026,83,2,138,530a6f1cbbbb,2026-09-23T23:50:55+00:00
401869956,,2026,5,2026-10-03 04:00:00+00:00,2247,295,0.000,-3.461,16.276,56.310,15.994,26.425,29.885,0.424,36,77,29,26,0.003,2.651,0.644,-0.000,-3.207,-7.840,-11.047,4.031,4.031,116,2,-3.160,-1.119,-4.279,4.026,4.026,83,2,138,6a9b54205a2a,2026-09-23T23:26:21+00:00
401869962,,2026,5,2026-10-03 04:00:00+00:00,256,276,0.000,12.602,16.189,51.306,15.994,31.954,19.352,0.792,31,72,31,24,0.009,2.651,0.011,-0.000,-1.189,4.283,3.093,4.055,4.055,50,2,-2.567,-4.769,-7.336,3.821,3.821,101,3,138,530a6f1cbbbb,2026-09-23T23:50:55+00:00
401869962,,2026,5,2026-10-03 04:00:00+00:00,256,276,0.000,11.858,16.189,52.951,15.994,32.404,20.547,0.784,33,73,27,24,0.003,2.651,0.011,-0.000,-1.189,4.283,3.093,4.055,4.055,50,2,-2.567,-4.769,-7.336,3.821,3.821,101,3,138,6a9b54205a2a,2026-09-23T23:26:21+00:00
401871049,,2026,5,2026-10-02 00:00:00+00:00,166,98,0.000,-1.557,16.201,56.498,15.994,27.470,29.027,0.472,35,79,24,31,0.009,2.651,1.610,-0.000,-7.998,-6.849,-14.847,4.075,4.075,126,2,-2.692,-7.597,-10.288,3.825,3.825,114,3,138,530a6f1cbbbb,2026-09-23T23:50:55+00:00
401871049,,2026,5,2026-10-02 00:00:00+00:00,166,98,0.000,-1.456,16.201,57.846,15.994,28.195,29.651,0.474,38,78,30,27,0.003,2.651,1.610,-0.000,-7.998,-6.849,-14.847,4.075,4.075,126,2,-2.692,-7.597,-10.288,3.825,3.825,114,3,138,6a9b54205a2a,2026-09-23T23:26:21+00:00
401871050,,2026,5,2026-10-02 23:00:00+00:00,48,2335,0.000,0.082,16.291,52.358,15.994,26.220,26.138,0.512,31,74,27,24,0.009,2.651,-0.808,-0.000,-3.025,-3.486,-6.511,4.032,4.032,96,2,-1.397,-2.195,-3.593,4.055,4.055,80,2,138,530a6f1cbbbb,2026-09-23T23:50:55+00:00
401871050,,2026,5,2026-10-02 23:00:00+00:00,48,2335,0.000,0.050,16.291,54.164,15.994,27.107,27.057,0.512,34,74,28,25,0.003,2.651,-0.808,-0.000,-3.025,-3.486,-6.511,4.032,4.032,96,2,-1.397,-2.195,-3.593,4.055,4.055,80,2,138,6a9b54205a2a,2026-09-23T23:26:21+00:00
401871089,,2026,5,2026-10-03 04:00:00+00:00,6,2433,0.000,15.056,16.296,55.769,15.994,35.413,20.356,0.828,35,77,31,24,0.008,2.651,-1.323,-0.000,-0.162,-5.468,-5.630,4.021,4.021,88,2,-8.541,-9.587,-18.129,4.075,4.075,133,2,138,530a6f1cbbbb,2026-09-23T23:50:55+00:00
401871089,,2026,5,2026-10-03 04:00:00+00:00,6,2433,0.000,14.017,16.296,56.946,15.994,35.481,21.464,0.818,37,77,30,27,0.003,2.651,-1.323,-0.000,-0.162,-5.468,-5.630,4.021,4.021,88,2,-8.541,-9.587,-18.129,4.075,4.075,133,2,138,6a9b54205a2a,2026-09-23T23:26:21+00:00
401856712,,2026,6,2026-10-10 04:00:00+00:00,333,61,0.000,-0.618,16.173,57.042,15.994,28.212,28.830,0.495,35,79,27,24,0.009,2.651,-1.662,-0.000,13.271,8.377,21.648,3.817,3.817,5,3,15.361,9.901,25.262,4.027,4.027,2,2,138,530a6f1cbbbb,2026-09-23T23:50:55+00:00
401856712,,2026,6,2026-10-10 04:00:00+00:00,333,61,0.000,-0.593,16.173,58.331,15.994,28.869,29.462,0.495,38,79,31,28,0.003,2.651,-1.662,-0.000,13.271,8.377,21.648,3.817,3.817,5,3,15.361,9.901,25.262,4.027,4.027,2,2,138,6a9b54205a2a,2026-09-23T23:26:21+00:00
401856713,,2026,6,2026-10-10 04:00:00+00:00,8,2633,0.000,-14.947,16.279,59.246,15.994,22.150,37.096,0.192,38,80,24,31,0.008,2.651,2.283,-0.000,-0.202,-2.422,-2.624,4.031,4.031,72,2,9.393,5.583,14.977,4.032,4.032,17,2,138,530a6f1cbbbb,2026-09-23T23:50:55+00:00
401856713,,2026,6,2026-10-10 04:00:00+00:00,8,2633,0.000,-13.845,16.279,60.135,15.994,23.145,36.990,0.204,40,80,26,33,0.003,2.651,2.283,-0.000,-0.202,-2.422,-2.624,4.031,4.031,72,2,9.393,5.583,14.977,4.032,4.032,17,2,138,6a9b54205a2a,2026-09-23T23:26:21+00:00
401856714,,2026,6,2026-10-10 04:00:00+00:00,57,2579,0.000,5.926,16.295,57.386,15.994,31.656,25.730,0.649,36,79,31,24,0.009,2.651,-0.372,-0.000,11.339,3.809,15.148,4.046,4.046,16,2,6.558,5.613,12.171,4.050,4.050,23,2,138,530a6f1cbbbb,2026-09-23T23:50:55+00:00
401856714,,2026,6,2026-10-10 04:00:00+00:00,57,2579,0.000,5.418,16.295,58.597,15.994,32.007,26.589,0.643,39,79,31,28,0.003,2.651,-0.372,-0.000,11.339,3.809,15.148,4.046,4.046,16,2,6.558,5.613,12.171,4.050,4.050,23,2,138,6a9b54205a2a,2026-09-23T23:26:21+00:00
401856715,,2026,6,2026-10-10 04:00:00+00:00,96,99,0.000,-6.901,16.170,50.814,15.994,21.956,28.858,0.344,30,72,24,31,0.009,2.651,-0.365,-0.000,2.088,3.537,5.625,4.021,4.021,43,2,7.395,8.450,15.846,3.817,3.817,12,3,138,530a6f1cbbbb,2026-09-23T23:50:55+00:00
401856715,,2026,6,2026-10-10 04:00:00+00:00,96,99,0.000,-6.505,16.170,52.694,15.994,23.094,29.600,0.349,33,73,24,27,0.003,2.651,-0.365,-0.000,2.088,3.537,5.625,4.021,4.021,43,2,7.395,8.450,15.846,3.817,3.817,12,3,138,6a9b54205a2a,2026-09-23T23:26:21+00:00
401856716,,2026,6,2026-10-10 04:00:00+00:00,142,245,0.000,-3.681,16.173,51.298,15.994,23.809,27.489,0.420,31,73,24,31,0.009,2.651,-0.678,-0.000,4.556,6.779,11.335,4.032,4.032,24,2,9.790,8.393,18.183,3.824,3.824,8,3,138,530a6f1cbbbb,2026-09-23T23:50:55+00:00
401856716,,2026,6,2026-10-10 04:00:00+00:00,142,245,0.000,-3.469,16.173,53.193,15.994,24.862,28.331,0.423,33,73,28,25,0.003,2.651,-0.678,-0.000,4.556,6.779,11.335,4.032,4.032,24,2,9.790,8.393,18.183,3.824,3.824,8,3,138,6a9b54205a2a,2026-09-23T23:26:21+00:00
401856717,,2026,6,2026-10-10 19:30:00+00:00,201,251,1.000,-6.184,16.081,44.786,15.994,19.301,25.485,0.354,24,65,17,24,0.010,0.000,0.936,-0.000,3.116,12.808,15.924,3.821,3.821,11,3,10.189,13.075,23.265,3.817,3.817,4,3,138,530a6f1cbbbb,2026-09-23T23:50:55+00:00
401856717,,2026,6,2026-10-10 19:30:00+00:00,201,251,1.000,-6.006,16.081,47.199,15.994,20.596,26.602,0.357,28,67,21,24,0.003,0.000,0.936,-0.000,3.116,12.808,15.924,3.821,3.821,11,3,10.189,13.075,23.265,3.817,3.817,4,3,138,6a9b54205a2a,2026-09-23T23:26:21+00:00
401856718,,2026,6,2026-10-10 04:00:00+00:00,238,145,0.000,-1.329,16.177,56.705,15.994,27.688,29.017,0.478,35,79,24,31,0.009,2.651,0.570,-0.000,5.448,2.934,8.382,4.032,4.032,35,2,8.054,4.656,12.711,3.820,3.820,22,3,138,530a6f1cbbbb,2026-09-23T23:50:55+00:00
401856718,,2026,6,2026-10-10 04:00:00+00:00,238,145,0.000,-1.246,16.177,58.031,15.994,28.392,29.639,0.479,38,78,30,27,0.003,2.651,0.570,-0.000,5.448,2.934,8.382,4.032,4.032,35,2,8.054,4.656,12.711,3.820,3.820,22,3,138,6a9b54205a2a,2026-09-23T23:26:21+00:00
401856808,,2026,6,2026-10-10 04:00:00+00:00,9,62,0.000,12.677,16.197,51.741,15.994,32.209,19.532,0.793,31,73,31,24,0.009,2.651,0.159,-0.000,0.514,1.855,2.368,4.026,4.026,55,2,-4.760,-3.325,-8.085,3.868,3.868,104,3,138,530a6f1cbbbb,2026-09-23T23:50:55+00:00
401856808,,2026,6,2026-10-10 04:00:00+00:00,9,62,0.000,11.910,16.197,53.346,15.994,32.628,20.718,0.784,34,73,28,25,0.003,2.651,0.159,-0.000,0.514,1.855,2.368,4.026,4.026,55,2,-4.760,-3.325,-8.085,3.868,3.868,104,3,138,6a9b54205a2a,2026-09-23T23:26:21+00:00
401856823,,2026,6,2026-10-10 04:00:00+00:00,277,12,0.000,-6.178,16.291,54.012,15.994,23.917,30.095,0.363,33,76,24,31,0.009,2.651,0.835,-0.000,0.515,-1.132,-0.617,4.056,4.056,66,2,3.916,4.747,8.662,4.032,4.032,32,2,138,530a6f1cbbbb,2026-09-23T23:50:55+00:00
401856823,,2026,6,2026-10-10 04:00:00+00:00,277,12,0.000,-5.751,16.291,55.585,15.994,24.917,30.668,0.369,36,76,26,29,0.003,2.651,0.835,-0.000,0.515,-1.132,-0.617,4.056,4.056,66,2,3.916,4.747,8.662,4.032,4.032,32,2,138,6a9b54205a2a,2026-09-23T23:26:21+00:00
401856824,,2026,6,2026-10-10 04:00:00+00:00,197,2116,0.000,1.218,16.303,48.850,15.994,25.034,23.816,0.540,28,70,24,21,0.010,2.651,0.327,-0.000,-1.945,0.952,-0.993,4.084,4.084,68,2,-1.499,2.205,0.706,4.026,4.026,61,2,138,530a6f1cbbbb,2026-09-23T23:50:55+00:00
401856824,,2026,6,2026-10-10 04:00:00+00:00,197,2116,0.000,1.121,16.303,51.001,15.994,26.061,24.940,0.539,31,71,27,24,0.003,2.651,0.327,-0.000,-1.945,0.952,-0.993,4.084,4.084,68,2,-1.499,2.205,0.706,4.026,4.026,61,2,138,6a9b54205a2a,2026-09-23T23:26:21+00:00
401856825,,2026,6,2026-10-10 04:00:00+00:00,2306,248,0.000,3.158,16.295,50.627,15.994,26.892,23.734,0.587,30,72,24,21,0.009,2.651,-1.321,-0.000,4.039,4.818,8.857,4.026,4.026,30,2,4.248,4.267,8.515,4.055,4.055,33,2,138,530a6f1cbbbb,2026-09-23T23:50:55+00:00
401856825,,2026,6,2026-10-10 04:00:00+00:00,2306,248,0.000,2.933,16.295,52.592,15.994,27.762,24.829,0.584,33,73,27,24,0.003,2.651,-1.321,-0.000,4.039,4.818,8.857,4.026,4.026,30,2,4.248,4.267,8.515,4.055,4.055,33,2,138,6a9b54205a2a,2026-09-23T23:26:21+00:00
401856826,,2026,6,2026-10-10 02:15:00+00:00,252,66,0.000,9.012,16.278,47.667,15.994,28.340,19.327,0.724,27,69,24,17,0.010,2.651,-2.332,-0.000,6.457,7.373,13.829,4.032,4.032,19,2,1.457,5.417,6.874,4.032,4.032,38,2,138,530a6f1cbbbb,2026-09-23T23:50:55+00:00
401856826,,2026,6,2026-10-10 02:15:00+00:00,252,66,0.000,8.569,16.278,49.753,15.994,29.161,20.592,0.719,30,69,26,23,0.003,2.651,-2.332,-0.000,6.457,7.373,13.829,4.032,4.032,19,2,1.457,5.417,6.874,4.032,4.032,38,2,138,6a9b54205a2a,2026-09-23T23:26:21+00:00
401856827,,2026,6,2026-10-10 04:00:00+00:00,254,2305,0.000,19.150,16.279,51.886,15.994,35.518,16.368,0.890,32,72,38,10,0.009,2.651,-0.284,-0.000,6.271,9.689,15.959,4.031,4.031,10,2,-0.968,-0.690,-1.657,4.031,4.031,70,2,138,530a6f1cbbbb,2026-09-23T23:50:55+00:00
401856827,,2026,6,2026-10-10 04:00:00+00:00,254,2305,0.000,18.159,16.279,53.175,15.994,35.667,17.508,0.882,34,73,40,12,0.002,2.651,-0.284,-0.000,6.271,9.689,15.959,4.031,4.031,10,2,-0.968,-0.690,-1.657,4.031,4.031,70,2,138,6a9b54205a2a,2026-09-23T23:26:21+00:00
401858254,,2026,6,2026-10-09 23:00:00+00:00,97,52,0.000,5.483,16.160,56.819,15.994,31.151,25.668,0.641,35,79,31,24,0.009,2.651,0.108,-0.000,7.339,2.392,9.731,4.051,4.051,28,2,4.503,2.680,7.183,3.843,3.843,36,3,138,530a6f1cbbbb,2026-09-23T23:50:55+00:00
401858254,,2026,6,2026-10-09 23:00:00+00:00,97,52,0.000,5.018,16.160,58.102,15.994,31.560,26.542,0.634,38,78,30,27,0.003,2.651,0.108,-0.000,7.339,2.392,9.731,4.051,4.051,28,2,4.503,2.680,7.183,3.843,3.843,36,3,138,6a9b54205a2a,2026-09-23T23:26:21+00:00
401858255,,2026,6,2026-10-10 04:00:00+00:00,59,150,0.000,-2.854,16.202,48.696,15.994,22.921,25.775,0.439,28,70,24,21,0.009,2.651,-0.343,-0.000,-0.809,1.152,0.343,4.084,4.084,63,2,1.314,5.110,6.424,3.817,3.817,40,3,138,530a6f1cbbbb,2026-09-23T23:50:55+00:00
401858255,,2026,6,2026-10-10 04:00:00+00:00,59,150,0.000,-2.727,16.202,50.851,15.994,24.062,26.789,0.441,31,71,27,24,0.003,2.651,-0.343,-0.000,-0.809,1.152,0.343,4.084,4.084,63,2,1.314,5.110,6.424,3.817,3.817,40,3,138,6a9b54205a2a,2026-09-23T23:26:21+00:00
401858256,,2026,6,2026-10-10 04:00:00+00:00,221,153,0.000,10.367,16.188,46.921,15.994,28.644,18.277,0.755,27,68,24,17,0.010,2.651,-0.377,-0.000,2.275,6.388,8.663,3.824,3.824,31,3,-2.867,2.947,0.080,4.050,4.050,64,2,138,530a6f1cbbbb,2026-09-23T23:50:55+00:00
401858256,,2026,6,2026-10-10 04:00:00+00:00,221,153,0.000,9.912,16.188,49.013,15.994,29.463,19.550,0.749,30,69,25,22,0.003,2.651,-0.377,-0.000,2.275,6.388,8.663,3.824,3.824,31,3,-2.867,2.947,0.080,4.050,4.050,64,2,138,6a9b54205a2a,2026-09-23T23:26:21+00:00
401858257,,2026,6,2026-10-10 19:30:00+00:00,87,24,0.000,30.639,16.083,54.173,15.994,42.406,11.767,0.979,36,73,38,10,0.011,2.651,-1.053,-0.000,11.169,12.765,23.934,3.821,3.821,3,3,-4.602,-2.516,-7.118,3.839,3.839,99,3,138,530a6f1cbbbb,2026-09-23T23:50:55+00:00
401858257,,2026,6,2026-10-10 19:30:00+00:00,87,24,0.000,29.408,16.083,54.780,15.994,42.094,12.686,0.976,37,73,39,11,0.003,2.651,-1.053,-0.000,11.169,12.765,23.934,3.821,3.821,3,3,-4.602,-2.516,-7.118,3.839,3.839,99,3,138,6a9b54205a2a,2026-09-23T23:26:21+00:00
401858258,,2026,6,2026-10-10 04:00:00+00:00,258,183,0.000,11.766,16.289,49.926,15.994,30.846,19.080,0.777,30,71,24,17,0.009,2.651,0.029,-0.000,1.289,2.764,4.053,4.056,4.056,48,2,-4.886,-0.777,-5.664,4.026,4.026,89,2,138,530a6f1cbbbb,2026-09-23T23:50:55+00:00
401858258,,2026,6,2026-10-10 04:00:00+00:00,258,183,0.000,11.115,16.289,51.716,15.994,31.415,20.301,0.770,32,71,27,24,0.003,2.651,0.029,-0.000,1.289,2.764,4.053,4.056,4.056,48,2,-4.886,-0.777,-5.664,4.026,4.026,89,2,138,6a9b54205a2a,2026-09-23T23:26:21+00:00
401858259,,2026,6,2026-10-10 04:00:00+00:00,25,259,0.000,-6.239,16.303,54.619,15.994,24.190,30.429,0.362,34,76,24,31,0.009,2.651,0.736,-0.000,-1.439,-1.485,-2.924,4.080,4.080,76,2,4.161,2.225,6.385,4.031,4.031,41,2,138,530a6f1cbbbb,2026-09-23T23:50:55+00:00
401858259,,2026,6,2026-10-10 04:00:00+00:00,25,259,0.000,-5.796,16.303,56.126,15.994,25.165,30.961,0.368,36,76,26,29,0.003,2.651,0.736,-0.000,-1.439,-1.485,-2.924,4.080,4.080,76,2,4.161,2.225,6.385,4.031,4.031,41,2,138,6a9b54205a2a,2026-09-23T23:26:21+00:00
401858260,,2026,6,2026-10-10 04:00:00+00:00,152,154,0.000,3.072,16.191,52.109,15.994,27.590,24.518,0.585,31,73,27,24,0.009,2.651,-0.522,-0.000,1.738,1.051,2.789,4.055,4.055,52,2,1.102,1.481,2.582,3.825,3.825,53,3,138,530a6f1cbbbb,2026-09-23T23:50:55+00:00
401858260,,2026,6,2026-10-10 04:00:00+00:00,152,154,0.000,2.837,16.191,53.930,15.994,28.384,25.547,0.582,34,74,28,25,0.003,2.651,-0.522,-0.000,1.738,1.051,2.789,4.055,4.055,52,2,1.102,1.481,2.582,3.825,3.825,53,3,138,6a9b54205a2a,2026-09-23T23:26:21+00:00
401858480,,2026,6,2026-10-10 04:00:00+00:00,127,356,0.000,0.081,16.196,47.784,15.994,23.933,23.852,0.512,27,69,24,21,0.010,2.651,-2.015,-0.000,-1.295,4.238,2.943,3.814,3.814,51,3,3.555,2.316,5.871,4.075,4.075,42,2,138,530a6f1cbbbb,2026-09-23T23:50:55+00:00
401858480,,2026,6,2026-10-10 04:00:00+00:00,127,356,0.000,0.048,16.196,50.042,15.994,25.045,24.997,0.512,30,70,26,23,0.003,2.651,-2.015,-0.000,-1.295,4.238,2.943,3.814,3.814,51,3,3.555,2.316,5.871,4.075,4.075,42,2,138,6a9b54205a2a,2026-09-23T23:26:21+00:00
401858481,,2026,6,2026-10-10 04:00:00+00:00,158,84,0.000,-8.005,16.310,48.875,15.994,20.435,28.440,0.318,28,70,17,24,0.009,2.651,-2.714,-0.000,6.751,3.299,10.050,4.080,4.080,27,2,8.097,13.515,21.612,4.045,4.045,6,2,138,530a6f1cbbbb,2026-09-23T23:50:55+00:00
401858481,,2026,6,2026-10-10 04:00:00+00:00,158,84,0.000,-7.609,16.310,50.890,15.994,21.641,29.250,0.324,31,71,23,26,0.003,2.651,-2.714,-0.000,6.751,3.299,10.050,4.080,4.080,27,2,8.097,13.515,21.612,4.045,4.045,6,2,138,6a9b54205a2a,2026-09-23T23:26:21+00:00
401858482,,2026,6,2026-10-10 04:00:00+00:00,77,2050,0.000,30.233,16.431,54.272,15.994,42.252,12.020,0.975,36,73,38,10,0.011,2.651,-2.670,-0.000,3.660,5.607,9.267,4.309,4.309,29,1,-9.928,-11.467,-21.395,4.051,4.051,137,2,138,530a6f1cbbbb,2026-09-23T23:50:55+00:00
401858482,,2026,6,2026-10-10 04:00:00+00:00,77,2050,0.000,28.962,16.431,54.897,15.994,41.930,12.968,0.972,37,73,39,11,0.003,2.651,-2.670,-0.000,3.660,5.607,9.267,4.309,4.309,29,1,-9.928,-11.467,-21.395,4.051,4.051,137,2,138,6a9b54205a2a,2026-09-23T23:26:21+00:00
401858483,,2026,6,2026-10-10 04:00:00+00:00,194,120,0.000,26.062,16.177,54.590,15.994,40.326,14.264,0.954,35,74,38,10,0.011,2.651,-0.001,-0.000,13.138,14.029,27.167,3.821,3.821,1,3,0.635,1.510,2.145,4.031,4.031,58,2,138,530a6f1cbbbb,2026-09-23T23:50:55+00:00
401858483,,2026,6,2026-10-10 04:00:00+00:00,194,120,0.000,24.818,16.177,55.399,15.994,40.108,15.290,0.948,37,74,40,12,0.003,2.651,-0.001,-0.000,13.138,14.029,27.167,3.821,3.821,1,3,0.635,1.510,2.145,4.031,4.031,58,2,138,6a9b54205a2a,2026-09-23T23:26:21+00:00
401858484,,2026,6,2026-10-10 04:00:00+00:00,2483,26,0.000,13.196,16.205,56.653,15.994,34.925,21.729,0.798,36,78,31,24,0.009,2.651,-0.988,-0.000,10.241,6.751,16.992,4.084,4.084,9,2,5.332,1.198,6.530,3.824,3.824,39,3,138,530a6f1cbbbb,2026-09-23T23:50:55+00:00
401858484,,2026,6,2026-10-10 04:00:00+00:00,2483,26,0.000,12.225,16.205,57.808,15.994,35.017,22.791,0.787,38,78,30,27,0.003,2.651,-0.988,-0.000,10.241,6.751,16.992,4.084,4.084,9,2,5.332,1.198,6.530,3.824,3.824,39,3,138,6a9b54205a2a,2026-09-23T23:26:21+00:00
401858485,,2026,6,2026-10-10 04:00:00+00:00,213,30,0.000,2.669,15.994,52.146,15.994,27.408,24.739,0.576,31,73,27,24,0.009,2.651,-1.800,-0.000,5.889,9.330,15.220,3.821,3.821,15,3,10.771,4.665,15.436,3.641,3.641,13,4,138,530a6f1cbbbb,2026-09-23T23:50:55+00:00
401858485,,2026,6,2026-10-10 04:00:00+00:00,213,30,0.000,2.463,15.994,53.978,15.994,28.220,25.758,0.573,34,74,28,25,0.003,2.651,-1.800,-0.000,5.889,9.330,15.220,3.821,3.821,15,3,10.771,4.665,15.436,3.641,3.641,13,4,138,6a9b54205a2a,2026-09-23T23:26:21+00:00
401858486,,2026,6,2026-10-10 04:00:00+00:00,2509,135,0.000,-3.823,16.266,52.874,15.994,24.526,28.349,0.417,31,75,24,31,0.009,2.651,-1.736,-0.000,2.367,-5.278,-2.911,4.021,4.021,75,2,-0.007,4.032,4.025,4.027,4.027,49,2,138,530a6f1cbbbb,2026-09-23T23:50:55+00:00
401858486,,2026,6,2026-10-10 04:00:00+00:00,2509,135,0.000,-3.579,16.266,54.602,15.994,25.511,29.091,0.421,35,75,29,26,0.003,2.651,-1.736,-0.000,2.367,-5.278,-2.911,4.021,4.021,75,2,-0.007,4.032,4.025,4.027,4.027,49,2,138,6a9b54205a2a,2026-09-23T23:26:21+00:00
401858487,,2026,6,2026-10-10 01:00:00+00:00,264,2294,0.000,0.843,16.331,42.383,15.994,21.613,20.770,0.532,23,63,24,21,0.010,2.651,-1.785,-0.000,2.120,9.049,11.169,4.084,4.084,25,2,2.903,10.309,13.212,4.084,4.084,21,2,138,530a6f1cbbbb,2026-09-23T23:50:55+00:00
401858487,,2026,6,2026-10-10 01:00:00+00:00,264,2294,0.000,0.792,16.331,45.046,15.994,22.919,22.127,0.531,26,65,23,20,0.004,2.651,-1.785,-0.000,2.120,9.049,11.169,4.084,4.084,25,2,2.903,10.309,13.212,4.084,4.084,21,2,138,6a9b54205a2a,2026-09-23T23:26:21+00:00
401860901,,2026,6,2026-10-11 02:30:00+00:00,278,68,0.000,-2.313,16.200,46.045,15.994,21.866,24.179,0.451,26,67,24,21,0.009,2.651,-2.572,-0.000,-2.718,4.274,1.556,3.811,3.811,59,3,3.859,3.292,7.151,4.079,4.079,37,2,138,530a6f1cbbbb,2026-09-23T23:50:55+00:00
401860901,,2026,6,2026-10-11 02:30:00+00:00,278,68,0.000,-2.246,16.200,48.436,15.994,23.095,25.341,0.452,29,68,25,22,0.003,2.651,-2.572,-0.000,-2.718,4.274,1.556,3.811,3.811,59,3,3.859,3.292,7.151,4.079,4.079,37,2,138,6a9b54205a2a,2026-09-23T23:26:21+00:00
401860902,,2026,6,2026-10-10 22:00:00+00:00,204,21,0.000,0.299,16.309,49.044,15.994,24.671,24.373,0.517,28,70,24,21,0.009,2.651,0.018,-0.000,-1.613,-1.538,-3.151,4.084,4.084,78,2,-3.054,2.595,-0.459,4.027,4.027,65,2,138,530a6f1cbbbb,2026-09-23T23:50:55+00:00
401860902,,2026,6,2026-10-10 22:00:00+00:00,204,21,0.000,0.253,16.309,51.179,15.994,25.716,25.463,0.517,31,71,27,24,0.003,2.651,0.018,-0.000,-1.613,-1.538,-3.151,4.084,4.084,78,2,-3.054,2.595,-0.459,4.027,4.027,65,2,138,6a9b54205a2a,2026-09-23T23:26:21+00:00
401860922,,2026,6,2026-10-10 01:00:00+00:00,328,265,0.000,1.344,16.266,46.943,15.994,24.144,22.800,0.544,27,68,24,21,0.010,2.651,-0.689,-0.000,-3.192,0.755,-2.437,4.032,4.032,71,2,-2.525,1.623,-0.902,4.084,4.084,67,2,138,530a6f1cbbbb,2026-09-23T23:50:55+00:00
401860922,,2026,6,2026-10-10 01:00:00+00:00,328,265,0.000,1.252,16.266,49.266,15.994,25.259,24.007,0.543,30,69,26,23,0.003,2.651,-0.689,-0.000,-3.192,0.755,-2.437,4.032,4.032,71,2,-2.525,1.623,-0.902,4.084,4.084,67,2,138,6a9b54205a2a,2026-09-23T23:26:21+00:00
401861964,,2026,6,2026-10-10 04:00:00+00:00,218,41,0.000,10.436,16.277,55.870,15.994,33.153,22.717,0.746,35,77,31,24,0.009,2.651,-1.486,-0.000,-0.329,-5.034,-5.363,4.027,4.027,87,2,-5.099,-7.935,-13.034,4.031,4.031,119,2,138,530a6f1cbbbb,2026-09-23T23:50:55+00:00
401861964,,2026,6,2026-10-10 04:00:00+00:00,218,41,0.000,9.642,16.277,57.165,15.994,33.404,23.762,0.736,37,77,30,27,0.003,2.651,-1.486,-0.000,-0.329,-5.034,-5.363,4.027,4.027,87,2,-5.099,-7.935,-13.034,4.031,4.031,119,2,138,6a9b54205a2a,2026-09-23T23:26:21+00:00
401862794,,2026,6,2026-10-08 23:30:00+00:00,2636,58,0.000,8.618,16.306,53.127,15.994,30.872,22.255,0.711,32,75,31,24,0.009,2.651,0.952,1.009,0.542,1.729,2.272,4.021,4.021,56,2,-2.685,-1.027,-3.711,4.086,4.086,81,2,138,530a6f1cbbbb,2026-09-23T23:50:55+00:00
401862794,,2026,6,2026-10-08 23:30:00+00:00,2636,58,0.000,8.006,16.306,54.737,15.994,31.371,23.365,0.703,35,75,29,26,0.003,2.651,0.952,1.009,0.542,1.729,2.272,4.021,4.021,56,2,-2.685,-1.027,-3.711,4.086,4.086,81,2,138,6a9b54205a2a,2026-09-23T23:26:21+00:00
401862795,,2026,6,2026-10-10 16:00:00+00:00,349,2655,0.000,-0.132,16.336,46.091,15.994,22.980,23.111,0.507,26,67,24,21,0.010,2.651,-3.207,-0.000,-3.175,-2.719,-5.894,4.339,4.339,91,1,-3.733,1.009,-2.724,3.821,3.821,73,3,138,530a6f1cbbbb,2026-09-23T23:50:55+00:00
401862795,,2026,6,2026-10-10 16:00:00+00:00,349,2655,0.000,-0.156,16.336,48.484,15.994,24.164,24.320,0.506,29,68,25,22,0.003,2.651,-3.207,-0.000,-3.175,-2.719,-5.894,4.339,4.339,91,1,-3.733,1.009,-2.724,3.821,3.821,73,3,138,6a9b54205a2a,2026-09-23T23:26:21+00:00
401862796,,2026,6,2026-10-10 04:00:00+00:00,249,2429,0.000,13.805,16.173,57.095,15.994,35.450,21.645,0.808,36,78,31,24,0.009,2.651,-0.125,-0.000,1.661,-6.560,-4.900,3.816,3.816,85,3,-8.694,-7.257,-15.951,4.026,4.026,130,2,138,530a6f1cbbbb,2026-09-23T23:50:55+00:00
401862796,,2026,6,2026-10-10 04:00:00+00:00,249,2429,0.000,12.792,16.173,58.195,15.994,35.494,22.701,0.797,38,78,30,27,0.003,2.651,-0.125,-0.000,1.661,-6.560,-4.900,3.816,3.816,85,3,-8.694,-7.257,-15.951,4.026,4.026,130,2,138,6a9b54205a2a,2026-09-23T23:26:21+00:00
401862797,,2026,6,2026-10-10 04:00:00+00:00,151,242,0.000,13.579,16.175,51.022,15.994,32.301,18.721,0.810,31,72,31,24,0.008,2.651,-0.562,-0.000,-2.896,0.074,-2.823,3.821,3.821,74,3,-7.202,-7.158,-14.360,4.027,4.027,125,2,138,530a6f1cbbbb,2026-09-23T23:50:55+00:00
401862797,,2026,6,2026-10-10 04:00:00+00:00,151,242,0.000,12.811,16.175,52.648,15.994,32.729,19.919,0.802,33,72,27,24,0.003,2.651,-0.562,-0.000,-2.896,0.074,-2.823,3.821,3.821,74,3,-7.202,-7.158,-14.360,4.027,4.027,125,2,138,6a9b54205a2a,2026-09-23T23:26:21+00:00
401862798,,2026,6,2026-10-10 04:00:00+00:00,235,5,0.000,10.067,16.101,53.849,15.994,31.958,21.891,0.742,33,75,31,24,0.009,2.651,-0.324,-0.000,0.595,-1.638,-1.042,3.872,3.872,69,3,-4.258,-4.228,-8.486,3.824,3.824,106,3,138,530a6f1cbbbb,2026-09-23T23:50:55+00:00
401862798,,2026,6,2026-10-10 04:00:00+00:00,235,5,0.000,9.358,16.101,55.357,15.994,32.357,22.999,0.733,35,75,29,26,0.003,2.651,-0.324,-0.000,0.595,-1.638,-1.042,3.872,3.872,69,3,-4.258,-4.228,-8.486,3.824,3.824,106,3,138,6a9b54205a2a,2026-09-23T23:26:21+00:00
401862799,,2026,6,2026-10-10 19:30:00+00:00,2426,202,0.000,0.786,16.459,49.818,15.994,25.302,24.516,0.529,29,71,24,21,0.009,2.651,-0.876,-0.000,-3.833,-4.721,-8.555,4.333,4.333,107,1,-5.086,-1.297,-6.383,4.084,4.084,94,2,138,530a6f1cbbbb,2026-09-23T23:50:55+00:00
401862799,,2026,6,2026-10-10 19:30:00+00:00,2426,202,0.000,0.710,16.459,51.870,15.994,26.290,25.580,0.528,32,72,27,24,0.003,2.651,-0.876,-0.000,-3.833,-4.721,-8.555,4.333,4.333,107,1,-5.086,-1.297,-6.383,4.084,4.084,94,2,138,6a9b54205a2a,2026-09-23T23:26:21+00:00
401864516,,2026,6,2026-10-10 23:30:00+00:00,2459,2005,0.000,-1.751,16.445,50.444,15.994,24.346,26.097,0.467,30,72,24,21,0.009,2.651,-2.423,-0.000,-8.195,-5.084,-13.280,4.055,4.055,120,2,-2.246,-6.175,-8.421,4.333,4.333,105,1,138,530a6f1cbbbb,2026-09-23T23:50:55+00:00
401864516,,2026,6,2026-10-10 23:30:00+00:00,2459,2005,0.000,-1.669,16.445,52.430,15.994,25.380,27.049,0.468,33,73,27,24,0.003,2.651,-2.423,-0.000,-8.195,-5.084,-13.280,4.055,4.055,120,2,-2.246,-6.175,-8.421,4.333,4.333,105,1,138,6a9b54205a2a,2026-09-23T23:26:21+00:00
401864517,,2026,6,2026-10-10 04:00:00+00:00,2638,2440,0.000,-7.457,16.301,53.002,15.994,22.773,30.230,0.334,32,75,24,31,0.009,2.651,-0.537,-0.000,-7.127,-11.093,-18.220,4.045,4.045,134,2,-5.077,-2.506,-7.583,4.051,4.051,102,2,138,530a6f1cbbbb,2026-09-23T23:50:55+00:00
401864517,,2026,6,2026-10-10 04:00:00+00:00,2638,2440,0.000,-6.967,16.301,54.651,15.994,23.842,30.809,0.340,35,75,26,29,0.003,2.651,-0.537,-0.000,-7.127,-11.093,-18.220,4.045,4.045,134,2,-5.077,-2.506,-7.583,4.051,4.051,102,2,138,6a9b54205a2a,2026-09-23T23:26:21+00:00
401864518,,2026,6,2026-10-10 23:00:00+00:00,2439,2449,0.000,-5.074,16.096,49.103,15.994,22.014,27.088,0.384,28,70,17,24,0.009,2.651,-0.564,1.009,-5.501,-0.474,-5.976,3.864,3.864,92,3,0.436,2.009,2.446,3.822,3.822,54,3,138,530a6f1cbbbb,2026-09-23T23:50:55+00:00
401864518,,2026,6,2026-10-10 23:00:00+00:00,2439,2449,0.000,-4.823,16.096,51.189,15.994,23.183,28.006,0.388,31,71,24,27,0.003,2.651,-0.564,1.009,-5.501,-0.474,-5.976,3.864,3.864,92,3,0.436,2.009,2.446,3.822,3.822,54,3,138,6a9b54205a2a,2026-09-23T23:26:21+00:00
401864519,,2026,6,2026-10-10 01:00:00+00:00,23,2751,0.000,5.592,16.198,49.491,15.994,27.541,21.950,0.647,29,71,24,21,0.010,2.651,0.922,-0.000,-5.955,-5.135,-11.090,3.831,3.831,117,3,-10.041,-4.059,-14.100,4.056,4.056,123,2,138,530a6f1cbbbb,2026-09-23T23:50:55+00:00
401864519,,2026,6,2026-10-10 01:00:00+00:00,23,2751,0.000,5.249,16.198,51.528,15.994,28.388,23.140,0.642,32,71,27,24,0.003,2.651,0.922,-0.000,-5.955,-5.135,-11.090,3.831,3.831,117,3,-10.041,-4.059,-14.100,4.056,4.056,123,2,138,6a9b54205a2a,2026-09-23T23:26:21+00:00
401866435,,2026,6,2026-10-10 19:30:00+00:00,2006,2199,0.000,3.433,16.105,52.066,15.994,27.749,24.316,0.594,31,73,27,24,0.009,2.651,-0.077,-0.000,-7.217,-7.058,-14.275,4.051,4.051,124,2,-7.620,-7.241,-14.862,3.644,3.644,127,4,138,530a6f1cbbbb,2026-09-23T23:50:55+00:00
401866435,,2026,6,2026-10-10 19:30:00+00:00,2006,2199,0.000,3.176,16.105,53.892,15.994,28.534,25.358,0.591,34,74,28,25,0.003,2.651,-0.077,-0.000,-7.217,-7.058,-14.275,4.051,4.051,124,2,-7.620,-7.241,-14.862,3.644,3.644,127,4,138,6a9b54205a2a,2026-09-23T23:26:21+00:00
401866436,,2026,6,2026-10-10 04:00:00+00:00,189,16,0.000,-3.515,16.172,49.371,15.994,22.928,26.443,0.423,29,71,24,21,0.009,2.651,-1.921,-0.000,-10.217,-9.961,-20.178,4.031,4.031,135,2,-7.529,-5.892,-13.421,3.810,3.810,121,3,138,530a6f1cbbbb,2026-09-23T23:50:55+00:00
401866436,,2026,6,2026-10-10 04:00:00+00:00,189,16,0.000,-3.342,16.172,51.456,15.994,24.057,27.399,0.425,32,71,27,24,0.003,2.651,-1.921,-0.000,-10.217,-9.961,-20.178,4.031,4.031,135,2,-7.529,-5.892,-13.421,3.810,3.810,121,3,138,6a9b54205a2a,2026-09-23T23:26:21+00:00
401866437,,2026,6,2026-10-10 04:00:00+00:00,2649,2084,0.000,14.233,16.277,58.965,15.994,36.599,22.366,0.813,38,80,31,24,0.008,2.651,2.016,-0.000,0.586,-4.164,-3.578,4.050,4.050,79,2,-6.763,-8.157,-14.919,4.021,4.021,128,2,138,530a6f1cbbbb,2026-09-23T23:50:55+00:00
401866437,,2026,6,2026-10-10 04:00:00+00:00,2649,2084,0.000,13.146,16.277,59.886,15.994,36.516,23.370,0.801,40,80,31,28,0.003,2.651,2.016,-0.000,0.586,-4.164,-3.578,4.050,4.050,79,2,-6.763,-8.157,-14.919,4.021,4.021,128,2,138,6a9b54205a2a,2026-09-23T23:26:21+00:00
401866438,,2026,6,2026-10-10 04:00:00+00:00,195,2117,0.000,5.625,16.189,48.557,15.994,27.091,21.466,0.648,28,69,24,21,0.010,2.651,-3.003,-0.000,-1.731,-4.864,-6.596,3.820,3.820,97,3,-7.200,-2.505,-9.705,4.056,4.056,111,2,138,530a6f1cbbbb,2026-09-23T23:50:55+00:00
401866438,,2026,6,2026-10-10 04:00:00+00:00,195,2117,0.000,5.303,16.189,50.678,15.994,27.990,22.687,0.644,31,71,26,23,0.003,2.651,-3.003,-0.000,-1.731,-4.864,-6.596,3.820,3.820,97,3,-7.200,-2.505,-9.705,4.056,4.056,111,2,138,6a9b54205a2a,2026-09-23T23:26:21+00:00
401866439,,2026,6,2026-10-10 04:00:00+00:00,2711,2309,0.000,23.152,16.298,50.373,15.994,36.763,13.611,0.934,31,70,38,10,0.011,2.651,-3.501,-0.000,-1.829,3.287,1.458,4.051,4.051,60,2,-9.665,-11.711,-21.376,4.050,4.050,136,2,138,530a6f1cbbbb,2026-09-23T23:50:55+00:00
401866439,,2026,6,2026-10-10 04:00:00+00:00,2711,2309,0.000,22.193,16.298,51.519,15.994,36.856,14.663,0.929,33,70,38,10,0.003,2.651,-3.501,-0.000,-1.829,3.287,1.458,4.051,4.051,60,2,-9.665,-11.711,-21.376,4.050,4.050,136,2,138,6a9b54205a2a,2026-09-23T23:26:21+00:00
401866440,,2026,6,2026-10-10 04:00:00+00:00,113,193,0.000,-9.975,16.458,50.640,15.994,20.333,30.307,0.280,30,72,24,31,0.009,2.651,-3.254,-0.000,-12.032,-10.732,-22.764,4.363,4.363,138,1,-3.170,-6.136,-9.306,4.051,4.051,109,2,138,530a6f1cbbbb,2026-09-23T23:50:55+00:00
401866440,,2026,6,2026-10-10 04:00:00+00:00,113,193,0.000,-9.412,16.458,52.430,15.994,21.509,30.921,0.287,33,72,24,27,0.003,2.651,-3.254,-0.000,-12.032,-10.732,-22.764,4.363,4.363,138,1,-3.170,-6.136,-9.306,4.051,4.051,109,2,138,6a9b54205a2a,2026-09-23T23:26:21+00:00
401869843,,2026,6,2026-10-10 04:00:00+00:00,2026,295,0.000,0.070,16.234,52.430,15.994,26.250,26.180,0.512,31,74,27,24,0.009,2.651,1.197,-0.000,-3.638,-3.571,-7.209,4.026,4.026,100,2,-3.160,-1.119,-4.279,4.026,4.026,83,2,138,530a6f1cbbbb,2026-09-23T23:50:55+00:00
401869843,,2026,6,2026-10-10 04:00:00+00:00,2026,295,0.000,0.039,16.234,54.231,15.994,27.135,27.096,0.511,34,74,28,25,0.003,2.651,1.197,-0.000,-3.638,-3.571,-7.209,4.026,4.026,100,2,-3.160,-1.119,-4.279,4.026,4.026,83,2,138,6a9b54205a2a,2026-09-23T23:26:21+00:00
401869933,,2026,6,2026-10-08 23:30:00+00:00,2032,6,0.000,-1.843,16.284,55.681,15.994,26.919,28.762,0.466,34,77,24,31,0.009,2.651,-0.259,-0.000,-5.054,-5.432,-10.486,4.051,4.051,115,2,-0.162,-5.468,-5.630,4.021,4.021,88,2,138,530a6f1cbbbb,2026-09-23T23:50:55+00:00
401869933,,2026,6,2026-10-08 23:30:00+00:00,2032,6,0.000,-1.722,16.284,57.119,15.994,27.698,29.420,0.467,37,77,30,27,0.003,2.651,-0.259,-0.000,-5.054,-5.432,-10.486,4.051,4.051,115,2,-0.162,-5.468,-5.630,4.021,4.021,88,2,138,6a9b54205a2a,2026-09-23T23:26:21+00:00
401869943,,2026,6,2026-10-10 04:00:00+00:00,276,324,0.000,5.502,16.189,54.220,15.994,29.861,24.359,0.642,33,76,31,24,0.010,2.651,1.463,-0.000,-2.567,-4.769,-7.336,3.821,3.821,101,3,-6.015,-3.986,-10.001,4.055,4.055,113,2,138,530a6f1cbbbb,2026-09-23T23:50:55+00:00
401869943,,2026,6,2026-10-10 04:00:00+00:00,276,324,0.000,5.072,16.189,55.787,15.994,30.429,25.358,0.636,36,76,29,26,0.003,2.651,1.463,-0.000,-2.567,-4.769,-7.336,3.821,3.821,101,3,-6.015,-3.986,-10.001,4.055,4.055,113,2,138,6a9b54205a2a,2026-09-23T23:26:21+00:00
401869949,,2026,6,2026-10-10 04:00:00+00:00,290,256,0.000,-8.782,16.286,49.626,15.994,20.422,29.204,0.302,29,71,17,24,0.009,2.651,0.311,-0.000,-4.898,-4.312,-9.211,4.021,4.021,108,2,-1.189,4.283,3.093,4.055,4.055,50,2,138,530a6f1cbbbb,2026-09-23T23:50:55+00:00
401869949,,2026,6,2026-10-10 04:00:00+00:00,290,256,0.000,-8.322,16.286,51.553,15.994,21.615,29.937,0.308,32,71,24,27,0.003,2.651,0.311,-0.000,-4.898,-4.312,-9.211,4.021,4.021,108,2,-1.189,4.283,3.093,4.055,4.055,50,2,138,6a9b54205a2a,2026-09-23T23:26:21+00:00
401869965,,2026,6,2026-10-10 04:00:00+00:00,2348,309,0.000,0.692,16.270,53.236,15.994,26.964,26.272,0.527,32,75,27,24,0.009,2.651,-0.843,-0.000,-2.655,-3.483,-6.138,4.027,4.027,93,2,-0.957,-2.893,-3.850,4.018,4.018,82,2,138,530a6f1cbbbb,2026-09-23T23:50:55+00:00
401869965,,2026,6,2026-10-10 04:00:00+00:00,2348,309,0.000,0.615,16.270,54.949,15.994,27.782,27.167,0.526,35,75,29,26,0.003,2.651,-0.843,-0.000,-2.655,-3.483,-6.138,4.027,4.027,93,2,-0.957,-2.893,-3.850,4.018,4.018,82,2,138,6a9b54205a2a,2026-09-23T23:26:21+00:00
401870766,,2026,6,2026-10-08 23:00:00+00:00,2335,2534,0.000,14.560,16.317,52.177,15.994,33.368,18.809,0.823,31,73,31,24,0.008,2.651,-1.469,-0.000,-1.397,-2.195,-3.593,4.055,4.055,80,2,-8.242,-7.801,-16.043,4.084,4.084,132,2,138,530a6f1cbbbb,2026-09-23T23:50:55+00:00
401870766,,2026,6,2026-10-08 23:00:00+00:00,2335,2534,0.000,13.690,16.317,53.664,15.994,33.677,19.987,0.815,34,73,28,25,0.003,2.651,-1.469,-0.000,-1.397,-2.195,-3.593,4.055,4.055,80,2,-8.242,-7.801,-16.043,4.084,4.084,132,2,138,6a9b54205a2a,2026-09-23T23:26:21+00:00
401871051,,2026,6,2026-10-07 23:00:00+00:00,338,55,0.000,-2.611,16.175,51.557,15.994,24.473,27.084,0.446,31,73,27,24,0.009,2.651,0.790,-0.000,-8.233,-5.360,-13.593,4.031,4.031,122,2,-3.943,-3.922,-7.865,3.817,3.817,103,3,138,530a6f1cbbbb,2026-09-23T23:50:55+00:00
401871051,,2026,6,2026-10-07 23:00:00+00:00,338,55,0.000,-2.465,16.175,53.439,15.994,25.487,27.952,0.448,33,73,28,25,0.003,2.651,0.790,-0.000,-8.233,-5.360,-13.593,4.031,4.031,122,2,-3.943,-3.922,-7.865,3.817,3.817,103,3,138,6a9b54205a2a,2026-09-23T23:26:21+00:00
401871052,,2026,6,2026-10-08 23:00:00+00:00,98,2623,0.000,8.583,16.185,57.280,15.994,32.931,24.349,0.708,36,79,31,24,0.009,2.651,1.278,-0.000,-2.692,-7.597,-10.288,3.825,3.825,114,3,-7.811,-8.161,-15.971,4.046,4.046,131,2,138,530a6f1cbbbb,2026-09-23T23:50:55+00:00
401871052,,2026,6,2026-10-08 23:00:00+00:00,98,2623,0.000,7.884,16.185,58.469,15.994,33.177,25.292,0.699,38,79,31,28,0.003,2.651,1.278,-0.000,-2.692,-7.597,-10.288,3.825,3.825,114,3,-7.811,-8.161,-15.971,4.046,4.046,131,2,138,6a9b54205a2a,2026-09-23T23:26:21+00:00
401871066,,2026,6,2026-10-07 23:30:00+00:00,2229,166,0.000,7.466,16.199,48.635,15.994,28.050,20.584,0.690,28,69,24,21,0.009,2.651,0.420,-0.000,-8.116,-1.607,-9.722,3.820,3.820,112,3,-7.998,-6.849,-14.847,4.075,4.075,126,2,138,530a6f1cbbbb,2026-09-23T23:50:55+00:00
401871066,,2026,6,2026-10-07 23:30:00+00:00,2229,166,0.000,7.054,16.199,50.698,15.994,28.876,21.822,0.685,31,71,26,23,0.003,2.651,0.420,-0.000,-8.116,-1.607,-9.722,3.820,3.820,112,3,-7.998,-6.849,-14.847,4.075,4.075,126,2,138,6a9b54205a2a,2026-09-23T23:26:21+00:00
401871090,,2026,6,2026-10-07 00:00:00+00:00,2653,2572,0.000,13.270,16.288,54.492,15.994,33.881,20.611,0.800,34,76,31,24,0.009,2.651,0.720,-0.000,-4.007,-1.065,-5.072,4.055,4.055,86,2,-5.989,-9.841,-15.830,4.027,4.027,129,2,138,530a6f1cbbbb,2026-09-23T23:50:55+00:00
401871090,,2026,6,2026-10-07 00:00:00+00:00,2653,2572,0.000,12.361,16.288,55.836,15.994,34.098,21.738,0.790,36,76,29,26,0.003,2.651,0.720,-0.000,-4.007,-1.065,-5.072,4.055,4.055,86,2,-5.989,-9.841,-15.830,4.027,4.027,129,2,138,6a9b54205a2a,2026-09-23T23:26:21+00:00
401856719,,2026,7,2026-10-17 04:00:00+00:00,61,2,0.000,19.188,16.177,55.982,15.994,37.585,18.397,0.888,36,76,38,10,0.008,2.651,0.298,-0.000,15.361,9.901,25.262,4.027,4.027,2,2,2.962,5.434,8.396,3.825,3.825,34,3,138,530a6f1cbbbb,2026-09-23T23:50:55+00:00
401856719,,2026,7,2026-10-17 04:00:00+00:00,61,2,0.000,17.996,16.177,57.004,15.994,37.500,19.504,0.878,38,77,31,24,0.002,2.651,0.298,-0.000,15.361,9.901,25.262,4.027,4.027,2,2,2.962,5.434,8.396,3.825,3.825,34,3,138,6a9b54205a2a,2026-09-23T23:26:21+00:00
401856720,,2026,7,2026-10-17 04:00:00+00:00,99,344,0.000,5.598,16.074,57.981,15.994,31.789,26.191,0.644,37,80,31,24,0.009,2.651,2.258,-0.000,7.395,8.450,15.846,3.817,3.817,12,3,9.582,3.632,13.214,3.825,3.825,20,3,138,530a6f1cbbbb,2026-09-23T23:50:55+00:00
401856720,,2026,7,2026-10-17 04:00:00+00:00,99,344,0.000,5.115,16.074,59.134,15.994,32.124,27.010,0.637,39,79,31,28,0.003,2.651,2.258,-0.000,7.395,8.450,15.846,3.817,3.817,12,3,9.582,3.632,13.214,3.825,3.825,20,3,138,6a9b54205a2a,2026-09-23T23:26:21+00:00
401856721,,2026,7,2026-10-17 04:00:00+00:00,145,142,0.000,4.283,16.177,55.095,15.994,29.689,25.406,0.613,34,77,31,24,0.009,2.651,1.752,-0.000,8.054,4.656,12.711,3.820,3.820,22,3,4.556,6.779,11.335,4.032,4.032,24,2,138,530a6f1cbbbb,2026-09-23T23:50:55+00:00
401856721,,2026,7,2026-10-17 04:00:00+00:00,145,142,0.000,3.929,16.177,56.584,15.994,30.256,26.328,0.608,37,77,30,27,0.003,2.651,1.752,-0.000,8.054,4.656,12.711,3.820,3.820,22,3,4.556,6.779,11.335,4.032,4.032,24,2,138,6a9b54205a2a,2026-09-23T23:26:21+00:00
401856722,,2026,7,2026-10-17 04:00:00+00:00,201,96,0.000,11.802,16.176,46.511,15.994,29.157,17.355,0.784,27,67,24,17,0.010,2.651,-0.350,-0.000,3.116,12.808,15.924,3.821,3.821,11,3,2.088,3.537,5.625,4.021,4.021,43,2,138,530a6f1cbbbb,2026-09-23T23:50:55+00:00
401856722,,2026,7,2026-10-17 04:00:00+00:00,201,96,0.000,11.328,16.176,48.565,15.994,29.947,18.618,0.778,29,68,25,22,0.003,2.651,-0.350,-0.000,3.116,12.808,15.924,3.821,3.821,11,3,2.088,3.537,5.625,4.021,4.021,43,2,138,6a9b54205a2a,2026-09-23T23:26:21+00:00
401856723,,2026,7,2026-10-17 04:00:00+00:00,2633,333,0.000,-3.731,16.175,59.416,15.994,27.843,31.574,0.421,38,81,24,31,0.009,2.651,1.412,-0.000,9.393,5.583,14.977,4.032,4.032,17,2,13.271,8.377,21.648,3.817,3.817,5,3,138,530a6f1cbbbb,2026-09-23T23:50:55+00:00
401856723,,2026,7,2026-10-17 04:00:00+00:00,2633,333,0.000,-3.436,16.175,60.415,15.994,28.490,31.926,0.425,40,81,32,29,0.003,2.651,1.412,-0.000,9.393,5.583,14.977,4.032,4.032,17,2,13.271,8.377,21.648,3.817,3.817,5,3,138,6a9b54205a2a,2026-09-23T23:26:21+00:00
401856724,,2026,7,2026-10-17 04:00:00+00:00,251,57,0.000,10.848,16.187,55.612,15.994,33.230,22.382,0.755,35,77,31,24,0.009,2.651,-0.094,-0.000,10.189,13.075,23.265,3.817,3.817,4,3,11.339,3.809,15.148,4.046,4.046,16,2,138,530a6f1cbbbb,2026-09-23T23:50:55+00:00
401856724,,2026,7,2026-10-17 04:00:00+00:00,251,57,0.000,10.040,16.187,56.925,15.994,33.482,23.443,0.746,37,77,30,27,0.003,2.651,-0.094,-0.000,10.189,13.075,23.265,3.817,3.817,4,3,11.339,3.809,15.148,4.046,4.046,16,2,138,6a9b54205a2a,2026-09-23T23:26:21+00:00
401856726,,2026,7,2026-10-17 04:00:00+00:00,238,8,0.000,13.543,16.279,54.848,15.994,34.195,20.653,0.804,34,76,31,24,0.009,2.651,-1.146,-0.000,5.448,2.934,8.382,4.032,4.032,35,2,-0.202,-2.422,-2.624,4.031,4.031,72,2,138,530a6f1cbbbb,2026-09-23T23:50:55+00:00
401856726,,2026,7,2026-10-17 04:00:00+00:00,238,8,0.000,12.608,16.279,56.152,15.994,34.380,21.772,0.794,37,76,29,26,0.003,2.651,-1.146,-0.000,5.448,2.934,8.382,4.032,4.032,35,2,-0.202,-2.422,-2.624,4.031,4.031,72,2,138,6a9b54205a2a,2026-09-23T23:26:21+00:00
401856809,,2026,7,2026-10-17 04:00:00+00:00,252,87,0.000,-6.600,16.177,48.365,15.994,20.882,27.482,0.349,28,69,17,24,0.009,2.651,-2.759,-0.000,6.457,7.373,13.829,4.032,4.032,19,2,11.169,12.765,23.934,3.821,3.821,3,3,138,530a6f1cbbbb,2026-09-23T23:50:55+00:00
401856809,,2026,7,2026-10-17 04:00:00+00:00,252,87,0.000,-6.290,16.177,50.474,15.994,22.092,28.382,0.353,31,70,23,26,0.003,2.651,-2.759,-0.000,6.457,7.373,13.829,4.032,4.032,19,2,11.169,12.765,23.934,3.821,3.821,3,3,138,6a9b54205a2a,2026-09-23T23:26:21+00:00
401856828,,2026,7,2026-10-17 04:00:00+00:00,2641,9,0.000,15.137,16.283,53.271,15.994,34.204,19.067,0.832,33,74,31,24,0.008,2.651,1.141,-0.000,7.124,8.154,15.277,4.032,4.032,14,2,0.514,1.855,2.368,4.026,4.026,55,2,138,530a6f1cbbbb,2026-09-23T23:50:55+00:00
401856828,,2026,7,2026-10-17 04:00:00+00:00,2641,9,0.000,14.195,16.283,54.648,15.994,34.422,20.227,0.823,35,74,28,25,0.003,2.651,1.141,-0.000,7.124,8.154,15.277,4.032,4.032,14,2,0.514,1.855,2.368,4.026,4.026,55,2,138,6a9b54205a2a,2026-09-23T23:26:21+00:00
401856829,,2026,7,2026-10-17 04:00:00+00:00,277,2132,0.000,1.743,16.303,55.679,15.994,28.711,26.968,0.552,34,77,31,24,0.009,2.651,1.873,-0.000,0.515,-1.132,-0.617,4.056,4.056,66,2,0.467,0.146,0.613,4.055,4.055,62,2,138,530a6f1cbbbb,2026-09-23T23:50:55+00:00
401856829,,2026,7,2026-10-17 04:00:00+00:00,277,2132,0.000,1.578,16.303,57.116,15.994,29.347,27.769,0.550,37,77,30,27,0.003,2.651,1.873,-0.000,0.515,-1.132,-0.617,4.056,4.056,66,2,0.467,0.146,0.613,4.055,4.055,62,2,138,6a9b54205a2a,2026-09-23T23:26:21+00:00
401856830,,2026,7,2026-10-17 04:00:00+00:00,2306,2305,0.000,12.720,16.276,51.689,15.994,32.205,19.484,0.793,31,73,31,24,0.009,2.651,-0.896,-0.000,4.039,4.818,8.857,4.026,4.026,30,2,-0.968,-0.690,-1.657,4.031,4.031,70,2,138,530a6f1cbbbb,2026-09-23T23:50:55+00:00
401856830,,2026,7,2026-10-17 04:00:00+00:00,2306,2305,0.000,11.950,16.276,53.294,15.994,32.622,20.672,0.784,34,73,28,25,0.003,2.651,-0.896,-0.000,4.039,4.818,8.857,4.026,4.026,30,2,-0.968,-0.690,-1.657,4.031,4.031,70,2,138,6a9b54205a2a,2026-09-23T23:26:21+00:00
401856831,,2026,7,2026-10-17 04:00:00+00:00,248,197,0.000,11.744,16.323,51.308,15.994,31.526,19.782,0.775,31,72,31,24,0.009,2.651,-0.098,-0.000,4.248,4.267,8.515,4.055,4.055,33,2,-1.945,0.952,-0.993,4.084,4.084,68,2,138,530a6f1cbbbb,2026-09-23T23:50:55+00:00
401856831,,2026,7,2026-10-17 04:00:00+00:00,248,197,0.000,11.030,16.323,52.983,15.994,32.007,20.976,0.766,33,73,27,24,0.003,2.651,-0.098,-0.000,4.248,4.267,8.515,4.055,4.055,33,2,-1.945,0.952,-0.993,4.084,4.084,68,2,138,6a9b54205a2a,2026-09-23T23:26:21+00:00
401856832,,2026,7,2026-10-17 04:00:00+00:00,239,2628,0.000,1.859,16.300,51.840,15.994,26.850,24.991,0.556,31,73,27,24,0.009,2.651,2.530,-0.000,2.363,2.038,4.401,4.051,4.051,47,2,-0.154,5.615,5.461,4.055,4.055,44,2,138,530a6f1cbbbb,2026-09-23T23:50:55+00:00
401856832,,2026,7,2026-10-17 04:00:00+00:00,239,2628,0.000,1.706,16.300,53.694,15.994,27.700,25.994,0.553,34,74,28,25,0.003,2.651,2.530,-0.000,2.363,2.038,4.401,4.051,4.051,47,2,-0.154,5.615,5.461,4.055,4.055,44,2,138,6a9b54205a2a,2026-09-23T23:26:21+00:00
401856833,,2026,7,2026-10-17 04:00:00+00:00,38,254,0.000,-17.635,16.294,50.105,15.994,16.235,33.870,0.142,30,70,14,38,0.007,2.651,0.591,-0.000,-5.247,-0.507,-5.754,4.062,4.062,90,2,6.271,9.689,15.959,4.031,4.031,10,2,138,530a6f1cbbbb,2026-09-23T23:50:55+00:00
401856833,,2026,7,2026-10-17 04:00:00+00:00,38,254,0.000,-16.813,16.294,51.594,15.994,17.390,34.204,0.149,33,71,21,28,0.002,2.651,0.591,-0.000,-5.247,-0.507,-5.754,4.062,4.062,90,2,6.271,9.689,15.959,4.031,4.031,10,2,138,6a9b54205a2a,2026-09-23T23:26:21+00:00
401858263,,2026,7,2026-10-17 04:00:00+00:00,2390,52,0.000,14.885,16.194,52.448,15.994,33.667,18.782,0.830,32,73,31,24,0.008,2.651,-0.779,-0.000,8.847,11.085,19.931,4.045,4.045,7,2,4.503,2.680,7.183,3.843,3.843,36,3,138,530a6f1cbbbb,2026-09-23T23:50:55+00:00
401858263,,2026,7,2026-10-17 04:00:00+00:00,2390,52,0.000,13.997,16.194,53.903,15.994,33.950,19.953,0.821,35,74,28,25,0.003,2.651,-0.779,-0.000,8.847,11.085,19.931,4.045,4.045,7,2,4.503,2.680,7.183,3.843,3.843,36,3,138,6a9b54205a2a,2026-09-23T23:26:21+00:00
401858264,,2026,7,2026-10-17 04:00:00+00:00,259,59,0.000,8.657,16.305,52.900,15.994,30.778,22.122,0.712,32,74,31,24,0.009,2.651,0.122,-0.000,4.161,2.225,6.385,4.031,4.031,41,2,-0.809,1.152,0.343,4.084,4.084,63,2,138,530a6f1cbbbb,2026-09-23T23:50:55+00:00
401858264,,2026,7,2026-10-17 04:00:00+00:00,259,59,0.000,8.049,16.305,54.531,15.994,31.290,23.241,0.704,35,75,28,25,0.003,2.651,0.122,-0.000,4.161,2.225,6.385,4.031,4.031,41,2,-0.809,1.152,0.343,4.084,4.084,63,2,138,6a9b54205a2a,2026-09-23T23:26:21+00:00
401858265,,2026,7,2026-10-17 04:00:00+00:00,183,97,0.000,-12.288,16.286,54.481,15.994,21.096,33.385,0.236,34,76,24,31,0.009,2.651,-0.188,1.009,-4.886,-0.777,-5.664,4.026,4.026,89,2,7.339,2.392,9.731,4.051,4.051,28,2,138,530a6f1cbbbb,2026-09-23T23:50:55+00:00
401858265,,2026,7,2026-10-17 04:00:00+00:00,183,97,0.000,-11.466,16.286,55.859,15.994,22.196,33.662,0.245,36,76,24,31,0.003,2.651,-0.188,1.009,-4.886,-0.777,-5.664,4.026,4.026,89,2,7.339,2.392,9.731,4.051,4.051,28,2,138,6a9b54205a2a,2026-09-23T23:26:21+00:00
401858266,,2026,7,2026-10-17 04:00:00+00:00,150,153,0.000,8.306,16.185,46.118,15.994,27.212,18.906,0.712,26,67,24,17,0.010,2.651,-1.114,-0.000,1.314,5.110,6.424,3.817,3.817,40,3,-2.867,2.947,0.080,4.050,4.050,64,2,138,530a6f1cbbbb,2026-09-23T23:50:55+00:00
401858266,,2026,7,2026-10-17 04:00:00+00:00,150,153,0.000,7.954,16.185,48.356,15.994,28.155,20.201,0.707,29,68,25,22,0.003,2.651,-1.114,-0.000,1.314,5.110,6.424,3.817,3.817,40,3,-2.867,2.947,0.080,4.050,4.050,64,2,138,6a9b54205a2a,2026-09-23T23:26:21+00:00
401858267,,2026,7,2026-10-17 04:00:00+00:00,103,221,0.000,-11.611,16.198,50.661,15.994,19.525,31.136,0.244,30,72,24,31,0.008,2.651,1.170,-0.000,-4.326,-2.150,-6.476,4.079,4.079,95,2,2.275,6.388,8.663,3.824,3.824,31,3,138,530a6f1cbbbb,2026-09-23T23:50:55+00:00
401858267,,2026,7,2026-10-17 04:00:00+00:00,103,221,0.000,-10.979,16.198,52.398,15.994,20.709,31.689,0.251,33,72,22,29,0.003,2.651,1.170,-0.000,-4.326,-2.150,-6.476,4.079,4.079,95,2,2.275,6.388,8.663,3.824,3.824,31,3,138,6a9b54205a2a,2026-09-23T23:26:21+00:00
401858268,,2026,7,2026-10-17 04:00:00+00:00,2567,258,0.000,8.768,16.301,53.652,15.994,31.210,22.442,0.713,33,75,31,24,0.009,2.651,1.206,-0.000,5.482,4.671,10.153,4.051,4.051,26,2,1.289,2.764,4.053,4.056,4.056,48,2,138,530a6f1cbbbb,2026-09-23T23:50:55+00:00
401858268,,2026,7,2026-10-17 04:00:00+00:00,2567,258,0.000,8.132,16.301,55.206,15.994,31.669,23.537,0.705,35,75,29,26,0.003,2.651,1.206,-0.000,5.482,4.671,10.153,4.051,4.051,26,2,1.289,2.764,4.053,4.056,4.056,48,2,138,6a9b54205a2a,2026-09-23T23:26:21+00:00
401858269,,2026,7,2026-10-17 04:00:00+00:00,25,154,0.000,-2.437,16.198,53.203,15.994,25.383,27.820,0.450,32,75,24,31,0.009,2.651,0.880,-0.000,-1.439,-1.485,-2.924,4.080,4.080,76,2,1.102,1.481,2.582,3.825,3.825,53,3,138,530a6f1cbbbb,2026-09-23T23:50:55+00:00
401858269,,2026,7,2026-10-17 04:00:00+00:00,25,154,0.000,-2.288,16.198,54.913,15.994,26.313,28.601,0.453,35,75,29,26,0.003,2.651,0.880,-0.000,-1.439,-1.485,-2.924,4.080,4.080,76,2,1.102,1.481,2.582,3.825,3.825,53,3,138,6a9b54205a2a,2026-09-23T23:26:21+00:00
401858488,,2026,7,2026-10-17 04:00:00+00:00,84,194,0.000,-2.258,16.184,45.529,15.994,21.635,23.894,0.453,25,66,24,21,0.009,2.651,-3.155,-0.000,8.097,13.515,21.612,4.045,4.045,6,2,13.138,14.029,27.167,3.821,3.821,1,3,138,530a6f1cbbbb,2026-09-23T23:50:55+00:00
401858488,,2026,7,2026-10-17 04:00:00+00:00,84,194,0.000,-2.200,16.184,47.963,15.994,22.881,25.081,0.453,29,68,25,22,0.003,2.651,-3.155,-0.000,8.097,13.515,21.612,4.045,4.045,6,2,13.138,14.029,27.167,3.821,3.821,1,3,138,6a9b54205a2a,2026-09-23T23:26:21+00:00
401858489,,2026,7,2026-10-17 04:00:00+00:00,120,164,0.000,9.716,16.177,55.553,15.994,32.634,22.919,0.733,34,77,31,24,0.009,2.651,1.209,-0.000,0.635,1.510,2.145,4.031,4.031,58,2,-0.757,-4.047,-4.804,3.821,3.821,84,3,138,530a6f1cbbbb,2026-09-23T23:50:55+00:00
401858489,,2026,7,2026-10-17 04:00:00+00:00,120,164,0.000,8.978,16.177,56.899,15.994,32.938,23.961,0.724,37,77,30,27,0.003,2.651,1.209,-0.000,0.635,1.510,2.145,4.031,4.031,58,2,-0.757,-4.047,-4.804,3.821,3.821,84,3,138,6a9b54205a2a,2026-09-23T23:26:21+00:00
401858490,,2026,7,2026-10-17 04:00:00+00:00,130,213,0.000,2.132,16.079,45.835,15.994,23.983,21.852,0.565,26,67,24,21,0.010,2.651,-1.586,-0.000,4.798,9.788,14.586,3.821,3.821,18,3,5.889,9.330,15.220,3.821,3.821,15,3,138,530a6f1cbbbb,2026-09-23T23:50:55+00:00
401858490,,2026,7,2026-10-17 04:00:00+00:00,130,213,0.000,2.016,16.079,48.255,15.994,25.135,23.120,0.563,29,68,25,22,0.004,2.651,-1.586,-0.000,4.798,9.788,14.586,3.821,3.821,18,3,5.889,9.330,15.220,3.821,3.821,15,3,138,6a9b54205a2a,2026-09-23T23:26:21+00:00
401858491,,2026,7,2026-10-17 04:00:00+00:00,127,77,0.000,-2.946,16.317,45.596,15.994,21.325,24.271,0.436,25,66,17,24,0.009,2.651,-2.472,-0.000,-1.295,4.238,2.943,3.814,3.814,51,3,3.660,5.607,9.267,4.309,4.309,29,1,138,530a6f1cbbbb,2026-09-23T23:50:55+00:00
401858491,,2026,7,2026-10-17 04:00:00+00:00,127,77,0.000,-2.860,16.317,48.007,15.994,22.573,25.433,0.437,29,68,25,22,0.003,2.651,-2.472,-0.000,-1.295,4.238,2.943,3.814,3.814,51,3,3.660,5.607,9.267,4.309,4.309,29,1,138,6a9b54205a2a,2026-09-23T23:26:21+00:00
401858492,,2026,7,2026-10-17 04:00:00+00:00,2483,158,0.000,9.745,16.329,56.096,15.994,32.920,23.176,0.732,35,77,31,24,0.009,2.651,-0.886,-0.000,10.241,6.751,16.992,4.084,4.084,9,2,6.751,3.299,10.050,4.080,4.080,27,2,138,530a6f1cbbbb,2026-09-23T23:50:55+00:00
401858492,,2026,7,2026-10-17 04:00:00+00:00,2483,158,0.000,8.986,16.329,57.382,15.994,33.184,24.198,0.722,37,77,30,27,0.003,2.651,-0.886,-0.000,10.241,6.751,16.992,4.084,4.084,9,2,6.751,3.299,10.050,4.080,4.080,27,2,138,6a9b54205a2a,2026-09-23T23:26:21+00:00
401858493,,2026,7,2026-10-17 00:00:00+00:00,2509,264,0.000,-10.830,16.300,52.895,15.994,21.032,31.862,0.263,32,74,24,31,0.009,2.651,-0.532,-0.000,2.367,-5.278,-2.911,4.021,4.021,75,2,2.120,9.049,11.169,4.084,4.084,25,2,138,530a6f1cbbbb,2026-09-23T23:50:55+00:00
401858493,,2026,7,2026-10-17 00:00:00+00:00,2509,264,0.000,-10.143,16.300,54.461,15.994,22.159,32.302,0.271,35,74,25,28,0.003,2.651,-0.532,-0.000,2.367,-5.278,-2.911,4.021,4.021,75,2,2.120,9.049,11.169,4.084,4.084,25,2,138,6a9b54205a2a,2026-09-23T23:26:21+00:00
401858494,,2026,7,2026-10-17 04:00:00+00:00,26,275,0.000,4.562,16.184,52.461,15.994,28.512,23.950,0.621,31,74,31,24,0.009,2.651,-2.325,-0.000,5.332,1.198,6.530,3.824,3.824,39,3,2.295,2.477,4.772,4.042,4.042,46,2,138,530a6f1cbbbb,2026-09-23T23:50:55+00:00
401858494,,2026,7,2026-10-17 04:00:00+00:00,26,275,0.000,4.224,16.184,54.228,15.994,29.226,25.002,0.616,34,74,28,25,0.003,2.651,-2.325,-0.000,5.332,1.198,6.530,3.824,3.824,39,3,2.295,2.477,4.772,4.042,4.042,46,2,138,6a9b54205a2a,2026-09-23T23:26:21+00:00
401860903,,2026,7,2026-10-17 22:00:00+00:00,204,265,0.000,0.706,16.337,48.231,15.994,24.468,23.763,0.528,27,69,24,21,0.010,2.651,-1.643,-0.000,-1.613,-1.538,-3.151,4.084,4.084,78,2,-2.525,1.623,-0.902,4.084,4.084,67,2,138,530a6f1cbbbb,2026-09-23T23:50:55+00:00
401860903,,2026,7,2026-10-17 22:00:00+00:00,204,265,0.000,0.639,16.337,50.438,15.994,25.539,24.899,0.527,31,70,26,23,0.003,2.651,-1.643,-0.000,-1.613,-1.538,-3.151,4.084,4.084,78,2,-2.525,1.623,-0.902,4.084,4.084,67,2,138,6a9b54205a2a,2026-09-23T23:26:21+00:00
401860904,,2026,7,2026-10-18 02:30:00+00:00,21,278,0.000,0.877,16.174,43.293,15.994,22.085,21.208,0.533,23,64,24,21,0.010,2.651,-1.768,-0.000,-3.054,2.595,-0.459,4.027,4.027,65,2,-2.718,4.274,1.556,3.811,3.811,59,3,138,530a6f1cbbbb,2026-09-23T23:50:55+00:00
401860904,,2026,7,2026-10-18 02:30:00+00:00,21,278,0.000,0.821,16.174,45.906,15.994,23.363,22.542,0.532,27,66,24,21,0.004,2.651,-1.768,-0.000,-3.054,2.595,-0.459,4.027,4.027,65,2,-2.718,4.274,1.556,3.811,3.811,59,3,138,6a9b54205a2a,2026-09-23T23:26:21+00:00
401860923,,2026,7,2026-10-16 00:00:00+00:00,326,36,0.000,6.695,16.191,59.103,15.994,32.899,26.204,0.667,38,81,31,24,0.009,2.651,0.973,-0.000,2.545,-5.498,-2.952,3.816,3.816,77,3,-2.916,-3.736,-6.652,4.055,4.055,98,2,138,530a6f1cbbbb,2026-09-23T23:50:55+00:00
401860923,,2026,7,2026-10-16 00:00:00+00:00,326,36,0.000,6.111,16.191,60.116,15.994,33.113,27.002,0.659,40,80,31,28,0.003,2.651,0.973,-0.000,2.545,-5.498,-2.952,3.816,3.816,77,3,-2.916,-3.736,-6.652,4.055,4.055,98,2,138,6a9b54205a2a,2026-09-23T23:26:21+00:00
401862800,,2026,7,2026-10-15 23:30:00+00:00,5,151,0.000,-2.558,16.076,51.859,15.994,24.651,27.208,0.447,31,73,24,31,0.009,2.651,1.153,-0.000,-4.258,-4.228,-8.486,3.824,3.824,106,3,-2.896,0.074,-2.823,3.821,3.821,74,3,138,530a6f1cbbbb,2026-09-23T23:50:55+00:00
401862800,,2026,7,2026-10-15 23:30:00+00:00,5,151,0.000,-2.413,16.076,53.716,15.994,25.651,28.064,0.449,34,74,28,25,0.003,2.651,1.153,-0.000,-4.258,-4.228,-8.486,3.824,3.824,106,3,-2.896,0.074,-2.823,3.821,3.821,74,3,138,6a9b54205a2a,2026-09-23T23:26:21+00:00
401862801,,2026,7,2026-10-16 23:30:00+00:00,2655,235,0.000,1.255,16.099,50.736,15.994,25.995,24.741,0.541,30,72,24,21,0.009,2.651,-0.166,-0.000,-3.733,1.009,-2.724,3.821,3.821,73,3,0.595,-1.638,-1.042,3.872,3.872,69,3,138,530a6f1cbbbb,2026-09-23T23:50:55+00:00
401862801,,2026,7,2026-10-16 23:30:00+00:00,2655,235,0.000,1.149,16.099,52.716,15.994,26.933,25.784,0.540,33,73,28,25,0.003,2.651,-0.166,-0.000,-3.733,1.009,-2.724,3.821,3.821,73,3,0.595,-1.638,-1.042,3.872,3.872,69,3,138,6a9b54205a2a,2026-09-23T23:26:21+00:00
401862802,,2026,7,2026-10-17 16:00:00+00:00,349,2226,0.000,6.376,16.332,54.299,15.994,30.338,23.962,0.661,33,76,31,24,0.009,2.651,-0.965,-0.000,-3.175,-2.719,-5.894,4.339,4.339,91,1,-2.281,-7.179,-9.461,3.825,3.825,110,3,138,530a6f1cbbbb,2026-09-23T23:50:55+00:00
401862802,,2026,7,2026-10-17 16:00:00+00:00,349,2226,0.000,5.881,16.332,55.838,15.994,30.859,24.979,0.654,36,76,29,26,0.003,2.651,-0.965,-0.000,-3.175,-2.719,-5.894,4.339,4.339,91,1,-2.281,-7.179,-9.461,3.825,3.825,110,3,138,6a9b54205a2a,2026-09-23T23:26:21+00:00
401862803,,2026,7,2026-10-17 04:00:00+00:00,218,2429,0.000,12.921,16.274,52.777,15.994,32.849,19.928,0.795,32,73,31,24,0.009,2.651,-2.302,-0.000,-0.329,-5.034,-5.363,4.027,4.027,87,2,-8.694,-7.257,-15.951,4.026,4.026,130,2,138,530a6f1cbbbb,2026-09-23T23:50:55+00:00
401862803,,2026,7,2026-10-17 04:00:00+00:00,218,2429,0.000,12.095,16.274,54.282,15.994,33.188,21.093,0.786,35,74,28,25,0.003,2.651,-2.302,-0.000,-0.329,-5.034,-5.363,4.027,4.027,87,2,-8.694,-7.257,-15.951,4.026,4.026,130,2,138,6a9b54205a2a,2026-09-23T23:26:21+00:00
401862804,,2026,7,2026-10-17 04:00:00+00:00,2636,2426,0.000,13.033,16.433,51.996,15.994,32.515,19.482,0.796,31,73,31,24,0.009,2.651,-2.089,1.009,0.542,1.729,2.272,4.021,4.021,56,2,-3.833,-4.721,-8.555,4.333,4.333,107,1,138,530a6f1cbbbb,2026-09-23T23:50:55+00:00
401862804,,2026,7,2026-10-17 04:00:00+00:00,2636,2426,0.000,12.227,16.433,53.558,15.994,32.893,20.665,0.787,34,73,28,25,0.003,2.651,-2.089,1.009,0.542,1.729,2.272,4.021,4.021,56,2,-3.833,-4.721,-8.555,4.333,4.333,107,1,138,6a9b54205a2a,2026-09-23T23:26:21+00:00
401862805,,2026,7,2026-10-17 04:00:00+00:00,242,202,0.000,-4.652,16.303,49.174,15.994,22.261,26.913,0.396,29,70,17,24,0.009,2.651,-1.080,-0.000,-7.202,-7.158,-14.360,4.027,4.027,125,2,-5.086,-1.297,-6.383,4.084,4.084,94,2,138,530a6f1cbbbb,2026-09-23T23:50:55+00:00
401862805,,2026,7,2026-10-17 04:00:00+00:00,242,202,0.000,-4.419,16.303,51.250,15.994,23.416,27.834,0.399,31,71,24,27,0.003,2.651,-1.080,-0.000,-7.202,-7.158,-14.360,4.027,4.027,125,2,-5.086,-1.297,-6.383,4.084,4.084,94,2,138,6a9b54205a2a,2026-09-23T23:26:21+00:00
401862806,,2026,7,2026-10-17 04:00:00+00:00,58,2309,0.000,19.584,16.315,54.026,15.994,36.805,17.221,0.893,34,74,38,10,0.009,2.651,-0.379,-0.000,-2.685,-1.027,-3.711,4.086,4.086,81,2,-9.665,-11.711,-21.376,4.050,4.050,136,2,138,530a6f1cbbbb,2026-09-23T23:50:55+00:00
401862806,,2026,7,2026-10-17 04:00:00+00:00,58,2309,0.000,18.460,16.315,55.158,15.994,36.809,18.349,0.884,36,75,41,13,0.002,2.651,-0.379,-0.000,-2.685,-1.027,-3.711,4.086,4.086,81,2,-9.665,-11.711,-21.376,4.050,4.050,136,2,138,6a9b54205a2a,2026-09-23T23:26:21+00:00
401864520,,2026,7,2026-10-17 23:00:00+00:00,2449,2440,0.000,12.134,16.187,50.504,15.994,31.319,19.185,0.785,30,71,31,24,0.009,2.651,-1.250,1.009,0.436,2.009,2.446,3.822,3.822,54,3,-5.077,-2.506,-7.583,4.051,4.051,102,2,138,530a6f1cbbbb,2026-09-23T23:50:55+00:00
401864520,,2026,7,2026-10-17 23:00:00+00:00,2449,2440,0.000,11.446,16.187,52.235,15.994,31.840,20.394,0.777,33,72,27,24,0.003,2.651,-1.250,1.009,0.436,2.009,2.446,3.822,3.822,54,3,-5.077,-2.506,-7.583,4.051,4.051,102,2,138,6a9b54205a2a,2026-09-23T23:26:21+00:00
401864521,,2026,7,2026-10-17 04:00:00+00:00,62,167,0.000,-6.657,16.209,47.355,15.994,20.349,27.006,0.347,27,69,17,24,0.009,2.651,-1.401,-0.000,-4.760,-3.325,-8.085,3.868,3.868,104,3,-1.531,3.708,2.177,4.050,4.050,57,2,138,530a6f1cbbbb,2026-09-23T23:50:55+00:00
401864521,,2026,7,2026-10-17 04:00:00+00:00,62,167,0.000,-6.375,16.209,49.546,15.994,21.585,27.961,0.350,30,69,23,26,0.003,2.651,-1.401,-0.000,-4.760,-3.325,-8.085,3.868,3.868,104,3,-1.531,3.708,2.177,4.050,4.050,57,2,138,6a9b54205a2a,2026-09-23T23:26:21+00:00
401864522,,2026,7,2026-10-17 19:30:00+00:00,2751,2459,0.000,1.967,16.302,46.002,15.994,23.984,22.017,0.560,26,67,24,21,0.010,2.651,-1.078,-0.000,-10.041,-4.059,-14.100,4.056,4.056,123,2,-8.195,-5.084,-13.280,4.055,4.055,120,2,138,530a6f1cbbbb,2026-09-23T23:50:55+00:00
401864522,,2026,7,2026-10-17 19:30:00+00:00,2751,2459,0.000,1.855,16.302,48.395,15.994,25.125,23.270,0.558,29,68,25,22,0.003,2.651,-1.078,-0.000,-10.041,-4.059,-14.100,4.056,4.056,123,2,-8.195,-5.084,-13.280,4.055,4.055,120,2,138,6a9b54205a2a,2026-09-23T23:26:21+00:00
401864523,,2026,7,2026-10-18 01:00:00+00:00,2638,23,0.000,-4.131,16.197,56.519,15.994,26.194,30.325,0.411,35,79,24,31,0.009,2.651,1.932,-0.000,-7.127,-11.093,-18.220,4.045,4.045,134,2,-5.955,-5.135,-11.090,3.831,3.831,117,3,138,530a6f1cbbbb,2026-09-23T23:50:55+00:00
401864523,,2026,7,2026-10-18 01:00:00+00:00,2638,23,0.000,-3.824,16.197,57.849,15.994,27.012,30.836,0.415,38,78,30,27,0.003,2.651,1.932,-0.000,-7.127,-11.093,-18.220,4.045,4.045,134,2,-5.955,-5.135,-11.090,3.831,3.831,117,3,138,6a9b54205a2a,2026-09-23T23:26:21+00:00
401864524,,2026,7,2026-10-17 19:30:00+00:00,2005,2439,0.000,0.529,16.352,49.493,15.994,25.011,24.482,0.523,29,71,24,21,0.009,2.651,-2.205,-0.000,-2.246,-6.175,-8.421,4.333,4.333,105,1,-5.501,-0.474,-5.976,3.864,3.864,92,3,138,530a6f1cbbbb,2026-09-23T23:50:55+00:00
401864524,,2026,7,2026-10-17 19:30:00+00:00,2005,2439,0.000,0.470,16.352,51.583,15.994,26.026,25.557,0.522,32,72,27,24,0.003,2.651,-2.205,-0.000,-2.246,-6.175,-8.421,4.333,4.333,105,1,-5.501,-0.474,-5.976,3.864,3.864,92,3,138,6a9b54205a2a,2026-09-23T23:26:21+00:00
401866441,,2026,7,2026-10-17 04:00:00+00:00,189,2050,0.000,3.949,16.289,49.871,15.994,26.910,22.961,0.607,29,71,24,21,0.010,2.651,-3.271,-0.000,-10.217,-9.961,-20.178,4.031,4.031,135,2,-9.928,-11.467,-21.395,4.051,4.051,137,2,138,530a6f1cbbbb,2026-09-23T23:50:55+00:00
401866441,,2026,7,2026-10-17 04:00:00+00:00,189,2050,0.000,3.688,16.289,51.899,15.994,27.793,24.106,0.603,32,72,27,24,0.003,2.651,-3.271,-0.000,-10.217,-9.961,-20.178,4.031,4.031,135,2,-9.928,-11.467,-21.395,4.051,4.051,137,2,138,6a9b54205a2a,2026-09-23T23:26:21+00:00
401866442,,2026,7,2026-10-17 04:00:00+00:00,2084,113,0.000,10.327,16.444,52.610,15.994,31.469,21.141,0.745,31,74,31,24,0.009,2.651,-0.389,-0.000,-6.763,-8.157,-14.919,4.021,4.021,128,2,-12.032,-10.732,-22.764,4.363,4.363,138,1,138,530a6f1cbbbb,2026-09-23T23:50:55+00:00
401866442,,2026,7,2026-10-17 04:00:00+00:00,2084,113,0.000,9.629,16.444,54.215,15.994,31.922,22.293,0.736,35,74,28,25,0.003,2.651,-0.389,-0.000,-6.763,-8.157,-14.919,4.021,4.021,128,2,-12.032,-10.732,-22.764,4.363,4.363,138,1,138,6a9b54205a2a,2026-09-23T23:26:21+00:00
401866443,,2026,7,2026-10-17 04:00:00+00:00,2117,2711,0.000,-6.996,16.300,42.998,15.994,18.001,24.997,0.335,23,63,17,24,0.010,2.651,-4.211,-0.000,-7.200,-2.505,-9.705,4.056,4.056,111,2,-1.829,3.287,1.458,4.051,4.051,60,2,138,530a6f1cbbbb,2026-09-23T23:50:55+00:00
401866443,,2026,7,2026-10-17 04:00:00+00:00,2117,2711,0.000,-6.859,16.300,45.493,15.994,19.317,26.176,0.336,26,65,20,23,0.003,2.651,-4.211,-0.000,-7.200,-2.505,-9.705,4.056,4.056,111,2,-1.829,3.287,1.458,4.051,4.051,60,2,138,6a9b54205a2a,2026-09-23T23:26:21+00:00
401866444,,2026,7,2026-10-17 04:00:00+00:00,2199,2649,0.000,-8.303,16.076,56.144,15.994,23.921,32.224,0.315,35,78,24,31,0.009,2.651,0.723,-0.000,-7.620,-7.241,-14.862,3.644,3.644,127,4,0.586,-4.164,-3.578,4.050,4.050,79,2,138,530a6f1cbbbb,2026-09-23T23:50:55+00:00
401866444,,2026,7,2026-10-17 04:00:00+00:00,2199,2649,0.000,-7.693,16.076,57.462,15.994,24.885,32.578,0.323,37,78,27,30,0.003,2.651,0.723,-0.000,-7.620,-7.241,-14.862,3.644,3.644,127,4,0.586,-4.164,-3.578,4.050,4.050,79,2,138,6a9b54205a2a,2026-09-23T23:26:21+00:00
401866445,,2026,7,2026-10-17 04:00:00+00:00,16,195,0.000,-3.710,16.066,52.671,15.994,24.481,28.191,0.419,31,74,24,31,0.009,2.651,-0.689,-0.000,-7.529,-5.892,-13.421,3.810,3.810,121,3,-1.731,-4.864,-6.596,3.820,3.820,97,3,138,530a6f1cbbbb,2026-09-23T23:50:55+00:00
401866445,,2026,7,2026-10-17 04:00:00+00:00,16,195,0.000,-3.479,16.066,54.431,15.994,25.476,28.955,0.422,35,75,28,25,0.003,2.651,-0.689,-0.000,-7.529,-5.892,-13.421,3.810,3.810,121,3,-1.731,-4.864,-6.596,3.820,3.820,97,3,138,6a9b54205a2a,2026-09-23T23:26:21+00:00
401866478,,2026,7,2026-10-17 04:00:00+00:00,193,2006,0.000,7.624,16.299,52.671,15.994,30.148,22.524,0.690,31,74,31,24,0.009,2.651,-1.648,-0.000,-3.170,-6.136,-9.306,4.051,4.051,109,2,-7.217,-7.058,-14.275,4.051,4.051,124,2,138,530a6f1cbbbb,2026-09-23T23:50:55+00:00
401866478,,2026,7,2026-10-17 04:00:00+00:00,193,2006,0.000,7.084,16.299,54.351,15.994,30.717,23.633,0.683,35,74,28,25,0.003,2.651,-1.648,-0.000,-3.170,-6.136,-9.306,4.051,4.051,109,2,-7.217,-7.058,-14.275,4.051,4.051,124,2,138,6a9b54205a2a,2026-09-23T23:26:21+00:00
401869844,,2026,7,2026-10-17 00:00:00+00:00,324,2026,0.000,0.204,16.288,53.378,15.994,26.791,26.587,0.515,32,75,27,24,0.009,2.651,2.074,-0.000,-6.015,-3.986,-10.001,4.055,4.055,113,2,-3.638,-3.571,-7.209,4.026,4.026,100,2,138,530a6f1cbbbb,2026-09-23T23:50:55+00:00
401869844,,2026,7,2026-10-17 00:00:00+00:00,324,2026,0.000,0.162,16.288,55.075,15.994,27.619,27.456,0.514,35,75,29,26,0.003,2.651,2.074,-0.000,-6.015,-3.986,-10.001,4.055,4.055,113,2,-3.638,-3.571,-7.209,4.026,4.026,100,2,138,6a9b54205a2a,2026-09-23T23:26:21+00:00
401869934,,2026,7,2026-10-17 04:00:00+00:00,2572,2032,0.000,-2.348,16.286,56.981,15.994,27.316,29.665,0.454,35,79,24,31,0.009,2.651,1.764,-0.000,-5.989,-9.841,-15.830,4.027,4.027,129,2,-5.054,-5.432,-10.486,4.051,4.051,115,2,138,530a6f1cbbbb,2026-09-23T23:50:55+00:00
401869934,,2026,7,2026-10-17 04:00:00+00:00,2572,2032,0.000,-2.180,16.286,58.268,15.994,28.044,30.224,0.456,38,79,30,27,0.003,2.651,1.764,-0.000,-5.989,-9.841,-15.830,4.027,4.027,129,2,-5.054,-5.432,-10.486,4.051,4.051,115,2,138,6a9b54205a2a,2026-09-23T23:26:21+00:00
401869950,,2026,7,2026-10-15 23:30:00+00:00,295,290,0.000,7.548,16.271,52.060,15.994,29.804,22.256,0.689,31,73,31,24,0.009,2.651,0.886,-0.000,-3.160,-1.119,-4.279,4.026,4.026,83,2,-4.898,-4.312,-9.211,4.021,4.021,108,2,138,530a6f1cbbbb,2026-09-23T23:50:55+00:00
401869950,,2026,7,2026-10-15 23:30:00+00:00,295,290,0.000,7.029,16.271,53.802,15.994,30.415,23.387,0.682,34,74,28,25,0.003,2.651,0.886,-0.000,-3.160,-1.119,-4.279,4.026,4.026,83,2,-4.898,-4.312,-9.211,4.021,4.021,108,2,138,6a9b54205a2a,2026-09-23T23:26:21+00:00
401869957,,2026,7,2026-10-17 04:00:00+00:00,256,2247,0.000,16.266,16.291,53.246,15.994,34.756,18.490,0.849,33,74,31,24,0.008,2.651,0.068,-0.000,-1.189,4.283,3.093,4.055,4.055,50,2,-3.207,-7.840,-11.047,4.031,4.031,116,2,138,530a6f1cbbbb,2026-09-23T23:50:55+00:00
401869957,,2026,7,2026-10-17 04:00:00+00:00,256,2247,0.000,15.283,16.291,54.578,15.994,34.931,19.647,0.840,35,74,30,23,0.003,2.651,0.068,-0.000,-1.189,4.283,3.093,4.055,4.055,50,2,-3.207,-7.840,-11.047,4.031,4.031,116,2,138,6a9b54205a2a,2026-09-23T23:26:21+00:00
401869966,,2026,7,2026-10-17 04:00:00+00:00,309,2653,0.000,3.956,16.284,49.934,15.994,26.945,22.989,0.607,30,71,24,21,0.010,2.651,-1.897,-0.000,-0.957,-2.893,-3.850,4.018,4.018,82,2,-4.007,-1.065,-5.072,4.055,4.055,86,2,138,530a6f1cbbbb,2026-09-23T23:50:55+00:00
401869966,,2026,7,2026-10-17 04:00:00+00:00,309,2653,0.000,3.693,16.284,51.956,15.994,27.824,24.131,0.603,32,72,27,24,0.003,2.651,-1.897,-0.000,-0.957,-2.893,-3.850,4.018,4.018,82,2,-4.007,-1.065,-5.072,4.055,4.055,86,2,138,6a9b54205a2a,2026-09-23T23:26:21+00:00
401871053,,2026,7,2026-10-14 00:00:00+00:00,55,2229,0.000,4.494,16.072,48.766,15.994,26.630,22.136,0.622,28,70,24,21,0.010,2.651,0.138,-0.000,-3.943,-3.922,-7.865,3.817,3.817,103,3,-8.116,-1.607,-9.722,3.820,3.820,112,3,138,530a6f1cbbbb,2026-09-23T23:50:55+00:00
401871053,,2026,7,2026-10-14 00:00:00+00:00,55,2229,0.000,4.226,16.072,50.899,15.994,27.562,23.336,0.618,31,71,27,24,0.003,2.651,0.138,-0.000,-3.943,-3.922,-7.865,3.817,3.817,103,3,-8.116,-1.607,-9.722,3.820,3.820,112,3,138,6a9b54205a2a,2026-09-23T23:26:21+00:00
401871054,,2026,7,2026-10-14 23:30:00+00:00,2623,338,0.000,0.599,16.286,51.702,15.994,26.151,25.552,0.525,31,73,27,24,0.009,2.651,0.739,-0.000,-7.811,-8.161,-15.971,4.046,4.046,131,2,-8.233,-5.360,-13.593,4.031,4.031,122,2,138,530a6f1cbbbb,2026-09-23T23:50:55+00:00
401871054,,2026,7,2026-10-14 23:30:00+00:00,2623,338,0.000,0.531,16.286,53.576,15.994,27.054,26.522,0.524,34,74,28,25,0.003,2.651,0.739,-0.000,-7.811,-8.161,-15.971,4.046,4.046,131,2,-8.233,-5.360,-13.593,4.031,4.031,122,2,138,6a9b54205a2a,2026-09-23T23:26:21+00:00
401871067,,2026,7,2026-10-13 23:00:00+00:00,2393,48,0.000,-1.837,16.277,52.837,15.994,25.500,27.337,0.465,31,75,27,24,0.009,2.651,-0.071,-0.000,-5.570,-5.838,-11.408,4.027,4.027,118,2,-3.025,-3.486,-6.511,4.032,4.032,96,2,138,530a6f1cbbbb,2026-09-23T23:50:55+00:00
401871067,,2026,7,2026-10-13 23:00:00+00:00,2393,48,0.000,-1.733,16.277,54.587,15.994,26.427,28.160,0.467,35,75,29,26,0.003,2.651,-0.071,-0.000,-5.570,-5.838,-11.408,4.027,4.027,118,2,-3.025,-3.486,-6.511,4.032,4.032,96,2,138,6a9b54205a2a,2026-09-23T23:26:21+00:00
401871068,,2026,7,2026-10-15 00:00:00+00:00,2534,98,0.000,-2.743,16.206,56.037,15.994,26.647,29.390,0.444,35,78,24,31,0.009,2.651,0.763,-0.000,-8.242,-7.801,-16.043,4.084,4.084,132,2,-2.692,-7.597,-10.288,3.825,3.825,114,3,138,530a6f1cbbbb,2026-09-23T23:50:55+00:00
401871068,,2026,7,2026-10-15 00:00:00+00:00,2534,98,0.000,-2.549,16.206,57.432,15.994,27.442,29.991,0.447,37,78,30,27,0.003,2.651,0.763,-0.000,-8.242,-7.801,-16.043,4.084,4.084,132,2,-2.692,-7.597,-10.288,3.825,3.825,114,3,138,6a9b54205a2a,2026-09-23T23:26:21+00:00
401871091,,2026,7,2026-10-17 04:00:00+00:00,2433,2348,0.000,-8.824,16.298,53.455,15.994,22.315,31.140,0.304,33,75,24,31,0.009,2.651,-0.472,-0.000,-8.541,-9.587,-18.129,4.075,4.075,133,2,-2.655,-3.483,-6.138,4.027,4.027,93,2,138,530a6f1cbbbb,2026-09-23T23:50:55+00:00
401871091,,2026,7,2026-10-17 04:00:00+00:00,2433,2348,0.000,-8.237,16.298,55.026,15.994,23.395,31.631,0.312,35,75,26,29,0.003,2.651,-0.472,-0.000,-8.541,-9.587,-18.129,4.075,4.075,133,2,-2.655,-3.483,-6.138,4.027,4.027,93,2,138,6a9b54205a2a,2026-09-23T23:26:21+00:00
401856727,,2026,8,2026-10-24 04:00:00+00:00,333,245,0.000,6.328,16.038,55.453,15.994,30.891,24.562,0.662,34,77,31,24,0.010,2.651,-0.905,-0.000,13.271,8.377,21.648,3.817,3.817,5,3,9.790,8.393,18.183,3.824,3.824,8,3,138,530a6f1cbbbb,2026-09-23T23:50:55+00:00
401856727,,2026,8,2026-10-24 04:00:00+00:00,333,245,0.000,5.824,16.038,56.880,15.994,31.352,25.528,0.655,37,77,30,27,0.003,2.651,-0.905,-0.000,13.271,8.377,21.648,3.817,3.817,5,3,9.790,8.393,18.183,3.824,3.824,8,3,138,6a9b54205a2a,2026-09-23T23:26:21+00:00
401856728,,2026,8,2026-10-24 16:00:00+00:00,2,99,0.000,-4.301,16.070,52.239,15.994,23.969,28.270,0.405,31,73,24,31,0.009,2.651,1.758,-0.000,2.962,5.434,8.396,3.825,3.825,34,3,7.395,8.450,15.846,3.817,3.817,12,3,138,530a6f1cbbbb,2026-09-23T23:50:55+00:00
401856728,,2026,8,2026-10-24 16:00:00+00:00,2,99,0.000,-4.036,16.070,54.036,15.994,25.000,29.036,0.408,34,74,25,28,0.003,2.651,1.758,-0.000,2.962,5.434,8.396,3.825,3.825,34,3,7.395,8.450,15.846,3.817,3.817,12,3,138,6a9b54205a2a,2026-09-23T23:26:21+00:00
401856729,,2026,8,2026-10-24 04:00:00+00:00,96,238,0.000,0.237,16.274,50.794,15.994,25.516,25.278,0.516,30,72,24,21,0.009,2.651,-2.180,-0.000,2.088,3.537,5.625,4.021,4.021,43,2,5.448,2.934,8.382,4.032,4.032,35,2,138,530a6f1cbbbb,2026-09-23T23:50:55+00:00
401856729,,2026,8,2026-10-24 04:00:00+00:00,96,238,0.000,0.195,16.274,52.762,15.994,26.478,26.283,0.515,33,73,28,25,0.003,2.651,-2.180,-0.000,2.088,3.537,5.625,4.021,4.021,43,2,5.448,2.934,8.382,4.032,4.032,35,2,138,6a9b54205a2a,2026-09-23T23:26:21+00:00
401856730,,2026,8,2026-10-24 04:00:00+00:00,344,201,0.000,0.283,16.081,52.555,15.994,26.419,26.136,0.517,31,74,27,24,0.009,2.651,2.273,-0.000,9.582,3.632,13.214,3.825,3.825,20,3,3.116,12.808,15.924,3.821,3.821,11,3,138,530a6f1cbbbb,2026-09-23T23:50:55+00:00
401856730,,2026,8,2026-10-24 04:00:00+00:00,344,201,0.000,0.236,16.081,54.351,15.994,27.294,27.057,0.516,34,75,28,25,0.003,2.651,2.273,-0.000,9.582,3.632,13.214,3.825,3.825,20,3,3.116,12.808,15.924,3.821,3.821,11,3,138,6a9b54205a2a,2026-09-23T23:26:21+00:00
401856731,,2026,8,2026-10-24 04:00:00+00:00,2579,2633,0.000,0.188,16.288,57.828,15.994,29.008,28.820,0.515,37,80,31,24,0.009,2.651,2.257,-0.000,6.558,5.613,12.171,4.050,4.050,23,2,9.393,5.583,14.977,4.032,4.032,17,2,138,530a6f1cbbbb,2026-09-23T23:50:55+00:00
401856731,,2026,8,2026-10-24 04:00:00+00:00,2579,2633,0.000,0.146,16.288,59.021,15.994,29.584,29.438,0.514,39,79,31,28,0.003,2.651,2.257,-0.000,6.558,5.613,12.171,4.050,4.050,23,2,9.393,5.583,14.977,4.032,4.032,17,2,138,6a9b54205a2a,2026-09-23T23:26:21+00:00
401856732,,2026,8,2026-10-24 04:00:00+00:00,251,145,0.000,13.248,16.077,56.193,15.994,34.721,21.472,0.801,35,77,31,24,0.009,2.651,2.647,-0.000,10.189,13.075,23.265,3.817,3.817,4,3,8.054,4.656,12.711,3.820,3.820,22,3,138,530a6f1cbbbb,2026-09-23T23:50:55+00:00
401856732,,2026,8,2026-10-24 04:00:00+00:00,251,145,0.000,12.296,16.077,57.390,15.994,34.843,22.547,0.790,38,77,30,27,0.003,2.651,2.647,-0.000,10.189,13.075,23.265,3.817,3.817,4,3,8.054,4.656,12.711,3.820,3.820,22,3,138,6a9b54205a2a,2026-09-23T23:26:21+00:00
401856834,,2026,8,2026-10-24 04:00:00+00:00,2305,239,0.000,-3.021,16.288,54.920,15.994,25.950,28.971,0.437,34,77,24,31,0.009,2.651,2.244,-0.000,-0.968,-0.690,-1.657,4.031,4.031,70,2,2.363,2.038,4.401,4.051,4.051,47,2,138,530a6f1cbbbb,2026-09-23T23:50:55+00:00
401856834,,2026,8,2026-10-24 04:00:00+00:00,2305,239,0.000,-2.813,16.288,56.435,15.994,26.811,29.624,0.440,36,77,30,27,0.003,2.651,2.244,-0.000,-0.968,-0.690,-1.657,4.031,4.031,70,2,2.363,2.038,4.401,4.051,4.051,47,2,138,6a9b54205a2a,2026-09-23T23:26:21+00:00
401856835,,2026,8,2026-10-24 04:00:00+00:00,2116,252,0.000,-9.443,16.277,48.610,15.994,19.584,29.026,0.287,28,69,17,24,0.009,2.651,-1.615,-0.000,-1.499,2.205,0.706,4.026,4.026,61,2,6.457,7.373,13.829,4.032,4.032,19,2,138,530a6f1cbbbb,2026-09-23T23:50:55+00:00
401856835,,2026,8,2026-10-24 04:00:00+00:00,2116,252,0.000,-8.993,16.277,50.599,15.994,20.803,29.796,0.292,31,70,23,26,0.003,2.651,-1.615,-0.000,-1.499,2.205,0.706,4.026,4.026,61,2,6.457,7.373,13.829,4.032,4.032,19,2,138,6a9b54205a2a,2026-09-23T23:26:21+00:00
401856836,,2026,8,2026-10-24 04:00:00+00:00,197,38,0.000,7.193,16.321,49.429,15.994,28.311,21.118,0.682,29,70,24,21,0.009,2.651,1.203,-0.000,-1.945,0.952,-0.993,4.084,4.084,68,2,-5.247,-0.507,-5.754,4.062,4.062,90,2,138,530a6f1cbbbb,2026-09-23T23:50:55+00:00
401856836,,2026,8,2026-10-24 04:00:00+00:00,197,38,0.000,6.767,16.321,51.424,15.994,29.095,22.329,0.677,32,71,27,24,0.003,2.651,1.203,-0.000,-1.945,0.952,-0.993,4.084,4.084,68,2,-5.247,-0.507,-5.754,4.062,4.062,90,2,138,6a9b54205a2a,2026-09-23T23:26:21+00:00
401856837,,2026,8,2026-10-24 04:00:00+00:00,254,248,0.000,9.722,16.297,50.166,15.994,29.944,20.222,0.736,30,71,31,24,0.009,2.651,-0.710,-0.000,6.271,9.689,15.959,4.031,4.031,10,2,4.248,4.267,8.515,4.055,4.055,33,2,138,530a6f1cbbbb,2026-09-23T23:50:55+00:00
401856837,,2026,8,2026-10-24 04:00:00+00:00,254,248,0.000,9.149,16.297,52.015,15.994,30.582,21.433,0.729,32,72,27,24,0.003,2.651,-0.710,-0.000,6.271,9.689,15.959,4.031,4.031,10,2,4.248,4.267,8.515,4.055,4.055,33,2,138,6a9b54205a2a,2026-09-23T23:26:21+00:00
401856838,,2026,8,2026-10-24 04:00:00+00:00,12,66,0.000,4.398,16.273,48.170,15.994,26.284,21.886,0.619,27,69,24,21,0.010,2.651,-1.474,-0.000,3.916,4.747,8.662,4.032,4.032,32,2,1.457,5.417,6.874,4.032,4.032,38,2,138,530a6f1cbbbb,2026-09-23T23:50:55+00:00
401856838,,2026,8,2026-10-24 04:00:00+00:00,12,66,0.000,4.143,16.273,50.347,15.994,27.245,23.102,0.615,31,70,26,23,0.003,2.651,-1.474,-0.000,3.916,4.747,8.662,4.032,4.032,32,2,1.457,5.417,6.874,4.032,4.032,38,2,138,6a9b54205a2a,2026-09-23T23:26:21+00:00
401856839,,2026,8,2026-10-24 04:00:00+00:00,9,2306,0.000,-3.304,16.274,50.479,15.994,23.587,26.891,0.429,30,72,24,21,0.009,2.651,-0.725,-0.000,0.514,1.855,2.368,4.026,4.026,55,2,4.039,4.818,8.857,4.026,4.026,30,2,138,530a6f1cbbbb,2026-09-23T23:50:55+00:00
401856839,,2026,8,2026-10-24 04:00:00+00:00,9,2306,0.000,-3.126,16.274,52.455,15.994,24.664,27.791,0.431,33,73,27,24,0.003,2.651,-0.725,-0.000,0.514,1.855,2.368,4.026,4.026,55,2,4.039,4.818,8.857,4.026,4.026,30,2,138,6a9b54205a2a,2026-09-23T23:26:21+00:00
401856840,,2026,8,2026-10-24 04:00:00+00:00,2132,2641,0.000,-11.556,16.298,54.413,15.994,21.428,32.984,0.250,34,76,24,31,0.009,2.651,1.709,-0.000,0.467,0.146,0.613,4.055,4.055,62,2,7.124,8.154,15.277,4.032,4.032,14,2,138,530a6f1cbbbb,2026-09-23T23:50:55+00:00
401856840,,2026,8,2026-10-24 04:00:00+00:00,2132,2641,0.000,-10.777,16.298,55.818,15.994,22.521,33.297,0.259,36,76,26,29,0.003,2.651,1.709,-0.000,0.467,0.146,0.613,4.055,4.055,62,2,7.124,8.154,15.277,4.032,4.032,14,2,138,6a9b54205a2a,2026-09-23T23:26:21+00:00
401856841,,2026,8,2026-10-24 04:00:00+00:00,2628,277,0.000,8.606,16.303,51.815,15.994,30.211,21.605,0.711,31,73,31,24,0.009,2.651,1.420,-0.000,-0.154,5.615,5.461,4.055,4.055,44,2,0.515,-1.132,-0.617,4.056,4.056,66,2,138,530a6f1cbbbb,2026-09-23T23:50:55+00:00
401856841,,2026,8,2026-10-24 04:00:00+00:00,2628,277,0.000,8.033,16.303,53.551,15.994,30.792,22.759,0.704,34,74,28,25,0.003,2.651,1.420,-0.000,-0.154,5.615,5.461,4.055,4.055,44,2,0.515,-1.132,-0.617,4.056,4.056,66,2,138,6a9b54205a2a,2026-09-23T23:26:21+00:00
401858270,,2026,8,2026-10-24 04:00:00+00:00,2567,25,0.000,15.639,16.313,56.088,15.994,35.863,20.225,0.837,35,77,31,24,0.008,2.651,2.078,-0.000,5.482,4.671,10.153,4.051,4.051,26,2,-1.439,-1.485,-2.924,4.080,4.080,76,2,138,530a6f1cbbbb,2026-09-23T23:50:55+00:00
401858270,,2026,8,2026-10-24 04:00:00+00:00,2567,25,0.000,14.562,16.313,57.220,15.994,35.891,21.329,0.826,38,77,32,25,0.003,2.651,2.078,-0.000,5.482,4.671,10.153,4.051,4.051,26,2,-1.439,-1.485,-2.924,4.080,4.080,76,2,138,6a9b54205a2a,2026-09-23T23:26:21+00:00
401858271,,2026,8,2026-10-23 23:00:00+00:00,258,150,0.000,0.594,16.188,48.654,15.994,24.624,24.030,0.525,28,70,24,21,0.010,2.651,-0.602,-0.000,1.289,2.764,4.053,4.056,4.056,48,2,1.314,5.110,6.424,3.817,3.817,40,3,138,530a6f1cbbbb,2026-09-23T23:50:55+00:00
401858271,,2026,8,2026-10-23 23:00:00+00:00,258,150,0.000,0.534,16.188,50.832,15.994,25.683,25.149,0.524,31,71,27,24,0.003,2.651,-0.602,-0.000,1.289,2.764,4.053,4.056,4.056,48,2,1.314,5.110,6.424,3.817,3.817,40,3,138,6a9b54205a2a,2026-09-23T23:26:21+00:00
401858272,,2026,8,2026-10-24 02:30:00+00:00,24,152,0.000,-6.637,16.198,51.364,15.994,22.364,29.000,0.350,31,73,24,31,0.009,2.651,-0.448,-0.000,-4.602,-2.516,-7.118,3.839,3.839,99,3,1.738,1.051,2.789,4.055,4.055,52,2,138,530a6f1cbbbb,2026-09-23T23:50:55+00:00
401858272,,2026,8,2026-10-24 02:30:00+00:00,24,152,0.000,-6.241,16.198,53.196,15.994,23.478,29.719,0.356,33,73,25,28,0.003,2.651,-0.448,-0.000,-4.602,-2.516,-7.118,3.839,3.839,99,3,1.738,1.051,2.789,4.055,4.055,52,2,138,6a9b54205a2a,2026-09-23T23:26:21+00:00
401858273,,2026,8,2026-10-24 04:00:00+00:00,59,103,0.000,9.250,16.329,51.254,15.994,30.252,21.002,0.725,31,72,31,24,0.009,2.651,0.817,-0.000,-0.809,1.152,0.343,4.084,4.084,63,2,-4.326,-2.150,-6.476,4.079,4.079,95,2,138,530a6f1cbbbb,2026-09-23T23:50:55+00:00
401858273,,2026,8,2026-10-24 04:00:00+00:00,59,103,0.000,8.659,16.329,53.021,15.994,30.840,22.181,0.718,33,73,28,25,0.003,2.651,0.817,-0.000,-0.809,1.152,0.343,4.084,4.084,63,2,-4.326,-2.150,-6.476,4.079,4.079,95,2,138,6a9b54205a2a,2026-09-23T23:26:21+00:00
401858274,,2026,8,2026-10-24 04:00:00+00:00,2390,221,0.000,12.996,16.186,48.709,15.994,30.853,17.857,0.802,28,69,24,17,0.009,2.651,-0.970,-0.000,8.847,11.085,19.931,4.045,4.045,7,2,2.275,6.388,8.663,3.824,3.824,31,3,138,530a6f1cbbbb,2026-09-23T23:50:55+00:00
401858274,,2026,8,2026-10-24 04:00:00+00:00,2390,221,0.000,12.367,16.186,50.542,15.994,31.454,19.087,0.796,31,70,26,23,0.003,2.651,-0.970,-0.000,8.847,11.085,19.931,4.045,4.045,7,2,2.275,6.388,8.663,3.824,3.824,31,3,138,6a9b54205a2a,2026-09-23T23:26:21+00:00
401858275,,2026,8,2026-10-24 04:00:00+00:00,153,183,0.000,7.814,16.286,46.515,15.994,27.165,19.351,0.700,27,67,24,17,0.010,2.651,-0.483,-0.000,-2.867,2.947,0.080,4.050,4.050,64,2,-4.886,-0.777,-5.664,4.026,4.026,89,2,138,530a6f1cbbbb,2026-09-23T23:50:55+00:00
401858275,,2026,8,2026-10-24 04:00:00+00:00,153,183,0.000,7.460,16.286,48.736,15.994,28.098,20.638,0.695,29,69,25,22,0.003,2.651,-0.483,-0.000,-2.867,2.947,0.080,4.050,4.050,64,2,-4.886,-0.777,-5.664,4.026,4.026,89,2,138,6a9b54205a2a,2026-09-23T23:26:21+00:00
401858276,,2026,8,2026-10-24 04:00:00+00:00,228,259,0.000,1.429,16.177,51.865,15.994,26.647,25.218,0.545,31,73,27,24,0.009,2.651,0.400,-0.000,0.647,4.228,4.875,3.821,3.821,45,3,4.161,2.225,6.385,4.031,4.031,41,2,138,530a6f1cbbbb,2026-09-23T23:50:55+00:00
401858276,,2026,8,2026-10-24 04:00:00+00:00,228,259,0.000,1.306,16.177,53.726,15.994,27.516,26.210,0.544,34,74,28,25,0.003,2.651,0.400,-0.000,0.647,4.228,4.875,3.821,3.821,45,3,4.161,2.225,6.385,4.031,4.031,41,2,138,6a9b54205a2a,2026-09-23T23:26:21+00:00
401858495,,2026,8,2026-10-24 04:00:00+00:00,356,2483,0.000,-8.039,16.327,54.567,15.994,23.264,31.303,0.322,34,76,24,31,0.009,2.651,-0.990,-0.000,3.555,2.316,5.871,4.075,4.075,42,2,10.241,6.751,16.992,4.084,4.084,9,2,138,530a6f1cbbbb,2026-09-23T23:50:55+00:00
401858495,,2026,8,2026-10-24 04:00:00+00:00,356,2483,0.000,-7.473,16.327,56.045,15.994,24.286,31.759,0.330,36,76,26,29,0.003,2.651,-0.990,-0.000,3.555,2.316,5.871,4.075,4.075,42,2,10.241,6.751,16.992,4.084,4.084,9,2,138,6a9b54205a2a,2026-09-23T23:26:21+00:00
401858496,,2026,8,2026-10-24 04:00:00+00:00,130,84,0.000,-3.487,16.189,43.908,15.994,20.211,23.697,0.421,24,65,17,24,0.010,2.651,-2.533,-0.000,4.798,9.788,14.586,3.821,3.821,18,3,8.097,13.515,21.612,4.045,4.045,6,2,138,530a6f1cbbbb,2026-09-23T23:50:55+00:00
401858496,,2026,8,2026-10-24 04:00:00+00:00,130,84,0.000,-3.413,16.189,46.444,15.994,21.516,24.928,0.422,27,66,24,21,0.003,2.651,-2.533,-0.000,4.798,9.788,14.586,3.821,3.821,18,3,8.097,13.515,21.612,4.045,4.045,6,2,138,6a9b54205a2a,2026-09-23T23:26:21+00:00
401858497,,2026,8,2026-10-24 04:00:00+00:00,135,2294,0.000,-5.297,16.303,43.076,15.994,18.889,24.187,0.376,23,63,17,24,0.010,2.651,-2.989,-0.000,-0.007,4.032,4.025,4.027,4.027,49,2,2.903,10.309,13.212,4.084,4.084,21,2,138,530a6f1cbbbb,2026-09-23T23:50:55+00:00
401858497,,2026,8,2026-10-24 04:00:00+00:00,135,2294,0.000,-5.196,16.303,45.620,15.994,20.212,25.408,0.377,27,65,21,24,0.003,2.651,-2.989,-0.000,-0.007,4.032,4.025,4.027,4.027,49,2,2.903,10.309,13.212,4.084,4.084,21,2,138,6a9b54205a2a,2026-09-23T23:26:21+00:00
401858498,,2026,8,2026-10-24 04:00:00+00:00,77,164,0.000,16.138,16.320,52.842,15.994,34.490,18.352,0.847,33,73,38,10,0.008,2.651,-1.588,-0.000,3.660,5.607,9.267,4.309,4.309,29,1,-0.757,-4.047,-4.804,3.821,3.821,84,3,138,530a6f1cbbbb,2026-09-23T23:50:55+00:00
401858498,,2026,8,2026-10-24 04:00:00+00:00,77,164,0.000,15.178,16.320,54.209,15.994,34.693,19.515,0.838,35,74,30,23,0.003,2.651,-1.588,-0.000,3.660,5.607,9.267,4.309,4.309,29,1,-0.757,-4.047,-4.804,3.821,3.821,84,3,138,6a9b54205a2a,2026-09-23T23:26:21+00:00
401858499,,2026,8,2026-10-24 04:00:00+00:00,26,127,0.000,6.139,16.073,49.674,15.994,27.907,21.768,0.660,29,71,24,21,0.009,2.651,-2.012,-0.000,5.332,1.198,6.530,3.824,3.824,39,3,-1.295,4.238,2.943,3.814,3.814,51,3,138,530a6f1cbbbb,2026-09-23T23:50:55+00:00
401858499,,2026,8,2026-10-24 04:00:00+00:00,26,127,0.000,5.765,16.073,51.688,15.994,28.727,22.961,0.655,32,72,27,24,0.003,2.651,-2.012,-0.000,5.332,1.198,6.530,3.824,3.824,39,3,-1.295,4.238,2.943,3.814,3.814,51,3,138,6a9b54205a2a,2026-09-23T23:26:21+00:00
401858500,,2026,8,2026-10-24 04:00:00+00:00,275,30,0.000,-7.548,16.098,53.897,15.994,23.175,30.722,0.331,33,75,24,31,0.009,2.651,-2.257,-0.000,2.295,2.477,4.772,4.042,4.042,46,2,10.771,4.665,15.436,3.641,3.641,13,4,138,530a6f1cbbbb,2026-09-23T23:50:55+00:00
401858500,,2026,8,2026-10-24 04:00:00+00:00,275,30,0.000,-7.036,16.098,55.462,15.994,24.213,31.249,0.337,36,76,26,29,0.003,2.651,-2.257,-0.000,2.295,2.477,4.772,4.042,4.042,46,2,10.771,4.665,15.436,3.641,3.641,13,4,138,6a9b54205a2a,2026-09-23T23:26:21+00:00
401860905,,2026,8,2026-10-24 22:30:00+00:00,36,21,0.000,-3.014,16.289,50.289,15.994,23.637,26.651,0.436,30,72,24,21,0.009,2.651,0.654,-0.000,-2.916,-3.736,-6.652,4.055,4.055,98,2,-3.054,2.595,-0.459,4.027,4.027,65,2,138,530a6f1cbbbb,2026-09-23T23:50:55+00:00
401860905,,2026,8,2026-10-24 22:30:00+00:00,36,21,0.000,-2.857,16.289,52.286,15.994,24.715,27.572,0.438,33,72,27,24,0.003,2.651,0.654,-0.000,-2.916,-3.736,-6.652,4.055,4.055,98,2,-3.054,2.595,-0.459,4.027,4.027,65,2,138,6a9b54205a2a,2026-09-23T23:26:21+00:00
401860906,,2026,8,2026-10-24 23:30:00+00:00,326,328,0.000,2.455,16.179,56.367,15.994,29.411,26.956,0.569,35,78,31,24,0.009,2.651,1.292,-0.000,2.545,-5.498,-2.952,3.816,3.816,77,3,-3.192,0.755,-2.437,4.032,4.032,71,2,138,530a6f1cbbbb,2026-09-23T23:50:55+00:00
401860906,,2026,8,2026-10-24 23:30:00+00:00,326,328,0.000,2.231,16.179,57.727,15.994,29.979,27.748,0.566,38,78,30,27,0.003,2.651,1.292,-0.000,2.545,-5.498,-2.952,3.816,3.816,77,3,-3.192,0.755,-2.437,4.032,4.032,71,2,138,6a9b54205a2a,2026-09-23T23:26:21+00:00
401860907,,2026,8,2026-10-24 22:00:00+00:00,265,68,0.000,-4.644,16.329,47.854,15.994,21.605,26.249,0.395,27,69,17,24,0.009,2.651,-2.535,-0.000,-2.525,1.623,-0.902,4.084,4.084,67,2,3.859,3.292,7.151,4.079,4.079,37,2,138,530a6f1cbbbb,2026-09-23T23:50:55+00:00
401860907,,2026,8,2026-10-24 22:00:00+00:00,265,68,0.000,-4.439,16.329,50.047,15.994,22.804,27.243,0.398,30,70,23,26,0.003,2.651,-2.535,-0.000,-2.525,1.623,-0.902,4.084,4.084,67,2,3.859,3.292,7.151,4.079,4.079,37,2,138,6a9b54205a2a,2026-09-23T23:26:21+00:00
401861965,,2026,8,2026-10-23 23:00:00+00:00,41,113,0.000,12.073,16.449,52.467,15.994,32.270,20.197,0.778,31,73,31,24,0.009,2.651,-1.541,-0.000,-5.099,-7.935,-13.034,4.031,4.031,119,2,-12.032,-10.732,-22.764,4.363,4.363,138,1,138,530a6f1cbbbb,2026-09-23T23:50:55+00:00
401861965,,2026,8,2026-10-23 23:00:00+00:00,41,113,0.000,11.291,16.449,54.025,15.994,32.658,21.367,0.769,34,74,28,25,0.003,2.651,-1.541,-0.000,-5.099,-7.935,-13.034,4.031,4.031,119,2,-12.032,-10.732,-22.764,4.363,4.363,138,1,138,6a9b54205a2a,2026-09-23T23:26:21+00:00
401862807,,2026,8,2026-10-22 23:30:00+00:00,235,151,0.000,4.636,16.099,53.887,15.994,29.261,24.626,0.623,33,76,31,24,0.009,2.651,1.716,-0.000,0.595,-1.638,-1.042,3.872,3.872,69,3,-2.896,0.074,-2.823,3.821,3.821,74,3,138,530a6f1cbbbb,2026-09-23T23:50:55+00:00
401862807,,2026,8,2026-10-22 23:30:00+00:00,235,151,0.000,4.273,16.099,55.506,15.994,29.889,25.617,0.617,35,76,29,26,0.003,2.651,1.716,-0.000,0.595,-1.638,-1.042,3.872,3.872,69,3,-2.896,0.074,-2.823,3.821,3.821,74,3,138,6a9b54205a2a,2026-09-23T23:26:21+00:00
401862808,,2026,8,2026-10-24 00:30:00+00:00,202,349,0.000,2.315,16.463,48.063,15.994,25.189,22.874,0.567,27,69,24,21,0.010,2.651,-1.842,-0.000,-5.086,-1.297,-6.383,4.084,4.084,94,2,-3.175,-2.719,-5.894,4.339,4.339,91,1,138,530a6f1cbbbb,2026-09-23T23:50:55+00:00
401862808,,2026,8,2026-10-24 00:30:00+00:00,202,349,0.000,2.165,16.463,50.268,15.994,26.217,24.052,0.565,31,70,26,23,0.003,2.651,-1.842,-0.000,-5.086,-1.297,-6.383,4.084,4.084,94,2,-3.175,-2.719,-5.894,4.339,4.339,91,1,138,6a9b54205a2a,2026-09-23T23:26:21+00:00
401862809,,2026,8,2026-10-24 04:00:00+00:00,2226,242,0.000,7.722,16.177,55.411,15.994,31.566,23.845,0.691,34,77,31,24,0.010,2.651,-0.203,-0.000,-2.281,-7.179,-9.461,3.825,3.825,110,3,-7.202,-7.158,-14.360,4.027,4.027,125,2,138,530a6f1cbbbb,2026-09-23T23:50:55+00:00
401862809,,2026,8,2026-10-24 04:00:00+00:00,2226,242,0.000,7.117,16.177,56.814,15.994,31.965,24.848,0.683,37,77,30,27,0.003,2.651,-0.203,-0.000,-2.281,-7.179,-9.461,3.825,3.825,110,3,-7.202,-7.158,-14.360,4.027,4.027,125,2,138,6a9b54205a2a,2026-09-23T23:26:21+00:00
401862810,,2026,8,2026-10-24 19:30:00+00:00,2426,249,0.000,-0.657,16.330,56.688,15.994,28.015,28.672,0.494,35,79,27,24,0.008,2.651,-1.289,-0.000,-3.833,-4.721,-8.555,4.333,4.333,107,1,1.661,-6.560,-4.900,3.816,3.816,85,3,138,530a6f1cbbbb,2026-09-23T23:50:55+00:00
401862810,,2026,8,2026-10-24 19:30:00+00:00,2426,249,0.000,-0.629,16.330,58.012,15.994,28.691,29.321,0.495,38,78,30,27,0.003,2.651,-1.289,-0.000,-3.833,-4.721,-8.555,4.333,4.333,107,1,1.661,-6.560,-4.900,3.816,3.816,85,3,138,6a9b54205a2a,2026-09-23T23:26:21+00:00
401862811,,2026,8,2026-10-24 04:00:00+00:00,2655,2636,0.000,-1.837,16.177,48.479,15.994,23.321,25.158,0.464,28,69,24,21,0.009,2.651,-0.420,-0.000,-3.733,1.009,-2.724,3.821,3.821,73,3,0.542,1.729,2.272,4.021,4.021,56,2,138,530a6f1cbbbb,2026-09-23T23:50:55+00:00
401862811,,2026,8,2026-10-24 04:00:00+00:00,2655,2636,0.000,-1.767,16.177,50.666,15.994,24.450,26.217,0.465,31,71,26,23,0.003,2.651,-0.420,-0.000,-3.733,1.009,-2.724,3.821,3.821,73,3,0.542,1.729,2.272,4.021,4.021,56,2,138,6a9b54205a2a,2026-09-23T23:26:21+00:00
401864525,,2026,8,2026-10-24 01:00:00+00:00,2751,2005,0.000,-2.469,16.445,48.522,15.994,23.026,25.496,0.449,28,69,24,21,0.009,2.651,-2.665,-0.000,-10.041,-4.059,-14.100,4.056,4.056,123,2,-2.246,-6.175,-8.421,4.333,4.333,105,1,138,530a6f1cbbbb,2026-09-23T23:50:55+00:00
401864525,,2026,8,2026-10-24 01:00:00+00:00,2751,2005,0.000,-2.364,16.445,50.683,15.994,24.160,26.523,0.451,31,71,26,23,0.003,2.651,-2.665,-0.000,-10.041,-4.059,-14.100,4.056,4.056,123,2,-2.246,-6.175,-8.421,4.333,4.333,105,1,138,6a9b54205a2a,2026-09-23T23:26:21+00:00
401864526,,2026,8,2026-10-24 04:00:00+00:00,2459,62,0.000,-2.050,16.211,49.529,15.994,23.740,25.790,0.459,29,71,24,21,0.009,2.651,-0.201,-0.000,-8.195,-5.084,-13.280,4.055,4.055,120,2,-4.760,-3.325,-8.085,3.868,3.868,104,3,138,530a6f1cbbbb,2026-09-23T23:50:55+00:00
401864526,,2026,8,2026-10-24 04:00:00+00:00,2459,62,0.000,-1.958,16.211,51.615,15.994,24.828,26.787,0.460,32,72,27,24,0.003,2.651,-0.201,-0.000,-8.195,-5.084,-13.280,4.055,4.055,120,2,-4.760,-3.325,-8.085,3.868,3.868,104,3,138,6a9b54205a2a,2026-09-23T23:26:21+00:00
401864527,,2026,8,2026-10-25 02:00:00+00:00,167,2449,0.000,2.472,16.187,46.397,15.994,24.434,21.963,0.573,27,68,24,21,0.010,2.651,-1.981,-0.000,-1.531,3.708,2.177,4.050,4.050,57,2,0.436,2.009,2.446,3.822,3.822,54,3,138,530a6f1cbbbb,2026-09-23T23:50:55+00:00
401864527,,2026,8,2026-10-25 02:00:00+00:00,167,2449,0.000,2.335,16.187,48.761,15.994,25.548,23.213,0.571,29,69,25,22,0.004,2.651,-1.981,-0.000,-1.531,3.708,2.177,4.050,4.050,57,2,0.436,2.009,2.446,3.822,3.822,54,3,138,6a9b54205a2a,2026-09-23T23:26:21+00:00
401864528,,2026,8,2026-10-24 21:00:00+00:00,2440,23,0.000,6.161,16.195,51.305,15.994,28.733,22.572,0.659,31,73,31,24,0.009,2.651,0.696,-0.000,-5.077,-2.506,-7.583,4.051,4.051,102,2,-5.955,-5.135,-11.090,3.831,3.831,117,3,138,530a6f1cbbbb,2026-09-23T23:50:55+00:00
401864528,,2026,8,2026-10-24 21:00:00+00:00,2440,23,0.000,5.744,16.195,53.157,15.994,29.451,23.706,0.653,33,73,28,25,0.003,2.651,0.696,-0.000,-5.077,-2.506,-7.583,4.051,4.051,102,2,-5.955,-5.135,-11.090,3.831,3.831,117,3,138,6a9b54205a2a,2026-09-23T23:26:21+00:00
401866446,,2026,8,2026-10-24 04:00:00+00:00,2309,2006,0.000,-3.958,16.297,52.174,15.994,24.108,28.066,0.414,31,73,24,31,0.009,2.651,-1.425,-0.000,-9.665,-11.711,-21.376,4.050,4.050,136,2,-7.217,-7.058,-14.275,4.051,4.051,124,2,138,530a6f1cbbbb,2026-09-23T23:50:55+00:00
401866446,,2026,8,2026-10-24 04:00:00+00:00,2309,2006,0.000,-3.714,16.297,53.971,15.994,25.129,28.843,0.417,34,74,28,25,0.003,2.651,-1.425,-0.000,-9.665,-11.711,-21.376,4.050,4.050,136,2,-7.217,-7.058,-14.275,4.051,4.051,124,2,138,6a9b54205a2a,2026-09-23T23:26:21+00:00
401866447,,2026,8,2026-10-24 04:00:00+00:00,2050,16,0.000,-4.768,16.182,51.376,15.994,23.304,28.072,0.394,31,73,24,31,0.009,2.651,-1.071,-0.000,-9.928,-11.467,-21.395,4.051,4.051,137,2,-7.529,-5.892,-13.421,3.810,3.810,121,3,138,530a6f1cbbbb,2026-09-23T23:50:55+00:00
401866447,,2026,8,2026-10-24 04:00:00+00:00,2050,16,0.000,-4.487,16.182,53.246,15.994,24.380,28.867,0.398,33,73,25,28,0.003,2.651,-1.071,-0.000,-9.928,-11.467,-21.395,4.051,4.051,137,2,-7.529,-5.892,-13.421,3.810,3.810,121,3,138,6a9b54205a2a,2026-09-23T23:26:21+00:00
401866448,,2026,8,2026-10-24 04:00:00+00:00,2084,189,0.000,7.886,16.274,52.486,15.994,30.186,22.300,0.696,31,74,31,24,0.009,2.651,-0.884,-0.000,-6.763,-8.157,-14.919,4.021,4.021,128,2,-10.217,-9.961,-20.178,4.031,4.031,135,2,138,530a6f1cbbbb,2026-09-23T23:50:55+00:00
401866448,,2026,8,2026-10-24 04:00:00+00:00,2084,189,0.000,7.336,16.274,54.178,15.994,30.757,23.421,0.688,34,74,28,25,0.003,2.651,-0.884,-0.000,-6.763,-8.157,-14.919,4.021,4.021,128,2,-10.217,-9.961,-20.178,4.031,4.031,135,2,138,6a9b54205a2a,2026-09-23T23:26:21+00:00
401866449,,2026,8,2026-10-24 04:00:00+00:00,195,2199,0.000,10.831,15.992,53.590,15.994,32.211,21.380,0.759,33,75,31,24,0.009,2.651,-0.945,-0.000,-1.731,-4.864,-6.596,3.820,3.820,97,3,-7.620,-7.241,-14.862,3.644,3.644,127,4,138,530a6f1cbbbb,2026-09-23T23:50:55+00:00
401866449,,2026,8,2026-10-24 04:00:00+00:00,195,2199,0.000,10.092,15.992,55.103,15.994,32.598,22.506,0.750,35,75,29,26,0.003,2.651,-0.945,-0.000,-1.731,-4.864,-6.596,3.820,3.820,97,3,-7.620,-7.241,-14.862,3.644,3.644,127,4,138,6a9b54205a2a,2026-09-23T23:26:21+00:00
401866450,,2026,8,2026-10-24 04:00:00+00:00,2649,2711,0.000,-1.933,16.297,50.995,15.994,24.531,26.464,0.463,30,72,24,21,0.009,2.651,-1.197,-0.000,0.586,-4.164,-3.578,4.050,4.050,79,2,-1.829,3.287,1.458,4.051,4.051,60,2,138,530a6f1cbbbb,2026-09-23T23:50:55+00:00
401866450,,2026,8,2026-10-24 04:00:00+00:00,2649,2711,0.000,-1.836,16.297,52.933,15.994,25.549,27.384,0.464,33,73,28,25,0.003,2.651,-1.197,-0.000,0.586,-4.164,-3.578,4.050,4.050,79,2,-1.829,3.287,1.458,4.051,4.051,60,2,138,6a9b54205a2a,2026-09-23T23:26:21+00:00
401866476,,2026,8,2026-10-24 04:00:00+00:00,2117,193,0.000,2.383,16.301,47.452,15.994,24.917,22.535,0.570,27,69,24,21,0.010,2.651,-3.863,-0.000,-7.200,-2.505,-9.705,4.056,4.056,111,2,-3.170,-6.136,-9.306,4.051,4.051,109,2,138,530a6f1cbbbb,2026-09-23T23:50:55+00:00
401866476,,2026,8,2026-10-24 04:00:00+00:00,2117,193,0.000,2.237,16.301,49.720,15.994,25.978,23.741,0.567,30,70,26,23,0.003,2.651,-3.863,-0.000,-7.200,-2.505,-9.705,4.056,4.056,111,2,-3.170,-6.136,-9.306,4.051,4.051,109,2,138,6a9b54205a2a,2026-09-23T23:26:21+00:00
401869845,,2026,8,2026-10-22 23:00:00+00:00,2026,256,0.000,-6.918,16.288,50.066,15.994,21.574,28.492,0.344,30,71,24,31,0.009,2.651,0.622,-0.000,-3.638,-3.571,-7.209,4.026,4.026,100,2,-1.189,4.283,3.093,4.055,4.055,50,2,138,530a6f1cbbbb,2026-09-23T23:50:55+00:00
401869845,,2026,8,2026-10-22 23:00:00+00:00,2026,256,0.000,-6.539,16.288,52.010,15.994,22.735,29.274,0.349,32,72,24,27,0.003,2.651,0.622,-0.000,-3.638,-3.571,-7.209,4.026,4.026,100,2,-1.189,4.283,3.093,4.055,4.055,50,2,138,6a9b54205a2a,2026-09-23T23:26:21+00:00
401869935,,2026,8,2026-10-24 23:00:00+00:00,2032,2247,0.000,3.511,16.289,56.117,15.994,29.814,26.303,0.594,35,78,31,24,0.009,2.651,0.508,-0.000,-5.054,-5.432,-10.486,4.051,4.051,115,2,-3.207,-7.840,-11.047,4.031,4.031,116,2,138,530a6f1cbbbb,2026-09-23T23:50:55+00:00
401869935,,2026,8,2026-10-24 23:00:00+00:00,2032,2247,0.000,3.204,16.289,57.495,15.994,30.349,27.146,0.590,37,78,30,27,0.003,2.651,0.508,-0.000,-5.054,-5.432,-10.486,4.051,4.051,115,2,-3.207,-7.840,-11.047,4.031,4.031,116,2,138,6a9b54205a2a,2026-09-23T23:26:21+00:00
401869967,,2026,8,2026-10-24 04:00:00+00:00,2572,309,0.000,-9.035,16.270,56.652,15.994,23.809,32.843,0.302,35,78,24,31,0.009,2.651,0.329,-0.000,-5.989,-9.841,-15.830,4.027,4.027,129,2,-0.957,-2.893,-3.850,4.018,4.018,82,2,138,530a6f1cbbbb,2026-09-23T23:50:55+00:00
401869967,,2026,8,2026-10-24 04:00:00+00:00,2572,309,0.000,-8.357,16.270,57.898,15.994,24.771,33.128,0.311,38,78,27,30,0.003,2.651,0.329,-0.000,-5.989,-9.841,-15.830,4.027,4.027,129,2,-0.957,-2.893,-3.850,4.018,4.018,82,2,138,6a9b54205a2a,2026-09-23T23:26:21+00:00
401871055,,2026,8,2026-10-20 23:00:00+00:00,2229,2393,0.000,4.325,16.174,48.533,15.994,26.429,22.104,0.617,28,69,24,21,0.010,2.651,-0.264,-0.000,-8.116,-1.607,-9.722,3.820,3.820,112,3,-5.570,-5.838,-11.408,4.027,4.027,118,2,138,530a6f1cbbbb,2026-09-23T23:50:55+00:00
401871055,,2026,8,2026-10-20 23:00:00+00:00,2229,2393,0.000,4.068,16.174,50.685,15.994,27.376,23.308,0.614,31,71,26,23,0.003,2.651,-0.264,-0.000,-8.116,-1.607,-9.722,3.820,3.820,112,3,-5.570,-5.838,-11.408,4.027,4.027,118,2,138,6a9b54205a2a,2026-09-23T23:26:21+00:00
401871056,,2026,8,2026-10-22 23:00:00+00:00,338,2335,0.000,-6.703,16.291,51.085,15.994,22.191,28.894,0.349,31,72,24,31,0.009,2.651,-0.350,-0.000,-8.233,-5.360,-13.593,4.031,4.031,122,2,-1.397,-2.195,-3.593,4.055,4.055,80,2,138,530a6f1cbbbb,2026-09-23T23:50:55+00:00
401871056,,2026,8,2026-10-22 23:00:00+00:00,338,2335,0.000,-6.309,16.291,52.939,15.994,23.315,29.624,0.355,33,73,25,28,0.003,2.651,-0.350,-0.000,-8.233,-5.360,-13.593,4.031,4.031,122,2,-1.397,-2.195,-3.593,4.055,4.055,80,2,138,6a9b54205a2a,2026-09-23T23:26:21+00:00
401871069,,2026,8,2026-10-20 23:00:00+00:00,48,2623,0.000,11.977,16.286,53.853,15.994,32.915,20.938,0.777,33,75,31,24,0.009,2.651,0.281,-0.000,-3.025,-3.486,-6.511,4.032,4.032,96,2,-7.811,-8.161,-15.971,4.046,4.046,131,2,138,530a6f1cbbbb,2026-09-23T23:50:55+00:00
401871069,,2026,8,2026-10-20 23:00:00+00:00,48,2623,0.000,11.156,16.286,55.296,15.994,33.226,22.070,0.768,36,75,29,26,0.003,2.651,0.281,-0.000,-3.025,-3.486,-6.511,4.032,4.032,96,2,-7.811,-8.161,-15.971,4.046,4.046,131,2,138,6a9b54205a2a,2026-09-23T23:26:21+00:00
401871070,,2026,8,2026-10-22 00:00:00+00:00,2534,166,0.000,1.723,16.327,51.455,15.994,26.589,24.866,0.552,31,73,27,24,0.009,2.651,-0.047,-0.000,-8.242,-7.801,-16.043,4.084,4.084,132,2,-7.998,-6.849,-14.847,4.075,4.075,126,2,138,530a6f1cbbbb,2026-09-23T23:50:55+00:00
401871070,,2026,8,2026-10-22 00:00:00+00:00,2534,166,0.000,1.582,16.327,53.348,15.994,27.465,25.883,0.550,33,73,28,25,0.003,2.651,-0.047,-0.000,-8.242,-7.801,-16.043,4.084,4.084,132,2,-7.998,-6.849,-14.847,4.075,4.075,126,2,138,6a9b54205a2a,2026-09-23T23:26:21+00:00
401871092,,2026,8,2026-10-20 23:30:00+00:00,276,6,0.000,1.280,16.172,56.652,15.994,28.966,27.686,0.541,35,79,31,24,0.009,2.651,-0.389,-0.000,-2.567,-4.769,-7.336,3.821,3.821,101,3,-0.162,-5.468,-5.630,4.021,4.021,88,2,138,530a6f1cbbbb,2026-09-23T23:50:55+00:00
401871092,,2026,8,2026-10-20 23:30:00+00:00,276,6,0.000,1.149,16.172,57.985,15.994,29.567,28.418,0.539,38,78,30,27,0.003,2.651,-0.389,-0.000,-2.567,-4.769,-7.336,3.821,3.821,101,3,-0.162,-5.468,-5.630,4.021,4.021,88,2,138,6a9b54205a2a,2026-09-23T23:26:21+00:00
401871093,,2026,8,2026-10-24 04:00:00+00:00,2348,295,0.000,1.102,16.274,52.485,15.994,26.793,25.692,0.537,31,74,27,24,0.009,2.651,0.727,-0.000,-2.655,-3.483,-6.138,4.027,4.027,93,2,-3.160,-1.119,-4.279,4.026,4.026,83,2,138,530a6f1cbbbb,2026-09-23T23:50:55+00:00
401871093,,2026,8,2026-10-24 04:00:00+00:00,2348,295,0.000,0.998,16.274,54.276,15.994,27.637,26.639,0.536,34,74,28,25,0.003,2.651,0.727,-0.000,-2.655,-3.483,-6.138,4.027,4.027,93,2,-3.160,-1.119,-4.279,4.026,4.026,83,2,138,6a9b54205a2a,2026-09-23T23:26:21+00:00
401871094,,2026,8,2026-10-24 04:00:00+00:00,2653,2433,0.000,14.925,16.312,50.936,15.994,32.931,18.005,0.831,31,72,31,24,0.008,2.651,-1.526,-0.000,-4.007,-1.065,-5.072,4.055,4.055,86,2,-8.541,-9.587,-18.129,4.075,4.075,133,2,138,530a6f1cbbbb,2026-09-23T23:50:55+00:00
401871094,,2026,8,2026-10-24 04:00:00+00:00,2653,2433,0.000,14.106,16.312,52.502,15.994,33.304,19.198,0.823,33,72,27,24,0.003,2.651,-1.526,-0.000,-4.007,-1.065,-5.072,4.055,4.055,86,2,-8.541,-9.587,-18.129,4.075,4.075,133,2,138,6a9b54205a2a,2026-09-23T23:26:21+00:00
401856733,,2026,9,2026-10-31 04:00:00+00:00,8,142,0.000,-10.727,16.279,53.040,15.994,21.156,31.883,0.265,32,74,24,31,0.009,2.651,0.036,-0.000,-0.202,-2.422,-2.624,4.031,4.031,72,2,4.556,6.779,11.335,4.032,4.032,24,2,138,530a6f1cbbbb,2026-09-23T23:50:55+00:00
401856733,,2026,9,2026-10-31 04:00:00+00:00,8,142,0.000,-10.042,16.279,54.597,15.994,22.278,32.319,0.273,35,75,25,28,0.003,2.651,0.036,-0.000,-0.202,-2.422,-2.624,4.031,4.031,72,2,4.556,6.779,11.335,4.032,4.032,24,2,138,6a9b54205a2a,2026-09-23T23:26:21+00:00
401856734,,2026,9,2026-10-31 19:30:00+00:00,61,57,1.000,10.322,16.284,57.199,15.994,33.760,23.439,0.743,36,79,31,24,0.009,0.000,-1.817,-0.000,15.361,9.901,25.262,4.027,4.027,2,2,11.339,3.809,15.148,4.046,4.046,16,2,138,530a6f1cbbbb,2026-09-23T23:50:55+00:00
401856734,,2026,9,2026-10-31 19:30:00+00:00,61,57,1.000,9.504,16.284,58.363,15.994,33.934,24.430,0.733,38,79,30,27,0.003,0.000,-1.817,-0.000,15.361,9.901,25.262,4.027,4.027,2,2,11.339,3.809,15.148,4.046,4.046,16,2,138,6a9b54205a2a,2026-09-23T23:26:21+00:00
401856735,,2026,9,2026-10-31 04:00:00+00:00,145,2,0.000,7.221,16.075,56.908,15.994,32.064,24.844,0.680,35,79,31,24,0.010,2.651,3.485,-0.000,8.054,4.656,12.711,3.820,3.820,22,3,2.962,5.434,8.396,3.825,3.825,34,3,138,530a6f1cbbbb,2026-09-23T23:50:55+00:00
401856735,,2026,9,2026-10-31 04:00:00+00:00,145,2,0.000,6.628,16.075,58.162,15.994,32.395,25.767,0.673,38,78,30,27,0.003,2.651,3.485,-0.000,8.054,4.656,12.711,3.820,3.820,22,3,2.962,5.434,8.396,3.825,3.825,34,3,138,6a9b54205a2a,2026-09-23T23:26:21+00:00
401856736,,2026,9,2026-10-31 04:00:00+00:00,201,2579,0.000,6.182,16.191,48.137,15.994,27.160,20.978,0.662,27,69,24,21,0.010,2.651,0.658,-0.000,3.116,12.808,15.924,3.821,3.821,11,3,6.558,5.613,12.171,4.050,4.050,23,2,138,530a6f1cbbbb,2026-09-23T23:50:55+00:00
401856736,,2026,9,2026-10-31 04:00:00+00:00,201,2579,0.000,5.845,16.191,50.281,15.994,28.063,22.218,0.657,31,70,26,23,0.003,2.651,0.658,-0.000,3.116,12.808,15.924,3.821,3.821,11,3,6.558,5.613,12.171,4.050,4.050,23,2,138,6a9b54205a2a,2026-09-23T23:26:21+00:00
401856737,,2026,9,2026-10-31 04:00:00+00:00,251,344,0.000,12.870,16.078,57.538,15.994,35.204,22.334,0.793,37,79,31,24,0.009,2.651,2.520,-0.000,10.189,13.075,23.265,3.817,3.817,4,3,9.582,3.632,13.214,3.825,3.825,20,3,138,530a6f1cbbbb,2026-09-23T23:50:55+00:00
401856737,,2026,9,2026-10-31 04:00:00+00:00,251,344,0.000,11.902,16.078,58.620,15.994,35.261,23.359,0.782,39,79,31,28,0.003,2.651,2.520,-0.000,10.189,13.075,23.265,3.817,3.817,4,3,9.582,3.632,13.214,3.825,3.825,20,3,138,6a9b54205a2a,2026-09-23T23:26:21+00:00
401856842,,2026,9,2026-10-31 04:00:00+00:00,2641,12,0.000,9.161,16.286,52.420,15.994,30.790,21.630,0.723,31,73,31,24,0.009,2.651,0.670,-0.000,7.124,8.154,15.277,4.032,4.032,14,2,3.916,4.747,8.662,4.032,4.032,32,2,138,530a6f1cbbbb,2026-09-23T23:50:55+00:00
401856842,,2026,9,2026-10-31 04:00:00+00:00,2641,12,0.000,8.538,16.286,54.084,15.994,31.311,22.773,0.715,34,74,28,25,0.003,2.651,0.670,-0.000,7.124,8.154,15.277,4.032,4.032,14,2,3.916,4.747,8.662,4.032,4.032,32,2,138,6a9b54205a2a,2026-09-23T23:26:21+00:00
401856843,,2026,9,2026-10-31 04:00:00+00:00,252,9,0.000,13.437,16.277,50.582,15.994,32.010,18.573,0.807,30,71,31,24,0.008,2.651,-1.444,-0.000,6.457,7.373,13.829,4.032,4.032,19,2,0.514,1.855,2.368,4.026,4.026,55,2,138,530a6f1cbbbb,2026-09-23T23:50:55+00:00
401856843,,2026,9,2026-10-31 04:00:00+00:00,252,9,0.000,12.690,16.277,52.246,15.994,32.468,19.778,0.799,33,72,27,24,0.003,2.651,-1.444,-0.000,6.457,7.373,13.829,4.032,4.032,19,2,0.514,1.855,2.368,4.026,4.026,55,2,138,6a9b54205a2a,2026-09-23T23:26:21+00:00
401856844,,2026,9,2026-10-30 23:30:00+00:00,2116,239,0.000,-0.670,16.286,52.780,15.994,26.055,26.725,0.494,31,75,27,24,0.009,2.651,2.244,-0.000,-1.499,2.205,0.706,4.026,4.026,61,2,2.363,2.038,4.401,4.051,4.051,47,2,138,530a6f1cbbbb,2026-09-23T23:50:55+00:00
401856844,,2026,9,2026-10-30 23:30:00+00:00,2116,239,0.000,-0.649,16.286,54.540,15.994,26.946,27.595,0.494,35,75,29,26,0.003,2.651,2.244,-0.000,-1.499,2.205,0.706,4.026,4.026,61,2,2.363,2.038,4.401,4.051,4.051,47,2,138,6a9b54205a2a,2026-09-23T23:26:21+00:00
401856845,,2026,9,2026-10-31 04:00:00+00:00,2628,2305,0.000,9.320,16.291,49.166,15.994,29.243,19.923,0.729,29,70,24,17,0.009,2.651,-0.173,-0.000,-0.154,5.615,5.461,4.055,4.055,44,2,-0.968,-0.690,-1.657,4.031,4.031,70,2,138,530a6f1cbbbb,2026-09-23T23:50:55+00:00
401856845,,2026,9,2026-10-31 04:00:00+00:00,2628,2305,0.000,8.804,16.291,51.116,15.994,29.960,21.156,0.723,32,71,27,24,0.003,2.651,-0.173,-0.000,-0.154,5.615,5.461,4.055,4.055,44,2,-0.968,-0.690,-1.657,4.031,4.031,70,2,138,6a9b54205a2a,2026-09-23T23:26:21+00:00
401856846,,2026,9,2026-10-31 04:00:00+00:00,38,2306,0.000,-10.996,16.292,49.862,15.994,19.433,30.429,0.256,30,71,17,24,0.009,2.651,-0.021,-0.000,-5.247,-0.507,-5.754,4.062,4.062,90,2,4.039,4.818,8.857,4.026,4.026,30,2,138,530a6f1cbbbb,2026-09-23T23:50:55+00:00
401856846,,2026,9,2026-10-31 04:00:00+00:00,38,2306,0.000,-10.424,16.292,51.687,15.994,20.631,31.055,0.263,32,71,24,27,0.003,2.651,-0.021,-0.000,-5.247,-0.507,-5.754,4.062,4.062,90,2,4.039,4.818,8.857,4.026,4.026,30,2,138,6a9b54205a2a,2026-09-23T23:26:21+00:00
401856847,,2026,9,2026-10-31 04:00:00+00:00,66,197,0.000,9.928,16.306,48.570,15.994,29.249,19.321,0.742,28,69,24,17,0.009,2.651,-0.389,-0.000,1.457,5.417,6.874,4.032,4.032,38,2,-1.945,0.952,-0.993,4.084,4.084,68,2,138,530a6f1cbbbb,2026-09-23T23:50:55+00:00
401856847,,2026,9,2026-10-31 04:00:00+00:00,66,197,0.000,9.411,16.306,50.546,15.994,29.978,20.568,0.736,31,70,26,23,0.003,2.651,-0.389,-0.000,1.457,5.417,6.874,4.032,4.032,38,2,-1.945,0.952,-0.993,4.084,4.084,68,2,138,6a9b54205a2a,2026-09-23T23:26:21+00:00
401856848,,2026,9,2026-10-31 04:00:00+00:00,2132,254,0.000,-11.944,16.291,51.815,15.994,19.936,31.879,0.240,31,73,24,31,0.009,2.651,0.455,-0.000,0.467,0.146,0.613,4.055,4.055,62,2,6.271,9.689,15.959,4.031,4.031,10,2,138,530a6f1cbbbb,2026-09-23T23:50:55+00:00
401856848,,2026,9,2026-10-31 04:00:00+00:00,2132,254,0.000,-11.242,16.291,53.439,15.994,21.098,32.340,0.248,34,73,23,30,0.003,2.651,0.455,-0.000,0.467,0.146,0.613,4.055,4.055,62,2,6.271,9.689,15.959,4.031,4.031,10,2,138,6a9b54205a2a,2026-09-23T23:26:21+00:00
401858277,,2026,9,2026-10-31 04:00:00+00:00,152,25,0.000,8.357,16.315,53.064,15.994,30.710,22.353,0.705,32,75,31,24,0.009,2.651,-0.134,-0.000,1.738,1.051,2.789,4.055,4.055,52,2,-1.439,-1.485,-2.924,4.080,4.080,76,2,138,530a6f1cbbbb,2026-09-23T23:50:55+00:00
401858277,,2026,9,2026-10-31 04:00:00+00:00,152,25,0.000,7.762,16.315,54.686,15.994,31.224,23.462,0.697,35,75,29,26,0.003,2.651,-0.134,-0.000,1.738,1.051,2.789,4.055,4.055,52,2,-1.439,-1.485,-2.924,4.080,4.080,76,2,138,6a9b54205a2a,2026-09-23T23:26:21+00:00
401858278,,2026,9,2026-10-31 04:00:00+00:00,183,2567,0.000,-12.660,16.286,54.045,15.994,20.692,33.352,0.228,34,75,24,31,0.009,2.651,1.712,1.009,-4.886,-0.777,-5.664,4.026,4.026,89,2,5.482,4.671,10.153,4.051,4.051,26,2,138,530a6f1cbbbb,2026-09-23T23:50:55+00:00
401858278,,2026,9,2026-10-31 04:00:00+00:00,183,2567,0.000,-11.834,16.286,55.449,15.994,21.808,33.642,0.238,36,75,24,31,0.003,2.651,1.712,1.009,-4.886,-0.777,-5.664,4.026,4.026,89,2,5.482,4.671,10.153,4.051,4.051,26,2,138,6a9b54205a2a,2026-09-23T23:26:21+00:00
401858279,,2026,9,2026-10-31 04:00:00+00:00,150,103,0.000,14.737,16.199,50.533,15.994,32.635,17.898,0.830,31,71,24,17,0.008,2.651,0.434,-0.000,1.314,5.110,6.424,3.817,3.817,40,3,-4.326,-2.150,-6.476,4.079,4.079,95,2,138,530a6f1cbbbb,2026-09-23T23:50:55+00:00
401858279,,2026,9,2026-10-31 04:00:00+00:00,150,103,0.000,13.952,16.199,52.142,15.994,33.047,19.095,0.822,33,72,27,24,0.003,2.651,0.434,-0.000,1.314,5.110,6.424,3.817,3.817,40,3,-4.326,-2.150,-6.476,4.079,4.079,95,2,138,6a9b54205a2a,2026-09-23T23:26:21+00:00
401858280,,2026,9,2026-10-31 04:00:00+00:00,52,228,0.000,5.082,16.085,52.379,15.994,28.731,23.649,0.634,31,74,31,24,0.009,2.651,0.862,-0.000,4.503,2.680,7.183,3.843,3.843,36,3,0.647,4.228,4.875,3.821,3.821,45,3,138,530a6f1cbbbb,2026-09-23T23:50:55+00:00
401858280,,2026,9,2026-10-31 04:00:00+00:00,52,228,0.000,4.713,16.085,54.151,15.994,29.432,24.719,0.629,34,74,28,25,0.003,2.651,0.862,-0.000,4.503,2.680,7.183,3.843,3.843,36,3,0.647,4.228,4.875,3.821,3.821,45,3,138,6a9b54205a2a,2026-09-23T23:26:21+00:00
401858281,,2026,9,2026-10-31 04:00:00+00:00,221,59,0.000,10.492,16.205,49.833,15.994,30.163,19.671,0.753,30,71,24,17,0.009,2.651,0.393,-0.000,2.275,6.388,8.663,3.824,3.824,31,3,-0.809,1.152,0.343,4.084,4.084,63,2,138,530a6f1cbbbb,2026-09-23T23:50:55+00:00
401858281,,2026,9,2026-10-31 04:00:00+00:00,221,59,0.000,9.901,16.205,51.686,15.994,30.794,20.893,0.746,32,71,27,24,0.003,2.651,0.393,-0.000,2.275,6.388,8.663,3.824,3.824,31,3,-0.809,1.152,0.343,4.084,4.084,63,2,138,6a9b54205a2a,2026-09-23T23:26:21+00:00
401858282,,2026,9,2026-10-31 04:00:00+00:00,153,2390,0.000,-15.372,16.295,47.287,15.994,15.958,31.329,0.173,27,68,17,24,0.008,2.651,-2.093,-0.000,-2.867,2.947,0.080,4.050,4.050,64,2,8.847,11.085,19.931,4.045,4.045,7,2,138,530a6f1cbbbb,2026-09-23T23:50:55+00:00
401858282,,2026,9,2026-10-31 04:00:00+00:00,153,2390,0.000,-14.796,16.295,49.090,15.994,17.147,31.943,0.178,30,68,20,27,0.003,2.651,-2.093,-0.000,-2.867,2.947,0.080,4.050,4.050,64,2,8.847,11.085,19.931,4.045,4.045,7,2,138,6a9b54205a2a,2026-09-23T23:26:21+00:00
401858283,,2026,9,2026-10-31 04:00:00+00:00,97,24,0.000,19.099,16.196,55.489,15.994,37.294,18.195,0.887,35,76,38,10,0.008,2.651,-0.136,-0.000,7.339,2.392,9.731,4.051,4.051,28,2,-4.602,-2.516,-7.118,3.839,3.839,99,3,138,530a6f1cbbbb,2026-09-23T23:50:55+00:00
401858283,,2026,9,2026-10-31 04:00:00+00:00,97,24,0.000,17.929,16.196,56.548,15.994,37.238,19.309,0.877,37,76,31,24,0.002,2.651,-0.136,-0.000,7.339,2.392,9.731,4.051,4.051,28,2,-4.602,-2.516,-7.118,3.839,3.839,99,3,138,6a9b54205a2a,2026-09-23T23:26:21+00:00
401858284,,2026,9,2026-10-31 04:00:00+00:00,154,258,0.000,1.461,16.191,51.328,15.994,26.395,24.934,0.546,31,73,27,24,0.009,2.651,0.007,-0.000,1.102,1.481,2.582,3.825,3.825,53,3,1.289,2.764,4.053,4.056,4.056,48,2,138,530a6f1cbbbb,2026-09-23T23:50:55+00:00
401858284,,2026,9,2026-10-31 04:00:00+00:00,154,258,0.000,1.338,16.191,53.243,15.994,27.290,25.952,0.544,33,73,28,25,0.003,2.651,0.007,-0.000,1.102,1.481,2.582,3.825,3.825,53,3,1.289,2.764,4.053,4.056,4.056,48,2,138,6a9b54205a2a,2026-09-23T23:26:21+00:00
401858501,,2026,9,2026-10-31 04:00:00+00:00,84,135,0.000,17.782,16.284,46.062,15.994,31.922,14.140,0.880,27,66,38,10,0.010,2.651,-3.297,-0.000,8.097,13.515,21.612,4.045,4.045,6,2,-0.007,4.032,4.025,4.027,4.027,49,2,138,530a6f1cbbbb,2026-09-23T23:50:55+00:00
401858501,,2026,9,2026-10-31 04:00:00+00:00,84,135,0.000,17.220,16.284,47.789,15.994,32.505,15.285,0.876,29,67,37,9,0.002,2.651,-3.297,-0.000,8.097,13.515,21.612,4.045,4.045,6,2,-0.007,4.032,4.025,4.027,4.027,49,2,138,6a9b54205a2a,2026-09-23T23:26:21+00:00
401858502,,2026,9,2026-10-31 04:00:00+00:00,2294,275,0.000,10.079,16.311,45.843,15.994,27.961,17.882,0.749,26,66,24,17,0.010,2.651,-2.834,-0.000,2.903,10.309,13.212,4.084,4.084,21,2,2.295,2.477,4.772,4.042,4.042,46,2,138,530a6f1cbbbb,2026-09-23T23:50:55+00:00
401858502,,2026,9,2026-10-31 04:00:00+00:00,2294,275,0.000,9.682,16.311,48.022,15.994,28.852,19.170,0.744,29,68,25,22,0.003,2.651,-2.834,-0.000,2.903,10.309,13.212,4.084,4.084,21,2,2.295,2.477,4.772,4.042,4.042,46,2,138,6a9b54205a2a,2026-09-23T23:26:21+00:00
401858503,,2026,9,2026-10-31 04:00:00+00:00,120,356,0.000,-0.702,16.301,53.033,15.994,26.165,26.868,0.493,32,75,27,24,0.009,2.651,0.335,-0.000,0.635,1.510,2.145,4.031,4.031,58,2,3.555,2.316,5.871,4.075,4.075,42,2,138,530a6f1cbbbb,2026-09-23T23:50:55+00:00
401858503,,2026,9,2026-10-31 04:00:00+00:00,120,356,0.000,-0.679,16.301,54.766,15.994,27.044,27.722,0.493,35,75,29,26,0.003,2.651,0.335,-0.000,0.635,1.510,2.145,4.031,4.031,58,2,3.555,2.316,5.871,4.075,4.075,42,2,138,6a9b54205a2a,2026-09-23T23:26:21+00:00
401858504,,2026,9,2026-10-31 04:00:00+00:00,158,264,0.000,1.759,16.329,49.160,15.994,25.459,23.700,0.554,28,70,24,21,0.010,2.651,-1.174,-0.000,6.751,3.299,10.050,4.080,4.080,27,2,2.120,9.049,11.169,4.084,4.084,25,2,138,530a6f1cbbbb,2026-09-23T23:50:55+00:00
401858504,,2026,9,2026-10-31 04:00:00+00:00,158,264,0.000,1.631,16.329,51.277,15.994,26.454,24.823,0.552,31,71,27,24,0.003,2.651,-1.174,-0.000,6.751,3.299,10.050,4.080,4.080,27,2,2.120,9.049,11.169,4.084,4.084,25,2,138,6a9b54205a2a,2026-09-23T23:26:21+00:00
401858505,,2026,9,2026-10-31 04:00:00+00:00,2483,77,0.000,10.192,16.447,52.366,15.994,31.279,21.087,0.742,31,73,31,24,0.009,2.651,-1.448,-0.000,10.241,6.751,16.992,4.084,4.084,9,2,3.660,5.607,9.267,4.309,4.309,29,1,138,530a6f1cbbbb,2026-09-23T23:50:55+00:00
401858505,,2026,9,2026-10-31 04:00:00+00:00,2483,77,0.000,9.509,16.447,53.997,15.994,31.753,22.244,0.734,34,74,28,25,0.003,2.651,-1.448,-0.000,10.241,6.751,16.992,4.084,4.084,9,2,3.660,5.607,9.267,4.309,4.309,29,1,138,6a9b54205a2a,2026-09-23T23:26:21+00:00
401858506,,2026,9,2026-10-31 04:00:00+00:00,213,2509,0.000,20.270,16.172,55.462,15.994,37.866,17.596,0.901,35,76,38,10,0.009,2.651,-1.126,-0.000,5.889,9.330,15.220,3.821,3.821,15,3,2.367,-5.278,-2.911,4.021,4.021,75,2,138,530a6f1cbbbb,2026-09-23T23:50:55+00:00
401858506,,2026,9,2026-10-31 04:00:00+00:00,213,2509,0.000,19.071,16.172,56.477,15.994,37.774,18.703,0.892,37,76,42,14,0.002,2.651,-1.126,-0.000,5.889,9.330,15.220,3.821,3.821,15,3,2.367,-5.278,-2.911,4.021,4.021,75,2,138,6a9b54205a2a,2026-09-23T23:26:21+00:00
401858507,,2026,9,2026-10-31 04:00:00+00:00,164,130,0.000,-15.853,16.079,51.849,15.994,17.998,33.851,0.168,31,72,24,31,0.008,2.651,-0.845,-0.000,-0.757,-4.047,-4.804,3.821,3.821,84,3,4.798,9.788,14.586,3.821,3.821,18,3,138,530a6f1cbbbb,2026-09-23T23:50:55+00:00
401858507,,2026,9,2026-10-31 04:00:00+00:00,164,130,0.000,-14.998,16.079,53.311,15.994,19.157,34.155,0.177,34,73,22,29,0.003,2.651,-0.845,-0.000,-0.757,-4.047,-4.804,3.821,3.821,84,3,4.798,9.788,14.586,3.821,3.821,18,3,138,6a9b54205a2a,2026-09-23T23:26:21+00:00
401858508,,2026,9,2026-10-31 04:00:00+00:00,26,2440,0.000,16.168,16.188,52.665,15.994,34.417,18.249,0.850,33,73,38,10,0.008,2.651,-1.886,-0.000,5.332,1.198,6.530,3.824,3.824,39,3,-5.077,-2.506,-7.583,4.051,4.051,102,2,138,530a6f1cbbbb,2026-09-23T23:50:55+00:00
401858508,,2026,9,2026-10-31 04:00:00+00:00,26,2440,0.000,15.224,16.188,54.047,15.994,34.636,19.411,0.841,35,74,30,23,0.003,2.651,-1.886,-0.000,5.332,1.198,6.530,3.824,3.824,39,3,-5.077,-2.506,-7.583,4.051,4.051,102,2,138,6a9b54205a2a,2026-09-23T23:26:21+00:00
401858509,,2026,9,2026-10-31 04:00:00+00:00,30,194,0.000,-8.583,15.994,53.520,15.994,22.468,31.051,0.306,33,75,24,31,0.009,2.651,-2.269,-0.000,10.771,4.665,15.436,3.641,3.641,13,4,13.138,14.029,27.167,3.821,3.821,1,3,138,530a6f1cbbbb,2026-09-23T23:50:55+00:00
401858509,,2026,9,2026-10-31 04:00:00+00:00,30,194,0.000,-8.019,15.994,55.102,15.994,23.542,31.561,0.314,35,75,26,29,0.003,2.651,-2.269,-0.000,10.771,4.665,15.436,3.641,3.641,13,4,13.138,14.029,27.167,3.821,3.821,1,3,138,6a9b54205a2a,2026-09-23T23:26:21+00:00
401859185,,2026,9,2026-10-31 16:00:00+00:00,2426,87,1.000,-29.221,16.332,52.231,15.994,11.505,40.726,0.032,34,71,10,38,0.008,0.000,-3.328,-0.000,-3.833,-4.721,-8.555,4.333,4.333,107,1,11.169,12.765,23.934,3.821,3.821,3,3,138,530a6f1cbbbb,2026-09-23T23:50:55+00:00
401859185,,2026,9,2026-10-31 16:00:00+00:00,2426,87,1.000,-28.063,16.332,52.957,15.994,12.447,40.510,0.035,35,71,12,36,0.002,0.000,-3.328,-0.000,-3.833,-4.721,-8.555,4.333,4.333,107,1,11.169,12.765,23.934,3.821,3.821,3,3,138,6a9b54205a2a,2026-09-23T23:26:21+00:00
401860908,,2026,9,2026-11-01 02:00:00+00:00,68,326,0.000,12.929,16.203,57.662,15.994,35.296,22.366,0.792,37,79,31,24,0.009,2.651,-0.555,-0.000,3.859,3.292,7.151,4.079,4.079,37,2,2.545,-5.498,-2.952,3.816,3.816,77,3,138,530a6f1cbbbb,2026-09-23T23:50:55+00:00
401860908,,2026,9,2026-11-01 02:00:00+00:00,68,326,0.000,11.948,16.203,58.729,15.994,35.339,23.391,0.781,39,79,31,28,0.003,2.651,-0.555,-0.000,3.859,3.292,7.151,4.079,4.079,37,2,2.545,-5.498,-2.952,3.816,3.816,77,3,138,6a9b54205a2a,2026-09-23T23:26:21+00:00
401860909,,2026,9,2026-10-31 23:00:00+00:00,21,265,0.000,3.049,16.303,44.997,15.994,24.023,20.974,0.587,24,66,24,21,0.010,2.651,-1.732,-0.000,-3.054,2.595,-0.459,4.027,4.027,65,2,-2.525,1.623,-0.902,4.084,4.084,67,2,138,530a6f1cbbbb,2026-09-23T23:50:55+00:00
401860909,,2026,9,2026-10-31 23:00:00+00:00,21,265,0.000,2.908,16.303,47.457,15.994,25.182,22.275,0.585,28,67,25,22,0.004,2.651,-1.732,-0.000,-3.054,2.595,-0.459,4.027,4.027,65,2,-2.525,1.623,-0.902,4.084,4.084,67,2,138,6a9b54205a2a,2026-09-23T23:26:21+00:00
401860910,,2026,9,2026-10-31 19:30:00+00:00,328,36,0.000,6.902,16.291,52.562,15.994,29.732,22.830,0.674,31,74,31,24,0.009,2.651,1.697,-0.000,-3.192,0.755,-2.437,4.032,4.032,71,2,-2.916,-3.736,-6.652,4.055,4.055,98,2,138,530a6f1cbbbb,2026-09-23T23:50:55+00:00
401860910,,2026,9,2026-10-31 19:30:00+00:00,328,36,0.000,6.409,16.291,54.269,15.994,30.339,23.930,0.667,34,74,28,25,0.003,2.651,1.697,-0.000,-3.192,0.755,-2.437,4.032,4.032,71,2,-2.916,-3.736,-6.652,4.055,4.055,98,2,138,6a9b54205a2a,2026-09-23T23:26:21+00:00
401860924,,2026,9,2026-10-31 04:00:00+00:00,278,204,0.000,6.933,16.208,46.841,15.994,26.887,19.954,0.680,27,68,24,17,0.010,2.651,-1.679,-0.000,-2.718,4.274,1.556,3.811,3.811,59,3,-1.613,-1.538,-3.151,4.084,4.084,78,2,138,530a6f1cbbbb,2026-09-23T23:50:55+00:00
401860924,,2026,9,2026-10-31 04:00:00+00:00,278,204,0.000,6.603,16.208,49.070,15.994,27.836,21.234,0.675,30,69,26,23,0.003,2.651,-1.679,-0.000,-2.718,4.274,1.556,3.811,3.811,59,3,-1.613,-1.538,-3.151,4.084,4.084,78,2,138,6a9b54205a2a,2026-09-23T23:26:21+00:00
401861966,,2026,9,2026-10-31 19:00:00+00:00,2005,41,0.000,7.406,16.433,54.701,15.994,31.054,23.647,0.682,34,76,31,24,0.009,2.651,-1.980,-0.000,-2.246,-6.175,-8.421,4.333,4.333,105,1,-5.099,-7.935,-13.034,4.031,4.031,119,2,138,530a6f1cbbbb,2026-09-23T23:50:55+00:00
401861966,,2026,9,2026-10-31 19:00:00+00:00,2005,41,0.000,6.830,16.433,56.175,15.994,31.502,24.673,0.675,36,76,29,26,0.003,2.651,-1.980,-0.000,-2.246,-6.175,-8.421,4.333,4.333,105,1,-5.099,-7.935,-13.034,4.031,4.031,119,2,138,6a9b54205a2a,2026-09-23T23:26:21+00:00
401862812,,2026,9,2026-10-29 23:30:00+00:00,249,2226,0.000,7.660,16.075,63.598,15.994,35.629,27.969,0.688,42,85,31,24,0.008,2.651,2.623,-0.000,1.661,-6.560,-4.900,3.816,3.816,85,3,-2.281,-7.179,-9.461,3.825,3.825,110,3,138,530a6f1cbbbb,2026-09-23T23:50:55+00:00
401862812,,2026,9,2026-10-29 23:30:00+00:00,249,2226,0.000,6.981,16.075,64.097,15.994,35.539,28.558,0.679,44,84,33,30,0.003,2.651,2.623,-0.000,1.661,-6.560,-4.900,3.816,3.816,85,3,-2.281,-7.179,-9.461,3.825,3.825,110,3,138,6a9b54205a2a,2026-09-23T23:26:21+00:00
401862813,,2026,9,2026-10-30 23:00:00+00:00,2429,2655,0.000,-9.509,16.175,48.253,15.994,19.372,28.881,0.284,28,69,17,24,0.009,2.651,-1.077,-0.000,-8.694,-7.257,-15.951,4.026,4.026,130,2,-3.733,1.009,-2.724,3.821,3.821,73,3,138,530a6f1cbbbb,2026-09-23T23:50:55+00:00
401862813,,2026,9,2026-10-30 23:00:00+00:00,2429,2655,0.000,-9.074,16.175,50.274,15.994,20.600,29.674,0.289,31,70,23,26,0.003,2.651,-1.077,-0.000,-8.694,-7.257,-15.951,4.026,4.026,130,2,-3.733,1.009,-2.724,3.821,3.821,73,3,138,6a9b54205a2a,2026-09-23T23:26:21+00:00
401862814,,2026,9,2026-10-31 04:00:00+00:00,235,349,0.000,7.385,16.360,50.864,15.994,29.125,21.739,0.685,30,72,31,24,0.009,2.651,-2.802,-0.000,0.595,-1.638,-1.042,3.872,3.872,69,3,-3.175,-2.719,-5.894,4.339,4.339,91,1,138,530a6f1cbbbb,2026-09-23T23:50:55+00:00
401862814,,2026,9,2026-10-31 04:00:00+00:00,235,349,0.000,6.906,16.360,52.721,15.994,29.813,22.907,0.679,33,73,27,24,0.003,2.651,-2.802,-0.000,0.595,-1.638,-1.042,3.872,3.872,69,3,-3.175,-2.719,-5.894,4.339,4.339,91,1,138,6a9b54205a2a,2026-09-23T23:26:21+00:00
401862815,,2026,9,2026-10-31 04:00:00+00:00,151,218,0.000,5.361,16.175,53.700,15.994,29.530,24.170,0.639,33,75,31,24,0.009,2.651,0.086,-0.000,-2.896,0.074,-2.823,3.821,3.821,74,3,-0.329,-5.034,-5.363,4.027,4.027,87,2,138,530a6f1cbbbb,2026-09-23T23:50:55+00:00
401862815,,2026,9,2026-10-31 04:00:00+00:00,151,218,0.000,4.949,16.175,55.325,15.994,30.137,25.188,0.633,35,75,29,26,0.003,2.651,0.086,-0.000,-2.896,0.074,-2.823,3.821,3.821,74,3,-0.329,-5.034,-5.363,4.027,4.027,87,2,138,6a9b54205a2a,2026-09-23T23:26:21+00:00
401862816,,2026,9,2026-10-31 04:00:00+00:00,58,5,0.000,7.420,16.206,52.347,15.994,29.883,22.463,0.686,31,73,31,24,0.009,2.651,0.642,-0.000,-2.685,-1.027,-3.711,4.086,4.086,81,2,-4.258,-4.228,-8.486,3.824,3.824,106,3,138,530a6f1cbbbb,2026-09-23T23:50:55+00:00
401862816,,2026,9,2026-10-31 04:00:00+00:00,58,5,0.000,6.903,16.206,54.067,15.994,30.485,23.582,0.679,34,74,28,25,0.003,2.651,0.642,-0.000,-2.685,-1.027,-3.711,4.086,4.086,81,2,-4.258,-4.228,-8.486,3.824,3.824,106,3,138,6a9b54205a2a,2026-09-23T23:26:21+00:00
401864529,,2026,9,2026-10-31 04:00:00+00:00,23,167,0.000,-9.675,16.195,49.366,15.994,19.846,29.521,0.282,29,70,17,24,0.009,2.651,-0.035,-0.000,-5.955,-5.135,-11.090,3.831,3.831,117,3,-1.531,3.708,2.177,4.050,4.050,57,2,138,530a6f1cbbbb,2026-09-23T23:50:55+00:00
401864529,,2026,9,2026-10-31 04:00:00+00:00,23,167,0.000,-9.186,16.195,51.288,15.994,21.051,30.237,0.288,32,71,24,27,0.003,2.651,-0.035,-0.000,-5.955,-5.135,-11.090,3.831,3.831,117,3,-1.531,3.708,2.177,4.050,4.050,57,2,138,6a9b54205a2a,2026-09-23T23:26:21+00:00
401864530,,2026,9,2026-11-01 02:30:00+00:00,2439,2459,0.000,9.426,16.209,48.538,15.994,28.982,19.556,0.733,28,69,24,17,0.009,2.651,-0.619,1.009,-5.501,-0.474,-5.976,3.864,3.864,92,3,-8.195,-5.084,-13.280,4.055,4.055,120,2,138,530a6f1cbbbb,2026-09-23T23:50:55+00:00
401864530,,2026,9,2026-11-01 02:30:00+00:00,2439,2459,0.000,8.933,16.209,50.541,15.994,29.737,20.804,0.727,31,70,26,23,0.003,2.651,-0.619,1.009,-5.501,-0.474,-5.976,3.864,3.864,92,3,-8.195,-5.084,-13.280,4.055,4.055,120,2,138,6a9b54205a2a,2026-09-23T23:26:21+00:00
401864531,,2026,9,2026-10-31 19:30:00+00:00,2449,2638,0.000,22.783,16.190,56.869,15.994,39.826,17.043,0.925,37,77,38,10,0.009,2.651,-0.014,1.009,0.436,2.009,2.446,3.822,3.822,54,3,-7.127,-11.093,-18.220,4.045,4.045,134,2,138,530a6f1cbbbb,2026-09-23T23:50:55+00:00
401864531,,2026,9,2026-10-31 19:30:00+00:00,2449,2638,0.000,21.470,16.190,57.712,15.994,39.591,18.121,0.917,39,77,42,14,0.002,2.651,-0.014,1.009,0.436,2.009,2.446,3.822,3.822,54,3,-7.127,-11.093,-18.220,4.045,4.045,134,2,138,6a9b54205a2a,2026-09-23T23:26:21+00:00
401866451,,2026,9,2026-10-31 02:30:00+00:00,16,2309,0.000,10.366,16.182,51.814,15.994,31.090,20.724,0.749,31,73,31,24,0.009,2.651,-1.325,-0.000,-7.529,-5.892,-13.421,3.810,3.810,121,3,-9.665,-11.711,-21.376,4.050,4.050,136,2,138,530a6f1cbbbb,2026-09-23T23:50:55+00:00
401866451,,2026,9,2026-10-31 02:30:00+00:00,16,2309,0.000,9.705,16.182,53.499,15.994,31.602,21.897,0.741,34,73,28,25,0.003,2.651,-1.325,-0.000,-7.529,-5.892,-13.421,3.810,3.810,121,3,-9.665,-11.711,-21.376,4.050,4.050,136,2,138,6a9b54205a2a,2026-09-23T23:26:21+00:00
401866452,,2026,9,2026-10-31 16:00:00+00:00,2711,189,0.000,21.645,16.289,48.397,15.994,35.021,13.376,0.922,29,68,38,10,0.011,2.651,-4.096,-0.000,-1.829,3.287,1.458,4.051,4.051,60,2,-10.217,-9.961,-20.178,4.031,4.031,135,2,138,530a6f1cbbbb,2026-09-23T23:50:55+00:00
401866452,,2026,9,2026-10-31 16:00:00+00:00,2711,189,0.000,20.853,16.289,49.739,15.994,35.296,14.443,0.918,31,69,37,9,0.003,2.651,-4.096,-0.000,-1.829,3.287,1.458,4.051,4.051,60,2,-10.217,-9.961,-20.178,4.031,4.031,135,2,138,6a9b54205a2a,2026-09-23T23:26:21+00:00
401869846,,2026,9,2026-10-31 04:00:00+00:00,290,2026,0.000,0.970,16.271,53.361,15.994,27.165,26.195,0.534,32,75,27,24,0.009,2.651,1.231,-0.000,-4.898,-4.312,-9.211,4.021,4.021,108,2,-3.638,-3.571,-7.209,4.026,4.026,100,2,138,530a6f1cbbbb,2026-09-23T23:50:55+00:00
401869846,,2026,9,2026-10-31 04:00:00+00:00,290,2026,0.000,0.872,16.271,55.059,15.994,27.966,27.093,0.532,35,75,29,26,0.003,2.651,1.231,-0.000,-4.898,-4.312,-9.211,4.021,4.021,108,2,-3.638,-3.571,-7.209,4.026,4.026,100,2,138,6a9b54205a2a,2026-09-23T23:26:21+00:00
401869944,,2026,9,2026-10-31 04:00:00+00:00,2247,324,0.000,1.923,16.291,55.692,15.994,28.807,26.884,0.556,34,77,31,24,0.009,2.651,1.520,-0.000,-3.207,-7.840,-11.047,4.031,4.031,116,2,-6.015,-3.986,-10.001,4.055,4.055,113,2,138,530a6f1cbbbb,2026-09-23T23:50:55+00:00
401869944,,2026,9,2026-10-31 04:00:00+00:00,2247,324,0.000,1.744,16.291,57.128,15.994,29.436,27.692,0.554,37,77,30,27,0.003,2.651,1.520,-0.000,-3.207,-7.840,-11.047,4.031,4.031,116,2,-6.015,-3.986,-10.001,4.055,4.055,113,2,138,6a9b54205a2a,2026-09-23T23:26:21+00:00
401869963,,2026,9,2026-10-29 23:30:00+00:00,256,2653,0.000,10.027,16.302,47.221,15.994,28.624,18.597,0.746,27,68,24,17,0.010,2.651,-0.902,-0.000,-1.189,4.283,3.093,4.055,4.055,50,2,-4.007,-1.065,-5.072,4.055,4.055,86,2,138,530a6f1cbbbb,2026-09-23T23:50:55+00:00
401869963,,2026,9,2026-10-29 23:30:00+00:00,256,2653,0.000,9.566,16.302,49.299,15.994,29.433,19.867,0.740,30,69,26,23,0.003,2.651,-0.902,-0.000,-1.189,4.283,3.093,4.055,4.055,50,2,-4.007,-1.065,-5.072,4.055,4.055,86,2,138,6a9b54205a2a,2026-09-23T23:26:21+00:00
401871057,,2026,9,2026-10-29 00:00:00+00:00,166,55,0.000,-3.850,16.197,52.357,15.994,24.254,28.103,0.416,31,74,24,31,0.009,2.651,0.519,-0.000,-7.998,-6.849,-14.847,4.075,4.075,126,2,-3.943,-3.922,-7.865,3.817,3.817,103,3,138,530a6f1cbbbb,2026-09-23T23:50:55+00:00
401871057,,2026,9,2026-10-29 00:00:00+00:00,166,55,0.000,-3.612,16.197,54.142,15.994,25.265,28.877,0.419,34,74,28,25,0.003,2.651,0.519,-0.000,-7.998,-6.849,-14.847,4.075,4.075,126,2,-3.943,-3.922,-7.865,3.817,3.817,103,3,138,6a9b54205a2a,2026-09-23T23:26:21+00:00
401871058,,2026,9,2026-10-28 23:00:00+00:00,2393,338,0.000,4.921,16.277,51.395,15.994,28.158,23.237,0.629,31,73,31,24,0.009,2.651,0.388,-0.000,-5.570,-5.838,-11.408,4.027,4.027,118,2,-8.233,-5.360,-13.593,4.031,4.031,122,2,138,530a6f1cbbbb,2026-09-23T23:50:55+00:00
401871058,,2026,9,2026-10-28 23:00:00+00:00,2393,338,0.000,4.576,16.277,53.259,15.994,28.917,24.342,0.624,33,73,28,25,0.003,2.651,0.388,-0.000,-5.570,-5.838,-11.408,4.027,4.027,118,2,-8.233,-5.360,-13.593,4.031,4.031,122,2,138,6a9b54205a2a,2026-09-23T23:26:21+00:00
401871059,,2026,9,2026-10-31 19:30:00+00:00,2335,2229,0.000,8.355,16.189,48.416,15.994,28.385,20.030,0.710,28,69,24,17,0.009,2.651,-1.002,-0.000,-1.397,-2.195,-3.593,4.055,4.055,80,2,-8.116,-1.607,-9.722,3.820,3.820,112,3,138,530a6f1cbbbb,2026-09-23T23:50:55+00:00
401871059,,2026,9,2026-10-31 19:30:00+00:00,2335,2229,0.000,7.912,16.189,50.469,15.994,29.190,21.278,0.705,31,70,26,23,0.003,2.651,-1.002,-0.000,-1.397,-2.195,-3.593,4.055,4.055,80,2,-8.116,-1.607,-9.722,3.820,3.820,112,3,138,6a9b54205a2a,2026-09-23T23:26:21+00:00
401871071,,2026,9,2026-10-27 23:00:00+00:00,98,48,0.000,-0.783,16.179,57.292,15.994,28.254,29.037,0.491,36,79,24,31,0.008,2.651,1.424,-0.000,-2.692,-7.597,-10.288,3.825,3.825,114,3,-3.025,-3.486,-6.511,4.032,4.032,96,2,138,530a6f1cbbbb,2026-09-23T23:50:55+00:00
401871071,,2026,9,2026-10-27 23:00:00+00:00,98,48,0.000,-0.744,16.179,58.550,15.994,28.903,29.647,0.492,38,79,31,28,0.003,2.651,1.424,-0.000,-2.692,-7.597,-10.288,3.825,3.825,114,3,-3.025,-3.486,-6.511,4.032,4.032,96,2,138,6a9b54205a2a,2026-09-23T23:26:21+00:00
401871072,,2026,9,2026-10-28 00:00:00+00:00,2623,2534,0.000,2.941,16.312,52.032,15.994,27.486,24.545,0.582,31,73,27,24,0.009,2.651,-0.380,-0.000,-7.811,-8.161,-15.971,4.046,4.046,131,2,-8.242,-7.801,-16.043,4.084,4.084,132,2,138,530a6f1cbbbb,2026-09-23T23:50:55+00:00
401871072,,2026,9,2026-10-28 00:00:00+00:00,2623,2534,0.000,2.714,16.312,53.856,15.994,28.285,25.571,0.578,34,74,28,25,0.003,2.651,-0.380,-0.000,-7.811,-8.161,-15.971,4.046,4.046,131,2,-8.242,-7.801,-16.043,4.084,4.084,132,2,138,6a9b54205a2a,2026-09-23T23:26:21+00:00
401871095,,2026,9,2026-10-31 04:00:00+00:00,2433,2572,0.000,0.691,16.298,56.220,15.994,28.455,27.764,0.527,35,78,31,24,0.009,2.651,0.700,-0.000,-8.541,-9.587,-18.129,4.075,4.075,133,2,-5.989,-9.841,-15.830,4.027,4.027,129,2,138,530a6f1cbbbb,2026-09-23T23:50:55+00:00
401871095,,2026,9,2026-10-31 04:00:00+00:00,2433,2572,0.000,0.609,16.298,57.599,15.994,29.104,28.495,0.526,37,78,30,27,0.003,2.651,0.700,-0.000,-8.541,-9.587,-18.129,4.075,4.075,133,2,-5.989,-9.841,-15.830,4.027,4.027,129,2,138,6a9b54205a2a,2026-09-23T23:26:21+00:00
401871096,,2026,9,2026-10-31 04:00:00+00:00,295,276,0.000,5.839,16.175,53.298,15.994,29.568,23.730,0.650,32,75,31,24,0.009,2.651,0.587,-0.000,-3.160,-1.119,-4.279,4.026,4.026,83,2,-2.567,-4.769,-7.336,3.821,3.821,101,3,138,530a6f1cbbbb,2026-09-23T23:50:55+00:00
401871096,,2026,9,2026-10-31 04:00:00+00:00,295,276,0.000,5.402,16.175,54.957,15.994,30.179,24.778,0.644,35,75,29,26,0.003,2.651,0.587,-0.000,-3.160,-1.119,-4.279,4.026,4.026,83,2,-2.567,-4.769,-7.336,3.821,3.821,101,3,138,6a9b54205a2a,2026-09-23T23:26:21+00:00
401871097,,2026,9,2026-10-31 04:00:00+00:00,6,2348,0.000,3.456,16.272,55.992,15.994,29.724,26.268,0.593,35,78,31,24,0.009,2.651,-0.248,-0.000,-0.162,-5.468,-5.630,4.021,4.021,88,2,-2.655,-3.483,-6.138,4.027,4.027,93,2,138,530a6f1cbbbb,2026-09-23T23:50:55+00:00
401871097,,2026,9,2026-10-31 04:00:00+00:00,6,2348,0.000,3.155,16.272,57.385,15.994,30.270,27.115,0.589,37,78,30,27,0.003,2.651,-0.248,-0.000,-0.162,-5.468,-5.630,4.021,4.021,88,2,-2.655,-3.483,-6.138,4.027,4.027,93,2,138,6a9b54205a2a,2026-09-23T23:26:21+00:00
401856738,,2026,10,2026-11-07 05:00:00+00:00,2,8,0.000,13.567,16.179,54.897,15.994,34.232,20.665,0.806,34,76,31,24,0.009,2.651,1.769,-0.000,2.962,5.434,8.396,3.825,3.825,34,3,-0.202,-2.422,-2.624,4.031,4.031,72,2,138,530a6f1cbbbb,2026-09-23T23:50:55+00:00
401856738,,2026,10,2026-11-07 05:00:00+00:00,2,8,0.000,12.635,16.179,56.198,15.994,34.417,21.782,0.796,37,76,29,26,0.003,2.651,1.769,-0.000,2.962,5.434,8.396,3.825,3.825,34,3,-0.202,-2.422,-2.624,4.031,4.031,72,2,138,6a9b54205a2a,2026-09-23T23:26:21+00:00
401856739,,2026,10,2026-11-07 05:00:00+00:00,57,201,0.000,2.111,16.189,50.787,15.994,26.449,24.338,0.562,30,72,24,21,0.009,2.651,-0.342,-0.000,11.339,3.809,15.148,4.046,4.046,16,2,3.116,12.808,15.924,3.821,3.821,11,3,138,530a6f1cbbbb,2026-09-23T23:50:55+00:00
401856739,,2026,10,2026-11-07 05:00:00+00:00,57,201,0.000,1.950,16.189,52.752,15.994,27.351,25.401,0.560,33,73,28,25,0.003,2.651,-0.342,-0.000,11.339,3.809,15.148,4.046,4.046,16,2,3.116,12.808,15.924,3.821,3.821,11,3,138,6a9b54205a2a,2026-09-23T23:26:21+00:00
401856740,,2026,10,2026-11-07 05:00:00+00:00,99,333,0.000,-2.759,16.071,54.594,15.994,25.917,28.677,0.443,34,76,24,31,0.009,2.651,-0.202,-0.000,7.395,8.450,15.846,3.817,3.817,12,3,13.271,8.377,21.648,3.817,3.817,5,3,138,530a6f1cbbbb,2026-09-23T23:50:55+00:00
401856740,,2026,10,2026-11-07 05:00:00+00:00,99,333,0.000,-2.576,16.071,56.156,15.994,26.790,29.366,0.445,36,76,29,26,0.003,2.651,-0.202,-0.000,7.395,8.450,15.846,3.817,3.817,12,3,13.271,8.377,21.648,3.817,3.817,5,3,138,6a9b54205a2a,2026-09-23T23:26:21+00:00
401856741,,2026,10,2026-11-07 05:00:00+00:00,145,61,0.000,-9.757,16.174,59.186,15.994,24.714,34.472,0.287,38,80,24,31,0.009,2.651,0.924,-0.000,8.054,4.656,12.711,3.820,3.820,22,3,15.361,9.901,25.262,4.027,4.027,2,2,138,530a6f1cbbbb,2026-09-23T23:50:55+00:00
401856741,,2026,10,2026-11-07 05:00:00+00:00,145,61,0.000,-8.990,16.174,60.160,15.994,25.585,34.575,0.297,40,80,28,31,0.003,2.651,0.924,-0.000,8.054,4.656,12.711,3.820,3.820,22,3,15.361,9.901,25.262,4.027,4.027,2,2,138,6a9b54205a2a,2026-09-23T23:26:21+00:00
401856742,,2026,10,2026-11-07 05:00:00+00:00,344,238,0.000,7.791,16.179,58.320,15.994,33.056,25.265,0.691,37,80,31,24,0.009,2.651,0.443,-0.000,9.582,3.632,13.214,3.825,3.825,20,3,5.448,2.934,8.382,4.032,4.032,35,2,138,530a6f1cbbbb,2026-09-23T23:50:55+00:00
401856742,,2026,10,2026-11-07 05:00:00+00:00,344,238,0.000,7.134,16.179,59.409,15.994,33.271,26.138,0.683,39,80,31,28,0.003,2.651,0.443,-0.000,9.582,3.632,13.214,3.825,3.825,20,3,5.448,2.934,8.382,4.032,4.032,35,2,138,6a9b54205a2a,2026-09-23T23:26:21+00:00
401856743,,2026,10,2026-11-07 05:00:00+00:00,142,251,0.000,-8.481,16.180,50.101,15.994,20.810,29.291,0.308,30,71,24,31,0.009,2.651,0.288,-0.000,4.556,6.779,11.335,4.032,4.032,24,2,10.189,13.075,23.265,3.817,3.817,4,3,138,530a6f1cbbbb,2026-09-23T23:50:55+00:00
401856743,,2026,10,2026-11-07 05:00:00+00:00,142,251,0.000,-8.022,16.180,52.000,15.994,21.989,30.011,0.314,32,72,24,27,0.003,2.651,0.288,-0.000,4.556,6.779,11.335,4.032,4.032,24,2,10.189,13.075,23.265,3.817,3.817,4,3,138,6a9b54205a2a,2026-09-23T23:26:21+00:00
401856744,,2026,10,2026-11-07 05:00:00+00:00,2579,245,0.000,-2.948,16.188,53.846,15.994,25.449,28.397,0.438,33,76,24,31,0.009,2.651,-0.060,-0.000,6.558,5.613,12.171,4.050,4.050,23,2,9.790,8.393,18.183,3.824,3.824,8,3,138,530a6f1cbbbb,2026-09-23T23:50:55+00:00
401856744,,2026,10,2026-11-07 05:00:00+00:00,2579,245,0.000,-2.757,16.188,55.484,15.994,26.364,29.120,0.441,35,76,29,26,0.003,2.651,-0.060,-0.000,6.558,5.613,12.171,4.050,4.050,23,2,9.790,8.393,18.183,3.824,3.824,8,3,138,6a9b54205a2a,2026-09-23T23:26:21+00:00
401856745,,2026,10,2026-11-07 05:00:00+00:00,2633,96,0.000,12.048,16.274,55.757,15.994,33.903,21.854,0.777,35,77,31,24,0.009,2.651,1.248,-0.000,9.393,5.583,14.977,4.032,4.032,17,2,2.088,3.537,5.625,4.021,4.021,43,2,138,530a6f1cbbbb,2026-09-23T23:50:55+00:00
401856745,,2026,10,2026-11-07 05:00:00+00:00,2633,96,0.000,11.163,16.274,57.023,15.994,34.093,22.930,0.767,37,77,30,27,0.003,2.651,1.248,-0.000,9.393,5.583,14.977,4.032,4.032,17,2,2.088,3.537,5.625,4.021,4.021,43,2,138,6a9b54205a2a,2026-09-23T23:26:21+00:00
401856849,,2026,10,2026-11-07 05:00:00+00:00,254,252,0.000,4.726,16.279,48.489,15.994,26.607,21.882,0.626,28,69,24,21,0.010,2.651,-1.440,-0.000,6.271,9.689,15.959,4.031,4.031,10,2,6.457,7.373,13.829,4.032,4.032,19,2,138,530a6f1cbbbb,2026-09-23T23:50:55+00:00
401856849,,2026,10,2026-11-07 05:00:00+00:00,254,252,0.000,4.448,16.279,50.631,15.994,27.539,23.091,0.622,31,71,26,23,0.003,2.651,-1.440,-0.000,6.271,9.689,15.959,4.031,4.031,10,2,6.457,7.373,13.829,4.032,4.032,19,2,138,6a9b54205a2a,2026-09-23T23:26:21+00:00
401856850,,2026,10,2026-11-07 05:00:00+00:00,2305,2116,0.000,0.605,16.276,49.577,15.994,25.091,24.486,0.525,29,71,24,21,0.009,2.651,-0.459,-0.000,-0.968,-0.690,-1.657,4.031,4.031,70,2,-1.499,2.205,0.706,4.026,4.026,61,2,138,530a6f1cbbbb,2026-09-23T23:50:55+00:00
401856850,,2026,10,2026-11-07 05:00:00+00:00,2305,2116,0.000,0.542,16.276,51.663,15.994,26.102,25.561,0.524,32,72,27,24,0.003,2.651,-0.459,-0.000,-0.968,-0.690,-1.657,4.031,4.031,70,2,-1.499,2.205,0.706,4.026,4.026,61,2,138,6a9b54205a2a,2026-09-23T23:26:21+00:00
401856851,,2026,10,2026-11-07 05:00:00+00:00,248,2132,0.000,10.421,16.309,52.972,15.994,31.697,21.276,0.748,32,74,31,24,0.009,2.651,-0.145,-0.000,4.248,4.267,8.515,4.055,4.055,33,2,0.467,0.146,0.613,4.055,4.055,62,2,138,530a6f1cbbbb,2026-09-23T23:50:55+00:00
401856851,,2026,10,2026-11-07 05:00:00+00:00,248,2132,0.000,9.711,16.309,54.545,15.994,32.128,22.417,0.739,35,75,28,25,0.003,2.651,-0.145,-0.000,4.248,4.267,8.515,4.055,4.055,33,2,0.467,0.146,0.613,4.055,4.055,62,2,138,6a9b54205a2a,2026-09-23T23:26:21+00:00
401856852,,2026,10,2026-11-07 05:00:00+00:00,9,38,0.000,10.326,16.292,50.016,15.994,30.171,19.845,0.749,30,71,24,17,0.009,2.651,0.587,-0.000,0.514,1.855,2.368,4.026,4.026,55,2,-5.247,-0.507,-5.754,4.062,4.062,90,2,138,530a6f1cbbbb,2026-09-23T23:50:55+00:00
401856852,,2026,10,2026-11-07 05:00:00+00:00,9,38,0.000,9.732,16.292,51.856,15.994,30.794,21.062,0.742,32,72,27,24,0.003,2.651,0.587,-0.000,0.514,1.855,2.368,4.026,4.026,55,2,-5.247,-0.507,-5.754,4.062,4.062,90,2,138,6a9b54205a2a,2026-09-23T23:26:21+00:00
401856853,,2026,10,2026-11-07 05:00:00+00:00,239,66,0.000,0.510,16.289,51.862,15.994,26.186,25.676,0.523,31,73,27,24,0.009,2.651,1.528,-0.000,2.363,2.038,4.401,4.051,4.051,47,2,1.457,5.417,6.874,4.032,4.032,38,2,138,530a6f1cbbbb,2026-09-23T23:50:55+00:00
401856853,,2026,10,2026-11-07 05:00:00+00:00,239,66,0.000,0.448,16.289,53.720,15.994,27.084,26.636,0.522,34,74,28,25,0.003,2.651,1.528,-0.000,2.363,2.038,4.401,4.051,4.051,47,2,1.457,5.417,6.874,4.032,4.032,38,2,138,6a9b54205a2a,2026-09-23T23:26:21+00:00
401856854,,2026,10,2026-11-07 05:00:00+00:00,2306,197,0.000,12.010,16.303,50.897,15.994,31.453,19.444,0.780,31,72,31,24,0.009,2.651,-0.109,-0.000,4.039,4.818,8.857,4.026,4.026,30,2,-1.945,0.952,-0.993,4.084,4.084,68,2,138,530a6f1cbbbb,2026-09-23T23:50:55+00:00
401856854,,2026,10,2026-11-07 05:00:00+00:00,2306,197,0.000,11.304,16.303,52.596,15.994,31.950,20.646,0.772,33,72,27,24,0.003,2.651,-0.109,-0.000,4.039,4.818,8.857,4.026,4.026,30,2,-1.945,0.952,-0.993,4.084,4.084,68,2,138,6a9b54205a2a,2026-09-23T23:26:21+00:00
401856855,,2026,10,2026-11-07 03:15:00+00:00,12,2628,0.000,5.684,16.291,48.219,15.994,26.951,21.267,0.649,28,69,24,21,0.010,2.651,-0.472,-0.000,3.916,4.747,8.662,4.032,4.032,32,2,-0.154,5.615,5.461,4.055,4.055,44,2,138,530a6f1cbbbb,2026-09-23T23:50:55+00:00
401856855,,2026,10,2026-11-07 03:15:00+00:00,12,2628,0.000,5.366,16.291,50.362,15.994,27.864,22.498,0.645,31,70,26,23,0.003,2.651,-0.472,-0.000,3.916,4.747,8.662,4.032,4.032,32,2,-0.154,5.615,5.461,4.055,4.055,44,2,138,6a9b54205a2a,2026-09-23T23:26:21+00:00
401856856,,2026,10,2026-11-07 05:00:00+00:00,2641,277,0.000,18.374,16.298,56.755,15.994,37.564,19.190,0.875,37,77,38,10,0.008,2.651,2.563,-0.000,7.124,8.154,15.277,4.032,4.032,14,2,0.515,-1.132,-0.617,4.056,4.056,66,2,138,530a6f1cbbbb,2026-09-23T23:50:55+00:00
401856856,,2026,10,2026-11-07 05:00:00+00:00,2641,277,0.000,17.168,16.298,57.751,15.994,37.459,20.291,0.865,38,78,32,25,0.002,2.651,2.563,-0.000,7.124,8.154,15.277,4.032,4.032,14,2,0.515,-1.132,-0.617,4.056,4.056,66,2,138,6a9b54205a2a,2026-09-23T23:26:21+00:00
401858285,,2026,10,2026-11-07 05:00:00+00:00,183,228,0.000,-7.126,16.175,49.781,15.994,21.328,28.453,0.338,30,71,24,31,0.009,2.651,0.566,1.009,-4.886,-0.777,-5.664,4.026,4.026,89,2,0.647,4.228,4.875,3.821,3.821,45,3,138,530a6f1cbbbb,2026-09-23T23:50:55+00:00
401858285,,2026,10,2026-11-07 05:00:00+00:00,183,228,0.000,-6.747,16.175,51.750,15.994,22.502,29.249,0.343,32,72,24,27,0.003,2.651,0.566,1.009,-4.886,-0.777,-5.664,4.026,4.026,89,2,0.647,4.228,4.875,3.821,3.821,45,3,138,6a9b54205a2a,2026-09-23T23:26:21+00:00
401858286,,2026,10,2026-11-07 05:00:00+00:00,152,150,0.000,-0.584,16.187,49.388,15.994,24.402,24.986,0.495,29,71,24,21,0.009,2.651,-1.131,-0.000,1.738,1.051,2.789,4.055,4.055,52,2,1.314,5.110,6.424,3.817,3.817,40,3,138,530a6f1cbbbb,2026-09-23T23:50:55+00:00
401858286,,2026,10,2026-11-07 05:00:00+00:00,152,150,0.000,-0.578,16.187,51.497,15.994,25.460,26.037,0.496,32,71,27,24,0.003,2.651,-1.131,-0.000,1.738,1.051,2.789,4.055,4.055,52,2,1.314,5.110,6.424,3.817,3.817,40,3,138,6a9b54205a2a,2026-09-23T23:26:21+00:00
401858287,,2026,10,2026-11-07 05:00:00+00:00,59,97,0.000,-6.283,16.315,53.992,15.994,23.854,30.138,0.361,33,76,24,31,0.009,2.651,-0.436,-0.000,-0.809,1.152,0.343,4.084,4.084,63,2,7.339,2.392,9.731,4.051,4.051,28,2,138,530a6f1cbbbb,2026-09-23T23:50:55+00:00
401858287,,2026,10,2026-11-07 05:00:00+00:00,59,97,0.000,-5.849,16.315,55.564,15.994,24.857,30.706,0.367,36,76,26,29,0.003,2.651,-0.436,-0.000,-0.809,1.152,0.343,4.084,4.084,63,2,7.339,2.392,9.731,4.051,4.051,28,2,138,6a9b54205a2a,2026-09-23T23:26:21+00:00
401858288,,2026,10,2026-11-07 00:00:00+00:00,2567,259,0.000,6.647,16.289,55.946,15.994,31.296,24.649,0.666,35,77,31,24,0.009,2.651,1.546,-0.000,5.482,4.671,10.153,4.051,4.051,26,2,4.161,2.225,6.385,4.031,4.031,41,2,138,530a6f1cbbbb,2026-09-23T23:50:55+00:00
401858288,,2026,10,2026-11-07 00:00:00+00:00,2567,259,0.000,6.105,16.289,57.306,15.994,31.705,25.600,0.659,37,77,30,27,0.003,2.651,1.546,-0.000,5.482,4.671,10.153,4.051,4.051,26,2,4.161,2.225,6.385,4.031,4.031,41,2,138,6a9b54205a2a,2026-09-23T23:26:21+00:00
401858289,,2026,10,2026-11-07 05:00:00+00:00,103,52,0.000,-10.540,16.212,54.162,15.994,21.811,32.351,0.269,34,76,24,31,0.009,2.651,1.362,-0.000,-4.326,-2.150,-6.476,4.079,4.079,95,2,4.503,2.680,7.183,3.843,3.843,36,3,138,530a6f1cbbbb,2026-09-23T23:50:55+00:00
401858289,,2026,10,2026-11-07 05:00:00+00:00,103,52,0.000,-9.831,16.212,55.623,15.994,22.896,32.727,0.277,36,76,26,29,0.003,2.651,1.362,-0.000,-4.326,-2.150,-6.476,4.079,4.079,95,2,4.503,2.680,7.183,3.843,3.843,36,3,138,6a9b54205a2a,2026-09-23T23:26:21+00:00
401858291,,2026,10,2026-11-08 00:30:00+00:00,87,2390,0.000,6.367,16.184,47.594,15.994,26.981,20.613,0.666,27,69,24,21,0.010,2.651,-2.716,-0.000,11.169,12.765,23.934,3.821,3.821,3,3,8.847,11.085,19.931,4.045,4.045,7,2,138,530a6f1cbbbb,2026-09-23T23:50:55+00:00
401858291,,2026,10,2026-11-08 00:30:00+00:00,87,2390,0.000,6.037,16.184,49.779,15.994,27.908,21.871,0.662,30,70,26,23,0.003,2.651,-2.716,-0.000,11.169,12.765,23.934,3.821,3.821,3,3,8.847,11.085,19.931,4.045,4.045,7,2,138,6a9b54205a2a,2026-09-23T23:26:21+00:00
401858292,,2026,10,2026-11-07 17:00:00+00:00,41,153,0.000,-9.640,16.288,50.444,15.994,20.402,30.042,0.285,30,72,24,31,0.009,2.651,-0.726,-0.000,-5.099,-7.935,-13.034,4.031,4.031,119,2,-2.867,2.947,0.080,4.050,4.050,64,2,138,530a6f1cbbbb,2026-09-23T23:50:55+00:00
401858292,,2026,10,2026-11-07 17:00:00+00:00,41,153,0.000,-9.107,16.288,52.270,15.994,21.582,30.688,0.291,33,72,24,27,0.003,2.651,-0.726,-0.000,-5.099,-7.935,-13.034,4.031,4.031,119,2,-2.867,2.947,0.080,4.050,4.050,64,2,138,6a9b54205a2a,2026-09-23T23:26:21+00:00
401858510,,2026,10,2026-11-07 01:00:00+00:00,356,158,0.000,-1.144,16.325,53.303,15.994,26.079,27.224,0.482,32,75,27,24,0.009,2.651,-1.900,-0.000,3.555,2.316,5.871,4.075,4.075,42,2,6.751,3.299,10.050,4.080,4.080,27,2,138,530a6f1cbbbb,2026-09-23T23:50:55+00:00
401858510,,2026,10,2026-11-07 01:00:00+00:00,356,158,0.000,-1.087,16.325,55.004,15.994,26.958,28.046,0.483,35,75,29,26,0.003,2.651,-1.900,-0.000,3.555,2.316,5.871,4.075,4.075,42,2,6.751,3.299,10.050,4.080,4.080,27,2,138,6a9b54205a2a,2026-09-23T23:26:21+00:00
401858511,,2026,10,2026-11-07 05:00:00+00:00,130,127,0.000,12.839,16.075,45.738,15.994,29.288,16.449,0.805,26,66,24,17,0.010,2.651,-1.729,-0.000,4.798,9.788,14.586,3.821,3.821,18,3,-1.295,4.238,2.943,3.814,3.814,51,3,138,530a6f1cbbbb,2026-09-23T23:50:55+00:00
401858511,,2026,10,2026-11-07 05:00:00+00:00,130,127,0.000,12.389,16.075,47.794,15.994,30.092,17.702,0.800,29,67,24,21,0.003,2.651,-1.729,-0.000,4.798,9.788,14.586,3.821,3.821,18,3,-1.295,4.238,2.943,3.814,3.814,51,3,138,6a9b54205a2a,2026-09-23T23:26:21+00:00
401858512,,2026,10,2026-11-07 05:00:00+00:00,135,26,0.000,0.473,16.176,49.887,15.994,25.180,24.707,0.522,29,71,24,21,0.009,2.651,-2.480,-0.000,-0.007,4.032,4.025,4.027,4.027,49,2,5.332,1.198,6.530,3.824,3.824,39,3,138,530a6f1cbbbb,2026-09-23T23:50:55+00:00
401858512,,2026,10,2026-11-07 05:00:00+00:00,135,26,0.000,0.417,16.176,51.949,15.994,26.183,25.766,0.521,32,72,27,24,0.003,2.651,-2.480,-0.000,-0.007,4.032,4.025,4.027,4.027,49,2,5.332,1.198,6.530,3.824,3.824,39,3,138,6a9b54205a2a,2026-09-23T23:26:21+00:00
401858513,,2026,10,2026-11-07 05:00:00+00:00,77,2294,0.000,-0.792,16.447,44.017,15.994,21.613,22.405,0.490,24,65,24,21,0.010,2.651,-2.968,-0.000,3.660,5.607,9.267,4.309,4.309,29,1,2.903,10.309,13.212,4.084,4.084,21,2,138,530a6f1cbbbb,2026-09-23T23:50:55+00:00
401858513,,2026,10,2026-11-07 05:00:00+00:00,77,2294,0.000,-0.799,16.447,46.561,15.994,22.881,23.680,0.490,27,66,24,21,0.003,2.651,-2.968,-0.000,3.660,5.607,9.267,4.309,4.309,29,1,2.903,10.309,13.212,4.084,4.084,21,2,138,6a9b54205a2a,2026-09-23T23:26:21+00:00
401858514,,2026,10,2026-11-07 05:00:00+00:00,194,2483,0.000,12.600,16.204,53.322,15.994,32.961,20.361,0.790,33,75,31,24,0.009,2.651,-1.327,-0.000,13.138,14.029,27.167,3.821,3.821,1,3,10.241,6.751,16.992,4.084,4.084,9,2,138,530a6f1cbbbb,2026-09-23T23:50:55+00:00
401858514,,2026,10,2026-11-07 05:00:00+00:00,194,2483,0.000,11.771,16.204,54.794,15.994,33.283,21.511,0.781,35,75,28,25,0.003,2.651,-1.327,-0.000,13.138,14.029,27.167,3.821,3.821,1,3,10.241,6.751,16.992,4.084,4.084,9,2,138,6a9b54205a2a,2026-09-23T23:26:21+00:00
401858515,,2026,10,2026-11-07 05:00:00+00:00,2509,120,0.000,-2.071,16.274,57.820,15.994,27.875,29.945,0.460,37,79,24,31,0.009,2.651,1.081,-0.000,2.367,-5.278,-2.911,4.021,4.021,75,2,0.635,1.510,2.145,4.031,4.031,58,2,138,530a6f1cbbbb,2026-09-23T23:50:55+00:00
401858515,,2026,10,2026-11-07 05:00:00+00:00,2509,120,0.000,-1.922,16.274,59.011,15.994,28.544,30.466,0.463,39,79,31,28,0.003,2.651,1.081,-0.000,2.367,-5.278,-2.911,4.021,4.021,75,2,0.635,1.510,2.145,4.031,4.031,58,2,138,6a9b54205a2a,2026-09-23T23:26:21+00:00
401858516,,2026,10,2026-11-07 05:00:00+00:00,264,213,0.000,-0.908,16.203,45.179,15.994,22.136,23.044,0.487,25,66,24,21,0.010,2.651,-1.146,-0.000,2.120,9.049,11.169,4.084,4.084,25,2,5.889,9.330,15.220,3.821,3.821,15,3,138,530a6f1cbbbb,2026-09-23T23:50:55+00:00
401858516,,2026,10,2026-11-07 05:00:00+00:00,264,213,0.000,-0.904,16.203,47.651,15.994,23.373,24.278,0.487,28,67,25,22,0.003,2.651,-1.146,-0.000,2.120,9.049,11.169,4.084,4.084,25,2,5.889,9.330,15.220,3.821,3.821,15,3,138,6a9b54205a2a,2026-09-23T23:26:21+00:00
401858517,,2026,10,2026-11-07 05:00:00+00:00,275,164,0.000,12.048,16.182,53.425,15.994,32.737,20.688,0.780,33,75,31,24,0.009,2.651,-1.454,-0.000,2.295,2.477,4.772,4.042,4.042,46,2,-0.757,-4.047,-4.804,3.821,3.821,84,3,138,530a6f1cbbbb,2026-09-23T23:50:55+00:00
401858517,,2026,10,2026-11-07 05:00:00+00:00,275,164,0.000,11.244,16.182,54.907,15.994,33.075,21.832,0.771,35,75,29,26,0.003,2.651,-1.454,-0.000,2.295,2.477,4.772,4.042,4.042,46,2,-0.757,-4.047,-4.804,3.821,3.821,84,3,138,6a9b54205a2a,2026-09-23T23:26:21+00:00
401860911,,2026,10,2026-11-07 23:00:00+00:00,36,68,0.000,-10.630,16.315,53.657,15.994,21.514,32.144,0.268,33,75,24,31,0.009,2.651,-0.150,-0.000,-2.916,-3.736,-6.652,4.055,4.055,98,2,3.859,3.292,7.151,4.079,4.079,37,2,138,530a6f1cbbbb,2026-09-23T23:50:55+00:00
401860911,,2026,10,2026-11-07 23:00:00+00:00,36,68,0.000,-9.928,16.315,55.159,15.994,22.616,32.543,0.276,35,75,26,29,0.003,2.651,-0.150,-0.000,-2.916,-3.736,-6.652,4.055,4.055,98,2,3.859,3.292,7.151,4.079,4.079,37,2,138,6a9b54205a2a,2026-09-23T23:26:21+00:00
401860912,,2026,10,2026-11-08 03:30:00+00:00,204,326,0.000,2.788,16.212,57.755,15.994,30.272,27.484,0.577,37,79,31,24,0.009,2.651,0.338,-0.000,-1.613,-1.538,-3.151,4.084,4.084,78,2,2.545,-5.498,-2.952,3.816,3.816,77,3,138,530a6f1cbbbb,2026-09-23T23:50:55+00:00
401860912,,2026,10,2026-11-08 03:30:00+00:00,204,326,0.000,2.529,16.212,58.952,15.994,30.741,28.211,0.573,39,79,31,28,0.003,2.651,0.338,-0.000,-1.613,-1.538,-3.151,4.084,4.084,78,2,2.545,-5.498,-2.952,3.816,3.816,77,3,138,6a9b54205a2a,2026-09-23T23:26:21+00:00
401860913,,2026,10,2026-11-08 02:30:00+00:00,328,278,0.000,-0.858,16.176,45.267,15.994,22.204,23.063,0.488,25,66,24,21,0.010,2.651,-0.725,-0.000,-3.192,0.755,-2.437,4.032,4.032,71,2,-2.718,4.274,1.556,3.811,3.811,59,3,138,530a6f1cbbbb,2026-09-23T23:50:55+00:00
401860913,,2026,10,2026-11-08 02:30:00+00:00,328,278,0.000,-0.856,16.176,47.733,15.994,23.438,24.295,0.488,28,68,25,22,0.003,2.651,-0.725,-0.000,-3.192,0.755,-2.437,4.032,4.032,71,2,-2.718,4.274,1.556,3.811,3.811,59,3,138,6a9b54205a2a,2026-09-23T23:26:21+00:00
401862817,,2026,10,2026-11-06 01:00:00+00:00,2226,2636,0.000,-8.802,16.179,56.950,15.994,24.074,32.876,0.306,36,79,24,31,0.009,2.651,1.823,-0.000,-2.281,-7.179,-9.461,3.825,3.825,110,3,0.542,1.729,2.272,4.021,4.021,56,2,138,530a6f1cbbbb,2026-09-23T23:50:55+00:00
401862817,,2026,10,2026-11-06 01:00:00+00:00,2226,2636,0.000,-8.139,16.179,58.172,15.994,25.017,33.155,0.315,38,78,27,30,0.003,2.651,1.823,-0.000,-2.281,-7.179,-9.461,3.825,3.825,110,3,0.542,1.729,2.272,4.021,4.021,56,2,138,6a9b54205a2a,2026-09-23T23:26:21+00:00
401862818,,2026,10,2026-11-07 00:30:00+00:00,151,58,0.000,3.735,16.205,52.528,15.994,28.131,24.397,0.601,31,74,27,24,0.009,2.651,2.683,-0.000,-2.896,0.074,-2.823,3.821,3.821,74,3,-2.685,-1.027,-3.711,4.086,4.086,81,2,138,530a6f1cbbbb,2026-09-23T23:50:55+00:00
401862818,,2026,10,2026-11-07 00:30:00+00:00,151,58,0.000,3.450,16.205,54.298,15.994,28.874,25.424,0.597,34,74,28,25,0.003,2.651,2.683,-0.000,-2.896,0.074,-2.823,3.821,3.821,74,3,-2.685,-1.027,-3.711,4.086,4.086,81,2,138,6a9b54205a2a,2026-09-23T23:26:21+00:00
401862819,,2026,10,2026-11-07 05:00:00+00:00,5,2429,0.000,9.808,16.176,50.762,15.994,30.285,20.477,0.739,30,72,31,24,0.009,2.651,-1.235,-0.000,-4.258,-4.228,-8.486,3.824,3.824,106,3,-8.694,-7.257,-15.951,4.026,4.026,130,2,138,530a6f1cbbbb,2026-09-23T23:50:55+00:00
401862819,,2026,10,2026-11-07 05:00:00+00:00,5,2429,0.000,9.213,16.176,52.561,15.994,30.887,21.674,0.731,33,73,27,24,0.003,2.651,-1.235,-0.000,-4.258,-4.228,-8.486,3.824,3.824,106,3,-8.694,-7.257,-15.951,4.026,4.026,130,2,138,6a9b54205a2a,2026-09-23T23:26:21+00:00
401862820,,2026,10,2026-11-07 20:30:00+00:00,2426,218,0.000,-0.180,16.431,52.197,15.994,26.008,26.189,0.506,31,73,27,24,0.009,2.651,-3.466,-0.000,-3.833,-4.721,-8.555,4.333,4.333,107,1,-0.329,-5.034,-5.363,4.027,4.027,87,2,138,530a6f1cbbbb,2026-09-23T23:50:55+00:00
401862820,,2026,10,2026-11-07 20:30:00+00:00,2426,218,0.000,-0.195,16.431,54.012,15.994,26.909,27.104,0.505,34,74,28,25,0.003,2.651,-3.466,-0.000,-3.833,-4.721,-8.555,4.333,4.333,107,1,-0.329,-5.034,-5.363,4.027,4.027,87,2,138,6a9b54205a2a,2026-09-23T23:26:21+00:00
401862821,,2026,10,2026-11-07 05:00:00+00:00,249,242,0.000,12.206,16.173,56.371,15.994,34.288,22.083,0.781,35,77,31,24,0.009,2.651,-1.493,-0.000,1.661,-6.560,-4.900,3.816,3.816,85,3,-7.202,-7.158,-14.360,4.027,4.027,125,2,138,530a6f1cbbbb,2026-09-23T23:50:55+00:00
401862821,,2026,10,2026-11-07 05:00:00+00:00,249,242,0.000,11.299,16.173,57.577,15.994,34.438,23.139,0.770,38,78,30,27,0.003,2.651,-1.493,-0.000,1.661,-6.560,-4.900,3.816,3.816,85,3,-7.202,-7.158,-14.360,4.027,4.027,125,2,138,6a9b54205a2a,2026-09-23T23:26:21+00:00
401862822,,2026,10,2026-11-07 05:00:00+00:00,2655,202,0.000,6.115,16.204,48.394,15.994,27.255,21.140,0.660,28,69,24,21,0.010,2.651,0.793,-0.000,-3.733,1.009,-2.724,3.821,3.821,73,3,-5.086,-1.297,-6.383,4.084,4.084,94,2,138,530a6f1cbbbb,2026-09-23T23:50:55+00:00
401862822,,2026,10,2026-11-07 05:00:00+00:00,2655,202,0.000,5.773,16.204,50.516,15.994,28.145,22.372,0.655,31,70,26,23,0.003,2.651,0.793,-0.000,-3.733,1.009,-2.724,3.821,3.821,73,3,-5.086,-1.297,-6.383,4.084,4.084,94,2,138,6a9b54205a2a,2026-09-23T23:26:21+00:00
401862823,,2026,10,2026-11-08 00:30:00+00:00,349,2005,0.000,5.141,16.589,49.571,15.994,27.356,22.215,0.633,29,71,24,21,0.009,2.651,-4.926,-0.000,-3.175,-2.719,-5.894,4.339,4.339,91,1,-2.246,-6.175,-8.421,4.333,4.333,105,1,138,530a6f1cbbbb,2026-09-23T23:50:55+00:00
401862823,,2026,10,2026-11-08 00:30:00+00:00,349,2005,0.000,4.813,16.589,51.589,15.994,28.201,23.388,0.629,32,72,27,24,0.003,2.651,-4.926,-0.000,-3.175,-2.719,-5.894,4.339,4.339,91,1,-2.246,-6.175,-8.421,4.333,4.333,105,1,138,6a9b54205a2a,2026-09-23T23:26:21+00:00
401864532,,2026,10,2026-11-07 05:00:00+00:00,2638,62,0.000,-7.074,16.212,54.806,15.994,23.866,30.940,0.343,34,76,24,31,0.009,2.651,0.566,-0.000,-7.127,-11.093,-18.220,4.045,4.045,134,2,-4.760,-3.325,-8.085,3.868,3.868,104,3,138,530a6f1cbbbb,2026-09-23T23:50:55+00:00
401864532,,2026,10,2026-11-07 05:00:00+00:00,2638,62,0.000,-6.572,16.212,56.283,15.994,24.856,31.427,0.349,36,76,26,29,0.003,2.651,0.566,-0.000,-7.127,-11.093,-18.220,4.045,4.045,134,2,-4.760,-3.325,-8.085,3.868,3.868,104,3,138,6a9b54205a2a,2026-09-23T23:26:21+00:00
401864533,,2026,10,2026-11-07 02:00:00+00:00,2440,167,0.000,-6.035,16.298,45.597,15.994,19.781,25.816,0.360,26,66,17,24,0.010,2.651,-2.504,-0.000,-5.077,-2.506,-7.583,4.051,4.051,102,2,-1.531,3.708,2.177,4.050,4.050,57,2,138,530a6f1cbbbb,2026-09-23T23:50:55+00:00
401864533,,2026,10,2026-11-07 02:00:00+00:00,2440,167,0.000,-5.833,16.298,47.941,15.994,21.054,26.887,0.363,29,68,22,25,0.003,2.651,-2.504,-0.000,-5.077,-2.506,-7.583,4.051,4.051,102,2,-1.531,3.708,2.177,4.050,4.050,57,2,138,6a9b54205a2a,2026-09-23T23:26:21+00:00
401864534,,2026,10,2026-11-07 05:00:00+00:00,23,2459,0.000,4.926,16.197,51.401,15.994,28.164,23.237,0.630,31,73,31,24,0.009,2.651,1.164,-0.000,-5.955,-5.135,-11.090,3.831,3.831,117,3,-8.195,-5.084,-13.280,4.055,4.055,120,2,138,530a6f1cbbbb,2026-09-23T23:50:55+00:00
401864534,,2026,10,2026-11-07 05:00:00+00:00,23,2459,0.000,4.582,16.197,53.268,15.994,28.925,24.343,0.625,33,73,28,25,0.003,2.651,1.164,-0.000,-5.955,-5.135,-11.090,3.831,3.831,117,3,-8.195,-5.084,-13.280,4.055,4.055,120,2,138,6a9b54205a2a,2026-09-23T23:26:21+00:00
401864535,,2026,10,2026-11-08 03:30:00+00:00,2439,2751,0.000,9.943,16.210,46.774,15.994,28.358,18.415,0.746,27,68,24,17,0.010,2.651,-0.861,1.009,-5.501,-0.474,-5.976,3.864,3.864,92,3,-10.041,-4.059,-14.100,4.056,4.056,123,2,138,530a6f1cbbbb,2026-09-23T23:50:55+00:00
401864535,,2026,10,2026-11-08 03:30:00+00:00,2439,2751,0.000,9.508,16.210,48.894,15.994,29.201,19.693,0.740,30,69,25,22,0.003,2.651,-0.861,1.009,-5.501,-0.474,-5.976,3.864,3.864,92,3,-10.041,-4.059,-14.100,4.056,4.056,123,2,138,6a9b54205a2a,2026-09-23T23:26:21+00:00
401866453,,2026,10,2026-11-04 00:00:00+00:00,2006,195,0.000,-4.576,16.187,53.513,15.994,24.469,29.045,0.399,33,75,24,31,0.009,2.651,-0.788,-0.000,-7.217,-7.058,-14.275,4.051,4.051,124,2,-1.731,-4.864,-6.596,3.820,3.820,97,3,138,530a6f1cbbbb,2026-09-23T23:50:55+00:00
401866453,,2026,10,2026-11-04 00:00:00+00:00,2006,195,0.000,-4.272,16.187,55.168,15.994,25.448,29.720,0.404,35,75,26,29,0.003,2.651,-0.788,-0.000,-7.217,-7.058,-14.275,4.051,4.051,124,2,-1.731,-4.864,-6.596,3.820,3.820,97,3,138,6a9b54205a2a,2026-09-23T23:26:21+00:00
401866454,,2026,10,2026-11-04 00:00:00+00:00,193,2084,0.000,8.380,16.284,54.839,15.994,31.609,23.230,0.705,34,76,31,24,0.009,2.651,-0.511,-0.000,-3.170,-6.136,-9.306,4.051,4.051,109,2,-6.763,-8.157,-14.919,4.021,4.021,128,2,138,530a6f1cbbbb,2026-09-23T23:50:55+00:00
401866454,,2026,10,2026-11-04 00:00:00+00:00,193,2084,0.000,7.740,16.284,56.284,15.994,32.012,24.272,0.696,36,76,29,26,0.003,2.651,-0.511,-0.000,-3.170,-6.136,-9.306,4.051,4.051,109,2,-6.763,-8.157,-14.919,4.021,4.021,128,2,138,6a9b54205a2a,2026-09-23T23:26:21+00:00
401866455,,2026,10,2026-11-04 05:00:00+00:00,113,2050,0.000,1.535,16.459,49.722,15.994,25.629,24.093,0.548,29,71,24,21,0.009,2.651,-2.777,-0.000,-12.032,-10.732,-22.764,4.363,4.363,138,1,-9.928,-11.467,-21.395,4.051,4.051,137,2,138,530a6f1cbbbb,2026-09-23T23:50:55+00:00
401866455,,2026,10,2026-11-04 05:00:00+00:00,113,2050,0.000,1.415,16.459,51.780,15.994,26.597,25.182,0.546,32,72,27,24,0.003,2.651,-2.777,-0.000,-12.032,-10.732,-22.764,4.363,4.363,138,1,-9.928,-11.467,-21.395,4.051,4.051,137,2,138,6a9b54205a2a,2026-09-23T23:26:21+00:00
401866456,,2026,10,2026-11-04 05:00:00+00:00,2199,2117,1.000,-4.293,16.108,45.674,15.994,20.690,24.983,0.401,26,66,17,24,0.010,0.000,-2.292,-0.000,-7.620,-7.241,-14.862,3.644,3.644,127,4,-7.200,-2.505,-9.705,4.056,4.056,111,2,138,530a6f1cbbbb,2026-09-23T23:50:55+00:00
401866456,,2026,10,2026-11-04 05:00:00+00:00,2199,2117,1.000,-4.155,16.108,48.067,15.994,21.956,26.111,0.403,29,68,22,25,0.003,0.000,-2.292,-0.000,-7.620,-7.241,-14.862,3.644,3.644,127,4,-7.200,-2.505,-9.705,4.056,4.056,111,2,138,6a9b54205a2a,2026-09-23T23:26:21+00:00
401866457,,2026,10,2026-11-04 05:00:00+00:00,16,2649,0.000,-6.821,16.178,55.581,15.994,24.380,31.201,0.348,34,77,24,31,0.009,2.651,0.979,-0.000,-7.529,-5.892,-13.421,3.810,3.810,121,3,0.586,-4.164,-3.578,4.050,4.050,79,2,138,530a6f1cbbbb,2026-09-23T23:50:55+00:00
401866457,,2026,10,2026-11-04 05:00:00+00:00,16,2649,0.000,-6.323,16.178,56.981,15.994,25.329,31.652,0.355,37,77,27,30,0.003,2.651,0.979,-0.000,-7.529,-5.892,-13.421,3.810,3.810,121,3,0.586,-4.164,-3.578,4.050,4.050,79,2,138,6a9b54205a2a,2026-09-23T23:26:21+00:00
401869927,,2026,10,2026-11-07 05:00:00+00:00,2026,2247,0.000,6.737,16.276,56.467,15.994,31.602,24.865,0.668,35,78,31,24,0.009,2.651,0.988,-0.000,-3.638,-3.571,-7.209,4.026,4.026,100,2,-3.207,-7.840,-11.047,4.031,4.031,116,2,138,530a6f1cbbbb,2026-09-23T23:50:55+00:00
401869927,,2026,10,2026-11-07 05:00:00+00:00,2026,2247,0.000,6.181,16.276,57.770,15.994,31.975,25.794,0.661,38,78,30,27,0.003,2.651,0.988,-0.000,-3.638,-3.571,-7.209,4.026,4.026,100,2,-3.207,-7.840,-11.047,4.031,4.031,116,2,138,6a9b54205a2a,2026-09-23T23:26:21+00:00
401869936,,2026,10,2026-11-07 20:00:00+00:00,2032,2433,0.000,10.201,16.311,53.264,15.994,31.733,21.531,0.743,33,75,31,24,0.009,2.651,-0.483,-0.000,-5.054,-5.432,-10.486,4.051,4.051,115,2,-8.541,-9.587,-18.129,4.075,4.075,133,2,138,530a6f1cbbbb,2026-09-23T23:50:55+00:00
401869936,,2026,10,2026-11-07 20:00:00+00:00,2032,2433,0.000,9.494,16.311,54.816,15.994,32.155,22.661,0.734,35,75,29,26,0.003,2.651,-0.483,-0.000,-5.054,-5.432,-10.486,4.051,4.051,115,2,-8.541,-9.587,-18.129,4.075,4.075,133,2,138,6a9b54205a2a,2026-09-23T23:26:21+00:00
401869945,,2026,10,2026-11-07 05:00:00+00:00,324,295,0.000,-2.612,16.288,51.852,15.994,24.620,27.232,0.446,31,73,24,31,0.009,2.651,1.729,-0.000,-6.015,-3.986,-10.001,4.055,4.055,113,2,-3.160,-1.119,-4.279,4.026,4.026,83,2,138,530a6f1cbbbb,2026-09-23T23:50:55+00:00
401869945,,2026,10,2026-11-07 05:00:00+00:00,324,295,0.000,-2.462,16.288,53.698,15.994,25.618,28.080,0.448,34,74,28,25,0.003,2.651,1.729,-0.000,-6.015,-3.986,-10.001,4.055,4.055,113,2,-3.160,-1.119,-4.279,4.026,4.026,83,2,138,6a9b54205a2a,2026-09-23T23:26:21+00:00
401869951,,2026,10,2026-11-07 05:00:00+00:00,290,276,0.000,1.097,16.172,54.088,15.994,27.592,26.495,0.537,33,76,27,24,0.009,2.651,0.620,-0.000,-4.898,-4.312,-9.211,4.021,4.021,108,2,-2.567,-4.769,-7.336,3.821,3.821,101,3,138,530a6f1cbbbb,2026-09-23T23:50:55+00:00
401869951,,2026,10,2026-11-07 05:00:00+00:00,290,276,0.000,0.989,16.172,55.711,15.994,28.350,27.361,0.535,36,76,29,26,0.003,2.651,0.620,-0.000,-4.898,-4.312,-9.211,4.021,4.021,108,2,-2.567,-4.769,-7.336,3.821,3.821,101,3,138,6a9b54205a2a,2026-09-23T23:26:21+00:00
401869964,,2026,10,2026-11-06 01:00:00+00:00,2572,256,0.000,-15.693,16.288,53.981,15.994,19.144,34.837,0.176,34,75,24,31,0.008,2.651,1.324,-0.000,-5.989,-9.841,-15.830,4.027,4.027,129,2,-1.189,4.283,3.093,4.055,4.055,50,2,138,530a6f1cbbbb,2026-09-23T23:50:55+00:00
401869964,,2026,10,2026-11-06 01:00:00+00:00,2572,256,0.000,-14.725,16.288,55.283,15.994,20.279,35.004,0.186,36,75,24,31,0.003,2.651,1.324,-0.000,-5.989,-9.841,-15.830,4.027,4.027,129,2,-1.189,4.283,3.093,4.055,4.055,50,2,138,6a9b54205a2a,2026-09-23T23:26:21+00:00
401869968,,2026,10,2026-11-07 05:00:00+00:00,309,6,0.000,4.678,16.267,55.153,15.994,29.915,25.237,0.622,34,77,31,24,0.009,2.651,-1.694,-0.000,-0.957,-2.893,-3.850,4.018,4.018,82,2,-0.162,-5.468,-5.630,4.021,4.021,88,2,138,530a6f1cbbbb,2026-09-23T23:50:55+00:00
401869968,,2026,10,2026-11-07 05:00:00+00:00,309,6,0.000,4.292,16.267,56.627,15.994,30.460,26.167,0.617,37,77,30,27,0.003,2.651,-1.694,-0.000,-0.957,-2.893,-3.850,4.018,4.018,82,2,-0.162,-5.468,-5.630,4.021,4.021,88,2,138,6a9b54205a2a,2026-09-23T23:26:21+00:00
401870795,,2026,10,2026-11-07 22:00:00+00:00,166,2335,0.000,-7.981,16.313,51.923,15.994,21.971,29.952,0.322,31,73,24,31,0.009,2.651,-0.621,-0.000,-7.998,-6.849,-14.847,4.075,4.075,126,2,-1.397,-2.195,-3.593,4.055,4.055,80,2,138,530a6f1cbbbb,2026-09-23T23:50:55+00:00
401870795,,2026,10,2026-11-07 22:00:00+00:00,166,2335,0.000,-7.487,16.313,53.663,15.994,23.088,30.575,0.328,34,74,25,28,0.003,2.651,-0.621,-0.000,-7.998,-6.849,-14.847,4.075,4.075,126,2,-1.397,-2.195,-3.593,4.055,4.055,80,2,138,6a9b54205a2a,2026-09-23T23:26:21+00:00
401871073,,2026,10,2026-11-07 20:00:00+00:00,338,48,0.000,-3.933,16.279,52.008,15.994,24.038,27.971,0.414,31,73,24,31,0.009,2.651,0.885,-0.000,-8.233,-5.360,-13.593,4.031,4.031,122,2,-3.025,-3.486,-6.511,4.032,4.032,96,2,138,530a6f1cbbbb,2026-09-23T23:50:55+00:00
401871073,,2026,10,2026-11-07 20:00:00+00:00,338,48,0.000,-3.693,16.279,53.823,15.994,25.065,28.758,0.418,34,74,28,25,0.003,2.651,0.885,-0.000,-8.233,-5.360,-13.593,4.031,4.031,122,2,-3.025,-3.486,-6.511,4.032,4.032,96,2,138,6a9b54205a2a,2026-09-23T23:26:21+00:00
401871074,,2026,10,2026-11-07 21:00:00+00:00,2229,2623,0.000,8.546,16.183,49.262,15.994,28.904,20.358,0.714,29,70,24,17,0.009,2.651,0.087,-0.000,-8.116,-1.607,-9.722,3.820,3.820,112,3,-7.811,-8.161,-15.971,4.046,4.046,131,2,138,530a6f1cbbbb,2026-09-23T23:50:55+00:00
401871074,,2026,10,2026-11-07 21:00:00+00:00,2229,2623,0.000,8.064,16.183,51.236,15.994,29.650,21.586,0.707,32,71,27,24,0.003,2.651,0.087,-0.000,-8.116,-1.607,-9.722,3.820,3.820,112,3,-7.811,-8.161,-15.971,4.046,4.046,131,2,138,6a9b54205a2a,2026-09-23T23:26:21+00:00
401871075,,2026,10,2026-11-08 00:00:00+00:00,55,2534,0.000,10.626,16.202,52.346,15.994,31.486,20.860,0.754,31,73,31,24,0.009,2.651,-0.329,-0.000,-3.943,-3.922,-7.865,3.817,3.817,103,3,-8.242,-7.801,-16.043,4.084,4.084,132,2,138,530a6f1cbbbb,2026-09-23T23:50:55+00:00
401871075,,2026,10,2026-11-08 00:00:00+00:00,55,2534,0.000,9.931,16.202,53.973,15.994,31.952,22.021,0.745,34,74,28,25,0.003,2.651,-0.329,-0.000,-3.943,-3.922,-7.865,3.817,3.817,103,3,-8.242,-7.801,-16.043,4.084,4.084,132,2,138,6a9b54205a2a,2026-09-23T23:26:21+00:00
401871076,,2026,10,2026-11-07 20:30:00+00:00,2393,98,0.000,1.860,16.140,56.629,15.994,29.244,27.384,0.555,35,79,31,24,0.009,2.651,0.926,-0.000,-5.570,-5.838,-11.408,4.027,4.027,118,2,-2.692,-7.597,-10.288,3.825,3.825,114,3,138,530a6f1cbbbb,2026-09-23T23:50:55+00:00
401871076,,2026,10,2026-11-07 20:30:00+00:00,2393,98,0.000,1.683,16.140,57.963,15.994,29.823,28.140,0.553,38,78,30,27,0.003,2.651,0.926,-0.000,-5.570,-5.838,-11.408,4.027,4.027,118,2,-2.692,-7.597,-10.288,3.825,3.825,114,3,138,6a9b54205a2a,2026-09-23T23:26:21+00:00
401871098,,2026,10,2026-11-07 05:00:00+00:00,2653,2348,0.000,3.843,16.289,50.769,15.994,27.306,23.463,0.604,30,72,24,21,0.009,2.651,-0.452,-0.000,-4.007,-1.065,-5.072,4.055,4.055,86,2,-2.655,-3.483,-6.138,4.027,4.027,93,2,138,530a6f1cbbbb,2026-09-23T23:50:55+00:00
401871098,,2026,10,2026-11-07 05:00:00+00:00,2653,2348,0.000,3.574,16.289,52.711,15.994,28.142,24.569,0.600,33,73,28,25,0.003,2.651,-0.452,-0.000,-4.007,-1.065,-5.072,4.055,4.055,86,2,-2.655,-3.483,-6.138,4.027,4.027,93,2,138,6a9b54205a2a,2026-09-23T23:26:21+00:00
401856857,,2026,11,2026-11-14 05:00:00+00:00,2116,9,0.000,1.256,16.274,49.130,15.994,25.193,23.937,0.541,28,70,24,21,0.010,2.651,-0.288,-0.000,-1.499,2.205,0.706,4.026,4.026,61,2,0.514,1.855,2.368,4.026,4.026,55,2,138,530a6f1cbbbb,2026-09-23T23:50:55+00:00
401856857,,2026,11,2026-11-14 05:00:00+00:00,2116,9,0.000,1.156,16.274,51.256,15.994,26.206,25.050,0.540,31,71,27,24,0.003,2.651,-0.288,-0.000,-1.499,2.205,0.706,4.026,4.026,61,2,0.514,1.855,2.368,4.026,4.026,55,2,138,6a9b54205a2a,2026-09-23T23:26:21+00:00
401856858,,2026,11,2026-11-14 05:00:00+00:00,252,239,0.000,11.947,16.289,53.854,15.994,32.901,20.954,0.776,33,75,31,24,0.009,2.651,1.088,-0.000,6.457,7.373,13.829,4.032,4.032,19,2,2.363,2.038,4.401,4.051,4.051,47,2,138,530a6f1cbbbb,2026-09-23T23:50:55+00:00
401856858,,2026,11,2026-11-14 05:00:00+00:00,252,239,0.000,11.126,16.289,55.298,15.994,33.212,22.086,0.767,36,75,29,26,0.003,2.651,1.088,-0.000,6.457,7.373,13.829,4.032,4.032,19,2,2.363,2.038,4.401,4.051,4.051,47,2,138,6a9b54205a2a,2026-09-23T23:26:21+00:00
401856859,,2026,11,2026-11-14 05:00:00+00:00,66,2132,0.000,8.639,16.291,50.212,15.994,29.426,20.786,0.714,30,71,31,24,0.009,2.651,-0.436,-0.000,1.457,5.417,6.874,4.032,4.032,38,2,0.467,0.146,0.613,4.055,4.055,62,2,138,530a6f1cbbbb,2026-09-23T23:50:55+00:00
401856859,,2026,11,2026-11-14 05:00:00+00:00,66,2132,0.000,8.116,16.291,52.095,15.994,30.106,21.989,0.707,32,72,27,24,0.003,2.651,-0.436,-0.000,1.457,5.417,6.874,4.032,4.032,38,2,0.467,0.146,0.613,4.055,4.055,62,2,138,6a9b54205a2a,2026-09-23T23:26:21+00:00
401856860,,2026,11,2026-11-14 03:15:00+00:00,38,248,0.000,-10.720,16.312,50.270,15.994,19.775,30.495,0.262,30,71,24,31,0.008,2.651,-0.009,-0.000,-5.247,-0.507,-5.754,4.062,4.062,90,2,4.248,4.267,8.515,4.055,4.055,33,2,138,530a6f1cbbbb,2026-09-23T23:50:55+00:00
401856860,,2026,11,2026-11-14 03:15:00+00:00,38,248,0.000,-10.141,16.312,52.071,15.994,20.965,31.106,0.269,33,72,24,27,0.003,2.651,-0.009,-0.000,-5.247,-0.507,-5.754,4.062,4.062,90,2,4.248,4.267,8.515,4.055,4.055,33,2,138,6a9b54205a2a,2026-09-23T23:26:21+00:00
401856861,,2026,11,2026-11-14 05:00:00+00:00,277,2305,0.000,3.941,16.291,54.555,15.994,29.248,25.307,0.605,34,76,31,24,0.009,2.651,1.134,-0.000,0.515,-1.132,-0.617,4.056,4.056,66,2,-0.968,-0.690,-1.657,4.031,4.031,70,2,138,530a6f1cbbbb,2026-09-23T23:50:55+00:00
401856861,,2026,11,2026-11-14 05:00:00+00:00,277,2305,0.000,3.617,16.291,56.102,15.994,29.859,26.243,0.600,36,76,29,26,0.003,2.651,1.134,-0.000,0.515,-1.132,-0.617,4.056,4.056,66,2,-0.968,-0.690,-1.657,4.031,4.031,70,2,138,6a9b54205a2a,2026-09-23T23:26:21+00:00
401856862,,2026,11,2026-11-14 05:00:00+00:00,2628,2306,0.000,-0.349,16.289,47.918,15.994,23.785,24.134,0.501,27,69,24,21,0.010,2.651,-0.610,-0.000,-0.154,5.615,5.461,4.055,4.055,44,2,4.039,4.818,8.857,4.026,4.026,30,2,138,530a6f1cbbbb,2026-09-23T23:50:55+00:00
401856862,,2026,11,2026-11-14 05:00:00+00:00,2628,2306,0.000,-0.360,16.289,50.157,15.994,24.899,25.259,0.501,31,70,26,23,0.003,2.651,-0.610,-0.000,-0.154,5.615,5.461,4.055,4.055,44,2,4.039,4.818,8.857,4.026,4.026,30,2,138,6a9b54205a2a,2026-09-23T23:26:21+00:00
401856863,,2026,11,2026-11-14 05:00:00+00:00,197,2641,0.000,-12.952,16.312,52.757,15.994,19.903,32.854,0.222,32,73,24,31,0.008,2.651,1.756,-0.000,-1.945,0.952,-0.993,4.084,4.084,68,2,7.124,8.154,15.277,4.032,4.032,14,2,138,530a6f1cbbbb,2026-09-23T23:50:55+00:00
401856863,,2026,11,2026-11-14 05:00:00+00:00,197,2641,0.000,-12.160,16.312,54.262,15.994,21.051,33.211,0.231,35,74,23,30,0.003,2.651,1.756,-0.000,-1.945,0.952,-0.993,4.084,4.084,68,2,7.124,8.154,15.277,4.032,4.032,14,2,138,6a9b54205a2a,2026-09-23T23:26:21+00:00
401856864,,2026,11,2026-11-14 05:00:00+00:00,12,254,0.000,-4.024,16.279,49.400,15.994,22.688,26.712,0.411,29,71,21,24,0.009,2.651,-0.583,-0.000,3.916,4.747,8.662,4.032,4.032,32,2,6.271,9.689,15.959,4.031,4.031,10,2,138,530a6f1cbbbb,2026-09-23T23:50:55+00:00
401856864,,2026,11,2026-11-14 05:00:00+00:00,12,254,0.000,-3.821,16.279,51.468,15.994,23.824,27.645,0.414,32,71,24,27,0.003,2.651,-0.583,-0.000,3.916,4.747,8.662,4.032,4.032,32,2,6.271,9.689,15.959,4.031,4.031,10,2,138,6a9b54205a2a,2026-09-23T23:26:21+00:00
401856882,,2026,11,2026-11-14 05:00:00+00:00,8,2579,0.000,-11.799,16.288,55.628,15.994,21.915,33.713,0.246,35,77,24,31,0.009,2.651,0.655,-0.000,-0.202,-2.422,-2.624,4.031,4.031,72,2,6.558,5.613,12.171,4.050,4.050,23,2,138,530a6f1cbbbb,2026-09-23T23:50:55+00:00
401856882,,2026,11,2026-11-14 05:00:00+00:00,8,2579,0.000,-10.968,16.288,56.914,15.994,22.973,33.941,0.256,37,77,25,32,0.003,2.651,0.655,-0.000,-0.202,-2.422,-2.624,4.031,4.031,72,2,6.558,5.613,12.171,4.050,4.050,23,2,138,6a9b54205a2a,2026-09-23T23:26:21+00:00
401856883,,2026,11,2026-11-14 05:00:00+00:00,61,142,0.000,16.184,16.277,54.037,15.994,35.110,18.927,0.847,34,75,31,24,0.008,2.651,-1.435,-0.000,15.361,9.901,25.262,4.027,4.027,2,2,4.556,6.779,11.335,4.032,4.032,24,2,138,530a6f1cbbbb,2026-09-23T23:50:55+00:00
401856883,,2026,11,2026-11-14 05:00:00+00:00,61,142,0.000,15.168,16.277,55.313,15.994,35.241,20.072,0.838,36,75,31,24,0.003,2.651,-1.435,-0.000,15.361,9.901,25.262,4.027,4.027,2,2,4.556,6.779,11.335,4.032,4.032,24,2,138,6a9b54205a2a,2026-09-23T23:26:21+00:00
401856884,,2026,11,2026-11-14 05:00:00+00:00,96,57,0.000,-6.465,16.281,54.875,15.994,24.205,30.670,0.357,34,76,24,31,0.009,2.651,-1.380,-0.000,2.088,3.537,5.625,4.021,4.021,43,2,11.339,3.809,15.148,4.046,4.046,16,2,138,530a6f1cbbbb,2026-09-23T23:50:55+00:00
401856884,,2026,11,2026-11-14 05:00:00+00:00,96,57,0.000,-6.002,16.281,56.352,15.994,25.175,31.177,0.363,36,77,26,29,0.003,2.651,-1.380,-0.000,2.088,3.537,5.625,4.021,4.021,43,2,11.339,3.809,15.148,4.046,4.046,16,2,138,6a9b54205a2a,2026-09-23T23:26:21+00:00
401856885,,2026,11,2026-11-14 05:00:00+00:00,99,251,0.000,-4.224,16.075,51.112,15.994,23.444,27.668,0.406,30,73,24,31,0.009,2.651,0.921,-0.000,7.395,8.450,15.846,3.817,3.817,12,3,10.189,13.075,23.265,3.817,3.817,4,3,138,530a6f1cbbbb,2026-09-23T23:50:55+00:00
401856885,,2026,11,2026-11-14 05:00:00+00:00,99,251,0.000,-3.982,16.075,53.023,15.994,24.520,28.503,0.409,33,73,25,28,0.003,2.651,0.921,-0.000,7.395,8.450,15.846,3.817,3.817,12,3,10.189,13.075,23.265,3.817,3.817,4,3,138,6a9b54205a2a,2026-09-23T23:26:21+00:00
401856886,,2026,11,2026-11-14 05:00:00+00:00,344,2,0.000,7.776,16.078,58.373,15.994,33.074,25.298,0.692,37,80,31,24,0.009,2.651,3.358,-0.000,9.582,3.632,13.214,3.825,3.825,20,3,2.962,5.434,8.396,3.825,3.825,34,3,138,530a6f1cbbbb,2026-09-23T23:50:55+00:00
401856886,,2026,11,2026-11-14 05:00:00+00:00,344,2,0.000,7.123,16.078,59.458,15.994,33.290,26.167,0.683,39,80,31,28,0.003,2.651,3.358,-0.000,9.582,3.632,13.214,3.825,3.825,20,3,2.962,5.434,8.396,3.825,3.825,34,3,138,6a9b54205a2a,2026-09-23T23:26:21+00:00
401856887,,2026,11,2026-11-14 05:00:00+00:00,201,145,0.000,5.887,16.078,51.311,15.994,28.599,22.712,0.653,31,73,31,24,0.009,2.651,2.400,-0.000,3.116,12.808,15.924,3.821,3.821,11,3,8.054,4.656,12.711,3.820,3.820,22,3,138,530a6f1cbbbb,2026-09-23T23:50:55+00:00
401856887,,2026,11,2026-11-14 05:00:00+00:00,201,145,0.000,5.489,16.078,53.175,15.994,29.332,23.843,0.648,33,73,28,25,0.003,2.651,2.400,-0.000,3.116,12.808,15.924,3.821,3.821,11,3,8.054,4.656,12.711,3.820,3.820,22,3,138,6a9b54205a2a,2026-09-23T23:26:21+00:00
401856888,,2026,11,2026-11-14 05:00:00+00:00,245,2633,0.000,6.152,16.179,57.454,15.994,31.803,25.651,0.655,36,79,31,24,0.009,2.651,1.568,-0.000,9.790,8.393,18.183,3.824,3.824,8,3,9.393,5.583,14.977,4.032,4.032,17,2,138,530a6f1cbbbb,2026-09-23T23:50:55+00:00
401856888,,2026,11,2026-11-14 05:00:00+00:00,245,2633,0.000,5.629,16.179,58.659,15.994,32.144,26.515,0.648,39,79,31,28,0.003,2.651,1.568,-0.000,9.790,8.393,18.183,3.824,3.824,8,3,9.393,5.583,14.977,4.032,4.032,17,2,138,6a9b54205a2a,2026-09-23T23:26:21+00:00
401856889,,2026,11,2026-11-14 05:00:00+00:00,238,333,0.000,-10.238,16.176,55.239,15.994,22.500,32.738,0.275,34,76,24,31,0.009,2.651,-2.017,-0.000,5.448,2.934,8.382,4.032,4.032,35,2,13.271,8.377,21.648,3.817,3.817,5,3,138,530a6f1cbbbb,2026-09-23T23:50:55+00:00
401856889,,2026,11,2026-11-14 05:00:00+00:00,238,333,0.000,-9.518,16.176,56.605,15.994,23.543,33.061,0.284,37,77,26,29,0.003,2.651,-2.017,-0.000,5.448,2.934,8.382,4.032,4.032,35,2,13.271,8.377,21.648,3.817,3.817,5,3,138,6a9b54205a2a,2026-09-23T23:26:21+00:00
401858293,,2026,11,2026-11-14 00:00:00+00:00,221,52,0.000,4.284,16.087,52.103,15.994,28.194,23.910,0.615,31,73,31,24,0.009,2.651,0.937,-0.000,2.275,6.388,8.663,3.824,3.824,31,3,4.503,2.680,7.183,3.843,3.843,36,3,138,530a6f1cbbbb,2026-09-23T23:50:55+00:00
401858293,,2026,11,2026-11-14 00:00:00+00:00,221,52,0.000,3.971,16.087,53.915,15.994,28.943,24.972,0.611,34,74,28,25,0.003,2.651,0.937,-0.000,2.275,6.388,8.663,3.824,3.824,31,3,4.503,2.680,7.183,3.843,3.843,36,3,138,6a9b54205a2a,2026-09-23T23:26:21+00:00
401858294,,2026,11,2026-11-14 20:30:00+00:00,87,103,0.000,30.176,16.201,54.354,15.994,42.265,12.089,0.976,36,73,38,10,0.011,2.651,-0.575,-0.000,11.169,12.765,23.934,3.821,3.821,3,3,-4.326,-2.150,-6.476,4.079,4.079,95,2,138,530a6f1cbbbb,2026-09-23T23:50:55+00:00
401858294,,2026,11,2026-11-14 20:30:00+00:00,87,103,0.000,28.924,16.201,54.979,15.994,41.952,13.028,0.973,37,73,40,12,0.003,2.651,-0.575,-0.000,11.169,12.765,23.934,3.821,3.821,3,3,-4.326,-2.150,-6.476,4.079,4.079,95,2,138,6a9b54205a2a,2026-09-23T23:26:21+00:00
401858295,,2026,11,2026-11-14 05:00:00+00:00,258,25,0.000,9.501,16.315,52.427,15.994,30.964,21.463,0.729,31,73,31,24,0.009,2.651,0.396,-0.000,1.289,2.764,4.053,4.056,4.056,48,2,-1.439,-1.485,-2.924,4.080,4.080,76,2,138,530a6f1cbbbb,2026-09-23T23:50:55+00:00
401858295,,2026,11,2026-11-14 05:00:00+00:00,258,25,0.000,8.858,16.315,54.078,15.994,31.468,22.610,0.721,34,74,28,25,0.003,2.651,0.396,-0.000,1.289,2.764,4.053,4.056,4.056,48,2,-1.439,-1.485,-2.924,4.080,4.080,76,2,138,6a9b54205a2a,2026-09-23T23:26:21+00:00
401858296,,2026,11,2026-11-14 05:00:00+00:00,2390,150,0.000,14.940,16.150,48.527,15.994,31.733,16.794,0.836,28,69,24,17,0.009,2.651,-1.706,-0.000,8.847,11.085,19.931,4.045,4.045,7,2,1.314,5.110,6.424,3.817,3.817,40,3,138,530a6f1cbbbb,2026-09-23T23:50:55+00:00
401858296,,2026,11,2026-11-14 05:00:00+00:00,2390,150,0.000,14.267,16.150,50.272,15.994,32.269,18.003,0.830,31,70,28,21,0.003,2.651,-1.706,-0.000,8.847,11.085,19.931,4.045,4.045,7,2,1.314,5.110,6.424,3.817,3.817,40,3,138,6a9b54205a2a,2026-09-23T23:26:21+00:00
401858297,,2026,11,2026-11-14 05:00:00+00:00,228,59,0.000,7.009,16.204,49.714,15.994,28.361,21.353,0.679,29,71,24,21,0.009,2.651,0.318,-0.000,0.647,4.228,4.875,3.821,3.821,45,3,-0.809,1.152,0.343,4.084,4.084,63,2,138,530a6f1cbbbb,2026-09-23T23:50:55+00:00
401858297,,2026,11,2026-11-14 05:00:00+00:00,228,59,0.000,6.586,16.204,51.695,15.994,29.140,22.554,0.673,32,72,27,24,0.003,2.651,0.318,-0.000,0.647,4.228,4.875,3.821,3.821,45,3,-0.809,1.152,0.343,4.084,4.084,63,2,138,6a9b54205a2a,2026-09-23T23:26:21+00:00
401858298,,2026,11,2026-11-14 05:00:00+00:00,153,97,0.000,-6.353,16.297,50.893,15.994,22.270,28.623,0.357,30,72,24,31,0.009,2.651,-1.206,-0.000,-2.867,2.947,0.080,4.050,4.050,64,2,7.339,2.392,9.731,4.051,4.051,28,2,138,530a6f1cbbbb,2026-09-23T23:50:55+00:00
401858298,,2026,11,2026-11-14 05:00:00+00:00,153,97,0.000,-5.984,16.297,52.773,15.994,23.394,29.379,0.362,33,73,25,28,0.003,2.651,-1.206,-0.000,-2.867,2.947,0.080,4.050,4.050,64,2,7.339,2.392,9.731,4.051,4.051,28,2,138,6a9b54205a2a,2026-09-23T23:26:21+00:00
401858299,,2026,11,2026-11-14 05:00:00+00:00,259,24,0.000,15.781,16.186,53.888,15.994,34.835,19.054,0.843,34,75,31,24,0.008,2.651,0.421,-0.000,4.161,2.225,6.385,4.031,4.031,41,2,-4.602,-2.516,-7.118,3.839,3.839,99,3,138,530a6f1cbbbb,2026-09-23T23:50:55+00:00
401858299,,2026,11,2026-11-14 05:00:00+00:00,259,24,0.000,14.793,16.186,55.193,15.994,34.993,20.200,0.833,36,75,31,24,0.003,2.651,0.421,-0.000,4.161,2.225,6.385,4.031,4.031,41,2,-4.602,-2.516,-7.118,3.839,3.839,99,3,138,6a9b54205a2a,2026-09-23T23:26:21+00:00
401858300,,2026,11,2026-11-14 05:00:00+00:00,152,183,0.000,10.682,16.288,50.489,15.994,30.586,19.904,0.755,30,72,31,24,0.009,2.651,-0.500,-0.000,1.738,1.051,2.789,4.055,4.055,52,2,-4.886,-0.777,-5.664,4.026,4.026,89,2,138,530a6f1cbbbb,2026-09-23T23:50:55+00:00
401858300,,2026,11,2026-11-14 05:00:00+00:00,152,183,0.000,10.052,16.288,52.276,15.994,31.164,21.112,0.748,33,72,27,24,0.003,2.651,-0.500,-0.000,1.738,1.051,2.789,4.055,4.055,52,2,-4.886,-0.777,-5.664,4.026,4.026,89,2,138,6a9b54205a2a,2026-09-23T23:26:21+00:00
401858301,,2026,11,2026-11-14 05:00:00+00:00,2567,154,0.000,10.270,16.189,54.912,15.994,32.591,22.321,0.745,34,76,31,24,0.009,2.651,1.690,-0.000,5.482,4.671,10.153,4.051,4.051,26,2,1.102,1.481,2.582,3.825,3.825,53,3,138,530a6f1cbbbb,2026-09-23T23:50:55+00:00
401858301,,2026,11,2026-11-14 05:00:00+00:00,2567,154,0.000,9.515,16.189,56.308,15.994,32.911,23.396,0.735,36,76,29,26,0.003,2.651,1.690,-0.000,5.482,4.671,10.153,4.051,4.051,26,2,1.102,1.481,2.582,3.825,3.825,53,3,138,6a9b54205a2a,2026-09-23T23:26:21+00:00
401858518,,2026,11,2026-11-14 05:00:00+00:00,84,30,0.000,8.582,16.104,50.349,15.994,29.465,20.884,0.714,30,72,31,24,0.009,2.651,-2.747,-0.000,8.097,13.515,21.612,4.045,4.045,6,2,10.771,4.665,15.436,3.641,3.641,13,4,138,530a6f1cbbbb,2026-09-23T23:50:55+00:00
401858518,,2026,11,2026-11-14 05:00:00+00:00,84,30,0.000,8.063,16.104,52.230,15.994,30.146,22.083,0.708,33,72,27,24,0.003,2.651,-2.747,-0.000,8.097,13.515,21.612,4.045,4.045,6,2,10.771,4.665,15.436,3.641,3.641,13,4,138,6a9b54205a2a,2026-09-23T23:26:21+00:00
401858519,,2026,11,2026-11-14 05:00:00+00:00,2294,2509,0.000,17.917,16.300,52.369,15.994,35.143,17.226,0.873,33,73,38,10,0.009,2.651,-1.764,-0.000,2.903,10.309,13.212,4.084,4.084,21,2,2.367,-5.278,-2.911,4.021,4.021,75,2,138,530a6f1cbbbb,2026-09-23T23:50:55+00:00
401858519,,2026,11,2026-11-14 05:00:00+00:00,2294,2509,0.000,16.927,16.300,53.688,15.994,35.307,18.380,0.865,35,73,30,23,0.002,2.651,-1.764,-0.000,2.903,10.309,13.212,4.084,4.084,21,2,2.367,-5.278,-2.911,4.021,4.021,75,2,138,6a9b54205a2a,2026-09-23T23:26:21+00:00
401858520,,2026,11,2026-11-14 05:00:00+00:00,120,275,0.000,0.361,16.284,51.821,15.994,26.091,25.730,0.519,31,73,27,24,0.009,2.651,0.012,-0.000,0.635,1.510,2.145,4.031,4.031,58,2,2.295,2.477,4.772,4.042,4.042,46,2,138,530a6f1cbbbb,2026-09-23T23:50:55+00:00
401858520,,2026,11,2026-11-14 05:00:00+00:00,120,275,0.000,0.309,16.284,53.683,15.994,26.996,26.687,0.518,34,74,28,25,0.003,2.651,0.012,-0.000,0.635,1.510,2.145,4.031,4.031,58,2,2.295,2.477,4.772,4.042,4.042,46,2,138,6a9b54205a2a,2026-09-23T23:26:21+00:00
401858521,,2026,11,2026-11-14 05:00:00+00:00,127,264,0.000,-4.548,16.200,44.050,15.994,19.751,24.299,0.394,24,65,17,24,0.010,2.651,-1.289,-0.000,-1.295,4.238,2.943,3.814,3.814,51,3,2.120,9.049,11.169,4.084,4.084,25,2,138,530a6f1cbbbb,2026-09-23T23:50:55+00:00
401858521,,2026,11,2026-11-14 05:00:00+00:00,127,264,0.000,-4.440,16.200,46.552,15.994,21.056,25.496,0.396,27,66,21,24,0.003,2.651,-1.289,-0.000,-1.295,4.238,2.943,3.814,3.814,51,3,2.120,9.049,11.169,4.084,4.084,25,2,138,6a9b54205a2a,2026-09-23T23:26:21+00:00
401858522,,2026,11,2026-11-14 05:00:00+00:00,194,77,0.000,18.999,16.320,50.054,15.994,34.526,15.528,0.890,30,70,38,10,0.010,2.651,-2.798,-0.000,13.138,14.029,27.167,3.821,3.821,1,3,3.660,5.607,9.267,4.309,4.309,29,1,138,530a6f1cbbbb,2026-09-23T23:50:55+00:00
401858522,,2026,11,2026-11-14 05:00:00+00:00,194,77,0.000,18.124,16.320,51.465,15.994,34.794,16.670,0.883,33,71,39,11,0.002,2.651,-2.798,-0.000,13.138,14.029,27.167,3.821,3.821,1,3,3.660,5.607,9.267,4.309,4.309,29,1,138,6a9b54205a2a,2026-09-23T23:26:21+00:00
401858523,,2026,11,2026-11-14 05:00:00+00:00,2483,130,0.000,5.107,16.208,50.917,15.994,28.012,22.905,0.634,30,72,24,21,0.009,2.651,-0.705,-0.000,10.241,6.751,16.992,4.084,4.084,9,2,4.798,9.788,14.586,3.821,3.821,18,3,138,530a6f1cbbbb,2026-09-23T23:50:55+00:00
401858523,,2026,11,2026-11-14 05:00:00+00:00,2483,130,0.000,4.761,16.208,52.828,15.994,28.794,24.034,0.630,33,73,28,25,0.003,2.651,-0.705,-0.000,10.241,6.751,16.992,4.084,4.084,9,2,4.798,9.788,14.586,3.821,3.821,18,3,138,6a9b54205a2a,2026-09-23T23:26:21+00:00
401858524,,2026,11,2026-11-14 05:00:00+00:00,213,135,0.000,12.615,16.175,46.743,15.994,29.679,17.064,0.798,27,67,24,17,0.009,2.651,-2.350,-0.000,5.889,9.330,15.220,3.821,3.821,15,3,-0.007,4.032,4.025,4.027,4.027,49,2,138,530a6f1cbbbb,2026-09-23T23:50:55+00:00
401858524,,2026,11,2026-11-14 05:00:00+00:00,213,135,0.000,12.106,16.175,48.739,15.994,30.423,18.316,0.793,30,68,25,22,0.003,2.651,-2.350,-0.000,5.889,9.330,15.220,3.821,3.821,15,3,-0.007,4.032,4.025,4.027,4.027,49,2,138,6a9b54205a2a,2026-09-23T23:26:21+00:00
401858525,,2026,11,2026-11-14 05:00:00+00:00,164,158,0.000,-11.896,16.202,56.008,15.994,22.056,33.952,0.243,35,77,24,31,0.009,2.651,-1.026,-0.000,-0.757,-4.047,-4.804,3.821,3.821,84,3,6.751,3.299,10.050,4.080,4.080,27,2,138,530a6f1cbbbb,2026-09-23T23:50:55+00:00
401858525,,2026,11,2026-11-14 05:00:00+00:00,164,158,0.000,-11.052,16.202,57.258,15.994,23.103,34.155,0.253,37,77,25,32,0.003,2.651,-1.026,-0.000,-0.757,-4.047,-4.804,3.821,3.821,84,3,6.751,3.299,10.050,4.080,4.080,27,2,138,6a9b54205a2a,2026-09-23T23:26:21+00:00
401858526,,2026,11,2026-11-14 02:00:00+00:00,26,356,0.000,3.546,16.200,53.634,15.994,28.590,25.044,0.596,33,75,31,24,0.009,2.651,-2.001,-0.000,5.332,1.198,6.530,3.824,3.824,39,3,3.555,2.316,5.871,4.075,4.075,42,2,138,530a6f1cbbbb,2026-09-23T23:50:55+00:00
401858526,,2026,11,2026-11-14 02:00:00+00:00,26,356,0.000,3.262,16.200,55.289,15.994,29.275,26.013,0.592,35,75,29,26,0.003,2.651,-2.001,-0.000,5.332,1.198,6.530,3.824,3.824,39,3,3.555,2.316,5.871,4.075,4.075,42,2,138,6a9b54205a2a,2026-09-23T23:26:21+00:00
401860914,,2026,11,2026-11-14 23:00:00+00:00,68,204,0.000,12.638,16.335,52.676,15.994,32.657,20.019,0.790,32,73,31,24,0.009,2.651,-0.785,-0.000,3.859,3.292,7.151,4.079,4.079,37,2,-1.613,-1.538,-3.151,4.084,4.084,78,2,138,530a6f1cbbbb,2026-09-23T23:50:55+00:00
401860914,,2026,11,2026-11-14 23:00:00+00:00,68,204,0.000,11.826,16.335,54.199,15.994,33.012,21.186,0.781,35,74,28,25,0.003,2.651,-0.785,-0.000,3.859,3.292,7.151,4.079,4.079,37,2,-1.613,-1.538,-3.151,4.084,4.084,78,2,138,6a9b54205a2a,2026-09-23T23:26:21+00:00
401860915,,2026,11,2026-11-15 02:30:00+00:00,21,328,0.000,4.554,16.277,47.869,15.994,26.212,21.658,0.623,27,69,24,21,0.010,2.651,0.973,-0.000,-3.054,2.595,-0.459,4.027,4.027,65,2,-3.192,0.755,-2.437,4.032,4.032,71,2,138,530a6f1cbbbb,2026-09-23T23:50:55+00:00
401860915,,2026,11,2026-11-15 02:30:00+00:00,21,328,0.000,4.298,16.277,50.069,15.994,27.183,22.886,0.619,30,70,26,23,0.003,2.651,0.973,-0.000,-3.054,2.595,-0.459,4.027,4.027,65,2,-3.192,0.755,-2.437,4.032,4.032,71,2,138,6a9b54205a2a,2026-09-23T23:26:21+00:00
401860916,,2026,11,2026-11-14 21:00:00+00:00,326,278,0.000,-1.439,16.075,51.538,15.994,25.050,26.489,0.474,31,73,27,24,0.009,2.651,-1.449,-0.000,2.545,-5.498,-2.952,3.816,3.816,77,3,-2.718,4.274,1.556,3.811,3.811,59,3,138,530a6f1cbbbb,2026-09-23T23:50:55+00:00
401860916,,2026,11,2026-11-14 21:00:00+00:00,326,278,0.000,-1.371,16.075,53.437,15.994,26.033,27.404,0.475,33,74,28,25,0.003,2.651,-1.449,-0.000,2.545,-5.498,-2.952,3.816,3.816,77,3,-2.718,4.274,1.556,3.811,3.811,59,3,138,6a9b54205a2a,2026-09-23T23:26:21+00:00
401860917,,2026,11,2026-11-15 03:30:00+00:00,265,36,0.000,8.129,16.317,49.772,15.994,28.950,20.822,0.703,30,71,24,21,0.009,2.651,-1.008,-0.000,-2.525,1.623,-0.902,4.084,4.084,67,2,-2.916,-3.736,-6.652,4.055,4.055,98,2,138,530a6f1cbbbb,2026-09-23T23:50:55+00:00
401860917,,2026,11,2026-11-15 03:30:00+00:00,265,36,0.000,7.645,16.317,51.709,15.994,29.677,22.032,0.697,32,72,27,24,0.003,2.651,-1.008,-0.000,-2.525,1.623,-0.902,4.084,4.084,67,2,-2.916,-3.736,-6.652,4.055,4.055,98,2,138,6a9b54205a2a,2026-09-23T23:26:21+00:00
401861967,,2026,11,2026-11-14 17:00:00+00:00,41,256,0.000,-12.668,16.291,51.594,15.994,19.463,32.131,0.226,31,72,24,31,0.008,2.651,-0.125,-0.000,-5.099,-7.935,-13.034,4.031,4.031,119,2,-1.189,4.283,3.093,4.055,4.055,50,2,138,530a6f1cbbbb,2026-09-23T23:50:55+00:00
401861967,,2026,11,2026-11-14 17:00:00+00:00,41,256,0.000,-11.942,16.291,53.208,15.994,20.633,32.575,0.234,34,73,23,30,0.003,2.651,-0.125,-0.000,-5.099,-7.935,-13.034,4.031,4.031,119,2,-1.189,4.283,3.093,4.055,4.055,50,2,138,6a9b54205a2a,2026-09-23T23:26:21+00:00
401862824,,2026,11,2026-11-13 01:00:00+00:00,58,235,0.000,0.323,16.229,54.080,15.994,27.201,26.878,0.518,33,76,27,24,0.009,2.651,1.205,-0.000,-2.685,-1.027,-3.711,4.086,4.086,81,2,0.595,-1.638,-1.042,3.872,3.872,69,3,138,530a6f1cbbbb,2026-09-23T23:50:55+00:00
401862824,,2026,11,2026-11-13 01:00:00+00:00,58,235,0.000,0.272,16.229,55.703,15.994,27.988,27.715,0.517,36,76,29,26,0.003,2.651,1.205,-0.000,-2.685,-1.027,-3.711,4.086,4.086,81,2,0.595,-1.638,-1.042,3.872,3.872,69,3,138,6a9b54205a2a,2026-09-23T23:26:21+00:00
401862825,,2026,11,2026-11-14 05:00:00+00:00,2429,151,0.000,-9.739,16.134,51.146,15.994,20.703,30.442,0.281,31,72,24,31,0.009,2.651,0.806,-0.000,-8.694,-7.257,-15.951,4.026,4.026,130,2,-2.896,0.074,-2.823,3.821,3.821,74,3,138,530a6f1cbbbb,2026-09-23T23:50:55+00:00
401862825,,2026,11,2026-11-14 05:00:00+00:00,2429,151,0.000,-9.180,16.134,52.913,15.994,21.866,31.046,0.288,33,73,25,28,0.003,2.651,0.806,-0.000,-8.694,-7.257,-15.951,4.026,4.026,130,2,-2.896,0.074,-2.823,3.821,3.821,74,3,138,6a9b54205a2a,2026-09-23T23:26:21+00:00
401862826,,2026,11,2026-11-14 05:00:00+00:00,202,2226,0.000,5.993,16.206,56.499,15.994,31.246,25.253,0.652,35,78,31,24,0.009,2.651,3.036,-0.000,-5.086,-1.297,-6.383,4.084,4.084,94,2,-2.281,-7.179,-9.461,3.825,3.825,110,3,138,530a6f1cbbbb,2026-09-23T23:50:55+00:00
401862826,,2026,11,2026-11-14 05:00:00+00:00,202,2226,0.000,5.493,16.206,57.811,15.994,31.652,26.159,0.645,38,78,30,27,0.003,2.651,3.036,-0.000,-5.086,-1.297,-6.383,4.084,4.084,94,2,-2.281,-7.179,-9.461,3.825,3.825,110,3,138,6a9b54205a2a,2026-09-23T23:26:21+00:00
401862827,,2026,11,2026-11-14 05:00:00+00:00,2636,249,0.000,10.119,16.134,58.726,15.994,34.423,24.303,0.740,37,80,31,24,0.009,2.651,0.532,1.009,0.542,1.729,2.272,4.021,4.021,56,2,1.661,-6.560,-4.900,3.816,3.816,85,3,138,530a6f1cbbbb,2026-09-23T23:50:55+00:00
401862827,,2026,11,2026-11-14 05:00:00+00:00,2636,249,0.000,9.294,16.134,59.740,15.994,34.517,25.223,0.730,40,80,31,28,0.003,2.651,0.532,1.009,0.542,1.729,2.272,4.021,4.021,56,2,1.661,-6.560,-4.900,3.816,3.816,85,3,138,6a9b54205a2a,2026-09-23T23:26:21+00:00
401862828,,2026,11,2026-11-14 05:00:00+00:00,242,2655,0.000,-7.946,16.175,47.515,15.994,19.785,27.731,0.317,27,69,17,24,0.009,2.651,-2.445,-0.000,-7.202,-7.158,-14.360,4.027,4.027,125,2,-3.733,1.009,-2.724,3.821,3.821,73,3,138,530a6f1cbbbb,2026-09-23T23:50:55+00:00
401862828,,2026,11,2026-11-14 05:00:00+00:00,242,2655,0.000,-7.606,16.175,49.654,15.994,21.024,28.630,0.321,30,69,23,26,0.003,2.651,-2.445,-0.000,-7.202,-7.158,-14.360,4.027,4.027,125,2,-3.733,1.009,-2.724,3.821,3.821,73,3,138,6a9b54205a2a,2026-09-23T23:26:21+00:00
401862829,,2026,11,2026-11-14 05:00:00+00:00,218,5,0.000,5.905,16.177,53.351,15.994,29.628,23.723,0.652,33,75,31,24,0.009,2.651,-1.955,-0.000,-0.329,-5.034,-5.363,4.027,4.027,87,2,-4.258,-4.228,-8.486,3.824,3.824,106,3,138,530a6f1cbbbb,2026-09-23T23:50:55+00:00
401862829,,2026,11,2026-11-14 05:00:00+00:00,218,5,0.000,5.462,16.177,55.003,15.994,30.233,24.770,0.646,35,75,29,26,0.003,2.651,-1.955,-0.000,-0.329,-5.034,-5.363,4.027,4.027,87,2,-4.258,-4.228,-8.486,3.824,3.824,106,3,138,6a9b54205a2a,2026-09-23T23:26:21+00:00
401864536,,2026,11,2026-11-14 05:00:00+00:00,2459,2440,0.000,-2.463,16.300,47.766,15.994,22.652,25.114,0.449,27,69,24,21,0.009,2.651,-1.304,-0.000,-8.195,-5.084,-13.280,4.055,4.055,120,2,-5.077,-2.506,-7.583,4.051,4.051,102,2,138,530a6f1cbbbb,2026-09-23T23:50:55+00:00
401864536,,2026,11,2026-11-14 05:00:00+00:00,2459,2440,0.000,-2.367,16.300,50.003,15.994,23.818,26.185,0.450,30,70,26,23,0.003,2.651,-1.304,-0.000,-8.195,-5.084,-13.280,4.055,4.055,120,2,-5.077,-2.506,-7.583,4.051,4.051,102,2,138,6a9b54205a2a,2026-09-23T23:26:21+00:00
401864537,,2026,11,2026-11-15 04:59:00+00:00,62,2449,0.000,-7.198,16.098,50.754,15.994,21.778,28.976,0.336,30,72,24,31,0.009,2.651,-0.147,-0.000,-4.760,-3.325,-8.085,3.868,3.868,104,3,0.436,2.009,2.446,3.822,3.822,54,3,138,530a6f1cbbbb,2026-09-23T23:50:55+00:00
401864537,,2026,11,2026-11-15 04:59:00+00:00,62,2449,0.000,-6.789,16.098,52.636,15.994,22.923,29.713,0.342,33,73,24,27,0.003,2.651,-0.147,-0.000,-4.760,-3.325,-8.085,3.868,3.868,104,3,0.436,2.009,2.446,3.822,3.822,54,3,138,6a9b54205a2a,2026-09-23T23:26:21+00:00
401864538,,2026,11,2026-11-15 00:00:00+00:00,2005,23,0.000,5.499,16.339,54.023,15.994,29.761,24.262,0.641,33,76,31,24,0.009,2.651,-0.423,-0.000,-2.246,-6.175,-8.421,4.333,4.333,105,1,-5.955,-5.135,-11.090,3.831,3.831,117,3,138,530a6f1cbbbb,2026-09-23T23:50:55+00:00
401864538,,2026,11,2026-11-15 00:00:00+00:00,2005,23,0.000,5.069,16.339,55.605,15.994,30.337,25.268,0.635,36,76,29,26,0.003,2.651,-0.423,-0.000,-2.246,-6.175,-8.421,4.333,4.333,105,1,-5.955,-5.135,-11.090,3.831,3.831,117,3,138,6a9b54205a2a,2026-09-23T23:26:21+00:00
401864539,,2026,11,2026-11-15 00:30:00+00:00,167,2439,0.000,9.767,16.207,45.291,15.994,27.529,17.762,0.744,25,66,24,17,0.010,2.651,-1.818,-0.000,-1.531,3.708,2.177,4.050,4.050,57,2,-5.501,-0.474,-5.976,3.864,3.864,92,3,138,530a6f1cbbbb,2026-09-23T23:50:55+00:00
401864539,,2026,11,2026-11-15 00:30:00+00:00,167,2439,0.000,9.409,16.207,47.527,15.994,28.468,19.059,0.740,28,67,25,22,0.003,2.651,-1.818,-0.000,-1.531,3.708,2.177,4.050,4.050,57,2,-5.501,-0.474,-5.976,3.864,3.864,92,3,138,6a9b54205a2a,2026-09-23T23:26:21+00:00
401864540,,2026,11,2026-11-14 05:00:00+00:00,2638,2751,0.000,-1.058,16.302,50.916,15.994,24.929,25.987,0.484,30,72,24,21,0.009,2.651,-0.311,-0.000,-7.127,-11.093,-18.220,4.045,4.045,134,2,-10.041,-4.059,-14.100,4.056,4.056,123,2,138,530a6f1cbbbb,2026-09-23T23:50:55+00:00
401864540,,2026,11,2026-11-14 05:00:00+00:00,2638,2751,0.000,-1.018,16.302,52.867,15.994,25.925,26.942,0.485,33,73,28,25,0.003,2.651,-0.311,-0.000,-7.127,-11.093,-18.220,4.045,4.045,134,2,-10.041,-4.059,-14.100,4.056,4.056,123,2,138,6a9b54205a2a,2026-09-23T23:26:21+00:00
401866458,,2026,11,2026-11-11 00:00:00+00:00,2006,2711,0.000,-11.812,16.298,48.205,15.994,18.196,30.008,0.238,28,69,17,24,0.009,2.651,-1.996,-0.000,-7.217,-7.058,-14.275,4.051,4.051,124,2,-1.829,3.287,1.458,4.051,4.051,60,2,138,530a6f1cbbbb,2026-09-23T23:50:55+00:00
401866458,,2026,11,2026-11-11 00:00:00+00:00,2006,2711,0.000,-11.287,16.298,50.126,15.994,19.420,30.707,0.244,31,70,21,28,0.003,2.651,-1.996,-0.000,-7.217,-7.058,-14.275,4.051,4.051,124,2,-1.829,3.287,1.458,4.051,4.051,60,2,138,6a9b54205a2a,2026-09-23T23:26:21+00:00
401866459,,2026,11,2026-11-11 00:00:00+00:00,189,2309,0.000,3.934,16.288,49.908,15.994,26.921,22.987,0.607,30,71,24,21,0.010,2.651,-3.525,-0.000,-10.217,-9.961,-20.178,4.031,4.031,135,2,-9.665,-11.711,-21.376,4.050,4.050,136,2,138,530a6f1cbbbb,2026-09-23T23:50:55+00:00
401866459,,2026,11,2026-11-11 00:00:00+00:00,189,2309,0.000,3.673,16.288,51.932,15.994,27.802,24.130,0.603,32,72,27,24,0.003,2.651,-3.525,-0.000,-10.217,-9.961,-20.178,4.031,4.031,135,2,-9.665,-11.711,-21.376,4.050,4.050,136,2,138,6a9b54205a2a,2026-09-23T23:26:21+00:00
401866460,,2026,11,2026-11-11 00:00:00+00:00,193,195,0.000,0.282,16.187,53.479,15.994,26.881,26.598,0.517,33,75,27,24,0.009,2.651,-2.516,-0.000,-3.170,-6.136,-9.306,4.051,4.051,109,2,-1.731,-4.864,-6.596,3.820,3.820,97,3,138,530a6f1cbbbb,2026-09-23T23:50:55+00:00
401866460,,2026,11,2026-11-11 00:00:00+00:00,193,195,0.000,0.235,16.187,55.170,15.994,27.703,27.467,0.516,35,75,29,26,0.003,2.651,-2.516,-0.000,-3.170,-6.136,-9.306,4.051,4.051,109,2,-1.731,-4.864,-6.596,3.820,3.820,97,3,138,6a9b54205a2a,2026-09-23T23:26:21+00:00
401866461,,2026,11,2026-11-11 05:00:00+00:00,2050,2084,0.000,-3.416,16.284,54.262,15.994,25.423,28.839,0.428,33,76,24,31,0.009,2.651,-0.034,-0.000,-9.928,-11.467,-21.395,4.051,4.051,137,2,-6.763,-8.157,-14.919,4.021,4.021,128,2,138,530a6f1cbbbb,2026-09-23T23:50:55+00:00
401866461,,2026,11,2026-11-11 05:00:00+00:00,2050,2084,0.000,-3.184,16.284,55.846,15.994,26.331,29.515,0.431,36,76,29,26,0.003,2.651,-0.034,-0.000,-9.928,-11.467,-21.395,4.051,4.051,137,2,-6.763,-8.157,-14.919,4.021,4.021,128,2,138,6a9b54205a2a,2026-09-23T23:26:21+00:00
401866462,,2026,11,2026-11-11 05:00:00+00:00,2117,16,0.000,6.053,16.184,46.824,15.994,26.438,20.386,0.660,27,68,24,17,0.010,2.651,-2.035,-0.000,-7.200,-2.505,-9.705,4.056,4.056,111,2,-7.529,-5.892,-13.421,3.810,3.810,121,3,138,530a6f1cbbbb,2026-09-23T23:50:55+00:00
401866462,,2026,11,2026-11-11 05:00:00+00:00,2117,16,0.000,5.758,16.184,49.081,15.994,27.420,21.662,0.656,30,69,26,23,0.003,2.651,-2.035,-0.000,-7.200,-2.505,-9.705,4.056,4.056,111,2,-7.529,-5.892,-13.421,3.810,3.810,121,3,138,6a9b54205a2a,2026-09-23T23:26:21+00:00
401866463,,2026,11,2026-11-11 05:00:00+00:00,2649,113,0.000,21.193,16.459,55.612,15.994,38.403,17.209,0.908,35,76,38,10,0.009,2.651,-0.726,-0.000,0.586,-4.164,-3.578,4.050,4.050,79,2,-12.032,-10.732,-22.764,4.363,4.363,138,1,138,530a6f1cbbbb,2026-09-23T23:50:55+00:00
401866463,,2026,11,2026-11-11 05:00:00+00:00,2649,113,0.000,19.941,16.459,56.580,15.994,38.260,18.320,0.899,37,76,42,14,0.002,2.651,-0.726,-0.000,0.586,-4.164,-3.578,4.050,4.050,79,2,-12.032,-10.732,-22.764,4.363,4.363,138,1,138,6a9b54205a2a,2026-09-23T23:26:21+00:00
401869928,,2026,11,2026-11-14 05:00:00+00:00,276,2026,0.000,2.810,16.175,54.766,15.994,28.788,25.978,0.578,34,76,31,24,0.009,2.651,0.931,-0.000,-2.567,-4.769,-7.336,3.821,3.821,101,3,-3.638,-3.571,-7.209,4.026,4.026,100,2,138,530a6f1cbbbb,2026-09-23T23:50:55+00:00
401869928,,2026,11,2026-11-14 05:00:00+00:00,276,2026,0.000,2.569,16.175,56.305,15.994,29.437,26.868,0.575,36,77,29,26,0.003,2.651,0.931,-0.000,-2.567,-4.769,-7.336,3.821,3.821,101,3,-3.638,-3.571,-7.209,4.026,4.026,100,2,138,6a9b54205a2a,2026-09-23T23:26:21+00:00
401869937,,2026,11,2026-11-14 05:00:00+00:00,324,2032,0.000,3.367,16.301,53.184,15.994,28.275,24.908,0.592,32,75,31,24,0.009,2.651,1.594,-0.000,-6.015,-3.986,-10.001,4.055,4.055,113,2,-5.054,-5.432,-10.486,4.051,4.051,115,2,138,530a6f1cbbbb,2026-09-23T23:50:55+00:00
401869937,,2026,11,2026-11-14 05:00:00+00:00,324,2032,0.000,3.099,16.301,54.884,15.994,28.991,25.893,0.588,35,75,29,26,0.003,2.651,1.594,-0.000,-6.015,-3.986,-10.001,4.055,4.055,113,2,-5.054,-5.432,-10.486,4.051,4.051,115,2,138,6a9b54205a2a,2026-09-23T23:26:21+00:00
401869952,,2026,11,2026-11-14 05:00:00+00:00,2247,290,0.000,1.145,16.274,55.665,15.994,28.405,27.260,0.538,34,77,31,24,0.009,2.651,0.677,-0.000,-3.207,-7.840,-11.047,4.031,4.031,116,2,-4.898,-4.312,-9.211,4.021,4.021,108,2,138,530a6f1cbbbb,2026-09-23T23:50:55+00:00
401869952,,2026,11,2026-11-14 05:00:00+00:00,2247,290,0.000,1.028,16.274,57.107,15.994,29.068,28.040,0.536,37,77,30,27,0.003,2.651,0.677,-0.000,-3.207,-7.840,-11.047,4.031,4.031,116,2,-4.898,-4.312,-9.211,4.021,4.021,108,2,138,6a9b54205a2a,2026-09-23T23:26:21+00:00
401869969,,2026,11,2026-11-13 02:00:00+00:00,2433,309,0.000,-11.020,16.253,52.820,15.994,20.900,31.920,0.258,32,74,24,31,0.009,2.651,-1.918,-0.000,-8.541,-9.587,-18.129,4.075,4.075,133,2,-0.957,-2.893,-3.850,4.018,4.018,82,2,138,530a6f1cbbbb,2026-09-23T23:50:55+00:00
401869969,,2026,11,2026-11-13 02:00:00+00:00,2433,309,0.000,-10.328,16.253,54.389,15.994,22.030,32.358,0.267,35,74,25,28,0.003,2.651,-1.918,-0.000,-8.541,-9.587,-18.129,4.075,4.075,133,2,-0.957,-2.893,-3.850,4.018,4.018,82,2,138,6a9b54205a2a,2026-09-23T23:26:21+00:00
401870752,,2026,11,2026-11-14 20:30:00+00:00,98,55,0.000,0.569,16.075,56.873,15.994,28.721,28.152,0.524,35,79,31,24,0.009,2.651,1.329,-0.000,-2.692,-7.597,-10.288,3.825,3.825,114,3,-3.943,-3.922,-7.865,3.817,3.817,103,3,138,530a6f1cbbbb,2026-09-23T23:50:55+00:00
401870752,,2026,11,2026-11-14 20:30:00+00:00,98,55,0.000,0.497,16.075,58.184,15.994,29.340,28.844,0.523,38,79,30,27,0.003,2.651,1.329,-0.000,-2.692,-7.597,-10.288,3.825,3.825,114,3,-3.943,-3.922,-7.865,3.817,3.817,103,3,138,6a9b54205a2a,2026-09-23T23:26:21+00:00
401870769,,2026,11,2026-11-14 19:00:00+00:00,2534,338,0.000,0.528,16.305,50.689,15.994,25.608,25.081,0.523,30,72,24,21,0.009,2.651,0.224,-0.000,-8.242,-7.801,-16.043,4.084,4.084,132,2,-8.233,-5.360,-13.593,4.031,4.031,122,2,138,530a6f1cbbbb,2026-09-23T23:50:55+00:00
401870769,,2026,11,2026-11-14 19:00:00+00:00,2534,338,0.000,0.467,16.305,52.665,15.994,26.566,26.099,0.522,33,73,28,25,0.003,2.651,0.224,-0.000,-8.242,-7.801,-16.043,4.084,4.084,132,2,-8.233,-5.360,-13.593,4.031,4.031,122,2,138,6a9b54205a2a,2026-09-23T23:26:21+00:00
401870796,,2026,11,2026-11-14 20:00:00+00:00,2623,166,0.000,1.807,16.308,52.474,15.994,27.141,25.334,0.554,31,74,27,24,0.009,2.651,0.468,-0.000,-7.811,-8.161,-15.971,4.046,4.046,131,2,-7.998,-6.849,-14.847,4.075,4.075,126,2,138,530a6f1cbbbb,2026-09-23T23:50:55+00:00
401870796,,2026,11,2026-11-14 20:00:00+00:00,2623,166,0.000,1.653,16.308,54.262,15.994,27.958,26.304,0.552,34,74,28,25,0.003,2.651,0.468,-0.000,-7.811,-8.161,-15.971,4.046,4.046,131,2,-7.998,-6.849,-14.847,4.075,4.075,126,2,138,6a9b54205a2a,2026-09-23T23:26:21+00:00
401871060,,2026,11,2026-11-14 20:00:00+00:00,48,2229,0.000,5.762,16.177,49.238,15.994,27.500,21.738,0.651,29,70,24,21,0.010,2.651,0.233,-0.000,-3.025,-3.486,-6.511,4.032,4.032,96,2,-8.116,-1.607,-9.722,3.820,3.820,112,3,138,530a6f1cbbbb,2026-09-23T23:50:55+00:00
401871060,,2026,11,2026-11-14 20:00:00+00:00,48,2229,0.000,5.417,16.177,51.295,15.994,28.356,22.939,0.646,32,71,27,24,0.003,2.651,0.233,-0.000,-3.025,-3.486,-6.511,4.032,4.032,96,2,-8.116,-1.607,-9.722,3.820,3.820,112,3,138,6a9b54205a2a,2026-09-23T23:26:21+00:00
401871061,,2026,11,2026-11-14 20:30:00+00:00,2335,2393,0.000,10.270,16.289,52.220,15.994,31.245,20.975,0.746,31,73,31,24,0.009,2.651,-1.306,-0.000,-1.397,-2.195,-3.593,4.055,4.055,80,2,-5.570,-5.838,-11.408,4.027,4.027,118,2,138,530a6f1cbbbb,2026-09-23T23:50:55+00:00
401871061,,2026,11,2026-11-14 20:30:00+00:00,2335,2393,0.000,9.594,16.289,53.867,15.994,31.731,22.136,0.737,34,74,28,25,0.003,2.651,-1.306,-0.000,-1.397,-2.195,-3.593,4.055,4.055,80,2,-5.570,-5.838,-11.408,4.027,4.027,118,2,138,6a9b54205a2a,2026-09-23T23:26:21+00:00
401871099,,2026,11,2026-11-14 05:00:00+00:00,2348,2572,0.000,12.532,16.269,57.717,15.994,35.124,22.592,0.784,37,79,31,24,0.009,2.651,1.774,-0.000,-2.655,-3.483,-6.138,4.027,4.027,93,2,-5.989,-9.841,-15.830,4.027,4.027,129,2,138,530a6f1cbbbb,2026-09-23T23:50:55+00:00
401871099,,2026,11,2026-11-14 05:00:00+00:00,2348,2572,0.000,11.568,16.269,58.786,15.994,35.177,23.609,0.773,39,79,31,28,0.003,2.651,1.774,-0.000,-2.655,-3.483,-6.138,4.027,4.027,93,2,-5.989,-9.841,-15.830,4.027,4.027,129,2,138,6a9b54205a2a,2026-09-23T23:26:21+00:00
401871100,,2026,11,2026-11-14 05:00:00+00:00,6,2653,0.000,2.350,16.286,52.526,15.994,27.438,25.088,0.567,31,74,27,24,0.009,2.651,-1.302,-0.000,-0.162,-5.468,-5.630,4.021,4.021,88,2,-4.007,-1.065,-5.072,4.055,4.055,86,2,138,530a6f1cbbbb,2026-09-23T23:50:55+00:00
401871100,,2026,11,2026-11-14 05:00:00+00:00,6,2653,0.000,2.159,16.286,54.306,15.994,28.232,26.073,0.565,34,75,28,25,0.003,2.651,-1.302,-0.000,-0.162,-5.468,-5.630,4.021,4.021,88,2,-4.007,-1.065,-5.072,4.055,4.055,86,2,138,6a9b54205a2a,2026-09-23T23:26:21+00:00
401856748,,2026,12,2026-11-21 05:00:00+00:00,57,238,0.000,9.606,16.286,56.601,15.994,33.103,23.498,0.729,35,78,31,24,0.009,2.651,-2.172,-0.000,11.339,3.809,15.148,4.046,4.046,16,2,5.448,2.934,8.382,4.032,4.032,35,2,138,530a6f1cbbbb,2026-09-23T23:50:55+00:00
401856748,,2026,12,2026-11-21 05:00:00+00:00,57,238,0.000,8.847,16.286,57.840,15.994,33.343,24.496,0.719,38,78,30,27,0.003,2.651,-2.172,-0.000,11.339,3.809,15.148,4.046,4.046,16,2,5.448,2.934,8.382,4.032,4.032,35,2,138,6a9b54205a2a,2026-09-23T23:26:21+00:00
401856751,,2026,12,2026-11-21 05:00:00+00:00,142,96,0.000,8.076,16.273,49.572,15.994,28.824,20.748,0.702,29,71,24,21,0.009,2.651,-0.998,-0.000,4.556,6.779,11.335,4.032,4.032,24,2,2.088,3.537,5.625,4.021,4.021,43,2,138,530a6f1cbbbb,2026-09-23T23:50:55+00:00
401856751,,2026,12,2026-11-21 05:00:00+00:00,142,96,0.000,7.603,16.273,51.530,15.994,29.567,21.963,0.696,32,71,27,24,0.003,2.651,-0.998,-0.000,4.556,6.779,11.335,4.032,4.032,24,2,2.088,3.537,5.625,4.021,4.021,43,2,138,6a9b54205a2a,2026-09-23T23:26:21+00:00
401856752,,2026,12,2026-11-21 05:00:00+00:00,201,245,0.000,0.692,16.080,47.450,15.994,24.071,23.379,0.528,27,69,24,21,0.010,2.651,-0.030,-0.000,3.116,12.808,15.924,3.821,3.821,11,3,9.790,8.393,18.183,3.824,3.824,8,3,138,530a6f1cbbbb,2026-09-23T23:50:55+00:00
401856752,,2026,12,2026-11-21 05:00:00+00:00,201,245,0.000,0.630,16.080,49.743,15.994,25.187,24.557,0.527,30,70,26,23,0.003,2.651,-0.030,-0.000,3.116,12.808,15.924,3.821,3.821,11,3,9.790,8.393,18.183,3.824,3.824,8,3,138,6a9b54205a2a,2026-09-23T23:26:21+00:00
401856753,,2026,12,2026-11-21 05:00:00+00:00,2579,61,0.000,-10.107,16.286,55.892,15.994,22.892,33.000,0.279,35,77,24,31,0.009,2.651,-0.817,-0.000,6.558,5.613,12.171,4.050,4.050,23,2,15.361,9.901,25.262,4.027,4.027,2,2,138,530a6f1cbbbb,2026-09-23T23:50:55+00:00
401856753,,2026,12,2026-11-21 05:00:00+00:00,2579,61,0.000,-9.374,16.286,57.193,15.994,23.910,33.284,0.289,37,77,27,30,0.003,2.651,-0.817,-0.000,6.558,5.613,12.171,4.050,4.050,23,2,15.361,9.901,25.262,4.027,4.027,2,2,138,6a9b54205a2a,2026-09-23T23:26:21+00:00
401856754,,2026,12,2026-11-21 05:00:00+00:00,2633,99,0.000,2.108,16.175,56.591,15.994,29.350,27.241,0.561,35,79,31,24,0.009,2.651,2.272,-0.000,9.393,5.583,14.977,4.032,4.032,17,2,7.395,8.450,15.846,3.817,3.817,12,3,138,530a6f1cbbbb,2026-09-23T23:50:55+00:00
401856754,,2026,12,2026-11-21 05:00:00+00:00,2633,99,0.000,1.911,16.175,57.927,15.994,29.919,28.008,0.558,38,78,30,27,0.003,2.651,2.272,-0.000,9.393,5.583,14.977,4.032,4.032,17,2,7.395,8.450,15.846,3.817,3.817,12,3,138,6a9b54205a2a,2026-09-23T23:26:21+00:00
401856755,,2026,12,2026-11-21 05:00:00+00:00,251,8,0.000,27.135,16.179,56.132,15.994,41.633,14.499,0.959,37,76,38,10,0.010,2.651,0.932,-0.000,10.189,13.075,23.265,3.817,3.817,4,3,-0.202,-2.422,-2.624,4.031,4.031,72,2,138,530a6f1cbbbb,2026-09-23T23:50:55+00:00
401856755,,2026,12,2026-11-21 05:00:00+00:00,251,8,0.000,25.807,16.179,56.843,15.994,41.325,15.518,0.954,38,76,41,13,0.003,2.651,0.932,-0.000,10.189,13.075,23.265,3.817,3.817,4,3,-0.202,-2.422,-2.624,4.031,4.031,72,2,138,6a9b54205a2a,2026-09-23T23:26:21+00:00
401856865,,2026,12,2026-11-21 05:00:00+00:00,2306,12,0.000,3.009,16.277,50.267,15.994,26.638,23.629,0.584,30,72,24,21,0.009,2.651,-1.195,-0.000,4.039,4.818,8.857,4.026,4.026,30,2,3.916,4.747,8.662,4.032,4.032,32,2,138,530a6f1cbbbb,2026-09-23T23:50:55+00:00
401856865,,2026,12,2026-11-21 05:00:00+00:00,2306,12,0.000,2.798,16.277,52.269,15.994,27.534,24.736,0.581,32,72,27,24,0.003,2.651,-1.195,-0.000,4.039,4.818,8.857,4.026,4.026,30,2,3.916,4.747,8.662,4.032,4.032,32,2,138,6a9b54205a2a,2026-09-23T23:26:21+00:00
401856866,,2026,12,2026-11-21 05:00:00+00:00,2305,252,0.000,-11.958,16.279,50.849,15.994,19.446,31.404,0.238,31,72,24,31,0.008,2.651,-1.615,-0.000,-0.968,-0.690,-1.657,4.031,4.031,70,2,6.457,7.373,13.829,4.032,4.032,19,2,138,530a6f1cbbbb,2026-09-23T23:50:55+00:00
401856866,,2026,12,2026-11-21 05:00:00+00:00,2305,252,0.000,-11.298,16.279,52.554,15.994,20.628,31.926,0.246,33,72,22,29,0.003,2.651,-1.615,-0.000,-0.968,-0.690,-1.657,4.031,4.031,70,2,6.457,7.373,13.829,4.032,4.032,19,2,138,6a9b54205a2a,2026-09-23T23:26:21+00:00
401856867,,2026,12,2026-11-21 05:00:00+00:00,2132,38,0.000,8.841,16.306,51.393,15.994,30.117,21.276,0.717,31,73,31,24,0.009,2.651,1.156,-0.000,0.467,0.146,0.613,4.055,4.055,62,2,-5.247,-0.507,-5.754,4.062,4.062,90,2,138,530a6f1cbbbb,2026-09-23T23:50:55+00:00
401856867,,2026,12,2026-11-21 05:00:00+00:00,2132,38,0.000,8.268,16.306,53.161,15.994,30.715,22.446,0.709,33,73,28,25,0.003,2.651,1.156,-0.000,0.467,0.146,0.613,4.055,4.055,62,2,-5.247,-0.507,-5.754,4.062,4.062,90,2,138,6a9b54205a2a,2026-09-23T23:26:21+00:00
401856868,,2026,12,2026-11-21 05:00:00+00:00,277,248,0.000,-6.049,16.309,54.367,15.994,24.159,30.208,0.366,33,76,24,31,0.009,2.651,0.709,-0.000,0.515,-1.132,-0.617,4.056,4.056,66,2,4.248,4.267,8.515,4.055,4.055,33,2,138,530a6f1cbbbb,2026-09-23T23:50:55+00:00
401856868,,2026,12,2026-11-21 05:00:00+00:00,277,248,0.000,-5.625,16.309,55.903,15.994,25.139,30.764,0.372,36,76,26,29,0.003,2.651,0.709,-0.000,0.515,-1.132,-0.617,4.056,4.056,66,2,4.248,4.267,8.515,4.055,4.055,33,2,138,6a9b54205a2a,2026-09-23T23:26:21+00:00
401856869,,2026,12,2026-11-20 23:00:00+00:00,2116,66,0.000,-2.857,16.277,46.765,15.994,21.954,24.811,0.438,27,68,24,21,0.009,2.651,-1.175,-0.000,-1.499,2.205,0.706,4.026,4.026,61,2,1.457,5.417,6.874,4.032,4.032,38,2,138,530a6f1cbbbb,2026-09-23T23:50:55+00:00
401856869,,2026,12,2026-11-20 23:00:00+00:00,2116,66,0.000,-2.757,16.277,49.085,15.994,23.164,25.921,0.440,29,69,26,23,0.003,2.651,-1.175,-0.000,-1.499,2.205,0.706,4.026,4.026,61,2,1.457,5.417,6.874,4.032,4.032,38,2,138,6a9b54205a2a,2026-09-23T23:26:21+00:00
401856870,,2026,12,2026-11-21 05:00:00+00:00,9,197,0.000,5.981,16.303,50.605,15.994,28.293,22.312,0.654,30,72,24,21,0.009,2.651,0.499,-0.000,0.514,1.855,2.368,4.026,4.026,55,2,-1.945,0.952,-0.993,4.084,4.084,68,2,138,530a6f1cbbbb,2026-09-23T23:50:55+00:00
401856870,,2026,12,2026-11-21 05:00:00+00:00,9,197,0.000,5.589,16.303,52.523,15.994,29.056,23.467,0.649,33,73,27,24,0.003,2.651,0.499,-0.000,0.514,1.855,2.368,4.026,4.026,55,2,-1.945,0.952,-0.993,4.084,4.084,68,2,138,6a9b54205a2a,2026-09-23T23:26:21+00:00
401856871,,2026,12,2026-11-21 05:00:00+00:00,239,2641,0.000,-7.891,16.295,56.188,15.994,24.148,32.040,0.326,35,78,24,31,0.009,2.651,3.673,-0.000,2.363,2.038,4.401,4.051,4.051,47,2,7.124,8.154,15.277,4.032,4.032,14,2,138,530a6f1cbbbb,2026-09-23T23:50:55+00:00
401856871,,2026,12,2026-11-21 05:00:00+00:00,239,2641,0.000,-7.303,16.295,57.502,15.994,25.100,32.402,0.334,37,78,27,30,0.003,2.651,3.673,-0.000,2.363,2.038,4.401,4.051,4.051,47,2,7.124,8.154,15.277,4.032,4.032,14,2,138,6a9b54205a2a,2026-09-23T23:26:21+00:00
401856872,,2026,12,2026-11-21 05:00:00+00:00,2628,254,0.000,-6.869,16.291,47.351,15.994,20.241,27.110,0.342,27,69,17,24,0.009,2.651,0.001,-0.000,-0.154,5.615,5.461,4.055,4.055,44,2,6.271,9.689,15.959,4.031,4.031,10,2,138,530a6f1cbbbb,2026-09-23T23:50:55+00:00
401856872,,2026,12,2026-11-21 05:00:00+00:00,2628,254,0.000,-6.577,16.291,49.532,15.994,21.477,28.054,0.346,30,69,23,26,0.003,2.651,0.001,-0.000,-0.154,5.615,5.461,4.055,4.055,44,2,6.271,9.689,15.959,4.031,4.031,10,2,138,6a9b54205a2a,2026-09-23T23:26:21+00:00
401858302,,2026,12,2026-11-21 05:00:00+00:00,2390,259,0.000,15.564,16.286,52.178,15.994,33.871,18.307,0.840,31,73,31,24,0.008,2.651,-1.241,-0.000,8.847,11.085,19.931,4.045,4.045,7,2,4.161,2.225,6.385,4.031,4.031,41,2,138,530a6f1cbbbb,2026-09-23T23:50:55+00:00
401858302,,2026,12,2026-11-21 05:00:00+00:00,2390,259,0.000,14.659,16.286,53.621,15.994,34.140,19.481,0.831,34,73,30,23,0.003,2.651,-1.241,-0.000,8.847,11.085,19.931,4.045,4.045,7,2,4.161,2.225,6.385,4.031,4.031,41,2,138,6a9b54205a2a,2026-09-23T23:26:21+00:00
401858303,,2026,12,2026-11-21 00:30:00+00:00,150,228,0.000,4.179,16.073,48.049,15.994,26.114,21.935,0.615,27,69,24,21,0.010,2.651,-0.065,-0.000,1.314,5.110,6.424,3.817,3.817,40,3,0.647,4.228,4.875,3.821,3.821,45,3,138,530a6f1cbbbb,2026-09-23T23:50:55+00:00
401858303,,2026,12,2026-11-21 00:30:00+00:00,150,228,0.000,3.940,16.073,50.253,15.994,27.096,23.156,0.611,31,70,26,23,0.004,2.651,-0.065,-0.000,1.314,5.110,6.424,3.817,3.817,40,3,0.647,4.228,4.875,3.821,3.821,45,3,138,6a9b54205a2a,2026-09-23T23:26:21+00:00
401858304,,2026,12,2026-11-21 05:00:00+00:00,52,152,0.000,7.155,16.199,53.959,15.994,30.557,23.402,0.679,33,76,31,24,0.010,2.651,-0.204,-0.000,4.503,2.680,7.183,3.843,3.843,36,3,1.738,1.051,2.789,4.055,4.055,52,2,138,530a6f1cbbbb,2026-09-23T23:50:55+00:00
401858304,,2026,12,2026-11-21 05:00:00+00:00,52,152,0.000,6.617,16.199,55.523,15.994,31.070,24.453,0.672,36,76,29,26,0.003,2.651,-0.204,-0.000,4.503,2.680,7.183,3.843,3.843,36,3,1.738,1.051,2.789,4.055,4.055,52,2,138,6a9b54205a2a,2026-09-23T23:26:21+00:00
401858305,,2026,12,2026-11-21 05:00:00+00:00,258,153,0.000,6.317,16.300,47.358,15.994,26.838,20.521,0.665,27,69,24,21,0.010,2.651,-0.989,-0.000,1.289,2.764,4.053,4.056,4.056,48,2,-2.867,2.947,0.080,4.050,4.050,64,2,138,530a6f1cbbbb,2026-09-23T23:50:55+00:00
401858305,,2026,12,2026-11-21 05:00:00+00:00,258,153,0.000,5.993,16.300,49.558,15.994,27.776,21.782,0.660,30,69,26,23,0.003,2.651,-0.989,-0.000,1.289,2.764,4.053,4.056,4.056,48,2,-2.867,2.947,0.080,4.050,4.050,64,2,138,6a9b54205a2a,2026-09-23T23:26:21+00:00
401858306,,2026,12,2026-11-21 05:00:00+00:00,97,221,0.000,3.918,16.189,52.918,15.994,28.418,24.500,0.605,31,75,31,24,0.009,2.651,-0.083,-0.000,7.339,2.392,9.731,4.051,4.051,28,2,2.275,6.388,8.663,3.824,3.824,31,3,138,530a6f1cbbbb,2026-09-23T23:50:55+00:00
401858306,,2026,12,2026-11-21 05:00:00+00:00,97,221,0.000,3.617,16.189,54.645,15.994,29.131,25.514,0.601,35,75,29,26,0.003,2.651,-0.083,-0.000,7.339,2.392,9.731,4.051,4.051,28,2,2.275,6.388,8.663,3.824,3.824,31,3,138,6a9b54205a2a,2026-09-23T23:26:21+00:00
401858307,,2026,12,2026-11-22 00:30:00+00:00,87,2567,0.000,15.944,16.187,53.219,15.994,34.582,18.637,0.846,33,74,31,24,0.008,2.651,0.072,-0.000,11.169,12.765,23.934,3.821,3.821,3,3,5.482,4.671,10.153,4.051,4.051,26,2,138,530a6f1cbbbb,2026-09-23T23:50:55+00:00
401858307,,2026,12,2026-11-22 00:30:00+00:00,87,2567,0.000,14.981,16.187,54.569,15.994,34.775,19.794,0.837,35,74,30,23,0.003,2.651,0.072,-0.000,11.169,12.765,23.934,3.821,3.821,3,3,5.482,4.671,10.153,4.051,4.051,26,2,138,6a9b54205a2a,2026-09-23T23:26:21+00:00
401858308,,2026,12,2026-11-21 05:00:00+00:00,25,24,0.000,6.875,16.210,52.424,15.994,29.650,22.774,0.674,31,74,31,24,0.009,2.651,0.953,-0.000,-1.439,-1.485,-2.924,4.080,4.080,76,2,-4.602,-2.516,-7.118,3.839,3.839,99,3,138,530a6f1cbbbb,2026-09-23T23:50:55+00:00
401858308,,2026,12,2026-11-21 05:00:00+00:00,25,24,0.000,6.390,16.210,54.150,15.994,30.270,23.880,0.668,34,74,28,25,0.003,2.651,0.953,-0.000,-1.439,-1.485,-2.924,4.080,4.080,76,2,-4.602,-2.516,-7.118,3.839,3.839,99,3,138,6a9b54205a2a,2026-09-23T23:26:21+00:00
401858309,,2026,12,2026-11-21 05:00:00+00:00,103,183,0.000,2.056,16.300,49.810,15.994,25.933,23.877,0.561,29,71,24,21,0.010,2.651,1.065,-0.000,-4.326,-2.150,-6.476,4.079,4.079,95,2,-4.886,-0.777,-5.664,4.026,4.026,89,2,138,530a6f1cbbbb,2026-09-23T23:50:55+00:00
401858309,,2026,12,2026-11-21 05:00:00+00:00,103,183,0.000,1.906,16.300,51.865,15.994,26.885,24.979,0.559,32,72,27,24,0.003,2.651,1.065,-0.000,-4.326,-2.150,-6.476,4.079,4.079,95,2,-4.886,-0.777,-5.664,4.026,4.026,89,2,138,6a9b54205a2a,2026-09-23T23:26:21+00:00
401858310,,2026,12,2026-11-21 05:00:00+00:00,59,154,0.000,0.731,16.205,51.303,15.994,26.017,25.286,0.528,31,73,27,24,0.009,2.651,0.266,-0.000,-0.809,1.152,0.343,4.084,4.084,63,2,1.102,1.481,2.582,3.825,3.825,53,3,138,530a6f1cbbbb,2026-09-23T23:50:55+00:00
401858310,,2026,12,2026-11-21 05:00:00+00:00,59,154,0.000,0.656,16.205,53.222,15.994,26.939,26.283,0.527,33,73,28,25,0.003,2.651,0.266,-0.000,-0.809,1.152,0.343,4.084,4.084,63,2,1.102,1.481,2.582,3.825,3.825,53,3,138,6a9b54205a2a,2026-09-23T23:26:21+00:00
401858527,,2026,12,2026-11-21 05:00:00+00:00,356,2294,0.000,-3.902,16.327,46.355,15.994,21.226,25.128,0.413,27,67,17,24,0.009,2.651,-2.510,-0.000,3.555,2.316,5.871,4.075,4.075,42,2,2.903,10.309,13.212,4.084,4.084,21,2,138,530a6f1cbbbb,2026-09-23T23:50:55+00:00
401858527,,2026,12,2026-11-21 05:00:00+00:00,356,2294,0.000,-3.763,16.327,48.688,15.994,22.463,26.226,0.414,29,69,22,25,0.003,2.651,-2.510,-0.000,3.555,2.316,5.871,4.075,4.075,42,2,2.903,10.309,13.212,4.084,4.084,21,2,138,6a9b54205a2a,2026-09-23T23:26:21+00:00
401858528,,2026,12,2026-11-21 05:00:00+00:00,130,26,0.000,10.350,16.081,50.675,15.994,30.512,20.163,0.751,30,72,31,24,0.009,2.651,-1.716,-0.000,4.798,9.788,14.586,3.821,3.821,18,3,5.332,1.198,6.530,3.824,3.824,39,3,138,530a6f1cbbbb,2026-09-23T23:50:55+00:00
401858528,,2026,12,2026-11-21 05:00:00+00:00,130,26,0.000,9.736,16.081,52.466,15.994,31.101,21.365,0.744,33,72,27,24,0.003,2.651,-1.716,-0.000,4.798,9.788,14.586,3.821,3.821,18,3,5.332,1.198,6.530,3.824,3.824,39,3,138,6a9b54205a2a,2026-09-23T23:26:21+00:00
401858529,,2026,12,2026-11-21 01:00:00+00:00,127,2483,0.000,-10.582,16.200,50.796,15.994,20.107,30.689,0.264,30,72,24,31,0.009,2.651,-1.001,-0.000,-1.295,4.238,2.943,3.814,3.814,51,3,10.241,6.751,16.992,4.084,4.084,9,2,138,530a6f1cbbbb,2026-09-23T23:50:55+00:00
401858529,,2026,12,2026-11-21 01:00:00+00:00,127,2483,0.000,-9.993,16.200,52.561,15.994,21.284,31.277,0.272,33,72,24,27,0.003,2.651,-1.001,-0.000,-1.295,4.238,2.943,3.814,3.814,51,3,10.241,6.751,16.992,4.084,4.084,9,2,138,6a9b54205a2a,2026-09-23T23:26:21+00:00
401858530,,2026,12,2026-11-21 05:00:00+00:00,135,77,0.000,-1.987,16.419,45.960,15.994,21.986,23.973,0.460,26,67,24,21,0.009,2.651,-2.940,-0.000,-0.007,4.032,4.025,4.027,4.027,49,2,3.660,5.607,9.267,4.309,4.309,29,1,138,530a6f1cbbbb,2026-09-23T23:50:55+00:00
401858530,,2026,12,2026-11-21 05:00:00+00:00,135,77,0.000,-1.934,16.419,48.348,15.994,23.207,25.141,0.461,29,68,25,22,0.003,2.651,-2.940,-0.000,-0.007,4.032,4.025,4.027,4.027,49,2,3.660,5.607,9.267,4.309,4.309,29,1,138,6a9b54205a2a,2026-09-23T23:26:21+00:00
401858531,,2026,12,2026-11-21 05:00:00+00:00,158,194,0.000,-13.763,16.201,52.577,15.994,19.407,33.170,0.206,32,73,24,31,0.008,2.651,-2.236,-0.000,6.751,3.299,10.050,4.080,4.080,27,2,13.138,14.029,27.167,3.821,3.821,1,3,138,530a6f1cbbbb,2026-09-23T23:50:55+00:00
401858531,,2026,12,2026-11-21 05:00:00+00:00,158,194,0.000,-12.948,16.201,54.069,15.994,20.560,33.509,0.215,35,74,23,30,0.003,2.651,-2.236,-0.000,6.751,3.299,10.050,4.080,4.080,27,2,13.138,14.029,27.167,3.821,3.821,1,3,138,6a9b54205a2a,2026-09-23T23:26:21+00:00
401858532,,2026,12,2026-11-21 05:00:00+00:00,213,164,0.000,21.629,16.075,53.541,15.994,37.585,15.956,0.918,34,73,38,10,0.010,2.651,-0.998,-0.000,5.889,9.330,15.220,3.821,3.821,15,3,-0.757,-4.047,-4.804,3.821,3.821,84,3,138,530a6f1cbbbb,2026-09-23T23:50:55+00:00
401858532,,2026,12,2026-11-21 05:00:00+00:00,213,164,0.000,20.508,16.075,54.609,15.994,37.558,17.050,0.911,36,74,40,12,0.003,2.651,-0.998,-0.000,5.889,9.330,15.220,3.821,3.821,15,3,-0.757,-4.047,-4.804,3.821,3.821,84,3,138,6a9b54205a2a,2026-09-23T23:26:21+00:00
401858533,,2026,12,2026-11-21 05:00:00+00:00,2509,275,0.000,-4.652,16.280,55.426,15.994,25.387,30.039,0.399,34,77,24,31,0.009,2.651,-1.582,-0.000,2.367,-5.278,-2.911,4.021,4.021,75,2,2.295,2.477,4.772,4.042,4.042,46,2,138,530a6f1cbbbb,2026-09-23T23:50:55+00:00
401858533,,2026,12,2026-11-21 05:00:00+00:00,2509,275,0.000,-4.314,16.280,56.870,15.994,26.278,30.592,0.404,37,77,27,30,0.003,2.651,-1.582,-0.000,2.367,-5.278,-2.911,4.021,4.021,75,2,2.295,2.477,4.772,4.042,4.042,46,2,138,6a9b54205a2a,2026-09-23T23:26:21+00:00
401858534,,2026,12,2026-11-21 05:00:00+00:00,30,120,0.000,15.948,16.097,56.934,15.994,36.441,20.493,0.844,37,78,31,24,0.008,2.651,0.406,-0.000,10.771,4.665,15.436,3.641,3.641,13,4,0.635,1.510,2.145,4.031,4.031,58,2,138,530a6f1cbbbb,2026-09-23T23:50:55+00:00
401858534,,2026,12,2026-11-21 05:00:00+00:00,30,120,0.000,14.844,16.097,57.991,15.994,36.418,21.573,0.833,38,78,32,25,0.003,2.651,0.406,-0.000,10.771,4.665,15.436,3.641,3.641,13,4,0.635,1.510,2.145,4.031,4.031,58,2,138,6a9b54205a2a,2026-09-23T23:26:21+00:00
401858535,,2026,12,2026-11-21 05:00:00+00:00,264,84,0.000,-6.434,16.312,43.553,15.994,18.559,24.994,0.349,24,64,17,24,0.010,2.651,-2.093,-0.000,2.120,9.049,11.169,4.084,4.084,25,2,8.097,13.515,21.612,4.045,4.045,6,2,138,530a6f1cbbbb,2026-09-23T23:50:55+00:00
401858535,,2026,12,2026-11-21 05:00:00+00:00,264,84,0.000,-6.289,16.312,46.030,15.994,19.870,26.160,0.351,27,66,21,24,0.003,2.651,-2.093,-0.000,2.120,9.049,11.169,4.084,4.084,25,2,8.097,13.515,21.612,4.045,4.045,6,2,138,6a9b54205a2a,2026-09-23T23:26:21+00:00
401860918,,2026,12,2026-11-22 00:30:00+00:00,278,36,0.000,10.215,16.188,48.332,15.994,29.274,19.059,0.750,28,69,24,17,0.009,2.651,-1.044,-0.000,-2.718,4.274,1.556,3.811,3.811,59,3,-2.916,-3.736,-6.652,4.055,4.055,98,2,138,530a6f1cbbbb,2026-09-23T23:50:55+00:00
401860918,,2026,12,2026-11-22 00:30:00+00:00,278,36,0.000,9.701,16.188,50.321,15.994,30.011,20.310,0.743,31,70,26,23,0.003,2.651,-1.044,-0.000,-2.718,4.274,1.556,3.811,3.811,59,3,-2.916,-3.736,-6.652,4.055,4.055,98,2,138,6a9b54205a2a,2026-09-23T23:26:21+00:00
401860919,,2026,12,2026-11-22 03:30:00+00:00,204,328,0.000,2.176,16.311,51.161,15.994,26.668,24.492,0.563,30,73,24,21,0.009,2.651,1.061,-0.000,-1.613,-1.538,-3.151,4.084,4.084,78,2,-3.192,0.755,-2.437,4.032,4.032,71,2,138,530a6f1cbbbb,2026-09-23T23:50:55+00:00
401860919,,2026,12,2026-11-22 03:30:00+00:00,204,328,0.000,2.007,16.311,53.081,15.994,27.544,25.537,0.561,33,73,28,25,0.003,2.651,1.061,-0.000,-1.613,-1.538,-3.151,4.084,4.084,78,2,-3.192,0.755,-2.437,4.032,4.032,71,2,138,6a9b54205a2a,2026-09-23T23:26:21+00:00
401860920,,2026,12,2026-11-21 23:00:00+00:00,326,265,0.000,0.922,16.205,53.313,15.994,27.118,26.196,0.533,32,75,27,24,0.009,2.651,-1.412,-0.000,2.545,-5.498,-2.952,3.816,3.816,77,3,-2.525,1.623,-0.902,4.084,4.084,67,2,138,530a6f1cbbbb,2026-09-23T23:50:55+00:00
401860920,,2026,12,2026-11-21 23:00:00+00:00,326,265,0.000,0.829,16.205,55.020,15.994,27.924,27.096,0.531,35,75,29,26,0.003,2.651,-1.412,-0.000,2.545,-5.498,-2.952,3.816,3.816,77,3,-2.525,1.623,-0.902,4.084,4.084,67,2,138,6a9b54205a2a,2026-09-23T23:26:21+00:00
401860925,,2026,12,2026-11-22 02:30:00+00:00,68,21,0.000,9.755,16.301,49.072,15.994,29.413,19.658,0.738,29,70,24,17,0.009,2.651,-0.874,-0.000,3.859,3.292,7.151,4.079,4.079,37,2,-3.054,2.595,-0.459,4.027,4.027,65,2,138,530a6f1cbbbb,2026-09-23T23:50:55+00:00
401860925,,2026,12,2026-11-22 02:30:00+00:00,68,21,0.000,9.224,16.301,51.013,15.994,30.118,20.895,0.732,31,71,26,23,0.003,2.651,-0.874,-0.000,3.859,3.292,7.151,4.079,4.079,37,2,-3.054,2.595,-0.459,4.027,4.027,65,2,138,6a9b54205a2a,2026-09-23T23:26:21+00:00
401861968,,2026,12,2026-11-21 20:30:00+00:00,41,295,0.000,-5.637,16.270,53.563,15.994,23.963,29.600,0.375,33,75,24,31,0.009,2.651,0.451,-0.000,-5.099,-7.935,-13.034,4.031,4.031,119,2,-3.160,-1.119,-4.279,4.026,4.026,83,2,138,530a6f1cbbbb,2026-09-23T23:50:55+00:00
401861968,,2026,12,2026-11-21 20:30:00+00:00,41,295,0.000,-5.257,16.270,55.192,15.994,24.968,30.224,0.380,35,75,26,29,0.003,2.651,0.451,-0.000,-5.099,-7.935,-13.034,4.031,4.031,119,2,-3.160,-1.119,-4.279,4.026,4.026,83,2,138,6a9b54205a2a,2026-09-23T23:26:21+00:00
401862830,,2026,12,2026-11-20 00:30:00+00:00,218,242,0.000,11.354,16.274,52.026,15.994,31.690,20.336,0.767,31,73,31,24,0.009,2.651,-3.670,-0.000,-0.329,-5.034,-5.363,4.027,4.027,87,2,-7.202,-7.158,-14.360,4.027,4.027,125,2,138,530a6f1cbbbb,2026-09-23T23:50:55+00:00
401862830,,2026,12,2026-11-20 00:30:00+00:00,218,242,0.000,10.632,16.274,53.654,15.994,32.143,21.511,0.759,34,74,28,25,0.003,2.651,-3.670,-0.000,-0.329,-5.034,-5.363,4.027,4.027,87,2,-7.202,-7.158,-14.360,4.027,4.027,125,2,138,6a9b54205a2a,2026-09-23T23:26:21+00:00
401862831,,2026,12,2026-11-21 17:00:00+00:00,349,151,0.000,-0.054,16.336,49.024,15.994,24.485,24.539,0.509,28,70,24,21,0.009,2.651,-1.324,-0.000,-3.175,-2.719,-5.894,4.339,4.339,91,1,-2.896,0.074,-2.823,3.821,3.821,74,3,138,530a6f1cbbbb,2026-09-23T23:50:55+00:00
401862831,,2026,12,2026-11-21 17:00:00+00:00,349,151,0.000,-0.080,16.336,51.159,15.994,25.540,25.619,0.508,31,71,27,24,0.003,2.651,-1.324,-0.000,-3.175,-2.719,-5.894,4.339,4.339,91,1,-2.896,0.074,-2.823,3.821,3.821,74,3,138,6a9b54205a2a,2026-09-23T23:26:21+00:00
401862832,,2026,12,2026-11-21 05:00:00+00:00,202,2429,0.000,11.687,16.303,50.372,15.994,31.029,19.343,0.775,30,71,31,24,0.009,2.651,0.288,-0.000,-5.086,-1.297,-6.383,4.084,4.084,94,2,-8.694,-7.257,-15.951,4.026,4.026,130,2,138,530a6f1cbbbb,2026-09-23T23:50:55+00:00
401862832,,2026,12,2026-11-21 05:00:00+00:00,202,2429,0.000,11.018,16.303,52.128,15.994,31.573,20.555,0.767,33,72,27,24,0.003,2.651,0.288,-0.000,-5.086,-1.297,-6.383,4.084,4.084,94,2,-8.694,-7.257,-15.951,4.026,4.026,130,2,138,6a9b54205a2a,2026-09-23T23:26:21+00:00
401862833,,2026,12,2026-11-21 05:00:00+00:00,2226,58,0.000,-2.768,16.173,57.753,15.994,27.493,30.261,0.443,37,79,24,31,0.009,2.651,3.043,-0.000,-2.281,-7.179,-9.461,3.825,3.825,110,3,-2.685,-1.027,-3.711,4.086,4.086,81,2,138,530a6f1cbbbb,2026-09-23T23:50:55+00:00
401862833,,2026,12,2026-11-21 05:00:00+00:00,2226,58,0.000,-2.562,16.173,58.952,15.994,28.195,30.757,0.446,39,79,31,28,0.003,2.651,3.043,-0.000,-2.281,-7.179,-9.461,3.825,3.825,110,3,-2.685,-1.027,-3.711,4.086,4.086,81,2,138,6a9b54205a2a,2026-09-23T23:26:21+00:00
401862834,,2026,12,2026-11-21 17:00:00+00:00,2426,235,0.000,-4.370,16.356,52.512,15.994,24.071,28.441,0.405,31,74,24,31,0.009,2.651,-1.836,-0.000,-3.833,-4.721,-8.555,4.333,4.333,107,1,0.595,-1.638,-1.042,3.872,3.872,69,3,138,530a6f1cbbbb,2026-09-23T23:50:55+00:00
401862834,,2026,12,2026-11-21 17:00:00+00:00,2426,235,0.000,-4.092,16.356,54.266,15.994,25.087,29.179,0.409,34,74,25,28,0.003,2.651,-1.836,-0.000,-3.833,-4.721,-8.555,4.333,4.333,107,1,0.595,-1.638,-1.042,3.872,3.872,69,3,138,6a9b54205a2a,2026-09-23T23:26:21+00:00
401862835,,2026,12,2026-11-21 05:00:00+00:00,2655,249,0.000,5.059,16.072,55.055,15.994,30.057,24.998,0.632,34,77,31,24,0.010,2.651,0.380,-0.000,-3.733,1.009,-2.724,3.821,3.821,73,3,1.661,-6.560,-4.900,3.816,3.816,85,3,138,530a6f1cbbbb,2026-09-23T23:50:55+00:00
401862835,,2026,12,2026-11-21 05:00:00+00:00,2655,249,0.000,4.651,16.072,56.543,15.994,30.597,25.946,0.626,37,77,30,27,0.003,2.651,0.380,-0.000,-3.733,1.009,-2.724,3.821,3.821,73,3,1.661,-6.560,-4.900,3.816,3.816,85,3,138,6a9b54205a2a,2026-09-23T23:26:21+00:00
401862836,,2026,12,2026-11-21 05:00:00+00:00,5,2636,0.000,-7.463,16.179,51.397,15.994,21.967,29.430,0.331,31,73,24,31,0.009,2.651,-0.578,-0.000,-4.258,-4.228,-8.486,3.824,3.824,106,3,0.542,1.729,2.272,4.021,4.021,56,2,138,530a6f1cbbbb,2026-09-23T23:50:55+00:00
401862836,,2026,12,2026-11-21 05:00:00+00:00,5,2636,0.000,-7.019,16.179,53.207,15.994,23.094,30.113,0.337,33,73,25,28,0.003,2.651,-0.578,-0.000,-4.258,-4.228,-8.486,3.824,3.824,106,3,0.542,1.729,2.272,4.021,4.021,56,2,138,6a9b54205a2a,2026-09-23T23:26:21+00:00
401864541,,2026,12,2026-11-21 05:00:00+00:00,2440,62,0.000,3.268,16.209,49.388,15.994,26.328,23.060,0.591,29,71,24,21,0.010,2.651,-0.669,-0.000,-5.077,-2.506,-7.583,4.051,4.051,102,2,-4.760,-3.325,-8.085,3.868,3.868,104,3,138,530a6f1cbbbb,2026-09-23T23:50:55+00:00
401864541,,2026,12,2026-11-21 05:00:00+00:00,2440,62,0.000,3.053,16.209,51.476,15.994,27.265,24.211,0.588,32,71,27,24,0.003,2.651,-0.669,-0.000,-5.077,-2.506,-7.583,4.051,4.051,102,2,-4.760,-3.325,-8.085,3.868,3.868,104,3,138,6a9b54205a2a,2026-09-23T23:26:21+00:00
401864542,,2026,12,2026-11-22 02:00:00+00:00,2751,167,0.000,-11.726,16.259,44.762,15.994,16.518,28.244,0.234,25,65,17,24,0.010,2.651,-2.278,-0.000,-10.041,-4.059,-14.100,4.056,4.056,123,2,-1.531,3.708,2.177,4.050,4.050,57,2,138,530a6f1cbbbb,2026-09-23T23:50:55+00:00
401864542,,2026,12,2026-11-22 02:00:00+00:00,2751,167,0.000,-11.400,16.259,46.934,15.994,17.767,29.167,0.238,28,66,19,26,0.003,2.651,-2.278,-0.000,-10.041,-4.059,-14.100,4.056,4.056,123,2,-1.531,3.708,2.177,4.050,4.050,57,2,138,6a9b54205a2a,2026-09-23T23:26:21+00:00
401864543,,2026,12,2026-11-21 21:00:00+00:00,2449,2459,0.000,17.427,16.189,51.496,15.994,34.461,17.035,0.869,31,72,38,10,0.009,2.651,-0.782,1.009,0.436,2.009,2.446,3.822,3.822,54,3,-8.195,-5.084,-13.280,4.055,4.055,120,2,138,530a6f1cbbbb,2026-09-23T23:50:55+00:00
401864543,,2026,12,2026-11-21 21:00:00+00:00,2449,2459,0.000,16.508,16.189,52.901,15.994,34.704,18.197,0.861,34,72,29,22,0.002,2.651,-0.782,1.009,0.436,2.009,2.446,3.822,3.822,54,3,-8.195,-5.084,-13.280,4.055,4.055,120,2,138,6a9b54205a2a,2026-09-23T23:26:21+00:00
401864544,,2026,12,2026-11-22 00:00:00+00:00,23,2439,0.000,-1.996,16.104,50.377,15.994,24.191,26.186,0.460,30,72,24,21,0.009,2.651,1.381,-0.000,-5.955,-5.135,-11.090,3.831,3.831,117,3,-5.501,-0.474,-5.976,3.864,3.864,92,3,138,530a6f1cbbbb,2026-09-23T23:50:55+00:00
401864544,,2026,12,2026-11-22 00:00:00+00:00,23,2439,0.000,-1.900,16.104,52.387,15.994,25.243,27.144,0.462,33,73,27,24,0.003,2.651,1.381,-0.000,-5.955,-5.135,-11.090,3.831,3.831,117,3,-5.501,-0.474,-5.976,3.864,3.864,92,3,138,6a9b54205a2a,2026-09-23T23:26:21+00:00
401864545,,2026,12,2026-11-21 01:00:00+00:00,2005,2638,0.000,12.503,16.445,56.091,15.994,34.297,21.794,0.783,35,77,31,24,0.009,2.651,-1.655,-0.000,-2.246,-6.175,-8.421,4.333,4.333,105,1,-7.127,-11.093,-18.220,4.045,4.045,134,2,138,530a6f1cbbbb,2026-09-23T23:50:55+00:00
401864545,,2026,12,2026-11-21 01:00:00+00:00,2005,2638,0.000,11.573,16.445,57.310,15.994,34.441,22.868,0.772,37,77,30,27,0.003,2.651,-1.655,-0.000,-2.246,-6.175,-8.421,4.333,4.333,105,1,-7.127,-11.093,-18.220,4.045,4.045,134,2,138,6a9b54205a2a,2026-09-23T23:26:21+00:00
401866464,,2026,12,2026-11-18 00:00:00+00:00,195,2050,0.000,17.046,16.187,54.361,15.994,35.704,18.658,0.861,34,75,38,10,0.008,2.651,-2.039,-0.000,-1.731,-4.864,-6.596,3.820,3.820,97,3,-9.928,-11.467,-21.395,4.051,4.051,137,2,138,530a6f1cbbbb,2026-09-23T23:50:55+00:00
401866464,,2026,12,2026-11-18 00:00:00+00:00,195,2050,0.000,15.992,16.187,55.579,15.994,35.785,19.794,0.851,36,75,31,24,0.002,2.651,-2.039,-0.000,-1.731,-4.864,-6.596,3.820,3.820,97,3,-9.928,-11.467,-21.395,4.051,4.051,137,2,138,6a9b54205a2a,2026-09-23T23:26:21+00:00
401866465,,2026,12,2026-11-18 00:00:00+00:00,2711,2199,0.000,17.455,16.104,48.908,15.994,33.181,15.727,0.874,29,69,38,10,0.009,2.651,-2.153,-0.000,-1.829,3.287,1.458,4.051,4.051,60,2,-7.620,-7.241,-14.862,3.644,3.644,127,4,138,530a6f1cbbbb,2026-09-23T23:50:55+00:00
401866465,,2026,12,2026-11-18 00:00:00+00:00,2711,2199,0.000,16.702,16.104,50.485,15.994,33.594,16.891,0.868,32,70,28,21,0.002,2.651,-2.153,-0.000,-1.829,3.287,1.458,4.051,4.051,60,2,-7.620,-7.241,-14.862,3.644,3.644,127,4,138,6a9b54205a2a,2026-09-23T23:26:21+00:00
401866466,,2026,12,2026-11-18 00:00:00+00:00,2309,193,0.000,-8.829,16.298,52.548,15.994,21.859,30.689,0.304,31,73,24,31,0.009,2.651,-3.153,-0.000,-9.665,-11.711,-21.376,4.050,4.050,136,2,-3.170,-6.136,-9.306,4.051,4.051,109,2,138,530a6f1cbbbb,2026-09-23T23:50:55+00:00
401866466,,2026,12,2026-11-18 00:00:00+00:00,2309,193,0.000,-8.268,16.298,54.206,15.994,22.969,31.237,0.311,34,74,25,28,0.003,2.651,-3.153,-0.000,-9.665,-11.711,-21.376,4.050,4.050,136,2,-3.170,-6.136,-9.306,4.051,4.051,109,2,138,6a9b54205a2a,2026-09-23T23:26:21+00:00
401866467,,2026,12,2026-11-18 05:00:00+00:00,113,2006,0.000,-5.189,16.459,50.167,15.994,22.489,27.678,0.385,30,72,24,31,0.009,2.651,-1.526,-0.000,-12.032,-10.732,-22.764,4.363,4.363,138,1,-7.217,-7.058,-14.275,4.051,4.051,124,2,138,530a6f1cbbbb,2026-09-23T23:50:55+00:00
401866467,,2026,12,2026-11-18 05:00:00+00:00,113,2006,0.000,-4.902,16.459,52.132,15.994,23.615,28.517,0.389,32,72,24,27,0.003,2.651,-1.526,-0.000,-12.032,-10.732,-22.764,4.363,4.363,138,1,-7.217,-7.058,-14.275,4.051,4.051,124,2,138,6a9b54205a2a,2026-09-23T23:26:21+00:00
401866468,,2026,12,2026-11-21 00:30:00+00:00,2649,189,0.000,18.831,16.289,55.318,15.994,37.074,18.244,0.882,35,76,38,10,0.008,2.651,-1.221,-0.000,0.586,-4.164,-3.578,4.050,4.050,79,2,-10.217,-9.961,-20.178,4.031,4.031,135,2,138,530a6f1cbbbb,2026-09-23T23:50:55+00:00
401866468,,2026,12,2026-11-21 00:30:00+00:00,2649,189,0.000,17.668,16.289,56.397,15.994,37.033,19.364,0.873,37,76,31,24,0.002,2.651,-1.221,-0.000,0.586,-4.164,-3.578,4.050,4.050,79,2,-10.217,-9.961,-20.178,4.031,4.031,135,2,138,6a9b54205a2a,2026-09-23T23:26:21+00:00
401866469,,2026,12,2026-11-18 05:00:00+00:00,2084,2117,0.000,-2.065,16.286,49.456,15.994,23.696,25.761,0.459,29,71,24,21,0.009,2.651,-0.998,-0.000,-6.763,-8.157,-14.919,4.021,4.021,128,2,-7.200,-2.505,-9.705,4.056,4.056,111,2,138,530a6f1cbbbb,2026-09-23T23:50:55+00:00
401866469,,2026,12,2026-11-18 05:00:00+00:00,2084,2117,0.000,-1.973,16.286,51.544,15.994,24.785,26.759,0.460,32,72,27,24,0.003,2.651,-0.998,-0.000,-6.763,-8.157,-14.919,4.021,4.021,128,2,-7.200,-2.505,-9.705,4.056,4.056,111,2,138,6a9b54205a2a,2026-09-23T23:26:21+00:00
401869929,,2026,12,2026-11-21 05:00:00+00:00,2026,2433,0.000,13.348,16.298,53.815,15.994,33.581,20.234,0.802,33,75,31,24,0.009,2.651,-0.003,-0.000,-3.638,-3.571,-7.209,4.026,4.026,100,2,-8.541,-9.587,-18.129,4.075,4.075,133,2,138,530a6f1cbbbb,2026-09-23T23:50:55+00:00
401869929,,2026,12,2026-11-21 05:00:00+00:00,2026,2433,0.000,12.459,16.298,55.215,15.994,33.837,21.378,0.792,36,75,29,26,0.003,2.651,-0.003,-0.000,-3.638,-3.571,-7.209,4.026,4.026,100,2,-8.541,-9.587,-18.129,4.075,4.075,133,2,138,6a9b54205a2a,2026-09-23T23:26:21+00:00
401869938,,2026,12,2026-11-21 05:00:00+00:00,2348,2032,0.000,7.114,16.287,54.018,15.994,30.566,23.452,0.678,33,76,31,24,0.009,2.651,0.592,-0.000,-2.655,-3.483,-6.138,4.027,4.027,93,2,-5.054,-5.432,-10.486,4.051,4.051,115,2,138,530a6f1cbbbb,2026-09-23T23:50:55+00:00
401869938,,2026,12,2026-11-21 05:00:00+00:00,2348,2032,0.000,6.576,16.287,55.574,15.994,31.075,24.499,0.670,36,76,29,26,0.003,2.651,0.592,-0.000,-2.655,-3.483,-6.138,4.027,4.027,93,2,-5.054,-5.432,-10.486,4.051,4.051,115,2,138,6a9b54205a2a,2026-09-23T23:26:21+00:00
401869946,,2026,12,2026-11-21 05:00:00+00:00,309,324,0.000,8.760,16.284,52.903,15.994,30.832,22.072,0.714,32,74,31,24,0.009,2.651,0.158,-0.000,-0.957,-2.893,-3.850,4.018,4.018,82,2,-6.015,-3.986,-10.001,4.055,4.055,113,2,138,530a6f1cbbbb,2026-09-23T23:50:55+00:00
401869946,,2026,12,2026-11-21 05:00:00+00:00,309,324,0.000,8.147,16.284,54.532,15.994,31.339,23.192,0.706,35,75,28,25,0.003,2.651,0.158,-0.000,-0.957,-2.893,-3.850,4.018,4.018,82,2,-6.015,-3.986,-10.001,4.055,4.055,113,2,138,6a9b54205a2a,2026-09-23T23:26:21+00:00
401869953,,2026,12,2026-11-21 05:00:00+00:00,2653,290,0.000,6.682,16.286,50.256,15.994,28.469,21.787,0.671,30,72,24,21,0.009,2.651,-0.293,-0.000,-4.007,-1.065,-5.072,4.055,4.055,86,2,-4.898,-4.312,-9.211,4.021,4.021,108,2,138,530a6f1cbbbb,2026-09-23T23:50:55+00:00
401869953,,2026,12,2026-11-21 05:00:00+00:00,2653,290,0.000,6.260,16.286,52.191,15.994,29.225,22.966,0.665,33,72,27,24,0.003,2.651,-0.293,-0.000,-4.007,-1.065,-5.072,4.055,4.055,86,2,-4.898,-4.312,-9.211,4.021,4.021,108,2,138,6a9b54205a2a,2026-09-23T23:26:21+00:00
401869958,,2026,12,2026-11-21 05:00:00+00:00,276,2247,0.000,6.641,16.177,57.195,15.994,31.918,25.277,0.667,36,79,31,24,0.009,2.651,0.378,-0.000,-2.567,-4.769,-7.336,3.821,3.821,101,3,-3.207,-7.840,-11.047,4.031,4.031,116,2,138,530a6f1cbbbb,2026-09-23T23:50:55+00:00
401869958,,2026,12,2026-11-21 05:00:00+00:00,276,2247,0.000,6.084,16.177,58.422,15.994,32.253,26.169,0.659,38,79,31,28,0.003,2.651,0.378,-0.000,-2.567,-4.769,-7.336,3.821,3.821,101,3,-3.207,-7.840,-11.047,4.031,4.031,116,2,138,6a9b54205a2a,2026-09-23T23:26:21+00:00
401871077,,2026,12,2026-11-21 20:00:00+00:00,166,48,0.000,-5.190,16.301,52.822,15.994,23.816,29.006,0.385,31,74,24,31,0.009,2.651,0.614,-0.000,-7.998,-6.849,-14.847,4.075,4.075,126,2,-3.025,-3.486,-6.511,4.032,4.032,96,2,138,530a6f1cbbbb,2026-09-23T23:50:55+00:00
401871077,,2026,12,2026-11-21 20:00:00+00:00,166,48,0.000,-4.853,16.301,54.533,15.994,24.840,29.693,0.390,35,75,25,28,0.003,2.651,0.614,-0.000,-7.998,-6.849,-14.847,4.075,4.075,126,2,-3.025,-3.486,-6.511,4.032,4.032,96,2,138,6a9b54205a2a,2026-09-23T23:26:21+00:00
401871078,,2026,12,2026-11-21 20:00:00+00:00,338,2229,0.000,-0.782,16.177,47.574,15.994,23.396,24.178,0.490,27,69,24,21,0.010,2.651,0.691,-0.000,-8.233,-5.360,-13.593,4.031,4.031,122,2,-8.116,-1.607,-9.722,3.820,3.820,112,3,138,530a6f1cbbbb,2026-09-23T23:50:55+00:00
401871078,,2026,12,2026-11-21 20:00:00+00:00,338,2229,0.000,-0.772,16.177,49.849,15.994,24.539,25.311,0.490,30,70,26,23,0.003,2.651,0.691,-0.000,-8.233,-5.360,-13.593,4.031,4.031,122,2,-8.116,-1.607,-9.722,3.820,3.820,112,3,138,6a9b54205a2a,2026-09-23T23:26:21+00:00
401871079,,2026,12,2026-11-21 19:00:00+00:00,55,2623,0.000,10.651,16.182,53.332,15.994,31.991,21.341,0.753,33,75,31,24,0.009,2.651,0.186,-0.000,-3.943,-3.922,-7.865,3.817,3.817,103,3,-7.811,-8.161,-15.971,4.046,4.046,131,2,138,530a6f1cbbbb,2026-09-23T23:50:55+00:00
401871079,,2026,12,2026-11-21 19:00:00+00:00,55,2623,0.000,9.921,16.182,54.868,15.994,32.395,22.473,0.745,35,75,29,26,0.003,2.651,0.186,-0.000,-3.943,-3.922,-7.865,3.817,3.817,103,3,-7.811,-8.161,-15.971,4.046,4.046,131,2,138,6a9b54205a2a,2026-09-23T23:26:21+00:00
401871080,,2026,12,2026-11-21 18:00:00+00:00,2335,98,0.000,9.527,16.191,56.451,15.994,32.989,23.462,0.728,35,78,31,24,0.009,2.651,0.189,-0.000,-1.397,-2.195,-3.593,4.055,4.055,80,2,-2.692,-7.597,-10.288,3.825,3.825,114,3,138,530a6f1cbbbb,2026-09-23T23:50:55+00:00
401871080,,2026,12,2026-11-21 18:00:00+00:00,2335,98,0.000,8.780,16.191,57.710,15.994,33.245,24.465,0.719,38,78,30,27,0.003,2.651,0.189,-0.000,-1.397,-2.195,-3.593,4.055,4.055,80,2,-2.692,-7.597,-10.288,3.825,3.825,114,3,138,6a9b54205a2a,2026-09-23T23:26:21+00:00
401871081,,2026,12,2026-11-21 19:00:00+00:00,2534,2393,0.000,-1.561,16.303,51.591,15.994,25.015,26.576,0.472,31,73,27,24,0.009,2.651,-0.732,-0.000,-8.242,-7.801,-16.043,4.084,4.084,132,2,-5.570,-5.838,-11.408,4.027,4.027,118,2,138,530a6f1cbbbb,2026-09-23T23:50:55+00:00
401871081,,2026,12,2026-11-21 19:00:00+00:00,2534,2393,0.000,-1.483,16.303,53.471,15.994,25.994,27.477,0.473,33,74,28,25,0.003,2.651,-0.732,-0.000,-8.242,-7.801,-16.043,4.084,4.084,132,2,-5.570,-5.838,-11.408,4.027,4.027,118,2,138,6a9b54205a2a,2026-09-23T23:26:21+00:00
401871101,,2026,12,2026-11-21 05:00:00+00:00,2572,6,0.000,-7.342,16.272,59.275,15.994,25.967,33.309,0.339,38,81,24,31,0.009,2.651,0.924,-0.000,-5.989,-9.841,-15.830,4.027,4.027,129,2,-0.162,-5.468,-5.630,4.021,4.021,88,2,138,530a6f1cbbbb,2026-09-23T23:50:55+00:00
401871101,,2026,12,2026-11-21 05:00:00+00:00,2572,6,0.000,-6.751,16.272,60.264,15.994,26.756,33.507,0.347,40,81,28,31,0.003,2.651,0.924,-0.000,-5.989,-9.841,-15.830,4.027,4.027,129,2,-0.162,-5.468,-5.630,4.021,4.021,88,2,138,6a9b54205a2a,2026-09-23T23:26:21+00:00
401856756,,2026,13,2026-11-28 00:30:00+00:00,245,251,0.000,-1.995,16.079,51.771,15.994,24.888,26.883,0.461,31,73,27,24,0.009,2.651,0.217,-0.000,9.790,8.393,18.183,3.824,3.824,8,3,10.189,13.075,23.265,3.817,3.817,4,3,138,530a6f1cbbbb,2026-09-23T23:50:55+00:00
401856756,,2026,13,2026-11-28 00:30:00+00:00,245,251,0.000,-1.889,16.079,53.641,15.994,25.876,27.765,0.462,34,74,28,25,0.003,2.651,0.217,-0.000,9.790,8.393,18.183,3.824,3.824,8,3,10.189,13.075,23.265,3.817,3.817,4,3,138,6a9b54205a2a,2026-09-23T23:26:21+00:00
401856757,,2026,13,2026-11-28 05:00:00+00:00,333,2,0.000,15.788,16.075,55.798,15.994,35.793,20.005,0.843,35,76,31,24,0.008,2.651,0.898,-0.000,13.271,8.377,21.648,3.817,3.817,5,3,2.962,5.434,8.396,3.825,3.825,34,3,138,530a6f1cbbbb,2026-09-23T23:50:55+00:00
401856757,,2026,13,2026-11-28 05:00:00+00:00,333,2,0.000,14.732,16.075,56.953,15.994,35.842,21.111,0.832,37,77,32,25,0.003,2.651,0.898,-0.000,13.271,8.377,21.648,3.817,3.817,5,3,2.962,5.434,8.396,3.825,3.825,34,3,138,6a9b54205a2a,2026-09-23T23:26:21+00:00
401856758,,2026,13,2026-11-28 05:00:00+00:00,8,99,0.000,-15.379,16.175,54.849,15.994,19.735,35.114,0.180,34,76,24,31,0.008,2.651,0.669,-0.000,-0.202,-2.422,-2.624,4.031,4.031,72,2,7.395,8.450,15.846,3.817,3.817,12,3,138,530a6f1cbbbb,2026-09-23T23:50:55+00:00
401856758,,2026,13,2026-11-28 05:00:00+00:00,8,99,0.000,-14.396,16.175,56.096,15.994,20.850,35.246,0.190,37,76,24,31,0.003,2.651,0.669,-0.000,-0.202,-2.422,-2.624,4.031,4.031,72,2,7.395,8.450,15.846,3.817,3.817,12,3,138,6a9b54205a2a,2026-09-23T23:26:21+00:00
401856759,,2026,13,2026-11-27 20:30:00+00:00,52,57,0.000,-5.022,16.195,58.177,15.994,26.578,31.600,0.391,37,80,24,31,0.009,2.651,-0.122,-0.000,4.503,2.680,7.183,3.843,3.843,36,3,11.339,3.809,15.148,4.046,4.046,16,2,138,530a6f1cbbbb,2026-09-23T23:50:55+00:00
401856759,,2026,13,2026-11-27 20:30:00+00:00,52,57,0.000,-4.628,16.195,59.312,15.994,27.342,31.970,0.396,39,80,28,31,0.003,2.651,-0.122,-0.000,4.503,2.680,7.183,3.843,3.843,36,3,11.339,3.809,15.148,4.046,4.046,16,2,138,6a9b54205a2a,2026-09-23T23:26:21+00:00
401856760,,2026,13,2026-11-28 05:00:00+00:00,61,59,0.000,26.320,16.303,56.254,15.994,41.287,14.967,0.953,37,76,38,10,0.010,2.651,-1.112,-0.000,15.361,9.901,25.262,4.027,4.027,2,2,-0.809,1.152,0.343,4.084,4.084,63,2,138,530a6f1cbbbb,2026-09-23T23:50:55+00:00
401856760,,2026,13,2026-11-28 05:00:00+00:00,61,59,0.000,24.979,16.303,56.993,15.994,40.986,16.007,0.947,38,76,41,13,0.003,2.651,-1.112,-0.000,15.361,9.901,25.262,4.027,4.027,2,2,-0.809,1.152,0.343,4.084,4.084,63,2,138,6a9b54205a2a,2026-09-23T23:26:21+00:00
401856761,,2026,13,2026-11-28 05:00:00+00:00,96,97,0.000,-1.074,16.283,53.366,15.994,26.146,27.220,0.484,32,75,27,24,0.009,2.651,-1.150,-0.000,2.088,3.537,5.625,4.021,4.021,43,2,7.339,2.392,9.731,4.051,4.051,28,2,138,530a6f1cbbbb,2026-09-23T23:50:55+00:00
401856761,,2026,13,2026-11-28 05:00:00+00:00,96,97,0.000,-1.022,16.283,55.063,15.994,27.020,28.043,0.485,35,75,29,26,0.003,2.651,-1.150,-0.000,2.088,3.537,5.625,4.021,4.021,43,2,7.339,2.392,9.731,4.051,4.051,28,2,138,6a9b54205a2a,2026-09-23T23:26:21+00:00
401856762,,2026,13,2026-11-27 17:00:00+00:00,145,344,0.000,2.528,16.076,62.649,15.994,32.589,30.061,0.571,41,84,31,24,0.008,2.651,3.984,-0.000,8.054,4.656,12.711,3.820,3.820,22,3,9.582,3.632,13.214,3.825,3.825,20,3,138,530a6f1cbbbb,2026-09-23T23:50:55+00:00
401856762,,2026,13,2026-11-27 17:00:00+00:00,145,344,0.000,2.278,16.076,63.264,15.994,32.771,30.493,0.567,43,84,33,30,0.003,2.651,3.984,-0.000,8.054,4.656,12.711,3.820,3.820,22,3,9.582,3.632,13.214,3.825,3.825,20,3,138,6a9b54205a2a,2026-09-23T23:26:21+00:00
401856763,,2026,13,2026-11-28 05:00:00+00:00,142,201,0.000,-1.394,16.182,45.482,15.994,22.044,23.438,0.474,25,66,24,21,0.010,2.651,0.040,-0.000,4.556,6.779,11.335,4.032,4.032,24,2,3.116,12.808,15.924,3.821,3.821,11,3,138,530a6f1cbbbb,2026-09-23T23:50:55+00:00
401856763,,2026,13,2026-11-28 05:00:00+00:00,142,201,0.000,-1.370,16.182,47.928,15.994,23.279,24.649,0.475,28,68,25,22,0.003,2.651,0.040,-0.000,4.556,6.779,11.335,4.032,4.032,24,2,3.116,12.808,15.924,3.821,3.821,11,3,138,6a9b54205a2a,2026-09-23T23:26:21+00:00
401856764,,2026,13,2026-11-28 05:00:00+00:00,228,2579,0.000,-4.123,16.187,51.583,15.994,23.730,27.853,0.409,31,73,24,31,0.009,2.651,0.612,-0.000,0.647,4.228,4.875,3.821,3.821,45,3,6.558,5.613,12.171,4.050,4.050,23,2,138,530a6f1cbbbb,2026-09-23T23:50:55+00:00
401856764,,2026,13,2026-11-28 05:00:00+00:00,228,2579,0.000,-3.879,16.187,53.443,15.994,24.782,28.661,0.413,34,73,25,28,0.003,2.651,0.612,-0.000,0.647,4.228,4.875,3.821,3.821,45,3,6.558,5.613,12.171,4.050,4.050,23,2,138,6a9b54205a2a,2026-09-23T23:26:21+00:00
401856765,,2026,13,2026-11-28 05:00:00+00:00,238,2633,0.000,-3.603,16.279,56.889,15.994,26.643,30.246,0.424,35,79,24,31,0.009,2.651,0.457,-0.000,5.448,2.934,8.382,4.032,4.032,35,2,9.393,5.583,14.977,4.032,4.032,17,2,138,530a6f1cbbbb,2026-09-23T23:50:55+00:00
401856765,,2026,13,2026-11-28 05:00:00+00:00,238,2633,0.000,-3.334,16.279,58.179,15.994,27.423,30.756,0.428,38,78,30,27,0.003,2.651,0.457,-0.000,5.448,2.934,8.382,4.032,4.032,35,2,9.393,5.583,14.977,4.032,4.032,17,2,138,6a9b54205a2a,2026-09-23T23:26:21+00:00
401856873,,2026,13,2026-11-28 05:00:00+00:00,12,9,0.000,8.733,16.277,50.917,15.994,29.825,21.092,0.715,30,72,31,24,0.009,2.651,-0.587,-0.000,3.916,4.747,8.662,4.032,4.032,32,2,0.514,1.855,2.368,4.026,4.026,55,2,138,530a6f1cbbbb,2026-09-23T23:50:55+00:00
401856873,,2026,13,2026-11-28 05:00:00+00:00,12,9,0.000,8.183,16.277,52.733,15.994,30.458,22.275,0.708,33,73,27,24,0.003,2.651,-0.587,-0.000,3.916,4.747,8.662,4.032,4.032,32,2,0.514,1.855,2.368,4.026,4.026,55,2,138,6a9b54205a2a,2026-09-23T23:26:21+00:00
401856874,,2026,13,2026-11-28 05:00:00+00:00,248,239,0.000,6.927,16.307,54.763,15.994,30.845,23.918,0.673,34,76,31,24,0.009,2.651,1.819,-0.000,4.248,4.267,8.515,4.055,4.055,33,2,2.363,2.038,4.401,4.051,4.051,47,2,138,530a6f1cbbbb,2026-09-23T23:50:55+00:00
401856874,,2026,13,2026-11-28 05:00:00+00:00,248,239,0.000,6.386,16.307,56.243,15.994,31.315,24.929,0.666,36,76,29,26,0.003,2.651,1.819,-0.000,4.248,4.267,8.515,4.055,4.055,33,2,2.363,2.038,4.401,4.051,4.051,47,2,138,6a9b54205a2a,2026-09-23T23:26:21+00:00
401856875,,2026,13,2026-11-28 05:00:00+00:00,38,2116,0.000,-3.175,16.292,47.933,15.994,22.379,25.554,0.431,27,69,24,21,0.009,2.651,0.416,-0.000,-5.247,-0.507,-5.754,4.062,4.062,90,2,-1.499,2.205,0.706,4.026,4.026,61,2,138,530a6f1cbbbb,2026-09-23T23:50:55+00:00
401856875,,2026,13,2026-11-28 05:00:00+00:00,38,2116,0.000,-3.041,16.292,50.147,15.994,23.553,26.594,0.433,31,70,26,23,0.003,2.651,0.416,-0.000,-5.247,-0.507,-5.754,4.062,4.062,90,2,-1.499,2.205,0.706,4.026,4.026,61,2,138,6a9b54205a2a,2026-09-23T23:26:21+00:00
401856876,,2026,13,2026-11-28 05:00:00+00:00,252,2132,0.000,15.285,16.291,52.326,15.994,33.805,18.520,0.835,32,73,31,24,0.008,2.651,-0.876,-0.000,6.457,7.373,13.829,4.032,4.032,19,2,0.467,0.146,0.613,4.055,4.055,62,2,138,530a6f1cbbbb,2026-09-23T23:50:55+00:00
401856876,,2026,13,2026-11-28 05:00:00+00:00,252,2132,0.000,14.383,16.291,53.770,15.994,34.076,19.694,0.826,34,73,30,23,0.003,2.651,-0.876,-0.000,6.457,7.373,13.829,4.032,4.032,19,2,0.467,0.146,0.613,4.055,4.055,62,2,138,6a9b54205a2a,2026-09-23T23:26:21+00:00
401856877,,2026,13,2026-11-28 05:00:00+00:00,197,2305,0.000,3.470,16.305,50.936,15.994,27.203,23.733,0.595,30,72,24,21,0.009,2.651,0.327,-0.000,-1.945,0.952,-0.993,4.084,4.084,68,2,-0.968,-0.690,-1.657,4.031,4.031,70,2,138,530a6f1cbbbb,2026-09-23T23:50:55+00:00
401856877,,2026,13,2026-11-28 05:00:00+00:00,197,2305,0.000,3.222,16.305,52.866,15.994,28.044,24.822,0.591,33,73,28,25,0.003,2.651,0.327,-0.000,-1.945,0.952,-0.993,4.084,4.084,68,2,-0.968,-0.690,-1.657,4.031,4.031,70,2,138,6a9b54205a2a,2026-09-23T23:26:21+00:00
401856878,,2026,13,2026-11-28 05:00:00+00:00,66,2306,0.000,0.947,16.277,47.952,15.994,24.450,23.502,0.534,27,69,24,21,0.010,2.651,-1.612,-0.000,1.457,5.417,6.874,4.032,4.032,38,2,4.039,4.818,8.857,4.026,4.026,30,2,138,530a6f1cbbbb,2026-09-23T23:50:55+00:00
401856878,,2026,13,2026-11-28 05:00:00+00:00,66,2306,0.000,0.870,16.277,50.187,15.994,25.529,24.659,0.533,31,70,26,23,0.003,2.651,-1.612,-0.000,1.457,5.417,6.874,4.032,4.032,38,2,4.039,4.818,8.857,4.026,4.026,30,2,138,6a9b54205a2a,2026-09-23T23:26:21+00:00
401856879,,2026,13,2026-11-27 01:00:00+00:00,2641,2628,0.000,11.925,16.298,50.467,15.994,31.196,19.271,0.779,30,71,31,24,0.009,2.651,1.255,-0.000,7.124,8.154,15.277,4.032,4.032,14,2,-0.154,5.615,5.461,4.055,4.055,44,2,138,530a6f1cbbbb,2026-09-23T23:50:55+00:00
401856879,,2026,13,2026-11-27 01:00:00+00:00,2641,2628,0.000,11.242,16.298,52.206,15.994,31.724,20.482,0.772,33,72,27,24,0.003,2.651,1.255,-0.000,7.124,8.154,15.277,4.032,4.032,14,2,-0.154,5.615,5.461,4.055,4.055,44,2,138,6a9b54205a2a,2026-09-23T23:26:21+00:00
401856880,,2026,13,2026-11-28 02:00:00+00:00,254,277,0.000,18.650,16.291,54.287,15.994,36.468,17.819,0.881,34,75,38,10,0.009,2.651,1.309,-0.000,6.271,9.689,15.959,4.031,4.031,10,2,0.515,-1.132,-0.617,4.056,4.056,66,2,138,530a6f1cbbbb,2026-09-23T23:50:55+00:00
401856880,,2026,13,2026-11-28 02:00:00+00:00,254,277,0.000,17.540,16.291,55.443,15.994,36.492,18.952,0.872,36,75,31,24,0.002,2.651,1.309,-0.000,6.271,9.689,15.959,4.031,4.031,10,2,0.515,-1.132,-0.617,4.056,4.056,66,2,138,6a9b54205a2a,2026-09-23T23:26:21+00:00
401858311,,2026,13,2026-11-28 05:00:00+00:00,2390,103,0.000,26.734,16.310,53.112,15.994,39.923,13.189,0.958,34,72,38,10,0.011,2.651,-0.546,-0.000,8.847,11.085,19.931,4.045,4.045,7,2,-4.326,-2.150,-6.476,4.079,4.079,95,2,138,530a6f1cbbbb,2026-09-23T23:50:55+00:00
401858311,,2026,13,2026-11-28 05:00:00+00:00,2390,103,0.000,25.557,16.310,53.939,15.994,39.748,14.191,0.953,36,73,39,11,0.003,2.651,-0.546,-0.000,8.847,11.085,19.931,4.045,4.045,7,2,-4.326,-2.150,-6.476,4.079,4.079,95,2,138,6a9b54205a2a,2026-09-23T23:26:21+00:00
401858312,,2026,13,2026-11-28 05:00:00+00:00,154,150,0.000,-0.783,16.070,49.788,15.994,24.503,25.285,0.490,29,71,24,21,0.009,2.651,-0.117,-0.000,1.102,1.481,2.582,3.825,3.825,53,3,1.314,5.110,6.424,3.817,3.817,40,3,138,530a6f1cbbbb,2026-09-23T23:50:55+00:00
401858312,,2026,13,2026-11-28 05:00:00+00:00,154,150,0.000,-0.764,16.070,51.864,15.994,25.550,26.314,0.491,32,72,27,24,0.003,2.651,-0.117,-0.000,1.102,1.481,2.582,3.825,3.825,53,3,1.314,5.110,6.424,3.817,3.817,40,3,138,6a9b54205a2a,2026-09-23T23:26:21+00:00
401858313,,2026,13,2026-11-28 05:00:00+00:00,153,152,0.000,0.282,16.300,47.822,15.994,24.052,23.770,0.517,27,69,24,21,0.010,2.651,-1.518,-0.000,-2.867,2.947,0.080,4.050,4.050,64,2,1.738,1.051,2.789,4.055,4.055,52,2,138,530a6f1cbbbb,2026-09-23T23:50:55+00:00
401858313,,2026,13,2026-11-28 05:00:00+00:00,153,152,0.000,0.238,16.300,50.069,15.994,25.154,24.915,0.516,30,70,26,23,0.003,2.651,-1.518,-0.000,-2.867,2.947,0.080,4.050,4.050,64,2,1.738,1.051,2.789,4.055,4.055,52,2,138,6a9b54205a2a,2026-09-23T23:26:21+00:00
401858314,,2026,13,2026-11-28 05:00:00+00:00,183,87,0.000,-25.068,16.175,52.428,15.994,13.680,38.748,0.059,34,72,10,38,0.008,2.651,-1.105,1.009,-4.886,-0.777,-5.664,4.026,4.026,89,2,11.169,12.765,23.934,3.821,3.821,3,3,138,530a6f1cbbbb,2026-09-23T23:50:55+00:00
401858314,,2026,13,2026-11-28 05:00:00+00:00,183,87,0.000,-23.955,16.175,53.377,15.994,14.711,38.666,0.065,35,72,13,37,0.002,2.651,-1.105,1.009,-4.886,-0.777,-5.664,4.026,4.026,89,2,11.169,12.765,23.934,3.821,3.821,3,3,138,6a9b54205a2a,2026-09-23T23:26:21+00:00
401858315,,2026,13,2026-11-28 05:00:00+00:00,25,221,0.000,-8.269,16.162,51.412,15.994,21.571,29.841,0.313,31,73,24,31,0.009,2.651,1.007,-0.000,-1.439,-1.485,-2.924,4.080,4.080,76,2,2.275,6.388,8.663,3.824,3.824,31,3,138,530a6f1cbbbb,2026-09-23T23:50:55+00:00
401858315,,2026,13,2026-11-28 05:00:00+00:00,25,221,0.000,-7.779,16.162,53.199,15.994,22.710,30.489,0.320,33,73,25,28,0.003,2.651,1.007,-0.000,-1.439,-1.485,-2.924,4.080,4.080,76,2,2.275,6.388,8.663,3.824,3.824,31,3,138,6a9b54205a2a,2026-09-23T23:26:21+00:00
401858316,,2026,13,2026-11-28 05:00:00+00:00,24,2567,0.000,-14.144,16.195,54.403,15.994,20.129,34.273,0.201,34,75,24,31,0.008,2.651,1.764,-0.000,-4.602,-2.516,-7.118,3.839,3.839,99,3,5.482,4.671,10.153,4.051,4.051,26,2,138,530a6f1cbbbb,2026-09-23T23:50:55+00:00
401858316,,2026,13,2026-11-28 05:00:00+00:00,24,2567,0.000,-13.234,16.195,55.729,15.994,21.247,34.482,0.211,36,76,24,31,0.003,2.651,1.764,-0.000,-4.602,-2.516,-7.118,3.839,3.839,99,3,5.482,4.671,10.153,4.051,4.051,26,2,138,6a9b54205a2a,2026-09-23T23:26:21+00:00
401858317,,2026,13,2026-11-28 05:00:00+00:00,259,258,0.000,5.119,16.291,52.698,15.994,28.908,23.789,0.633,31,74,31,24,0.009,2.651,-0.137,-0.000,4.161,2.225,6.385,4.031,4.031,41,2,1.289,2.764,4.053,4.056,4.056,48,2,138,530a6f1cbbbb,2026-09-23T23:50:55+00:00
401858317,,2026,13,2026-11-28 05:00:00+00:00,259,258,0.000,4.738,16.291,54.426,15.994,29.582,24.844,0.628,35,75,28,25,0.003,2.651,-0.137,-0.000,4.161,2.225,6.385,4.031,4.031,41,2,1.289,2.764,4.053,4.056,4.056,48,2,138,6a9b54205a2a,2026-09-23T23:26:21+00:00
401858536,,2026,13,2026-11-27 17:00:00+00:00,2294,158,0.000,5.620,16.323,47.801,15.994,26.711,21.091,0.648,27,69,24,21,0.010,2.651,-2.406,-0.000,2.903,10.309,13.212,4.084,4.084,21,2,6.751,3.299,10.050,4.080,4.080,27,2,138,530a6f1cbbbb,2026-09-23T23:50:55+00:00
401858536,,2026,13,2026-11-27 17:00:00+00:00,2294,158,0.000,5.315,16.323,49.981,15.994,27.648,22.333,0.643,30,70,26,23,0.003,2.651,-2.406,-0.000,2.903,10.309,13.212,4.084,4.084,21,2,6.751,3.299,10.050,4.080,4.080,27,2,138,6a9b54205a2a,2026-09-23T23:26:21+00:00
401858537,,2026,13,2026-11-28 05:00:00+00:00,77,356,0.000,5.952,16.442,49.667,15.994,27.809,21.857,0.653,29,71,24,21,0.009,2.651,-2.461,-0.000,3.660,5.607,9.267,4.309,4.309,29,1,3.555,2.316,5.871,4.075,4.075,42,2,138,530a6f1cbbbb,2026-09-23T23:50:55+00:00
401858537,,2026,13,2026-11-28 05:00:00+00:00,77,356,0.000,5.581,16.442,51.666,15.994,28.623,23.043,0.648,32,72,27,24,0.003,2.651,-2.461,-0.000,3.660,5.607,9.267,4.309,4.309,29,1,3.555,2.316,5.871,4.075,4.075,42,2,138,6a9b54205a2a,2026-09-23T23:26:21+00:00
401858538,,2026,13,2026-11-28 05:00:00+00:00,84,2509,0.000,25.642,16.281,54.683,15.994,40.163,14.521,0.950,35,74,38,10,0.010,2.651,-2.072,-0.000,8.097,13.515,21.612,4.045,4.045,6,2,2.367,-5.278,-2.911,4.021,4.021,75,2,138,530a6f1cbbbb,2026-09-23T23:50:55+00:00
401858538,,2026,13,2026-11-28 05:00:00+00:00,84,2509,0.000,24.386,16.281,55.507,15.994,39.947,15.561,0.944,37,75,40,12,0.003,2.651,-2.072,-0.000,8.097,13.515,21.612,4.045,4.045,6,2,2.367,-5.278,-2.911,4.021,4.021,75,2,138,6a9b54205a2a,2026-09-23T23:26:21+00:00
401858539,,2026,13,2026-11-28 05:00:00+00:00,120,213,0.000,-9.654,16.177,50.856,15.994,20.601,30.255,0.283,30,72,24,31,0.009,2.651,0.468,-0.000,0.635,1.510,2.145,4.031,4.031,58,2,5.889,9.330,15.220,3.821,3.821,15,3,138,530a6f1cbbbb,2026-09-23T23:50:55+00:00
401858539,,2026,13,2026-11-28 05:00:00+00:00,120,213,0.000,-9.109,16.177,52.650,15.994,21.770,30.879,0.290,33,73,24,27,0.003,2.651,0.468,-0.000,0.635,1.510,2.145,4.031,4.031,58,2,5.889,9.330,15.220,3.821,3.821,15,3,138,6a9b54205a2a,2026-09-23T23:26:21+00:00
401858540,,2026,13,2026-11-28 17:00:00+00:00,194,130,0.000,14.069,16.079,48.113,15.994,31.091,17.022,0.823,28,69,24,17,0.009,2.651,-2.055,-0.000,13.138,14.029,27.167,3.821,3.821,1,3,4.798,9.788,14.586,3.821,3.821,18,3,138,530a6f1cbbbb,2026-09-23T23:50:55+00:00
401858540,,2026,13,2026-11-28 17:00:00+00:00,194,130,0.000,13.447,16.079,49.937,15.994,31.692,18.245,0.817,31,69,26,23,0.003,2.651,-2.055,-0.000,13.138,14.029,27.167,3.821,3.821,1,3,4.798,9.788,14.586,3.821,3.821,18,3,138,6a9b54205a2a,2026-09-23T23:26:21+00:00
401858541,,2026,13,2026-11-28 05:00:00+00:00,2483,264,0.000,8.256,16.331,50.471,15.994,29.364,21.108,0.705,30,72,31,24,0.009,2.651,-0.264,-0.000,10.241,6.751,16.992,4.084,4.084,9,2,2.120,9.049,11.169,4.084,4.084,25,2,138,530a6f1cbbbb,2026-09-23T23:50:55+00:00
401858541,,2026,13,2026-11-28 05:00:00+00:00,2483,264,0.000,7.743,16.331,52.341,15.994,30.042,22.299,0.698,33,72,27,24,0.003,2.651,-0.264,-0.000,10.241,6.751,16.992,4.084,4.084,9,2,2.120,9.049,11.169,4.084,4.084,25,2,138,6a9b54205a2a,2026-09-23T23:26:21+00:00
401858542,,2026,13,2026-11-28 05:00:00+00:00,164,127,0.000,-4.485,16.071,49.998,15.994,22.756,27.241,0.399,30,71,24,31,0.009,2.651,-1.141,-0.000,-0.757,-4.047,-4.804,3.821,3.821,84,3,-1.295,4.238,2.943,3.814,3.814,51,3,138,530a6f1cbbbb,2026-09-23T23:50:55+00:00
401858542,,2026,13,2026-11-28 05:00:00+00:00,164,127,0.000,-4.248,16.071,52.013,15.994,23.883,28.131,0.402,32,72,24,27,0.003,2.651,-1.141,-0.000,-0.757,-4.047,-4.804,3.821,3.821,84,3,-1.295,4.238,2.943,3.814,3.814,51,3,138,6a9b54205a2a,2026-09-23T23:26:21+00:00
401858543,,2026,13,2026-11-28 05:00:00+00:00,26,30,0.000,-5.928,15.995,56.780,15.994,25.426,31.354,0.368,35,79,24,31,0.009,2.651,-1.930,-0.000,5.332,1.198,6.530,3.824,3.824,39,3,10.771,4.665,15.436,3.641,3.641,13,4,138,530a6f1cbbbb,2026-09-23T23:50:55+00:00
401858543,,2026,13,2026-11-28 05:00:00+00:00,26,30,0.000,-5.483,15.995,58.069,15.994,26.293,31.776,0.374,38,78,27,30,0.003,2.651,-1.930,-0.000,5.332,1.198,6.530,3.824,3.824,39,3,10.771,4.665,15.436,3.641,3.641,13,4,138,6a9b54205a2a,2026-09-23T23:26:21+00:00
401858544,,2026,13,2026-11-28 00:30:00+00:00,275,135,0.000,3.407,16.282,47.111,15.994,25.259,21.852,0.595,27,68,24,21,0.010,2.651,-2.806,-0.000,2.295,2.477,4.772,4.042,4.042,46,2,-0.007,4.032,4.025,4.027,4.027,49,2,138,530a6f1cbbbb,2026-09-23T23:50:55+00:00
401858544,,2026,13,2026-11-28 00:30:00+00:00,275,135,0.000,3.218,16.282,49.396,15.994,26.307,23.089,0.592,30,69,26,23,0.003,2.651,-2.806,-0.000,2.295,2.477,4.772,4.042,4.042,46,2,-0.007,4.032,4.025,4.027,4.027,49,2,138,6a9b54205a2a,2026-09-23T23:26:21+00:00
401861969,,2026,13,2026-11-28 05:00:00+00:00,2751,41,0.000,1.822,16.291,49.906,15.994,25.864,24.042,0.555,29,71,24,21,0.009,2.651,-0.636,-0.000,-10.041,-4.059,-14.100,4.056,4.056,123,2,-5.099,-7.935,-13.034,4.031,4.031,119,2,138,530a6f1cbbbb,2026-09-23T23:50:55+00:00
401861969,,2026,13,2026-11-28 05:00:00+00:00,2751,41,0.000,1.684,16.291,51.954,15.994,26.819,25.135,0.553,32,72,27,24,0.003,2.651,-0.636,-0.000,-10.041,-4.059,-14.100,4.056,4.056,123,2,-5.099,-7.935,-13.034,4.031,4.031,119,2,138,6a9b54205a2a,2026-09-23T23:26:21+00:00
401862837,,2026,13,2026-11-27 05:00:00+00:00,151,2226,0.000,9.541,16.077,57.715,15.994,33.628,24.087,0.729,37,79,31,24,0.009,2.651,3.554,-0.000,-2.896,0.074,-2.823,3.821,3.821,74,3,-2.281,-7.179,-9.461,3.825,3.825,110,3,138,530a6f1cbbbb,2026-09-23T23:50:55+00:00
401862837,,2026,13,2026-11-27 05:00:00+00:00,151,2226,0.000,8.774,16.077,58.845,15.994,33.810,25.036,0.720,39,79,31,28,0.003,2.651,3.554,-0.000,-2.896,0.074,-2.823,3.821,3.821,74,3,-2.281,-7.179,-9.461,3.825,3.825,110,3,138,6a9b54205a2a,2026-09-23T23:26:21+00:00
401862838,,2026,13,2026-11-27 05:00:00+00:00,235,218,0.000,7.159,16.199,55.390,15.994,31.274,24.116,0.679,34,77,31,24,0.010,2.651,-1.392,-0.000,0.595,-1.638,-1.042,3.872,3.872,69,3,-0.329,-5.034,-5.363,4.027,4.027,87,2,138,530a6f1cbbbb,2026-09-23T23:50:55+00:00
401862838,,2026,13,2026-11-27 05:00:00+00:00,235,218,0.000,6.593,16.199,56.804,15.994,31.698,25.106,0.671,37,77,30,27,0.003,2.651,-1.392,-0.000,0.595,-1.638,-1.042,3.872,3.872,69,3,-0.329,-5.034,-5.363,4.027,4.027,87,2,138,6a9b54205a2a,2026-09-23T23:26:21+00:00
401862839,,2026,13,2026-11-27 05:00:00+00:00,58,2655,0.000,1.887,16.205,49.449,15.994,25.668,23.781,0.557,29,71,24,21,0.010,2.651,0.800,-0.000,-2.685,-1.027,-3.711,4.086,4.086,81,2,-3.733,1.009,-2.724,3.821,3.821,73,3,138,530a6f1cbbbb,2026-09-23T23:50:55+00:00
401862839,,2026,13,2026-11-27 05:00:00+00:00,58,2655,0.000,1.750,16.205,51.545,15.994,26.648,24.898,0.555,32,72,27,24,0.003,2.651,0.800,-0.000,-2.685,-1.027,-3.711,4.086,4.086,81,2,-3.733,1.009,-2.724,3.821,3.821,73,3,138,6a9b54205a2a,2026-09-23T23:26:21+00:00
401862840,,2026,13,2026-11-28 05:00:00+00:00,2636,202,0.000,11.041,16.305,52.095,15.994,31.568,20.527,0.761,31,73,31,24,0.009,2.651,0.945,1.009,0.542,1.729,2.272,4.021,4.021,56,2,-5.086,-1.297,-6.383,4.084,4.084,94,2,138,530a6f1cbbbb,2026-09-23T23:50:55+00:00
401862840,,2026,13,2026-11-28 05:00:00+00:00,2636,202,0.000,10.330,16.305,53.727,15.994,32.028,21.698,0.752,34,74,28,25,0.003,2.651,0.945,1.009,0.542,1.729,2.272,4.021,4.021,56,2,-5.086,-1.297,-6.383,4.084,4.084,94,2,138,6a9b54205a2a,2026-09-23T23:26:21+00:00
401862841,,2026,13,2026-11-28 05:00:00+00:00,242,349,0.000,-4.971,16.434,47.117,15.994,21.073,26.044,0.388,27,68,17,24,0.009,2.651,-5.080,-0.000,-7.202,-7.158,-14.360,4.027,4.027,125,2,-3.175,-2.719,-5.894,4.339,4.339,91,1,138,530a6f1cbbbb,2026-09-23T23:50:55+00:00
401862841,,2026,13,2026-11-28 05:00:00+00:00,242,349,0.000,-4.767,16.434,49.359,15.994,22.296,27.063,0.391,30,69,23,26,0.003,2.651,-5.080,-0.000,-7.202,-7.158,-14.360,4.027,4.027,125,2,-3.175,-2.719,-5.894,4.339,4.339,91,1,138,6a9b54205a2a,2026-09-23T23:26:21+00:00
401862842,,2026,13,2026-11-28 05:00:00+00:00,2429,2426,0.000,-4.113,16.431,49.387,15.994,22.637,26.750,0.410,29,71,21,24,0.009,2.651,-2.746,-0.000,-8.694,-7.257,-15.951,4.026,4.026,130,2,-3.833,-4.721,-8.555,4.333,4.333,107,1,138,530a6f1cbbbb,2026-09-23T23:50:55+00:00
401862842,,2026,13,2026-11-28 05:00:00+00:00,2429,2426,0.000,-3.903,16.431,51.446,15.994,23.771,27.675,0.413,32,71,24,27,0.003,2.651,-2.746,-0.000,-8.694,-7.257,-15.951,4.026,4.026,130,2,-3.833,-4.721,-8.555,4.333,4.333,107,1,138,6a9b54205a2a,2026-09-23T23:26:21+00:00
401862843,,2026,13,2026-11-28 05:00:00+00:00,249,5,0.000,6.539,16.074,57.854,15.994,32.197,25.658,0.665,37,79,31,24,0.009,2.651,0.222,-0.000,1.661,-6.560,-4.900,3.816,3.816,85,3,-4.258,-4.228,-8.486,3.824,3.824,106,3,138,530a6f1cbbbb,2026-09-23T23:50:55+00:00
401862843,,2026,13,2026-11-28 05:00:00+00:00,249,5,0.000,5.985,16.074,59.012,15.994,32.498,26.514,0.657,39,79,31,28,0.003,2.651,0.222,-0.000,1.661,-6.560,-4.900,3.816,3.816,85,3,-4.258,-4.228,-8.486,3.824,3.824,106,3,138,6a9b54205a2a,2026-09-23T23:26:21+00:00
401864546,,2026,13,2026-11-28 21:30:00+00:00,167,2005,0.000,12.394,16.442,48.880,15.994,30.637,18.243,0.788,29,69,24,17,0.009,2.651,-3.622,-0.000,-1.531,3.708,2.177,4.050,4.050,57,2,-2.246,-6.175,-8.421,4.333,4.333,105,1,138,530a6f1cbbbb,2026-09-23T23:50:55+00:00
401864546,,2026,13,2026-11-28 21:30:00+00:00,167,2005,0.000,11.764,16.442,50.719,15.994,31.242,19.477,0.781,31,70,26,23,0.003,2.651,-3.622,-0.000,-1.531,3.708,2.177,4.050,4.050,57,2,-2.246,-6.175,-8.421,4.333,4.333,105,1,138,6a9b54205a2a,2026-09-23T23:26:21+00:00
401864547,,2026,13,2026-11-29 04:00:00+00:00,62,16,0.000,7.875,16.092,51.252,15.994,29.563,21.689,0.698,31,73,31,24,0.009,2.651,0.357,-0.000,-4.760,-3.325,-8.085,3.868,3.868,104,3,-7.529,-5.892,-13.421,3.810,3.810,121,3,138,530a6f1cbbbb,2026-09-23T23:50:55+00:00
401864547,,2026,13,2026-11-29 04:00:00+00:00,62,16,0.000,7.365,16.092,53.071,15.994,30.218,22.853,0.691,33,73,28,25,0.003,2.651,0.357,-0.000,-4.760,-3.325,-8.085,3.868,3.868,104,3,-7.529,-5.892,-13.421,3.810,3.810,121,3,138,6a9b54205a2a,2026-09-23T23:26:21+00:00
401864548,,2026,13,2026-11-29 02:00:00+00:00,2439,2440,0.000,4.224,16.207,47.934,15.994,26.079,21.855,0.615,27,69,24,21,0.010,2.651,-1.087,1.009,-5.501,-0.474,-5.976,3.864,3.864,92,3,-5.077,-2.506,-7.583,4.051,4.051,102,2,138,530a6f1cbbbb,2026-09-23T23:50:55+00:00
401864548,,2026,13,2026-11-29 02:00:00+00:00,2439,2440,0.000,3.983,16.207,50.139,15.994,27.061,23.078,0.612,31,70,26,23,0.003,2.651,-1.087,1.009,-5.501,-0.474,-5.976,3.864,3.864,92,3,-5.077,-2.506,-7.583,4.051,4.051,102,2,138,6a9b54205a2a,2026-09-23T23:26:21+00:00
401864549,,2026,13,2026-11-27 20:30:00+00:00,23,2449,0.000,-10.300,16.075,52.780,15.994,21.240,31.540,0.271,32,74,24,31,0.009,2.651,1.218,-0.000,-5.955,-5.135,-11.090,3.831,3.831,117,3,0.436,2.009,2.446,3.822,3.822,54,3,138,530a6f1cbbbb,2026-09-23T23:50:55+00:00
401864549,,2026,13,2026-11-27 20:30:00+00:00,23,2449,0.000,-9.656,16.075,54.382,15.994,22.363,32.019,0.279,35,74,25,28,0.003,2.651,1.218,-0.000,-5.955,-5.135,-11.090,3.831,3.831,117,3,0.436,2.009,2.446,3.822,3.822,54,3,138,6a9b54205a2a,2026-09-23T23:26:21+00:00
401864550,,2026,13,2026-11-28 05:00:00+00:00,2459,2638,0.000,7.628,16.303,53.150,15.994,30.389,22.761,0.689,32,75,31,24,0.009,2.651,-0.069,-0.000,-8.195,-5.084,-13.280,4.055,4.055,120,2,-7.127,-11.093,-18.220,4.045,4.045,134,2,138,530a6f1cbbbb,2026-09-23T23:50:55+00:00
401864550,,2026,13,2026-11-28 05:00:00+00:00,2459,2638,0.000,7.076,16.303,54.782,15.994,30.929,23.853,0.682,35,75,29,26,0.003,2.651,-0.069,-0.000,-8.195,-5.084,-13.280,4.055,4.055,120,2,-7.127,-11.093,-18.220,4.045,4.045,134,2,138,6a9b54205a2a,2026-09-23T23:26:21+00:00
401866470,,2026,13,2026-11-25 00:00:00+00:00,2199,2309,0.000,9.050,16.105,52.150,15.994,30.600,21.550,0.723,31,73,31,24,0.009,2.651,-1.582,-0.000,-7.620,-7.241,-14.862,3.644,3.644,127,4,-9.665,-11.711,-21.376,4.050,4.050,136,2,138,530a6f1cbbbb,2026-09-23T23:50:55+00:00
401866470,,2026,13,2026-11-25 00:00:00+00:00,2199,2309,0.000,8.449,16.105,53.850,15.994,31.149,22.701,0.715,34,74,28,25,0.003,2.651,-1.582,-0.000,-7.620,-7.241,-14.862,3.644,3.644,127,4,-9.665,-11.711,-21.376,4.050,4.050,136,2,138,6a9b54205a2a,2026-09-23T23:26:21+00:00
401866471,,2026,13,2026-11-24 05:00:00+00:00,2711,193,0.000,12.474,16.299,48.315,15.994,30.395,17.921,0.792,28,69,24,17,0.009,2.651,-3.724,-0.000,-1.829,3.287,1.458,4.051,4.051,60,2,-3.170,-6.136,-9.306,4.051,4.051,109,2,138,530a6f1cbbbb,2026-09-23T23:50:55+00:00
401866471,,2026,13,2026-11-24 05:00:00+00:00,2711,193,0.000,11.878,16.299,50.199,15.994,31.038,19.161,0.786,31,70,26,23,0.003,2.651,-3.724,-0.000,-1.829,3.287,1.458,4.051,4.051,60,2,-3.170,-6.136,-9.306,4.051,4.051,109,2,138,6a9b54205a2a,2026-09-23T23:26:21+00:00
401866472,,2026,13,2026-11-27 17:00:00+00:00,2006,2084,0.000,3.556,16.284,54.549,15.994,29.053,25.497,0.596,34,76,31,24,0.009,2.651,1.217,-0.000,-7.217,-7.058,-14.275,4.051,4.051,124,2,-6.763,-8.157,-14.919,4.021,4.021,128,2,138,530a6f1cbbbb,2026-09-23T23:50:55+00:00
401866472,,2026,13,2026-11-27 17:00:00+00:00,2006,2084,0.000,3.260,16.284,56.101,15.994,29.681,26.421,0.592,36,76,29,26,0.003,2.651,1.217,-0.000,-7.217,-7.058,-14.275,4.051,4.051,124,2,-6.763,-8.157,-14.919,4.021,4.021,128,2,138,6a9b54205a2a,2026-09-23T23:26:21+00:00
401866473,,2026,13,2026-11-27 17:00:00+00:00,195,2649,0.000,-0.023,16.186,57.323,15.994,28.650,28.673,0.510,36,79,31,24,0.009,2.651,0.011,-0.000,-1.731,-4.864,-6.596,3.820,3.820,97,3,0.586,-4.164,-3.578,4.050,4.050,79,2,138,530a6f1cbbbb,2026-09-23T23:50:55+00:00
401866473,,2026,13,2026-11-27 17:00:00+00:00,195,2649,0.000,-0.047,16.186,58.578,15.994,29.266,29.313,0.509,38,79,31,28,0.003,2.651,0.011,-0.000,-1.731,-4.864,-6.596,3.820,3.820,97,3,0.586,-4.164,-3.578,4.050,4.050,79,2,138,6a9b54205a2a,2026-09-23T23:26:21+00:00
401866474,,2026,13,2026-11-28 17:00:00+00:00,2050,2117,0.000,-7.987,16.301,47.536,15.994,19.775,27.762,0.317,27,69,17,24,0.009,2.651,-3.385,-0.000,-9.928,-11.467,-21.395,4.051,4.051,137,2,-7.200,-2.505,-9.705,4.056,4.056,111,2,138,530a6f1cbbbb,2026-09-23T23:50:55+00:00
401866474,,2026,13,2026-11-28 17:00:00+00:00,2050,2117,0.000,-7.641,16.301,49.665,15.994,21.012,28.653,0.322,30,69,23,26,0.003,2.651,-3.385,-0.000,-9.928,-11.467,-21.395,4.051,4.051,137,2,-7.200,-2.505,-9.705,4.056,4.056,111,2,138,6a9b54205a2a,2026-09-23T23:26:21+00:00
401866475,,2026,13,2026-11-28 17:00:00+00:00,189,113,0.000,5.104,16.449,47.943,15.994,26.523,21.419,0.635,27,69,24,21,0.010,2.651,-3.626,-0.000,-10.217,-9.961,-20.178,4.031,4.031,135,2,-12.032,-10.732,-22.764,4.363,4.363,138,1,138,530a6f1cbbbb,2026-09-23T23:50:55+00:00
401866475,,2026,13,2026-11-28 17:00:00+00:00,189,113,0.000,4.817,16.449,50.115,15.994,27.466,22.649,0.631,31,70,26,23,0.003,2.651,-3.626,-0.000,-10.217,-9.961,-20.178,4.031,4.031,135,2,-12.032,-10.732,-22.764,4.363,4.363,138,1,138,6a9b54205a2a,2026-09-23T23:26:21+00:00
401869930,,2026,13,2026-11-27 20:00:00+00:00,6,2026,0.000,4.507,16.272,55.973,15.994,30.240,25.733,0.618,35,78,31,24,0.009,2.651,0.221,-0.000,-0.162,-5.468,-5.630,4.021,4.021,88,2,-3.638,-3.571,-7.209,4.026,4.026,100,2,138,530a6f1cbbbb,2026-09-23T23:50:55+00:00
401869930,,2026,13,2026-11-27 20:00:00+00:00,6,2026,0.000,4.125,16.272,57.358,15.994,30.742,26.617,0.612,37,78,30,27,0.003,2.651,0.221,-0.000,-0.162,-5.468,-5.630,4.021,4.021,88,2,-3.638,-3.571,-7.209,4.026,4.026,100,2,138,6a9b54205a2a,2026-09-23T23:26:21+00:00
401869939,,2026,13,2026-11-28 20:00:00+00:00,2032,2653,0.000,-2.280,16.301,50.456,15.994,24.088,26.368,0.454,30,72,24,21,0.009,2.651,-0.462,-0.000,-5.054,-5.432,-10.486,4.051,4.051,115,2,-4.007,-1.065,-5.072,4.055,4.055,86,2,138,530a6f1cbbbb,2026-09-23T23:50:55+00:00
401869939,,2026,13,2026-11-28 20:00:00+00:00,2032,2653,0.000,-2.166,16.301,52.445,15.994,25.139,27.305,0.456,33,73,27,24,0.003,2.651,-0.462,-0.000,-5.054,-5.432,-10.486,4.051,4.051,115,2,-4.007,-1.065,-5.072,4.055,4.055,86,2,138,6a9b54205a2a,2026-09-23T23:26:21+00:00
401869947,,2026,13,2026-11-28 05:00:00+00:00,256,324,0.000,14.877,16.302,50.422,15.994,32.650,17.772,0.831,30,71,24,17,0.008,2.651,1.154,-0.000,-1.189,4.283,3.093,4.055,4.055,50,2,-6.015,-3.986,-10.001,4.055,4.055,113,2,138,530a6f1cbbbb,2026-09-23T23:50:55+00:00
401869947,,2026,13,2026-11-28 05:00:00+00:00,256,324,0.000,14.088,16.302,52.029,15.994,33.058,18.971,0.823,33,72,29,22,0.003,2.651,1.154,-0.000,-1.189,4.283,3.093,4.055,4.055,50,2,-6.015,-3.986,-10.001,4.055,4.055,113,2,138,6a9b54205a2a,2026-09-23T23:26:21+00:00
401869954,,2026,13,2026-11-28 05:00:00+00:00,290,2348,0.000,-0.070,16.267,53.404,15.994,26.667,26.737,0.508,32,75,27,24,0.009,2.651,0.761,-0.000,-4.898,-4.312,-9.211,4.021,4.021,108,2,-2.655,-3.483,-6.138,4.027,4.027,93,2,138,530a6f1cbbbb,2026-09-23T23:50:55+00:00
401869954,,2026,13,2026-11-28 05:00:00+00:00,290,2348,0.000,-0.091,16.267,55.100,15.994,27.504,27.595,0.508,35,75,29,26,0.003,2.651,0.761,-0.000,-4.898,-4.312,-9.211,4.021,4.021,108,2,-2.655,-3.483,-6.138,4.027,4.027,93,2,138,6a9b54205a2a,2026-09-23T23:26:21+00:00
401869959,,2026,13,2026-11-28 05:00:00+00:00,2247,309,0.000,-4.170,16.272,55.561,15.994,25.695,29.866,0.410,34,77,24,31,0.009,2.651,-0.927,-0.000,-3.207,-7.840,-11.047,4.031,4.031,116,2,-0.957,-2.893,-3.850,4.018,4.018,82,2,138,530a6f1cbbbb,2026-09-23T23:50:55+00:00
401869959,,2026,13,2026-11-28 05:00:00+00:00,2247,309,0.000,-3.868,16.272,56.995,15.994,26.563,30.432,0.414,37,77,30,27,0.003,2.651,-0.927,-0.000,-3.207,-7.840,-11.047,4.031,4.031,116,2,-0.957,-2.893,-3.850,4.018,4.018,82,2,138,6a9b54205a2a,2026-09-23T23:26:21+00:00
401870804,,2026,13,2026-11-28 18:00:00+00:00,98,338,0.000,6.189,16.179,55.833,15.994,31.011,24.822,0.657,34,77,31,24,0.010,2.651,1.882,-0.000,-2.692,-7.597,-10.288,3.825,3.825,114,3,-8.233,-5.360,-13.593,4.031,4.031,122,2,138,530a6f1cbbbb,2026-09-23T23:50:55+00:00
401870804,,2026,13,2026-11-28 18:00:00+00:00,98,338,0.000,5.685,16.179,57.216,15.994,31.451,25.765,0.650,37,77,30,27,0.003,2.651,1.882,-0.000,-2.692,-7.597,-10.288,3.825,3.825,114,3,-8.233,-5.360,-13.593,4.031,4.031,122,2,138,6a9b54205a2a,2026-09-23T23:26:21+00:00
401871062,,2026,13,2026-11-28 20:30:00+00:00,48,55,0.000,4.200,16.176,53.126,15.994,28.663,24.463,0.612,32,75,31,24,0.009,2.651,0.332,-0.000,-3.025,-3.486,-6.511,4.032,4.032,96,2,-3.943,-3.922,-7.865,3.817,3.817,103,3,138,530a6f1cbbbb,2026-09-23T23:50:55+00:00
401871062,,2026,13,2026-11-28 20:30:00+00:00,48,55,0.000,3.877,16.176,54.829,15.994,29.353,25.476,0.608,35,75,29,26,0.003,2.651,0.332,-0.000,-3.025,-3.486,-6.511,4.032,4.032,96,2,-3.943,-3.922,-7.865,3.817,3.817,103,3,138,6a9b54205a2a,2026-09-23T23:26:21+00:00
401871063,,2026,13,2026-11-28 19:00:00+00:00,2623,2335,0.000,-9.131,16.298,52.557,15.994,21.713,30.844,0.297,31,73,24,31,0.009,2.651,-0.954,-0.000,-7.811,-8.161,-15.971,4.046,4.046,131,2,-1.397,-2.195,-3.593,4.055,4.055,80,2,138,530a6f1cbbbb,2026-09-23T23:50:55+00:00
401871063,,2026,13,2026-11-28 19:00:00+00:00,2623,2335,0.000,-8.552,16.298,54.206,15.994,22.827,31.379,0.305,35,74,25,28,0.003,2.651,-0.954,-0.000,-7.811,-8.161,-15.971,4.046,4.046,131,2,-1.397,-2.195,-3.593,4.055,4.055,80,2,138,6a9b54205a2a,2026-09-23T23:26:21+00:00
401871082,,2026,13,2026-11-28 19:00:00+00:00,2229,2534,0.000,8.516,16.203,48.300,15.994,28.408,19.892,0.714,28,69,24,17,0.009,2.651,-0.428,-0.000,-8.116,-1.607,-9.722,3.820,3.820,112,3,-8.242,-7.801,-16.043,4.084,4.084,132,2,138,530a6f1cbbbb,2026-09-23T23:50:55+00:00
401871082,,2026,13,2026-11-28 19:00:00+00:00,2229,2534,0.000,8.070,16.203,50.356,15.994,29.213,21.143,0.708,31,70,26,23,0.003,2.651,-0.428,-0.000,-8.116,-1.607,-9.722,3.820,3.820,112,3,-8.242,-7.801,-16.043,4.084,4.084,132,2,138,6a9b54205a2a,2026-09-23T23:26:21+00:00
401871083,,2026,13,2026-11-28 19:00:00+00:00,2393,166,0.000,6.147,16.299,52.212,15.994,29.179,23.032,0.657,31,73,31,24,0.009,2.651,0.116,-0.000,-5.570,-5.838,-11.408,4.027,4.027,118,2,-7.998,-6.849,-14.847,4.075,4.075,126,2,138,530a6f1cbbbb,2026-09-23T23:50:55+00:00
401871083,,2026,13,2026-11-28 19:00:00+00:00,2393,166,0.000,5.709,16.299,53.970,15.994,29.839,24.131,0.651,34,74,28,25,0.003,2.651,0.116,-0.000,-5.570,-5.838,-11.408,4.027,4.027,118,2,-7.998,-6.849,-14.847,4.075,4.075,126,2,138,6a9b54205a2a,2026-09-23T23:26:21+00:00
401871102,,2026,13,2026-11-28 05:00:00+00:00,2433,276,0.000,-7.682,16.199,54.033,15.994,23.176,30.858,0.329,33,76,24,31,0.009,2.651,-0.613,-0.000,-8.541,-9.587,-18.129,4.075,4.075,133,2,-2.567,-4.769,-7.336,3.821,3.821,101,3,138,530a6f1cbbbb,2026-09-23T23:50:55+00:00
401871102,,2026,13,2026-11-28 05:00:00+00:00,2433,276,0.000,-7.156,16.199,55.578,15.994,24.211,31.367,0.336,36,76,26,29,0.003,2.651,-0.613,-0.000,-8.541,-9.587,-18.129,4.075,4.075,133,2,-2.567,-4.769,-7.336,3.821,3.821,101,3,138,6a9b54205a2a,2026-09-23T23:26:21+00:00
401871103,,2026,13,2026-11-28 05:00:00+00:00,295,2572,0.000,14.209,16.273,56.302,15.994,35.255,21.047,0.814,35,77,31,24,0.009,2.651,1.899,-0.000,-3.160,-1.119,-4.279,4.026,4.026,83,2,-5.989,-9.841,-15.830,4.027,4.027,129,2,138,530a6f1cbbbb,2026-09-23T23:50:55+00:00
401871103,,2026,13,2026-11-28 05:00:00+00:00,295,2572,0.000,13.193,16.273,57.459,15.994,35.326,22.133,0.804,38,77,30,27,0.003,2.651,1.899,-0.000,-3.160,-1.119,-4.279,4.026,4.026,83,2,-5.989,-9.841,-15.830,4.027,4.027,129,2,138,6a9b54205a2a,2026-09-23T23:26:21+00:00
401862844,,2026,15,2026-12-12 20:00:00+00:00,349,2426,1.000,2.707,16.588,46.221,15.994,24.464,21.757,0.577,26,67,24,21,0.010,0.000,-4.876,-0.000,-3.175,-2.719,-5.894,4.339,4.339,91,1,-3.833,-4.721,-8.555,4.333,4.333,107,1,138,530a6f1cbbbb,2026-09-23T23:50:55+00:00
401862844,,2026,15,2026-12-12 20:00:00+00:00,349,2426,1.000,2.559,16.588,48.571,15.994,25.565,23.006,0.575,29,68,25,22,0.003,0.000,-4.876,-0.000,-3.175,-2.719,-5.894,4.339,4.339,91,1,-3.833,-4.721,-8.555,4.333,4.333,107,1,138,6a9b54205a2a,2026-09-23T23:26:21+00:00
