captured_at,game_id,book,market,line,price,open_line,open_price,status,last_seen_at,other_price
2026-09-24T12:13:44+00:00,401856696,DraftKings,margin,12.500,-110.000,11.500,-108.000,STATUS_SCHEDULED,2026-09-24T22:45:28+00:00,
2026-09-25T00:54:08+00:00,401856696,DraftKings,margin,12.500,-110.000,11.500,-108.000,STATUS_SCHEDULED,2026-09-26T23:07:32+00:00,-110.000
2026-09-23T19:53:37+00:00,401856696,DraftKings,total,53.500,-115.000,46.500,-115.000,STATUS_SCHEDULED,2026-09-23T20:04:04+00:00,
2026-09-24T12:13:44+00:00,401856696,DraftKings,total,53.500,-110.000,46.500,-115.000,STATUS_SCHEDULED,2026-09-24T21:46:26+00:00,
2026-09-24T22:45:28+00:00,401856696,DraftKings,total,54.500,-108.000,46.500,-115.000,STATUS_SCHEDULED,2026-09-24T22:45:28+00:00,
2026-09-25T00:54:08+00:00,401856696,DraftKings,total,54.500,-108.000,46.500,-115.000,STATUS_SCHEDULED,2026-09-26T21:22:37+00:00,-112.000
2026-09-26T21:37:32+00:00,401856696,DraftKings,total,53.500,-115.000,46.500,-115.000,STATUS_SCHEDULED,2026-09-26T21:37:32+00:00,-105.000
2026-09-26T21:52:36+00:00,401856696,DraftKings,total,53.500,-110.000,46.500,-115.000,STATUS_SCHEDULED,2026-09-26T23:07:32+00:00,-110.000
2026-09-24T12:13:44+00:00,401856697,DraftKings,margin,7.000,-110.000,8.500,-105.000,STATUS_SCHEDULED,2026-09-24T18:17:56+00:00,
2026-09-24T19:14:09+00:00,401856697,DraftKings,margin,7.000,-112.000,8.500,-105.000,STATUS_SCHEDULED,2026-09-24T22:45:28+00:00,
2026-09-25T00:54:08+00:00,401856697,DraftKings,margin,7.000,-112.000,8.500,-105.000,STATUS_SCHEDULED,2026-09-26T03:35:33+00:00,-108.000
2026-09-26T13:24:25+00:00,401856697,DraftKings,margin,7.000,-110.000,8.500,-105.000,STATUS_SCHEDULED,2026-09-26T21:22:37+00:00,-110.000
2026-09-26T21:37:32+00:00,401856697,DraftKings,margin,7.000,-112.000,8.500,-105.000,STATUS_SCHEDULED,2026-09-26T22:52:43+00:00,-108.000
2026-09-26T23:07:32+00:00,401856697,DraftKings,margin,7.000,-108.000,8.500,-105.000,STATUS_SCHEDULED,2026-09-26T23:37:37+00:00,-112.000
2026-09-26T23:52:43+00:00,401856697,DraftKings,margin,7.000,-105.000,8.500,-105.000,STATUS_SCHEDULED,2026-09-26T23:52:42+00:00,-115.000
2026-09-23T19:53:37+00:00,401856697,DraftKings,total,50.500,-112.000,52.500,-115.000,STATUS_SCHEDULED,2026-09-23T20:04:04+00:00,
2026-09-24T12:13:44+00:00,401856697,DraftKings,total,50.500,-105.000,52.500,-115.000,STATUS_SCHEDULED,2026-09-24T18:17:56+00:00,
2026-09-24T19:14:09+00:00,401856697,DraftKings,total,50.500,-115.000,52.500,-115.000,STATUS_SCHEDULED,2026-09-24T22:45:28+00:00,
2026-09-25T00:54:08+00:00,401856697,DraftKings,total,50.500,-115.000,52.500,-115.000,STATUS_SCHEDULED,2026-09-26T21:22:37+00:00,-105.000
2026-09-26T21:37:32+00:00,401856697,DraftKings,total,50.500,-110.000,52.500,-115.000,STATUS_SCHEDULED,2026-09-26T23:22:39+00:00,-110.000
2026-09-26T23:37:37+00:00,401856697,DraftKings,total,50.500,-118.000,52.500,-115.000,STATUS_SCHEDULED,2026-09-26T23:37:37+00:00,-102.000
2026-09-26T23:52:43+00:00,401856697,DraftKings,total,51.500,-102.000,52.500,-115.000,STATUS_SCHEDULED,2026-09-26T23:52:42+00:00,-118.000
2026-09-24T12:13:44+00:00,401856698,DraftKings,margin,9.500,-110.000,8.500,-110.000,STATUS_SCHEDULED,2026-09-24T22:45:28+00:00,
2026-09-25T00:54:08+00:00,401856698,DraftKings,margin,9.500,-110.000,8.500,-110.000,STATUS_SCHEDULED,2026-09-25T18:25:20+00:00,-110.000
2026-09-25T21:13:04+00:00,401856698,DraftKings,margin,9.500,-115.000,8.500,-110.000,STATUS_SCHEDULED,2026-09-25T21:13:04+00:00,-105.000
2026-09-25T23:25:34+00:00,401856698,DraftKings,margin,9.500,-110.000,8.500,-110.000,STATUS_SCHEDULED,2026-09-26T13:37:37+00:00,-110.000
2026-09-26T13:52:44+00:00,401856698,DraftKings,margin,10.000,-105.000,8.500,-110.000,STATUS_SCHEDULED,2026-09-26T14:07:41+00:00,-115.000
2026-09-26T14:22:36+00:00,401856698,DraftKings,margin,10.000,-108.000,8.500,-110.000,STATUS_SCHEDULED,2026-09-26T15:07:47+00:00,-112.000
2026-09-26T15:38:14+00:00,401856698,DraftKings,margin,10.000,-110.000,8.500,-110.000,STATUS_SCHEDULED,2026-09-26T19:37:49+00:00,-110.000
2026-09-26T19:52:39+00:00,401856698,DraftKings,margin,10.000,-108.000,8.500,-110.000,STATUS_SCHEDULED,2026-09-26T20:07:42+00:00,-112.000
2026-09-22T17:25:33+00:00,401856698,DraftKings,total,55.500,-105.000,50.500,-112.000,STATUS_SCHEDULED,2026-09-22T17:25:33+00:00,
2026-09-23T18:31:11+00:00,401856698,DraftKings,total,54.500,-115.000,50.500,-112.000,STATUS_SCHEDULED,2026-09-23T18:31:11+00:00,
2026-09-24T12:13:44+00:00,401856698,DraftKings,total,55.500,-102.000,50.500,-112.000,STATUS_SCHEDULED,2026-09-24T22:45:28+00:00,
2026-09-25T00:54:08+00:00,401856698,DraftKings,total,55.500,-102.000,50.500,-112.000,STATUS_SCHEDULED,2026-09-25T00:54:08+00:00,-118.000
2026-09-25T07:30:32+00:00,401856698,DraftKings,total,55.500,-108.000,50.500,-112.000,STATUS_SCHEDULED,2026-09-26T14:28:46+00:00,-112.000
2026-09-26T14:52:35+00:00,401856698,DraftKings,total,55.500,-110.000,50.500,-112.000,STATUS_SCHEDULED,2026-09-26T16:22:39+00:00,-110.000
2026-09-26T16:37:42+00:00,401856698,DraftKings,total,54.500,-112.000,50.500,-112.000,STATUS_SCHEDULED,2026-09-26T18:04:46+00:00,-108.000
2026-09-26T18:22:37+00:00,401856698,DraftKings,total,54.500,-110.000,50.500,-112.000,STATUS_SCHEDULED,2026-09-26T20:07:42+00:00,-110.000
2026-09-22T17:45:06+00:00,401856699,DraftKings,margin,3.500,-108.000,1.500,-108.000,STATUS_SCHEDULED,2026-09-22T17:45:06+00:00,
2026-09-23T02:42:24+00:00,401856699,DraftKings,margin,3.000,-122.000,1.500,-108.000,STATUS_SCHEDULED,2026-09-23T02:42:24+00:00,
2026-09-23T18:31:11+00:00,401856699,DraftKings,margin,3.000,-115.000,1.500,-108.000,STATUS_SCHEDULED,2026-09-23T18:31:11+00:00,
2026-09-23T19:53:37+00:00,401856699,DraftKings,margin,3.000,-118.000,1.500,-108.000,STATUS_SCHEDULED,2026-09-23T19:58:31+00:00,
2026-09-24T12:13:44+00:00,401856699,DraftKings,margin,3.500,100.000,1.500,-108.000,STATUS_SCHEDULED,2026-09-24T21:46:26+00:00,
2026-09-24T22:45:28+00:00,401856699,DraftKings,margin,3.500,-105.000,1.500,-108.000,STATUS_SCHEDULED,2026-09-24T22:45:28+00:00,
2026-09-25T00:54:08+00:00,401856699,DraftKings,margin,3.500,-105.000,1.500,-108.000,STATUS_SCHEDULED,2026-09-26T03:35:33+00:00,-115.000
2026-09-26T13:24:25+00:00,401856699,DraftKings,margin,3.500,-110.000,1.500,-108.000,STATUS_SCHEDULED,2026-09-26T15:52:37+00:00,-110.000
2026-09-26T16:07:42+00:00,401856699,DraftKings,margin,3.500,-115.000,1.500,-108.000,STATUS_SCHEDULED,2026-09-26T16:52:37+00:00,-105.000
2026-09-26T17:07:46+00:00,401856699,DraftKings,margin,4.000,-108.000,1.500,-108.000,STATUS_SCHEDULED,2026-09-26T18:37:32+00:00,-112.000
2026-09-26T18:52:41+00:00,401856699,DraftKings,margin,4.000,-110.000,1.500,-108.000,STATUS_SCHEDULED,2026-09-26T19:22:38+00:00,-110.000
2026-09-26T19:37:50+00:00,401856699,DraftKings,margin,4.000,-112.000,1.500,-108.000,STATUS_SCHEDULED,2026-09-26T19:37:49+00:00,-108.000
2026-09-24T12:13:44+00:00,401856699,DraftKings,total,58.500,-115.000,57.500,-108.000,STATUS_SCHEDULED,2026-09-24T14:20:17+00:00,
2026-09-24T18:17:56+00:00,401856699,DraftKings,total,59.500,-102.000,57.500,-108.000,STATUS_SCHEDULED,2026-09-24T22:45:28+00:00,
2026-09-25T00:54:08+00:00,401856699,DraftKings,total,59.500,-102.000,57.500,-108.000,STATUS_SCHEDULED,2026-09-25T23:25:33+00:00,-118.000
2026-09-26T00:43:54+00:00,401856699,DraftKings,total,58.500,-115.000,57.500,-108.000,STATUS_SCHEDULED,2026-09-26T19:37:49+00:00,-105.000
2026-09-24T12:13:44+00:00,401856700,DraftKings,margin,14.000,-110.000,10.000,-110.000,STATUS_SCHEDULED,2026-09-24T14:20:17+00:00,
2026-09-24T18:17:56+00:00,401856700,DraftKings,margin,14.000,-105.000,10.000,-110.000,STATUS_SCHEDULED,2026-09-24T19:14:09+00:00,
2026-09-24T21:09:53+00:00,401856700,DraftKings,margin,13.500,-112.000,10.000,-110.000,STATUS_SCHEDULED,2026-09-24T22:45:28+00:00,
2026-09-25T00:54:08+00:00,401856700,DraftKings,margin,13.500,-112.000,10.000,-110.000,STATUS_SCHEDULED,2026-09-25T23:25:33+00:00,-108.000
2026-09-26T00:43:54+00:00,401856700,DraftKings,margin,13.500,-110.000,10.000,-110.000,STATUS_SCHEDULED,2026-09-26T18:22:36+00:00,-110.000
2026-09-26T18:37:32+00:00,401856700,DraftKings,margin,12.500,-110.000,10.000,-110.000,STATUS_SCHEDULED,2026-09-26T19:07:35+00:00,-110.000
2026-09-26T19:22:38+00:00,401856700,DraftKings,margin,12.500,-108.000,10.000,-110.000,STATUS_SCHEDULED,2026-09-26T19:22:38+00:00,-112.000
2026-09-26T19:37:50+00:00,401856700,DraftKings,margin,11.500,-112.000,10.000,-110.000,STATUS_SCHEDULED,2026-09-26T19:37:49+00:00,-108.000
2026-09-23T18:31:11+00:00,401856700,DraftKings,total,44.500,-115.000,52.500,-110.000,STATUS_SCHEDULED,2026-09-23T18:31:11+00:00,
2026-09-24T12:13:44+00:00,401856700,DraftKings,total,44.500,-110.000,52.500,-110.000,STATUS_SCHEDULED,2026-09-24T22:45:28+00:00,
2026-09-25T00:54:08+00:00,401856700,DraftKings,total,44.500,-110.000,52.500,-110.000,STATUS_SCHEDULED,2026-09-25T07:30:32+00:00,-110.000
2026-09-25T13:15:51+00:00,401856700,DraftKings,total,44.500,-105.000,52.500,-110.000,STATUS_SCHEDULED,2026-09-25T18:25:20+00:00,-115.000
2026-09-25T21:13:04+00:00,401856700,DraftKings,total,43.500,-118.000,52.500,-110.000,STATUS_SCHEDULED,2026-09-26T01:37:37+00:00,-102.000
2026-09-26T01:52:37+00:00,401856700,DraftKings,total,44.500,-102.000,52.500,-110.000,STATUS_SCHEDULED,2026-09-26T01:52:37+00:00,-118.000
2026-09-26T02:09:48+00:00,401856700,DraftKings,total,43.500,-118.000,52.500,-110.000,STATUS_SCHEDULED,2026-09-26T03:35:33+00:00,-102.000
2026-09-26T13:24:25+00:00,401856700,DraftKings,total,44.500,-102.000,52.500,-110.000,STATUS_SCHEDULED,2026-09-26T15:07:47+00:00,-118.000
2026-09-26T15:38:14+00:00,401856700,DraftKings,total,43.500,-118.000,52.500,-110.000,STATUS_SCHEDULED,2026-09-26T19:37:49+00:00,-102.000
2026-09-24T12:13:44+00:00,401856702,DraftKings,margin,8.500,-110.000,3.000,-110.000,STATUS_SCHEDULED,2026-09-24T19:14:09+00:00,
2026-09-24T21:09:53+00:00,401856702,DraftKings,margin,9.500,-110.000,3.000,-110.000,STATUS_SCHEDULED,2026-09-24T21:46:26+00:00,
2026-09-24T22:45:28+00:00,401856702,DraftKings,margin,9.500,-115.000,3.000,-110.000,STATUS_SCHEDULED,2026-09-24T22:45:28+00:00,
2026-09-25T00:54:08+00:00,401856702,DraftKings,margin,9.500,-115.000,3.000,-110.000,STATUS_SCHEDULED,2026-09-25T13:15:51+00:00,-105.000
2026-09-25T18:25:20+00:00,401856702,DraftKings,margin,8.500,-112.000,3.000,-110.000,STATUS_SCHEDULED,2026-09-25T18:25:20+00:00,-108.000
2026-09-25T21:13:04+00:00,401856702,DraftKings,margin,8.500,-108.000,3.000,-110.000,STATUS_SCHEDULED,2026-09-26T23:37:37+00:00,-112.000
2026-09-24T12:13:44+00:00,401856702,DraftKings,total,51.500,-112.000,57.500,-108.000,STATUS_SCHEDULED,2026-09-24T22:45:28+00:00,
2026-09-25T00:54:08+00:00,401856702,DraftKings,total,51.500,-112.000,57.500,-108.000,STATUS_SCHEDULED,2026-09-26T13:24:25+00:00,-108.000
2026-09-26T13:37:37+00:00,401856702,DraftKings,total,52.500,-105.000,57.500,-108.000,STATUS_SCHEDULED,2026-09-26T22:07:37+00:00,-115.000
2026-09-26T22:22:36+00:00,401856702,DraftKings,total,52.500,-110.000,57.500,-108.000,STATUS_SCHEDULED,2026-09-26T23:22:39+00:00,-110.000
2026-09-26T23:37:37+00:00,401856702,DraftKings,total,52.500,-105.000,57.500,-108.000,STATUS_SCHEDULED,2026-09-26T23:37:37+00:00,-115.000
2026-09-24T12:13:44+00:00,401856703,DraftKings,margin,6.500,-108.000,1.500,-105.000,STATUS_SCHEDULED,2026-09-24T14:20:17+00:00,
2026-09-24T18:17:56+00:00,401856703,DraftKings,margin,6.000,-110.000,1.500,-105.000,STATUS_SCHEDULED,2026-09-24T22:45:28+00:00,
2026-09-25T00:54:08+00:00,401856703,DraftKings,margin,6.000,-110.000,1.500,-105.000,STATUS_SCHEDULED,2026-09-25T13:15:51+00:00,-110.000
2026-09-25T18:25:20+00:00,401856703,DraftKings,margin,6.000,-108.000,1.500,-105.000,STATUS_SCHEDULED,2026-09-26T03:35:33+00:00,-112.000
2026-09-26T13:24:25+00:00,401856703,DraftKings,margin,6.000,-110.000,1.500,-105.000,STATUS_SCHEDULED,2026-09-26T13:24:25+00:00,-110.000
2026-09-26T13:37:37+00:00,401856703,DraftKings,margin,5.500,-110.000,1.500,-105.000,STATUS_SCHEDULED,2026-09-26T17:07:45+00:00,-110.000
2026-09-26T17:22:38+00:00,401856703,DraftKings,margin,5.500,-105.000,1.500,-105.000,STATUS_SCHEDULED,2026-09-26T17:22:38+00:00,-115.000
2026-09-26T17:37:40+00:00,401856703,DraftKings,margin,4.500,-115.000,1.500,-105.000,STATUS_SCHEDULED,2026-09-26T22:07:37+00:00,-105.000
2026-09-26T22:22:36+00:00,401856703,DraftKings,margin,3.500,-108.000,1.500,-105.000,STATUS_SCHEDULED,2026-09-26T22:52:43+00:00,-112.000
2026-09-26T23:07:32+00:00,401856703,DraftKings,margin,3.500,-112.000,1.500,-105.000,STATUS_SCHEDULED,2026-09-26T23:52:42+00:00,-108.000
2026-09-24T12:13:44+00:00,401856703,DraftKings,total,58.500,-112.000,56.500,-110.000,STATUS_SCHEDULED,2026-09-24T22:45:28+00:00,
2026-09-25T00:54:08+00:00,401856703,DraftKings,total,58.500,-112.000,56.500,-110.000,STATUS_SCHEDULED,2026-09-26T23:52:42+00:00,-108.000
2026-09-22T17:45:06+00:00,401856704,DraftKings,margin,-5.500,-110.000,-7.000,-110.000,STATUS_SCHEDULED,2026-09-22T17:45:06+00:00,
2026-09-23T19:53:37+00:00,401856704,DraftKings,margin,-4.500,-108.000,-7.000,-110.000,STATUS_SCHEDULED,2026-09-23T22:10:00+00:00,
2026-09-24T01:15:40+00:00,401856704,DraftKings,margin,-4.500,-112.000,-7.000,-110.000,STATUS_SCHEDULED,2026-09-24T01:15:40+00:00,
2026-09-24T12:13:44+00:00,401856704,DraftKings,margin,-4.000,-110.000,-7.000,-110.000,STATUS_SCHEDULED,2026-09-24T21:46:26+00:00,
2026-09-24T22:45:28+00:00,401856704,DraftKings,margin,-4.000,-108.000,-7.000,-110.000,STATUS_SCHEDULED,2026-09-24T22:45:28+00:00,
2026-09-25T00:54:08+00:00,401856704,DraftKings,margin,-4.000,-108.000,-7.000,-110.000,STATUS_SCHEDULED,2026-09-25T00:54:08+00:00,-112.000
2026-09-25T07:30:32+00:00,401856704,DraftKings,margin,-4.500,-105.000,-7.000,-110.000,STATUS_SCHEDULED,2026-09-25T23:25:33+00:00,-115.000
2026-09-26T00:43:54+00:00,401856704,DraftKings,margin,-5.500,-115.000,-7.000,-110.000,STATUS_SCHEDULED,2026-09-26T14:28:46+00:00,-105.000
2026-09-26T14:52:35+00:00,401856704,DraftKings,margin,-5.500,-110.000,-7.000,-110.000,STATUS_SCHEDULED,2026-09-26T15:52:37+00:00,-110.000
2026-09-26T16:07:42+00:00,401856704,DraftKings,margin,-5.500,-115.000,-7.000,-110.000,STATUS_SCHEDULED,2026-09-26T16:07:41+00:00,-105.000
2026-09-23T19:53:37+00:00,401856704,DraftKings,total,55.500,-112.000,56.500,-112.000,STATUS_SCHEDULED,2026-09-23T22:10:00+00:00,
2026-09-24T12:13:44+00:00,401856704,DraftKings,total,55.500,-105.000,56.500,-112.000,STATUS_SCHEDULED,2026-09-24T21:46:26+00:00,
2026-09-24T22:45:28+00:00,401856704,DraftKings,total,55.500,-108.000,56.500,-112.000,STATUS_SCHEDULED,2026-09-24T22:45:28+00:00,
2026-09-25T00:54:08+00:00,401856704,DraftKings,total,55.500,-108.000,56.500,-112.000,STATUS_SCHEDULED,2026-09-25T00:54:08+00:00,-112.000
2026-09-25T07:30:32+00:00,401856704,DraftKings,total,54.500,-118.000,56.500,-112.000,STATUS_SCHEDULED,2026-09-25T07:30:32+00:00,-102.000
2026-09-25T13:15:51+00:00,401856704,DraftKings,total,54.500,-112.000,56.500,-112.000,STATUS_SCHEDULED,2026-09-26T14:28:46+00:00,-108.000
2026-09-26T14:52:35+00:00,401856704,DraftKings,total,54.500,-118.000,56.500,-112.000,STATUS_SCHEDULED,2026-09-26T15:38:14+00:00,-102.000
2026-09-26T15:52:38+00:00,401856704,DraftKings,total,54.500,-110.000,56.500,-112.000,STATUS_SCHEDULED,2026-09-26T16:07:41+00:00,-110.000
2026-09-26T13:24:26+00:00,401856705,DraftKings,margin,23.500,-110.000,23.500,-110.000,STATUS_SCHEDULED,2026-09-27T03:52:28+00:00,-110.000
2026-09-27T04:52:45+00:00,401856705,DraftKings,margin,24.500,-110.000,23.500,-110.000,STATUS_SCHEDULED,2026-09-27T17:37:40+00:00,-110.000
2026-09-27T17:52:37+00:00,401856705,DraftKings,margin,25.500,-110.000,23.500,-110.000,STATUS_SCHEDULED,2026-09-27T19:37:37+00:00,-110.000
2026-09-27T19:52:37+00:00,401856705,DraftKings,margin,25.500,-105.000,23.500,-110.000,STATUS_SCHEDULED,2026-09-27T23:52:46+00:00,-115.000
2026-09-28T00:52:38+00:00,401856705,DraftKings,margin,24.500,-112.000,23.500,-110.000,STATUS_SCHEDULED,2026-09-28T11:52:41+00:00,-108.000
2026-09-28T12:52:43+00:00,401856705,DraftKings,margin,24.500,-108.000,23.500,-110.000,STATUS_SCHEDULED,2026-09-30T20:55:50+00:00,-112.000
2026-09-26T13:24:26+00:00,401856705,DraftKings,total,57.500,-110.000,57.500,-110.000,STATUS_SCHEDULED,2026-09-27T03:52:28+00:00,-110.000
2026-09-27T04:52:45+00:00,401856705,DraftKings,total,56.500,-110.000,57.500,-110.000,STATUS_SCHEDULED,2026-09-27T05:53:15+00:00,-110.000
2026-09-27T06:52:46+00:00,401856705,DraftKings,total,55.500,-110.000,57.500,-110.000,STATUS_SCHEDULED,2026-09-27T13:51:07+00:00,-110.000
2026-09-27T13:55:47+00:00,401856705,DraftKings,total,54.500,-110.000,57.500,-110.000,STATUS_SCHEDULED,2026-09-27T18:07:45+00:00,-110.000
2026-09-27T18:22:38+00:00,401856705,DraftKings,total,53.500,-110.000,57.500,-110.000,STATUS_SCHEDULED,2026-09-27T19:07:32+00:00,-110.000
2026-09-27T19:22:40+00:00,401856705,DraftKings,total,52.500,-110.000,57.500,-110.000,STATUS_SCHEDULED,2026-09-27T19:22:39+00:00,-110.000
2026-09-27T19:37:37+00:00,401856705,DraftKings,total,53.500,-110.000,57.500,-110.000,STATUS_SCHEDULED,2026-09-27T19:37:37+00:00,-110.000
2026-09-27T19:52:37+00:00,401856705,DraftKings,total,53.500,-105.000,57.500,-110.000,STATUS_SCHEDULED,2026-09-27T20:07:35+00:00,-115.000
2026-09-27T20:22:39+00:00,401856705,DraftKings,total,53.500,-110.000,57.500,-110.000,STATUS_SCHEDULED,2026-09-27T20:52:45+00:00,-110.000
2026-09-27T21:07:45+00:00,401856705,DraftKings,total,52.500,-110.000,57.500,-110.000,STATUS_SCHEDULED,2026-09-27T23:52:46+00:00,-110.000
2026-09-28T00:52:38+00:00,401856705,DraftKings,total,52.500,-105.000,57.500,-110.000,STATUS_SCHEDULED,2026-09-28T01:52:43+00:00,-115.000
2026-09-28T02:52:46+00:00,401856705,DraftKings,total,51.500,-118.000,57.500,-110.000,STATUS_SCHEDULED,2026-09-28T21:07:44+00:00,-102.000
2026-09-28T21:23:14+00:00,401856705,DraftKings,total,50.500,-112.000,57.500,-110.000,STATUS_SCHEDULED,2026-09-29T18:07:51+00:00,-108.000
2026-09-29T19:07:41+00:00,401856705,DraftKings,total,50.500,-115.000,57.500,-110.000,STATUS_SCHEDULED,2026-09-30T14:07:43+00:00,-105.000
2026-09-30T14:55:28+00:00,401856705,DraftKings,total,51.500,-102.000,57.500,-110.000,STATUS_SCHEDULED,2026-09-30T20:55:50+00:00,-118.000
2026-09-30T20:26:41+00:00,401856706,DraftKings,margin,53.500,-110.000,53.500,-110.000,STATUS_SCHEDULED,2026-09-30T20:55:50+00:00,-110.000
2026-09-30T20:26:41+00:00,401856706,DraftKings,total,60.500,-110.000,60.500,-110.000,STATUS_SCHEDULED,2026-09-30T20:55:50+00:00,-110.000
2026-09-26T13:24:26+00:00,401856707,DraftKings,margin,-3.500,-105.000,-3.000,-110.000,STATUS_SCHEDULED,2026-09-27T03:22:39+00:00,-115.000
2026-09-27T03:52:29+00:00,401856707,DraftKings,margin,-4.500,-115.000,-3.000,-110.000,STATUS_SCHEDULED,2026-09-27T17:22:38+00:00,-105.000
2026-09-27T17:37:40+00:00,401856707,DraftKings,margin,-5.500,-110.000,-3.000,-110.000,STATUS_SCHEDULED,2026-09-27T19:22:39+00:00,-110.000
2026-09-27T19:37:37+00:00,401856707,DraftKings,margin,-6.000,-108.000,-3.000,-110.000,STATUS_SCHEDULED,2026-09-28T14:52:39+00:00,-112.000
2026-09-28T15:52:44+00:00,401856707,DraftKings,margin,-5.500,-110.000,-3.000,-110.000,STATUS_SCHEDULED,2026-09-28T18:52:39+00:00,-110.000
2026-09-28T19:52:46+00:00,401856707,DraftKings,margin,-6.000,-115.000,-3.000,-110.000,STATUS_SCHEDULED,2026-09-28T22:22:38+00:00,-105.000
2026-09-28T22:37:39+00:00,401856707,DraftKings,margin,-6.000,-112.000,-3.000,-110.000,STATUS_SCHEDULED,2026-09-29T09:52:42+00:00,-108.000
2026-09-29T10:52:46+00:00,401856707,DraftKings,margin,-6.000,-110.000,-3.000,-110.000,STATUS_SCHEDULED,2026-09-29T17:07:45+00:00,-110.000
2026-09-29T18:07:52+00:00,401856707,DraftKings,margin,-6.000,-112.000,-3.000,-110.000,STATUS_SCHEDULED,2026-09-30T20:55:50+00:00,-108.000
2026-09-26T13:24:26+00:00,401856707,DraftKings,total,59.500,-110.000,58.500,-110.000,STATUS_SCHEDULED,2026-09-28T14:52:39+00:00,-110.000
2026-09-28T15:52:44+00:00,401856707,DraftKings,total,59.500,-112.000,58.500,-110.000,STATUS_SCHEDULED,2026-09-28T18:52:39+00:00,-108.000
2026-09-28T19:52:46+00:00,401856707,DraftKings,total,60.500,-108.000,58.500,-110.000,STATUS_SCHEDULED,2026-09-29T17:07:45+00:00,-112.000
2026-09-29T18:07:52+00:00,401856707,DraftKings,total,59.500,-112.000,58.500,-110.000,STATUS_SCHEDULED,2026-09-29T23:07:38+00:00,-108.000
2026-09-30T00:07:35+00:00,401856707,DraftKings,total,60.500,-105.000,58.500,-110.000,STATUS_SCHEDULED,2026-09-30T00:07:34+00:00,-115.000
2026-09-30T01:07:33+00:00,401856707,DraftKings,total,59.500,-112.000,58.500,-110.000,STATUS_SCHEDULED,2026-09-30T01:07:32+00:00,-108.000
2026-09-30T02:07:40+00:00,401856707,DraftKings,total,60.500,-108.000,58.500,-110.000,STATUS_SCHEDULED,2026-09-30T16:07:44+00:00,-112.000
2026-09-30T17:07:45+00:00,401856707,DraftKings,total,59.500,-110.000,58.500,-110.000,STATUS_SCHEDULED,2026-09-30T20:55:50+00:00,-110.000
2026-09-26T13:24:26+00:00,401856708,DraftKings,margin,-3.000,-105.000,-2.500,-110.000,STATUS_SCHEDULED,2026-09-27T03:22:39+00:00,-115.000
2026-09-27T03:52:29+00:00,401856708,DraftKings,margin,-5.500,-110.000,-2.500,-110.000,STATUS_SCHEDULED,2026-09-27T14:52:39+00:00,-110.000
2026-09-27T15:07:47+00:00,401856708,DraftKings,margin,-4.500,-110.000,-2.500,-110.000,STATUS_SCHEDULED,2026-09-27T17:22:38+00:00,-110.000
2026-09-27T17:37:40+00:00,401856708,DraftKings,margin,-5.500,-110.000,-2.500,-110.000,STATUS_SCHEDULED,2026-09-27T19:22:39+00:00,-110.000
2026-09-27T19:37:37+00:00,401856708,DraftKings,margin,-4.500,-105.000,-2.500,-110.000,STATUS_SCHEDULED,2026-09-27T19:52:36+00:00,-115.000
2026-09-27T20:07:35+00:00,401856708,DraftKings,margin,-4.000,-112.000,-2.500,-110.000,STATUS_SCHEDULED,2026-09-27T23:52:46+00:00,-108.000
2026-09-28T00:52:38+00:00,401856708,DraftKings,margin,-4.500,-108.000,-2.500,-110.000,STATUS_SCHEDULED,2026-09-28T14:52:39+00:00,-112.000
2026-09-28T15:52:44+00:00,401856708,DraftKings,margin,-4.500,-105.000,-2.500,-110.000,STATUS_SCHEDULED,2026-09-29T09:52:42+00:00,-115.000
2026-09-29T10:52:46+00:00,401856708,DraftKings,margin,-5.500,-115.000,-2.500,-110.000,STATUS_SCHEDULED,2026-09-29T12:52:34+00:00,-105.000
2026-09-29T13:52:42+00:00,401856708,DraftKings,margin,-4.500,-105.000,-2.500,-110.000,STATUS_SCHEDULED,2026-09-29T15:58:03+00:00,-115.000
2026-09-29T17:07:46+00:00,401856708,DraftKings,margin,-5.500,-115.000,-2.500,-110.000,STATUS_SCHEDULED,2026-09-30T20:55:50+00:00,-105.000
2026-09-26T13:24:26+00:00,401856708,DraftKings,total,54.500,-110.000,53.500,-110.000,STATUS_SCHEDULED,2026-09-27T03:22:39+00:00,-110.000
2026-09-27T03:52:29+00:00,401856708,DraftKings,total,56.500,-110.000,53.500,-110.000,STATUS_SCHEDULED,2026-09-27T19:52:36+00:00,-110.000
2026-09-27T20:07:35+00:00,401856708,DraftKings,total,56.500,-105.000,53.500,-110.000,STATUS_SCHEDULED,2026-09-27T20:37:35+00:00,-115.000
2026-09-27T20:52:45+00:00,401856708,DraftKings,total,55.500,-112.000,53.500,-110.000,STATUS_SCHEDULED,2026-09-27T23:52:46+00:00,-108.000
2026-09-28T00:52:38+00:00,401856708,DraftKings,total,56.500,-108.000,53.500,-110.000,STATUS_SCHEDULED,2026-09-28T02:52:45+00:00,-112.000
2026-09-28T03:52:44+00:00,401856708,DraftKings,total,56.500,-112.000,53.500,-110.000,STATUS_SCHEDULED,2026-09-29T12:52:34+00:00,-108.000
2026-09-29T13:52:42+00:00,401856708,DraftKings,total,56.500,-108.000,53.500,-110.000,STATUS_SCHEDULED,2026-09-29T15:58:03+00:00,-112.000
2026-09-29T17:07:46+00:00,401856708,DraftKings,total,56.500,-112.000,53.500,-110.000,STATUS_SCHEDULED,2026-09-30T20:55:50+00:00,-108.000
2026-09-26T13:24:26+00:00,401856709,DraftKings,margin,6.000,-110.000,7.000,-110.000,STATUS_SCHEDULED,2026-09-27T06:52:45+00:00,-110.000
2026-09-27T07:52:37+00:00,401856709,DraftKings,margin,3.500,-120.000,7.000,-110.000,STATUS_SCHEDULED,2026-09-27T17:37:40+00:00,100.000
2026-09-27T17:52:37+00:00,401856709,DraftKings,margin,3.500,-115.000,7.000,-110.000,STATUS_SCHEDULED,2026-09-27T19:22:39+00:00,-105.000
2026-09-27T19:37:37+00:00,401856709,DraftKings,margin,3.500,-105.000,7.000,-110.000,STATUS_SCHEDULED,2026-09-27T21:22:42+00:00,-115.000
2026-09-27T21:37:41+00:00,401856709,DraftKings,margin,3.500,,7.000,,STATUS_SCHEDULED,2026-09-27T23:37:47+00:00,-110.000
2026-09-27T23:52:48+00:00,401856709,DraftKings,margin,3.000,-105.000,7.000,-110.000,STATUS_SCHEDULED,2026-09-28T01:52:43+00:00,-115.000
2026-09-28T02:52:46+00:00,401856709,DraftKings,margin,3.000,-102.000,7.000,-110.000,STATUS_SCHEDULED,2026-09-28T03:52:43+00:00,-118.000
2026-09-28T04:52:44+00:00,401856709,DraftKings,margin,3.000,-105.000,7.000,-110.000,STATUS_SCHEDULED,2026-09-28T08:52:38+00:00,-115.000
2026-09-28T09:52:42+00:00,401856709,DraftKings,margin,3.000,-108.000,7.000,-110.000,STATUS_SCHEDULED,2026-09-28T12:52:43+00:00,-112.000
2026-09-28T13:52:40+00:00,401856709,DraftKings,margin,3.000,-112.000,7.000,-110.000,STATUS_SCHEDULED,2026-09-28T13:52:40+00:00,-108.000
2026-09-28T14:52:40+00:00,401856709,DraftKings,margin,2.500,-118.000,7.000,-110.000,STATUS_SCHEDULED,2026-09-29T21:07:46+00:00,-102.000
2026-09-29T22:07:45+00:00,401856709,DraftKings,margin,3.000,-105.000,7.000,-110.000,STATUS_SCHEDULED,2026-09-30T20:55:50+00:00,-115.000
2026-09-26T13:24:26+00:00,401856709,DraftKings,total,49.500,-110.000,49.500,-110.000,STATUS_SCHEDULED,2026-09-27T06:52:45+00:00,-110.000
2026-09-27T07:52:37+00:00,401856709,DraftKings,total,51.500,-125.000,49.500,-110.000,STATUS_SCHEDULED,2026-09-27T14:52:39+00:00,105.000
2026-09-27T15:07:47+00:00,401856709,DraftKings,total,52.500,-110.000,49.500,-110.000,STATUS_SCHEDULED,2026-09-27T19:22:39+00:00,-110.000
2026-09-27T19:37:37+00:00,401856709,DraftKings,total,53.500,-108.000,49.500,-110.000,STATUS_SCHEDULED,2026-09-27T23:37:47+00:00,-112.000
2026-09-27T23:52:48+00:00,401856709,DraftKings,total,53.500,-112.000,49.500,-110.000,STATUS_SCHEDULED,2026-09-29T18:07:51+00:00,-108.000
2026-09-29T19:07:41+00:00,401856709,DraftKings,total,53.500,-108.000,49.500,-110.000,STATUS_SCHEDULED,2026-09-30T20:55:50+00:00,-112.000
2026-09-26T13:24:26+00:00,401856710,DraftKings,margin,7.500,-115.000,7.500,-110.000,STATUS_SCHEDULED,2026-09-26T23:52:42+00:00,-105.000
2026-09-27T00:07:39+00:00,401856710,DraftKings,margin,7.500,-110.000,7.500,-110.000,STATUS_SCHEDULED,2026-09-27T23:52:46+00:00,-110.000
2026-09-28T00:52:38+00:00,401856710,DraftKings,margin,7.000,-108.000,7.500,-110.000,STATUS_SCHEDULED,2026-09-28T01:52:43+00:00,-112.000
2026-09-28T02:52:46+00:00,401856710,DraftKings,margin,7.000,-105.000,7.500,-110.000,STATUS_SCHEDULED,2026-09-28T13:52:40+00:00,-115.000
2026-09-28T14:52:40+00:00,401856710,DraftKings,margin,7.000,-110.000,7.500,-110.000,STATUS_SCHEDULED,2026-09-28T14:52:39+00:00,-110.000
2026-09-28T15:52:44+00:00,401856710,DraftKings,margin,7.000,-112.000,7.500,-110.000,STATUS_SCHEDULED,2026-09-28T16:45:28+00:00,-108.000
2026-09-28T17:52:43+00:00,401856710,DraftKings,margin,7.000,-115.000,7.500,-110.000,STATUS_SCHEDULED,2026-09-29T12:52:34+00:00,-105.000
2026-09-29T13:52:42+00:00,401856710,DraftKings,margin,7.000,-112.000,7.500,-110.000,STATUS_SCHEDULED,2026-09-30T20:55:50+00:00,-108.000
2026-09-26T13:24:26+00:00,401856710,DraftKings,total,58.500,-110.000,57.500,-110.000,STATUS_SCHEDULED,2026-09-26T23:52:42+00:00,-110.000
2026-09-27T00:07:39+00:00,401856710,DraftKings,total,56.500,-110.000,57.500,-110.000,STATUS_SCHEDULED,2026-09-27T14:37:38+00:00,-110.000
2026-09-27T14:52:40+00:00,401856710,DraftKings,total,55.500,-102.000,57.500,-110.000,STATUS_SCHEDULED,2026-09-27T19:22:39+00:00,-118.000
2026-09-27T19:37:37+00:00,401856710,DraftKings,total,53.500,-115.000,57.500,-110.000,STATUS_SCHEDULED,2026-09-27T19:37:37+00:00,-105.000
2026-09-27T19:52:37+00:00,401856710,DraftKings,total,54.500,-105.000,57.500,-110.000,STATUS_SCHEDULED,2026-09-27T19:52:36+00:00,-115.000
2026-09-27T20:07:35+00:00,401856710,DraftKings,total,53.500,-115.000,57.500,-110.000,STATUS_SCHEDULED,2026-09-27T20:52:45+00:00,-105.000
2026-09-27T21:07:45+00:00,401856710,DraftKings,total,54.500,-118.000,57.500,-110.000,STATUS_SCHEDULED,2026-09-27T22:37:47+00:00,-102.000
2026-09-27T22:52:34+00:00,401856710,DraftKings,total,54.500,-112.000,57.500,-110.000,STATUS_SCHEDULED,2026-09-28T01:52:43+00:00,-108.000
2026-09-28T02:52:46+00:00,401856710,DraftKings,total,54.500,-110.000,57.500,-110.000,STATUS_SCHEDULED,2026-09-28T14:52:39+00:00,-110.000
2026-09-28T15:52:44+00:00,401856710,DraftKings,total,54.500,-105.000,57.500,-110.000,STATUS_SCHEDULED,2026-09-28T16:45:28+00:00,-115.000
2026-09-28T17:52:43+00:00,401856710,DraftKings,total,53.500,-115.000,57.500,-110.000,STATUS_SCHEDULED,2026-09-29T09:52:42+00:00,-105.000
2026-09-29T10:52:46+00:00,401856710,DraftKings,total,54.500,-105.000,57.500,-110.000,STATUS_SCHEDULED,2026-09-29T12:52:34+00:00,-115.000
2026-09-29T13:52:42+00:00,401856710,DraftKings,total,54.500,-110.000,57.500,-110.000,STATUS_SCHEDULED,2026-09-30T20:55:50+00:00,-110.000
2026-09-27T16:37:34+00:00,401856711,DraftKings,margin,14.500,-110.000,14.500,-110.000,STATUS_SCHEDULED,2026-09-27T19:52:36+00:00,-110.000
2026-09-27T20:07:35+00:00,401856711,DraftKings,margin,14.500,-105.000,14.500,-110.000,STATUS_SCHEDULED,2026-09-27T21:37:40+00:00,-115.000
2026-09-27T21:52:33+00:00,401856711,DraftKings,margin,14.000,-110.000,14.500,-110.000,STATUS_SCHEDULED,2026-09-27T22:22:37+00:00,-110.000
2026-09-27T22:37:48+00:00,401856711,DraftKings,margin,14.500,-105.000,14.500,-110.000,STATUS_SCHEDULED,2026-09-27T23:52:46+00:00,-115.000
2026-09-28T00:52:38+00:00,401856711,DraftKings,margin,14.000,-112.000,14.500,-110.000,STATUS_SCHEDULED,2026-09-29T13:52:42+00:00,-108.000
2026-09-29T14:51:36+00:00,401856711,DraftKings,margin,14.000,-110.000,14.500,-110.000,STATUS_SCHEDULED,2026-09-30T18:07:35+00:00,-110.000
2026-09-30T19:07:41+00:00,401856711,DraftKings,margin,14.000,-108.000,14.500,-110.000,STATUS_SCHEDULED,2026-09-30T20:55:50+00:00,-112.000
2026-09-27T16:37:34+00:00,401856711,DraftKings,total,51.500,-110.000,51.500,-110.000,STATUS_SCHEDULED,2026-09-29T14:51:35+00:00,-110.000
2026-09-29T15:58:03+00:00,401856711,DraftKings,total,50.500,-112.000,51.500,-110.000,STATUS_SCHEDULED,2026-09-30T20:55:50+00:00,-108.000
2026-09-23T02:42:24+00:00,401856804,DraftKings,margin,-10.000,-108.000,-13.500,-110.000,STATUS_SCHEDULED,2026-09-23T02:42:24+00:00,
2026-09-24T12:13:44+00:00,401856804,DraftKings,margin,-10.000,-105.000,-13.500,-110.000,STATUS_SCHEDULED,2026-09-24T14:20:17+00:00,
2026-09-24T18:17:56+00:00,401856804,DraftKings,margin,-10.000,-102.000,-13.500,-110.000,STATUS_SCHEDULED,2026-09-24T22:45:28+00:00,
2026-09-25T00:54:08+00:00,401856804,DraftKings,margin,-10.000,-102.000,-13.500,-110.000,STATUS_SCHEDULED,2026-09-25T00:54:08+00:00,-118.000
2026-09-25T07:30:32+00:00,401856804,DraftKings,margin,-10.500,-110.000,-13.500,-110.000,STATUS_SCHEDULED,2026-09-26T23:07:32+00:00,-110.000
2026-09-26T23:22:40+00:00,401856804,DraftKings,margin,-11.500,-110.000,-13.500,-110.000,STATUS_SCHEDULED,2026-09-26T23:37:37+00:00,-110.000
2026-09-24T12:13:44+00:00,401856804,DraftKings,total,48.500,-110.000,48.500,-110.000,STATUS_SCHEDULED,2026-09-24T22:45:28+00:00,
2026-09-25T00:54:08+00:00,401856804,DraftKings,total,48.500,-110.000,48.500,-110.000,STATUS_SCHEDULED,2026-09-25T00:54:08+00:00,-110.000
2026-09-25T07:30:32+00:00,401856804,DraftKings,total,48.500,-105.000,48.500,-110.000,STATUS_SCHEDULED,2026-09-26T23:07:32+00:00,-115.000
2026-09-26T23:22:40+00:00,401856804,DraftKings,total,47.500,-110.000,48.500,-110.000,STATUS_SCHEDULED,2026-09-26T23:37:37+00:00,-110.000
2026-09-24T12:13:44+00:00,401856805,DraftKings,margin,34.500,-108.000,37.500,-110.000,STATUS_SCHEDULED,2026-09-24T22:45:28+00:00,
2026-09-25T00:54:08+00:00,401856805,DraftKings,margin,34.500,-108.000,37.500,-110.000,STATUS_SCHEDULED,2026-09-26T15:38:14+00:00,-112.000
2026-09-26T15:52:38+00:00,401856805,DraftKings,margin,34.500,-112.000,37.500,-110.000,STATUS_SCHEDULED,2026-09-26T15:52:37+00:00,-108.000
2026-09-24T12:13:44+00:00,401856805,DraftKings,total,55.500,-108.000,54.500,-110.000,STATUS_SCHEDULED,2026-09-24T14:20:17+00:00,
2026-09-24T18:17:56+00:00,401856805,DraftKings,total,55.500,-110.000,54.500,-110.000,STATUS_SCHEDULED,2026-09-24T22:45:28+00:00,
2026-09-25T00:54:08+00:00,401856805,DraftKings,total,55.500,-110.000,54.500,-110.000,STATUS_SCHEDULED,2026-09-25T13:15:51+00:00,-110.000
2026-09-25T18:25:20+00:00,401856805,DraftKings,total,55.500,-115.000,54.500,-110.000,STATUS_SCHEDULED,2026-09-26T03:35:33+00:00,-105.000
2026-09-26T13:24:25+00:00,401856805,DraftKings,total,56.500,-108.000,54.500,-110.000,STATUS_SCHEDULED,2026-09-26T13:52:44+00:00,-112.000
2026-09-26T14:07:41+00:00,401856805,DraftKings,total,56.500,-110.000,54.500,-110.000,STATUS_SCHEDULED,2026-09-26T15:52:37+00:00,-110.000
2026-09-24T12:13:44+00:00,401856806,DraftKings,margin,-18.500,-110.000,-19.500,-110.000,STATUS_SCHEDULED,2026-09-24T14:20:17+00:00,
2026-09-24T18:17:56+00:00,401856806,DraftKings,margin,-18.500,-112.000,-19.500,-110.000,STATUS_SCHEDULED,2026-09-24T19:14:09+00:00,
2026-09-24T21:09:53+00:00,401856806,DraftKings,margin,-17.500,-105.000,-19.500,-110.000,STATUS_SCHEDULED,2026-09-24T22:45:28+00:00,
2026-09-25T00:54:08+00:00,401856806,DraftKings,margin,-17.500,-105.000,-19.500,-110.000,STATUS_SCHEDULED,2026-09-25T13:15:51+00:00,-115.000
2026-09-25T18:25:20+00:00,401856806,DraftKings,margin,-17.500,-112.000,-19.500,-110.000,STATUS_SCHEDULED,2026-09-26T19:52:38+00:00,-108.000
2026-09-23T02:42:24+00:00,401856806,DraftKings,total,56.500,-108.000,55.500,-110.000,STATUS_SCHEDULED,2026-09-23T02:42:24+00:00,
2026-09-24T12:13:44+00:00,401856806,DraftKings,total,56.500,-110.000,55.500,-110.000,STATUS_SCHEDULED,2026-09-24T22:45:28+00:00,
2026-09-25T00:54:08+00:00,401856806,DraftKings,total,56.500,-110.000,55.500,-110.000,STATUS_SCHEDULED,2026-09-26T19:52:38+00:00,-110.000
2026-09-27T17:07:35+00:00,401856807,DraftKings,margin,21.000,-110.000,21.500,-110.000,STATUS_SCHEDULED,2026-09-27T17:22:38+00:00,-110.000
2026-09-27T17:37:40+00:00,401856807,DraftKings,margin,20.500,-105.000,21.500,-110.000,STATUS_SCHEDULED,2026-09-28T00:52:38+00:00,-115.000
2026-09-28T01:52:44+00:00,401856807,DraftKings,margin,19.500,-112.000,21.500,-110.000,STATUS_SCHEDULED,2026-09-28T05:52:35+00:00,-108.000
2026-09-28T06:52:34+00:00,401856807,DraftKings,margin,19.500,-108.000,21.500,-110.000,STATUS_SCHEDULED,2026-09-28T12:52:43+00:00,-112.000
2026-09-28T13:52:40+00:00,401856807,DraftKings,margin,18.500,-115.000,21.500,-110.000,STATUS_SCHEDULED,2026-09-28T13:52:40+00:00,-105.000
2026-09-28T14:52:40+00:00,401856807,DraftKings,margin,19.500,-105.000,21.500,-110.000,STATUS_SCHEDULED,2026-09-28T14:52:39+00:00,-115.000
2026-09-28T15:52:44+00:00,401856807,DraftKings,margin,18.500,-112.000,21.500,-110.000,STATUS_SCHEDULED,2026-09-28T22:22:38+00:00,-108.000
2026-09-28T22:37:39+00:00,401856807,DraftKings,margin,19.500,-105.000,21.500,-110.000,STATUS_SCHEDULED,2026-09-29T10:52:46+00:00,-115.000
2026-09-29T11:52:43+00:00,401856807,DraftKings,margin,18.500,-112.000,21.500,-110.000,STATUS_SCHEDULED,2026-09-29T12:52:34+00:00,-108.000
2026-09-29T13:52:42+00:00,401856807,DraftKings,margin,19.500,-105.000,21.500,-110.000,STATUS_SCHEDULED,2026-09-29T14:51:35+00:00,-115.000
2026-09-29T15:58:03+00:00,401856807,DraftKings,margin,18.500,-112.000,21.500,-110.000,STATUS_SCHEDULED,2026-09-30T20:55:50+00:00,-108.000
2026-09-27T17:07:35+00:00,401856807,DraftKings,total,52.500,-110.000,52.500,-110.000,STATUS_SCHEDULED,2026-09-27T17:22:38+00:00,-110.000
2026-09-27T17:37:40+00:00,401856807,DraftKings,total,51.500,-110.000,52.500,-110.000,STATUS_SCHEDULED,2026-09-27T20:07:35+00:00,-110.000
2026-09-27T20:22:39+00:00,401856807,DraftKings,total,51.500,100.000,52.500,-110.000,STATUS_SCHEDULED,2026-09-27T22:37:47+00:00,-120.000
2026-09-27T22:52:34+00:00,401856807,DraftKings,total,50.500,-112.000,52.500,-110.000,STATUS_SCHEDULED,2026-09-29T14:51:35+00:00,-108.000
2026-09-29T15:58:03+00:00,401856807,DraftKings,total,49.500,-110.000,52.500,-110.000,STATUS_SCHEDULED,2026-09-30T20:55:50+00:00,-110.000
2026-09-22T17:45:06+00:00,401856813,DraftKings,margin,10.000,-110.000,8.500,-110.000,STATUS_SCHEDULED,2026-09-22T17:45:06+00:00,
2026-09-24T12:13:44+00:00,401856813,DraftKings,margin,10.000,-112.000,8.500,-110.000,STATUS_SCHEDULED,2026-09-24T14:20:17+00:00,
2026-09-24T18:17:56+00:00,401856813,DraftKings,margin,9.500,-115.000,8.500,-110.000,STATUS_SCHEDULED,2026-09-24T22:45:28+00:00,
2026-09-25T00:54:08+00:00,401856813,DraftKings,margin,9.500,-115.000,8.500,-110.000,STATUS_SCHEDULED,2026-09-26T03:35:33+00:00,-105.000
2026-09-26T13:24:25+00:00,401856813,DraftKings,margin,9.500,-110.000,8.500,-110.000,STATUS_SCHEDULED,2026-09-26T15:07:47+00:00,-110.000
2026-09-26T15:38:14+00:00,401856813,DraftKings,margin,8.500,-110.000,8.500,-110.000,STATUS_SCHEDULED,2026-09-26T15:52:37+00:00,-110.000
2026-09-24T12:13:44+00:00,401856813,DraftKings,total,55.500,-110.000,53.500,-110.000,STATUS_SCHEDULED,2026-09-24T22:45:28+00:00,
2026-09-25T00:54:08+00:00,401856813,DraftKings,total,55.500,-110.000,53.500,-110.000,STATUS_SCHEDULED,2026-09-26T03:35:33+00:00,-110.000
2026-09-26T13:24:25+00:00,401856813,DraftKings,total,55.500,-105.000,53.500,-110.000,STATUS_SCHEDULED,2026-09-26T13:37:37+00:00,-115.000
2026-09-26T13:52:44+00:00,401856813,DraftKings,total,54.500,-118.000,53.500,-110.000,STATUS_SCHEDULED,2026-09-26T15:07:47+00:00,-102.000
2026-09-26T15:38:14+00:00,401856813,DraftKings,total,54.500,-110.000,53.500,-110.000,STATUS_SCHEDULED,2026-09-26T15:52:37+00:00,-110.000
2026-09-24T12:13:44+00:00,401856814,DraftKings,margin,-6.500,-110.000,-6.000,-110.000,STATUS_SCHEDULED,2026-09-24T19:14:09+00:00,
2026-09-24T21:09:53+00:00,401856814,DraftKings,margin,-6.500,-115.000,-6.000,-110.000,STATUS_SCHEDULED,2026-09-24T22:45:28+00:00,
2026-09-25T00:54:08+00:00,401856814,DraftKings,margin,-6.500,-115.000,-6.000,-110.000,STATUS_SCHEDULED,2026-09-26T13:37:37+00:00,-105.000
2026-09-26T13:52:44+00:00,401856814,DraftKings,margin,-6.000,-112.000,-6.000,-110.000,STATUS_SCHEDULED,2026-09-26T20:52:44+00:00,-108.000
2026-09-26T21:07:42+00:00,401856814,DraftKings,margin,-6.500,-112.000,-6.000,-110.000,STATUS_SCHEDULED,2026-09-26T21:52:36+00:00,-108.000
2026-09-26T22:07:37+00:00,401856814,DraftKings,margin,-6.000,-108.000,-6.000,-110.000,STATUS_SCHEDULED,2026-09-26T22:52:43+00:00,-112.000
2026-09-24T12:13:44+00:00,401856814,DraftKings,total,55.500,-105.000,52.500,-110.000,STATUS_SCHEDULED,2026-09-24T22:45:28+00:00,
2026-09-25T00:54:08+00:00,401856814,DraftKings,total,55.500,-105.000,52.500,-110.000,STATUS_SCHEDULED,2026-09-26T22:52:43+00:00,-115.000
2026-09-23T19:53:37+00:00,401856815,DraftKings,margin,-3.000,-108.000,-3.000,-110.000,STATUS_SCHEDULED,2026-09-24T01:15:40+00:00,
2026-09-24T12:13:44+00:00,401856815,DraftKings,margin,-3.000,-110.000,-3.000,-110.000,STATUS_SCHEDULED,2026-09-24T14:20:17+00:00,
2026-09-24T18:17:56+00:00,401856815,DraftKings,margin,-3.000,-108.000,-3.000,-110.000,STATUS_SCHEDULED,2026-09-24T22:45:28+00:00,
2026-09-25T00:54:08+00:00,401856815,DraftKings,margin,-3.000,-108.000,-3.000,-110.000,STATUS_SCHEDULED,2026-09-26T18:04:46+00:00,-112.000
2026-09-26T18:22:37+00:00,401856815,DraftKings,margin,-3.500,-112.000,-3.000,-110.000,STATUS_SCHEDULED,2026-09-26T19:22:38+00:00,-108.000
2026-09-24T12:13:44+00:00,401856815,DraftKings,total,48.500,-108.000,50.500,-110.000,STATUS_SCHEDULED,2026-09-24T22:45:28+00:00,
2026-09-25T00:54:08+00:00,401856815,DraftKings,total,48.500,-108.000,50.500,-110.000,STATUS_SCHEDULED,2026-09-26T18:37:32+00:00,-112.000
2026-09-26T18:52:41+00:00,401856815,DraftKings,total,48.500,-105.000,50.500,-110.000,STATUS_SCHEDULED,2026-09-26T19:22:38+00:00,-115.000
2026-09-23T02:42:24+00:00,401856816,DraftKings,margin,-7.500,-105.000,-11.500,-110.000,STATUS_SCHEDULED,2026-09-23T02:42:24+00:00,
2026-09-24T12:13:44+00:00,401856816,DraftKings,margin,-8.500,-115.000,-11.500,-110.000,STATUS_SCHEDULED,2026-09-24T14:20:17+00:00,
2026-09-24T18:17:56+00:00,401856816,DraftKings,margin,-7.500,-105.000,-11.500,-110.000,STATUS_SCHEDULED,2026-09-24T22:45:28+00:00,
2026-09-25T00:54:08+00:00,401856816,DraftKings,margin,-7.500,-105.000,-11.500,-110.000,STATUS_SCHEDULED,2026-09-25T21:13:04+00:00,-115.000
2026-09-25T23:25:34+00:00,401856816,DraftKings,margin,-7.500,-112.000,-11.500,-110.000,STATUS_SCHEDULED,2026-09-26T19:22:38+00:00,-108.000
2026-09-24T12:13:44+00:00,401856816,DraftKings,total,48.500,-105.000,49.500,-110.000,STATUS_SCHEDULED,2026-09-24T14:20:17+00:00,
2026-09-24T18:17:56+00:00,401856816,DraftKings,total,47.500,-115.000,49.500,-110.000,STATUS_SCHEDULED,2026-09-24T22:45:28+00:00,
2026-09-25T00:54:08+00:00,401856816,DraftKings,total,47.500,-115.000,49.500,-110.000,STATUS_SCHEDULED,2026-09-25T13:15:51+00:00,-105.000
2026-09-25T18:25:20+00:00,401856816,DraftKings,total,47.500,-110.000,49.500,-110.000,STATUS_SCHEDULED,2026-09-26T18:04:46+00:00,-110.000
2026-09-26T18:22:37+00:00,401856816,DraftKings,total,47.500,-105.000,49.500,-110.000,STATUS_SCHEDULED,2026-09-26T18:52:41+00:00,-115.000
2026-09-26T19:07:36+00:00,401856816,DraftKings,total,46.500,-112.000,49.500,-110.000,STATUS_SCHEDULED,2026-09-26T19:22:38+00:00,-108.000
2026-09-27T17:07:35+00:00,401856817,DraftKings,margin,3.500,-115.000,3.500,-115.000,STATUS_SCHEDULED,2026-09-27T17:22:38+00:00,-105.000
2026-09-27T17:37:40+00:00,401856817,DraftKings,margin,4.000,-105.000,3.500,-115.000,STATUS_SCHEDULED,2026-09-27T19:52:36+00:00,-115.000
2026-09-27T20:07:35+00:00,401856817,DraftKings,margin,3.500,-108.000,3.500,-115.000,STATUS_SCHEDULED,2026-09-27T21:52:33+00:00,-112.000
2026-09-27T22:07:38+00:00,401856817,DraftKings,margin,3.500,-112.000,3.500,-115.000,STATUS_SCHEDULED,2026-09-27T23:52:46+00:00,-108.000
2026-09-28T00:52:38+00:00,401856817,DraftKings,margin,3.500,-115.000,3.500,-115.000,STATUS_SCHEDULED,2026-09-28T11:52:41+00:00,-105.000
2026-09-28T12:52:43+00:00,401856817,DraftKings,margin,3.500,-105.000,3.500,-115.000,STATUS_SCHEDULED,2026-09-28T13:52:40+00:00,-115.000
2026-09-28T14:52:40+00:00,401856817,DraftKings,margin,4.000,-110.000,3.500,-115.000,STATUS_SCHEDULED,2026-09-29T15:58:03+00:00,-110.000
2026-09-29T17:07:46+00:00,401856817,DraftKings,margin,4.000,-112.000,3.500,-115.000,STATUS_SCHEDULED,2026-09-30T04:07:38+00:00,-108.000
2026-09-30T05:07:45+00:00,401856817,DraftKings,margin,4.000,-110.000,3.500,-115.000,STATUS_SCHEDULED,2026-09-30T20:55:50+00:00,-110.000
2026-09-27T17:07:35+00:00,401856817,DraftKings,total,51.500,-110.000,51.500,-110.000,STATUS_SCHEDULED,2026-09-27T19:52:36+00:00,-110.000
2026-09-27T20:07:35+00:00,401856817,DraftKings,total,50.500,-115.000,51.500,-110.000,STATUS_SCHEDULED,2026-09-27T20:37:35+00:00,-105.000
2026-09-27T20:52:45+00:00,401856817,DraftKings,total,51.500,-102.000,51.500,-110.000,STATUS_SCHEDULED,2026-09-27T21:52:33+00:00,-118.000
2026-09-27T22:07:38+00:00,401856817,DraftKings,total,50.500,-120.000,51.500,-110.000,STATUS_SCHEDULED,2026-09-27T22:07:37+00:00,100.000
2026-09-27T22:22:38+00:00,401856817,DraftKings,total,50.500,-115.000,51.500,-110.000,STATUS_SCHEDULED,2026-09-28T19:52:46+00:00,-105.000
2026-09-28T20:52:39+00:00,401856817,DraftKings,total,50.500,-110.000,51.500,-110.000,STATUS_SCHEDULED,2026-09-28T21:07:44+00:00,-110.000
2026-09-28T21:23:14+00:00,401856817,DraftKings,total,49.500,-112.000,51.500,-110.000,STATUS_SCHEDULED,2026-09-28T21:23:13+00:00,-108.000
2026-09-28T21:37:36+00:00,401856817,DraftKings,total,49.500,-108.000,51.500,-110.000,STATUS_SCHEDULED,2026-09-30T20:55:50+00:00,-112.000
2026-09-26T13:24:26+00:00,401856818,DraftKings,margin,-5.500,-110.000,-5.500,-110.000,STATUS_SCHEDULED,2026-09-26T23:37:37+00:00,-110.000
2026-09-26T23:52:43+00:00,401856818,DraftKings,margin,-6.500,-110.000,-5.500,-110.000,STATUS_SCHEDULED,2026-09-27T19:37:37+00:00,-110.000
2026-09-27T19:52:37+00:00,401856818,DraftKings,margin,-6.500,-102.000,-5.500,-110.000,STATUS_SCHEDULED,2026-09-27T20:52:45+00:00,-118.000
2026-09-27T21:07:45+00:00,401856818,DraftKings,margin,-7.000,-115.000,-5.500,-110.000,STATUS_SCHEDULED,2026-09-27T21:07:44+00:00,-105.000
2026-09-27T21:22:44+00:00,401856818,DraftKings,margin,-7.000,-112.000,-5.500,-110.000,STATUS_SCHEDULED,2026-09-27T21:37:40+00:00,-108.000
2026-09-27T21:52:33+00:00,401856818,DraftKings,margin,-6.000,-108.000,-5.500,-110.000,STATUS_SCHEDULED,2026-09-27T21:52:33+00:00,-112.000
2026-09-27T22:07:38+00:00,401856818,DraftKings,margin,-6.000,-110.000,-5.500,-110.000,STATUS_SCHEDULED,2026-09-28T02:52:45+00:00,-110.000
2026-09-28T03:52:44+00:00,401856818,DraftKings,margin,-6.500,-112.000,-5.500,-110.000,STATUS_SCHEDULED,2026-09-28T12:52:43+00:00,-108.000
2026-09-28T13:52:40+00:00,401856818,DraftKings,margin,-6.500,-108.000,-5.500,-110.000,STATUS_SCHEDULED,2026-09-30T20:55:50+00:00,-112.000
2026-09-26T13:24:26+00:00,401856818,DraftKings,total,52.500,-110.000,52.500,-110.000,STATUS_SCHEDULED,2026-09-27T15:07:46+00:00,-110.000
2026-09-27T15:22:33+00:00,401856818,DraftKings,total,51.500,-110.000,52.500,-110.000,STATUS_SCHEDULED,2026-09-27T19:37:37+00:00,-110.000
2026-09-27T19:52:37+00:00,401856818,DraftKings,total,51.500,100.000,52.500,-110.000,STATUS_SCHEDULED,2026-09-27T20:37:35+00:00,-120.000
2026-09-27T20:52:45+00:00,401856818,DraftKings,total,51.500,-105.000,52.500,-110.000,STATUS_SCHEDULED,2026-09-27T20:52:45+00:00,-115.000
2026-09-27T21:07:45+00:00,401856818,DraftKings,total,49.500,-108.000,52.500,-110.000,STATUS_SCHEDULED,2026-09-27T21:07:44+00:00,-112.000
2026-09-27T21:22:44+00:00,401856818,DraftKings,total,49.500,-105.000,52.500,-110.000,STATUS_SCHEDULED,2026-09-27T21:52:33+00:00,-115.000
2026-09-27T22:07:38+00:00,401856818,DraftKings,total,48.500,-115.000,52.500,-110.000,STATUS_SCHEDULED,2026-09-27T22:37:47+00:00,-105.000
2026-09-27T22:52:34+00:00,401856818,DraftKings,total,48.500,-112.000,52.500,-110.000,STATUS_SCHEDULED,2026-09-27T23:52:46+00:00,-108.000
2026-09-28T00:52:38+00:00,401856818,DraftKings,total,48.500,-115.000,52.500,-110.000,STATUS_SCHEDULED,2026-09-28T02:52:45+00:00,-105.000
2026-09-28T03:52:44+00:00,401856818,DraftKings,total,49.500,-105.000,52.500,-110.000,STATUS_SCHEDULED,2026-09-28T12:52:43+00:00,-115.000
2026-09-28T13:52:40+00:00,401856818,DraftKings,total,48.500,-115.000,52.500,-110.000,STATUS_SCHEDULED,2026-09-28T16:45:28+00:00,-105.000
2026-09-28T17:52:43+00:00,401856818,DraftKings,total,48.500,-108.000,52.500,-110.000,STATUS_SCHEDULED,2026-09-29T14:51:35+00:00,-112.000
2026-09-29T15:58:03+00:00,401856818,DraftKings,total,47.500,-115.000,52.500,-110.000,STATUS_SCHEDULED,2026-09-30T20:55:50+00:00,-105.000
2026-09-27T14:52:40+00:00,401856819,DraftKings,margin,12.500,-110.000,12.500,-110.000,STATUS_SCHEDULED,2026-09-27T14:52:39+00:00,-110.000
2026-09-27T15:07:47+00:00,401856819,DraftKings,margin,11.500,-110.000,12.500,-110.000,STATUS_SCHEDULED,2026-09-27T16:52:38+00:00,-110.000
2026-09-27T17:07:35+00:00,401856819,DraftKings,margin,10.500,-110.000,12.500,-110.000,STATUS_SCHEDULED,2026-09-27T19:22:39+00:00,-110.000
2026-09-27T19:37:37+00:00,401856819,DraftKings,margin,11.500,-105.000,12.500,-110.000,STATUS_SCHEDULED,2026-09-27T19:52:36+00:00,-115.000
2026-09-27T20:07:35+00:00,401856819,DraftKings,margin,11.500,-110.000,12.500,-110.000,STATUS_SCHEDULED,2026-09-28T09:52:41+00:00,-110.000
2026-09-28T10:52:46+00:00,401856819,DraftKings,margin,11.500,-105.000,12.500,-110.000,STATUS_SCHEDULED,2026-09-28T10:52:45+00:00,-115.000
2026-09-28T11:52:42+00:00,401856819,DraftKings,margin,10.500,-112.000,12.500,-110.000,STATUS_SCHEDULED,2026-09-28T12:52:43+00:00,-108.000
2026-09-28T13:52:40+00:00,401856819,DraftKings,margin,11.500,-105.000,12.500,-110.000,STATUS_SCHEDULED,2026-09-28T13:52:40+00:00,-115.000
2026-09-28T14:52:40+00:00,401856819,DraftKings,margin,10.500,-115.000,12.500,-110.000,STATUS_SCHEDULED,2026-09-28T14:52:39+00:00,-105.000
2026-09-28T15:52:44+00:00,401856819,DraftKings,margin,12.500,-108.000,12.500,-110.000,STATUS_SCHEDULED,2026-09-30T16:07:44+00:00,-112.000
2026-09-30T17:07:45+00:00,401856819,DraftKings,margin,11.500,-115.000,12.500,-110.000,STATUS_SCHEDULED,2026-09-30T19:35:46+00:00,-105.000
2026-09-30T20:26:41+00:00,401856819,DraftKings,margin,12.500,-105.000,12.500,-110.000,STATUS_SCHEDULED,2026-09-30T20:55:50+00:00,-115.000
2026-09-27T14:52:40+00:00,401856819,DraftKings,total,51.500,-110.000,51.500,-110.000,STATUS_SCHEDULED,2026-09-27T19:52:36+00:00,-110.000
2026-09-27T20:07:35+00:00,401856819,DraftKings,total,51.500,-102.000,51.500,-110.000,STATUS_SCHEDULED,2026-09-30T20:55:50+00:00,-118.000
2026-09-27T07:52:37+00:00,401856820,DraftKings,margin,8.500,-112.000,8.500,-112.000,STATUS_SCHEDULED,2026-09-27T16:22:39+00:00,-108.000
2026-09-27T16:37:34+00:00,401856820,DraftKings,margin,7.000,-115.000,8.500,-112.000,STATUS_SCHEDULED,2026-09-27T19:52:36+00:00,-105.000
2026-09-27T20:07:35+00:00,401856820,DraftKings,margin,7.000,-112.000,8.500,-112.000,STATUS_SCHEDULED,2026-09-27T20:07:35+00:00,-108.000
2026-09-27T20:22:39+00:00,401856820,DraftKings,margin,7.000,-115.000,8.500,-112.000,STATUS_SCHEDULED,2026-09-27T23:52:46+00:00,-105.000
2026-09-28T00:52:38+00:00,401856820,DraftKings,margin,7.000,-118.000,8.500,-112.000,STATUS_SCHEDULED,2026-09-28T13:52:40+00:00,-102.000
2026-09-28T14:52:40+00:00,401856820,DraftKings,margin,7.000,-115.000,8.500,-112.000,STATUS_SCHEDULED,2026-09-29T12:52:34+00:00,-105.000
2026-09-29T13:52:42+00:00,401856820,DraftKings,margin,7.000,-112.000,8.500,-112.000,STATUS_SCHEDULED,2026-09-29T22:07:45+00:00,-108.000
2026-09-29T23:07:38+00:00,401856820,DraftKings,margin,7.000,-115.000,8.500,-112.000,STATUS_SCHEDULED,2026-09-30T04:07:38+00:00,-105.000
2026-09-30T05:07:45+00:00,401856820,DraftKings,margin,7.000,-112.000,8.500,-112.000,STATUS_SCHEDULED,2026-09-30T19:35:46+00:00,-108.000
2026-09-30T20:26:41+00:00,401856820,DraftKings,margin,7.000,-110.000,8.500,-112.000,STATUS_SCHEDULED,2026-09-30T20:55:50+00:00,-110.000
2026-09-27T07:52:37+00:00,401856820,DraftKings,total,54.500,-110.000,54.500,-110.000,STATUS_SCHEDULED,2026-09-27T19:52:36+00:00,-110.000
2026-09-27T20:07:35+00:00,401856820,DraftKings,total,54.500,-115.000,54.500,-110.000,STATUS_SCHEDULED,2026-09-27T22:22:37+00:00,-105.000
2026-09-27T22:37:48+00:00,401856820,DraftKings,total,54.500,-120.000,54.500,-110.000,STATUS_SCHEDULED,2026-09-27T22:37:47+00:00,100.000
2026-09-27T22:52:34+00:00,401856820,DraftKings,total,55.500,-105.000,54.500,-110.000,STATUS_SCHEDULED,2026-09-27T22:52:33+00:00,-115.000
2026-09-27T23:07:37+00:00,401856820,DraftKings,total,55.500,100.000,54.500,-110.000,STATUS_SCHEDULED,2026-09-27T23:52:46+00:00,-120.000
2026-09-28T00:52:38+00:00,401856820,DraftKings,total,54.500,-118.000,54.500,-110.000,STATUS_SCHEDULED,2026-09-28T13:52:40+00:00,-102.000
2026-09-28T14:52:40+00:00,401856820,DraftKings,total,54.500,-120.000,54.500,-110.000,STATUS_SCHEDULED,2026-09-28T16:45:28+00:00,100.000
2026-09-28T17:52:43+00:00,401856820,DraftKings,total,54.500,-118.000,54.500,-110.000,STATUS_SCHEDULED,2026-09-29T08:52:48+00:00,-102.000
2026-09-29T09:52:42+00:00,401856820,DraftKings,total,55.500,-102.000,54.500,-110.000,STATUS_SCHEDULED,2026-09-29T17:07:45+00:00,-118.000
2026-09-29T18:07:52+00:00,401856820,DraftKings,total,55.500,-108.000,54.500,-110.000,STATUS_SCHEDULED,2026-09-30T19:35:46+00:00,-112.000
2026-09-30T20:26:41+00:00,401856820,DraftKings,total,55.500,-112.000,54.500,-110.000,STATUS_SCHEDULED,2026-09-30T20:55:50+00:00,-108.000
2026-09-27T15:22:33+00:00,401856821,DraftKings,margin,-14.500,-105.000,-14.500,-105.000,STATUS_SCHEDULED,2026-09-27T19:52:36+00:00,-115.000
2026-09-27T20:07:35+00:00,401856821,DraftKings,margin,-14.500,-112.000,-14.500,-105.000,STATUS_SCHEDULED,2026-09-27T21:37:40+00:00,-108.000
2026-09-27T21:52:33+00:00,401856821,DraftKings,margin,-14.000,-110.000,-14.500,-105.000,STATUS_SCHEDULED,2026-09-27T21:52:33+00:00,-110.000
2026-09-27T22:07:38+00:00,401856821,DraftKings,margin,-14.000,-115.000,-14.500,-105.000,STATUS_SCHEDULED,2026-09-27T23:52:46+00:00,-105.000
2026-09-28T00:52:38+00:00,401856821,DraftKings,margin,-13.500,-108.000,-14.500,-105.000,STATUS_SCHEDULED,2026-09-28T17:52:43+00:00,-112.000
2026-09-28T18:52:40+00:00,401856821,DraftKings,margin,-13.500,-110.000,-14.500,-105.000,STATUS_SCHEDULED,2026-09-28T19:52:46+00:00,-110.000
2026-09-28T20:52:39+00:00,401856821,DraftKings,margin,-13.500,-112.000,-14.500,-105.000,STATUS_SCHEDULED,2026-09-29T19:07:40+00:00,-108.000
2026-09-29T20:07:53+00:00,401856821,DraftKings,margin,-12.500,-108.000,-14.500,-105.000,STATUS_SCHEDULED,2026-09-30T14:55:27+00:00,-112.000
2026-09-30T16:07:45+00:00,401856821,DraftKings,margin,-12.500,-110.000,-14.500,-105.000,STATUS_SCHEDULED,2026-09-30T20:55:50+00:00,-110.000
2026-09-27T15:22:33+00:00,401856821,DraftKings,total,50.500,-110.000,50.500,-110.000,STATUS_SCHEDULED,2026-09-27T19:22:39+00:00,-110.000
2026-09-27T19:37:37+00:00,401856821,DraftKings,total,49.500,-110.000,50.500,-110.000,STATUS_SCHEDULED,2026-09-27T20:52:45+00:00,-110.000
2026-09-27T21:07:45+00:00,401856821,DraftKings,total,50.500,-110.000,50.500,-110.000,STATUS_SCHEDULED,2026-09-30T20:55:50+00:00,-110.000
2026-09-27T16:22:39+00:00,401856822,DraftKings,margin,1.500,-108.000,1.500,-108.000,STATUS_SCHEDULED,2026-09-27T19:22:39+00:00,-112.000
2026-09-27T19:37:37+00:00,401856822,DraftKings,margin,1.500,-115.000,1.500,-108.000,STATUS_SCHEDULED,2026-09-27T20:22:39+00:00,-105.000
2026-09-27T20:37:36+00:00,401856822,DraftKings,margin,2.500,105.000,1.500,-108.000,STATUS_SCHEDULED,2026-09-27T20:52:45+00:00,-125.000
2026-09-27T21:07:45+00:00,401856822,DraftKings,margin,1.500,-112.000,1.500,-108.000,STATUS_SCHEDULED,2026-09-27T22:22:37+00:00,-108.000
2026-09-27T22:37:48+00:00,401856822,DraftKings,margin,2.500,-115.000,1.500,-108.000,STATUS_SCHEDULED,2026-09-27T22:37:47+00:00,-105.000
2026-09-27T22:52:34+00:00,401856822,DraftKings,margin,2.500,-108.000,1.500,-108.000,STATUS_SCHEDULED,2026-09-27T23:52:46+00:00,-112.000
2026-09-28T00:52:38+00:00,401856822,DraftKings,margin,3.000,-102.000,1.500,-108.000,STATUS_SCHEDULED,2026-09-28T09:52:41+00:00,-118.000
2026-09-28T10:52:46+00:00,401856822,DraftKings,margin,3.000,-105.000,1.500,-108.000,STATUS_SCHEDULED,2026-09-28T11:52:41+00:00,-115.000
2026-09-28T12:52:43+00:00,401856822,DraftKings,margin,3.000,-115.000,1.500,-108.000,STATUS_SCHEDULED,2026-09-28T12:52:43+00:00,-105.000
2026-09-28T13:52:40+00:00,401856822,DraftKings,margin,3.500,-102.000,1.500,-108.000,STATUS_SCHEDULED,2026-09-28T21:37:36+00:00,-118.000
2026-09-28T21:52:39+00:00,401856822,DraftKings,margin,3.000,-115.000,1.500,-108.000,STATUS_SCHEDULED,2026-09-28T22:37:38+00:00,-105.000
2026-09-28T22:52:44+00:00,401856822,DraftKings,margin,3.000,-120.000,1.500,-108.000,STATUS_SCHEDULED,2026-09-29T19:07:40+00:00,100.000
2026-09-29T20:07:53+00:00,401856822,DraftKings,margin,3.500,-105.000,1.500,-108.000,STATUS_SCHEDULED,2026-09-30T16:07:44+00:00,-115.000
2026-09-30T17:07:45+00:00,401856822,DraftKings,margin,3.500,100.000,1.500,-108.000,STATUS_SCHEDULED,2026-09-30T20:55:50+00:00,-120.000
2026-09-27T16:22:39+00:00,401856822,DraftKings,total,53.500,-110.000,53.500,-110.000,STATUS_SCHEDULED,2026-09-27T20:22:39+00:00,-110.000
2026-09-27T20:37:36+00:00,401856822,DraftKings,total,52.500,-108.000,53.500,-110.000,STATUS_SCHEDULED,2026-09-27T20:52:45+00:00,-112.000
2026-09-27T21:07:45+00:00,401856822,DraftKings,total,52.500,-110.000,53.500,-110.000,STATUS_SCHEDULED,2026-09-28T11:52:41+00:00,-110.000
2026-09-28T12:52:43+00:00,401856822,DraftKings,total,53.500,-105.000,53.500,-110.000,STATUS_SCHEDULED,2026-09-28T14:52:39+00:00,-115.000
2026-09-28T15:52:44+00:00,401856822,DraftKings,total,52.500,-108.000,53.500,-110.000,STATUS_SCHEDULED,2026-09-28T22:37:38+00:00,-112.000
2026-09-28T22:52:44+00:00,401856822,DraftKings,total,52.500,-110.000,53.500,-110.000,STATUS_SCHEDULED,2026-09-30T16:07:44+00:00,-110.000
2026-09-30T17:07:45+00:00,401856822,DraftKings,total,53.500,-108.000,53.500,-110.000,STATUS_SCHEDULED,2026-09-30T20:55:50+00:00,-112.000
2026-09-24T12:13:44+00:00,401856881,DraftKings,margin,1.500,-112.000,-2.500,-110.000,STATUS_SCHEDULED,2026-09-24T22:45:28+00:00,
2026-09-25T00:54:08+00:00,401856881,DraftKings,margin,1.500,-112.000,-2.500,-110.000,STATUS_SCHEDULED,2026-09-26T22:52:43+00:00,-108.000
2026-09-22T17:45:06+00:00,401856881,DraftKings,total,59.500,-115.000,57.500,-110.000,STATUS_SCHEDULED,2026-09-22T17:45:06+00:00,
2026-09-24T12:13:44+00:00,401856881,DraftKings,total,60.500,-108.000,57.500,-110.000,STATUS_SCHEDULED,2026-09-24T21:09:53+00:00,
2026-09-24T21:46:26+00:00,401856881,DraftKings,total,60.500,-112.000,57.500,-110.000,STATUS_SCHEDULED,2026-09-24T22:45:28+00:00,
2026-09-25T00:54:08+00:00,401856881,DraftKings,total,61.500,-105.000,57.500,-110.000,STATUS_SCHEDULED,2026-09-25T23:25:33+00:00,-115.000
2026-09-26T00:43:54+00:00,401856881,DraftKings,total,60.500,-115.000,57.500,-110.000,STATUS_SCHEDULED,2026-09-26T03:35:33+00:00,-105.000
2026-09-26T13:24:25+00:00,401856881,DraftKings,total,61.500,-105.000,57.500,-110.000,STATUS_SCHEDULED,2026-09-26T13:24:25+00:00,-115.000
2026-09-26T13:37:37+00:00,401856881,DraftKings,total,60.500,-115.000,57.500,-110.000,STATUS_SCHEDULED,2026-09-26T19:07:35+00:00,-105.000
2026-09-26T19:22:38+00:00,401856881,DraftKings,total,60.500,-108.000,57.500,-110.000,STATUS_SCHEDULED,2026-09-26T20:52:44+00:00,-112.000
2026-09-26T21:07:42+00:00,401856881,DraftKings,total,59.500,-112.000,57.500,-110.000,STATUS_SCHEDULED,2026-09-26T21:22:37+00:00,-108.000
2026-09-26T21:37:32+00:00,401856881,DraftKings,total,60.500,-110.000,57.500,-110.000,STATUS_SCHEDULED,2026-09-26T22:52:43+00:00,-110.000
2026-09-23T02:42:24+00:00,401858234,DraftKings,margin,1.500,-102.000,-1.500,-115.000,STATUS_SCHEDULED,2026-09-23T02:42:24+00:00,
2026-09-23T19:53:36+00:00,401858234,DraftKings,margin,1.500,-105.000,-1.500,-115.000,STATUS_SCHEDULED,2026-09-23T20:04:04+00:00,
2026-09-24T12:13:44+00:00,401858234,DraftKings,margin,-1.500,-115.000,-1.500,-115.000,STATUS_SCHEDULED,2026-09-24T22:45:28+00:00,
2026-09-25T00:54:08+00:00,401858234,DraftKings,margin,-1.500,-115.000,-1.500,-115.000,STATUS_SCHEDULED,2026-09-25T07:30:32+00:00,-105.000
2026-09-25T13:15:51+00:00,401858234,DraftKings,margin,-1.500,-110.000,-1.500,-115.000,STATUS_SCHEDULED,2026-09-25T13:15:51+00:00,-110.000
2026-09-25T18:25:20+00:00,401858234,DraftKings,margin,-2.500,-112.000,-1.500,-115.000,STATUS_SCHEDULED,2026-09-25T18:25:20+00:00,-108.000
2026-09-25T21:13:04+00:00,401858234,DraftKings,margin,-2.500,-110.000,-1.500,-115.000,STATUS_SCHEDULED,2026-09-25T21:13:04+00:00,-110.000
2026-09-25T23:25:34+00:00,401858234,DraftKings,margin,-2.500,-115.000,-1.500,-115.000,STATUS_SCHEDULED,2026-09-25T23:25:33+00:00,-105.000
2026-09-26T00:43:54+00:00,401858234,DraftKings,margin,-2.500,-108.000,-1.500,-115.000,STATUS_SCHEDULED,2026-09-26T02:22:35+00:00,-112.000
2026-09-24T12:13:44+00:00,401858234,DraftKings,total,50.500,-110.000,47.500,-110.000,STATUS_SCHEDULED,2026-09-24T22:45:28+00:00,
2026-09-25T00:54:08+00:00,401858234,DraftKings,total,50.500,-110.000,47.500,-110.000,STATUS_SCHEDULED,2026-09-25T13:15:51+00:00,-110.000
2026-09-25T18:25:20+00:00,401858234,DraftKings,total,51.500,-102.000,47.500,-110.000,STATUS_SCHEDULED,2026-09-25T21:13:04+00:00,-118.000
2026-09-25T23:25:34+00:00,401858234,DraftKings,total,51.500,-110.000,47.500,-110.000,STATUS_SCHEDULED,2026-09-26T01:52:37+00:00,-110.000
2026-09-26T02:09:48+00:00,401858234,DraftKings,total,52.500,-105.000,47.500,-110.000,STATUS_SCHEDULED,2026-09-26T02:09:47+00:00,-115.000
2026-09-26T02:22:35+00:00,401858234,DraftKings,total,52.500,-108.000,47.500,-110.000,STATUS_SCHEDULED,2026-09-26T02:22:35+00:00,-112.000
2026-09-24T12:13:44+00:00,401858236,DraftKings,margin,52.500,-110.000,53.500,-110.000,STATUS_SCHEDULED,2026-09-24T14:20:17+00:00,
2026-09-24T18:17:56+00:00,401858236,DraftKings,margin,52.500,-115.000,53.500,-110.000,STATUS_SCHEDULED,2026-09-24T22:45:28+00:00,
2026-09-25T00:54:08+00:00,401858236,DraftKings,margin,52.500,-115.000,53.500,-110.000,STATUS_SCHEDULED,2026-09-25T00:54:08+00:00,-105.000
2026-09-25T07:30:32+00:00,401858236,DraftKings,margin,52.500,-122.000,53.500,-110.000,STATUS_SCHEDULED,2026-09-25T13:15:51+00:00,102.000
2026-09-25T18:25:20+00:00,401858236,DraftKings,margin,52.500,-118.000,53.500,-110.000,STATUS_SCHEDULED,2026-09-25T18:25:20+00:00,-102.000
2026-09-25T21:13:04+00:00,401858236,DraftKings,margin,53.500,-112.000,53.500,-110.000,STATUS_SCHEDULED,2026-09-26T03:35:33+00:00,-108.000
2026-09-26T13:24:25+00:00,401858236,DraftKings,margin,54.500,-108.000,53.500,-110.000,STATUS_SCHEDULED,2026-09-26T14:28:46+00:00,-112.000
2026-09-26T14:52:35+00:00,401858236,DraftKings,margin,53.500,-115.000,53.500,-110.000,STATUS_SCHEDULED,2026-09-26T14:52:35+00:00,-105.000
2026-09-26T15:07:47+00:00,401858236,DraftKings,margin,54.500,-105.000,53.500,-110.000,STATUS_SCHEDULED,2026-09-26T15:07:47+00:00,-115.000
2026-09-26T15:38:14+00:00,401858236,DraftKings,margin,54.500,-110.000,53.500,-110.000,STATUS_SCHEDULED,2026-09-26T15:52:37+00:00,-110.000
2026-09-23T19:53:37+00:00,401858236,DraftKings,total,61.500,-110.000,61.500,-110.000,STATUS_SCHEDULED,2026-09-23T22:10:00+00:00,
2026-09-24T12:13:44+00:00,401858236,DraftKings,total,62.500,-110.000,61.500,-110.000,STATUS_SCHEDULED,2026-09-24T14:20:17+00:00,
2026-09-24T18:17:56+00:00,401858236,DraftKings,total,63.500,-108.000,61.500,-110.000,STATUS_SCHEDULED,2026-09-24T22:45:28+00:00,
2026-09-25T00:54:08+00:00,401858236,DraftKings,total,63.500,-108.000,61.500,-110.000,STATUS_SCHEDULED,2026-09-25T13:15:51+00:00,-112.000
2026-09-25T18:25:20+00:00,401858236,DraftKings,total,63.500,-102.000,61.500,-110.000,STATUS_SCHEDULED,2026-09-25T18:25:20+00:00,-118.000
2026-09-25T21:13:04+00:00,401858236,DraftKings,total,63.500,-110.000,61.500,-110.000,STATUS_SCHEDULED,2026-09-26T03:35:33+00:00,-110.000
2026-09-26T13:24:25+00:00,401858236,DraftKings,total,63.500,-112.000,61.500,-110.000,STATUS_SCHEDULED,2026-09-26T14:07:41+00:00,-108.000
2026-09-26T14:22:36+00:00,401858236,DraftKings,total,63.500,-105.000,61.500,-110.000,STATUS_SCHEDULED,2026-09-26T14:22:36+00:00,-115.000
2026-09-26T14:28:46+00:00,401858236,DraftKings,total,62.500,-115.000,61.500,-110.000,STATUS_SCHEDULED,2026-09-26T15:07:47+00:00,-105.000
2026-09-26T15:38:14+00:00,401858236,DraftKings,total,63.500,-108.000,61.500,-110.000,STATUS_SCHEDULED,2026-09-26T15:52:37+00:00,-112.000
2026-09-24T12:13:44+00:00,401858237,DraftKings,margin,44.500,-105.000,42.500,-110.000,STATUS_SCHEDULED,2026-09-24T14:20:17+00:00,
2026-09-24T18:17:56+00:00,401858237,DraftKings,margin,45.500,-110.000,42.500,-110.000,STATUS_SCHEDULED,2026-09-24T22:45:28+00:00,
2026-09-25T00:54:08+00:00,401858237,DraftKings,margin,45.500,-110.000,42.500,-110.000,STATUS_SCHEDULED,2026-09-25T13:15:51+00:00,-110.000
2026-09-25T18:25:20+00:00,401858237,DraftKings,margin,46.500,-105.000,42.500,-110.000,STATUS_SCHEDULED,2026-09-25T18:25:20+00:00,-115.000
2026-09-25T21:13:04+00:00,401858237,DraftKings,margin,45.500,-115.000,42.500,-110.000,STATUS_SCHEDULED,2026-09-26T03:35:33+00:00,-105.000
2026-09-26T13:24:25+00:00,401858237,DraftKings,margin,46.500,-105.000,42.500,-110.000,STATUS_SCHEDULED,2026-09-26T13:37:37+00:00,-115.000
2026-09-26T13:52:44+00:00,401858237,DraftKings,margin,46.500,-110.000,42.500,-110.000,STATUS_SCHEDULED,2026-09-26T14:28:46+00:00,-110.000
2026-09-26T14:52:35+00:00,401858237,DraftKings,margin,45.500,-112.000,42.500,-110.000,STATUS_SCHEDULED,2026-09-26T15:38:14+00:00,-108.000
2026-09-26T15:52:38+00:00,401858237,DraftKings,margin,46.500,-105.000,42.500,-110.000,STATUS_SCHEDULED,2026-09-26T17:52:46+00:00,-115.000
2026-09-26T18:04:46+00:00,401858237,DraftKings,margin,45.500,-115.000,42.500,-110.000,STATUS_SCHEDULED,2026-09-26T18:37:32+00:00,-105.000
2026-09-26T18:52:41+00:00,401858237,DraftKings,margin,45.500,-108.000,42.500,-110.000,STATUS_SCHEDULED,2026-09-26T18:52:41+00:00,-112.000
2026-09-23T18:31:11+00:00,401858237,DraftKings,total,59.500,-110.000,59.500,-110.000,STATUS_SCHEDULED,2026-09-23T18:31:11+00:00,
2026-09-24T12:13:44+00:00,401858237,DraftKings,total,60.500,-110.000,59.500,-110.000,STATUS_SCHEDULED,2026-09-24T14:20:17+00:00,
2026-09-24T18:17:56+00:00,401858237,DraftKings,total,61.500,-110.000,59.500,-110.000,STATUS_SCHEDULED,2026-09-24T22:45:28+00:00,
2026-09-25T00:54:08+00:00,401858237,DraftKings,total,61.500,-110.000,59.500,-110.000,STATUS_SCHEDULED,2026-09-25T07:30:32+00:00,-110.000
2026-09-25T13:15:51+00:00,401858237,DraftKings,total,62.500,-120.000,59.500,-110.000,STATUS_SCHEDULED,2026-09-25T13:15:51+00:00,100.000
2026-09-25T18:25:20+00:00,401858237,DraftKings,total,63.500,-108.000,59.500,-110.000,STATUS_SCHEDULED,2026-09-25T18:25:20+00:00,-112.000
2026-09-25T21:13:04+00:00,401858237,DraftKings,total,63.500,-105.000,59.500,-110.000,STATUS_SCHEDULED,2026-09-26T03:35:33+00:00,-115.000
2026-09-26T13:24:25+00:00,401858237,DraftKings,total,62.500,-115.000,59.500,-110.000,STATUS_SCHEDULED,2026-09-26T17:07:45+00:00,-105.000
2026-09-26T17:22:38+00:00,401858237,DraftKings,total,63.500,-105.000,59.500,-110.000,STATUS_SCHEDULED,2026-09-26T18:04:46+00:00,-115.000
2026-09-26T18:22:37+00:00,401858237,DraftKings,total,62.500,-118.000,59.500,-110.000,STATUS_SCHEDULED,2026-09-26T18:52:41+00:00,-102.000
2026-09-23T02:42:24+00:00,401858238,DraftKings,margin,41.500,-105.000,42.500,-110.000,STATUS_SCHEDULED,2026-09-23T02:42:24+00:00,
2026-09-23T19:53:37+00:00,401858238,DraftKings,margin,41.500,-110.000,42.500,-110.000,STATUS_SCHEDULED,2026-09-23T22:10:00+00:00,
2026-09-24T12:13:44+00:00,401858238,DraftKings,margin,41.500,-112.000,42.500,-110.000,STATUS_SCHEDULED,2026-09-24T22:45:28+00:00,
2026-09-25T00:54:08+00:00,401858238,DraftKings,margin,41.500,-112.000,42.500,-110.000,STATUS_SCHEDULED,2026-09-26T21:52:36+00:00,-108.000
2026-09-26T22:07:37+00:00,401858238,DraftKings,margin,40.500,-118.000,42.500,-110.000,STATUS_SCHEDULED,2026-09-26T22:07:37+00:00,-102.000
2026-09-26T22:22:36+00:00,401858238,DraftKings,margin,40.500,-115.000,42.500,-110.000,STATUS_SCHEDULED,2026-09-26T22:37:39+00:00,-105.000
2026-09-23T19:53:37+00:00,401858238,DraftKings,total,53.500,-115.000,54.500,-110.000,STATUS_SCHEDULED,2026-09-23T22:10:00+00:00,
2026-09-24T12:13:44+00:00,401858238,DraftKings,total,54.500,-112.000,54.500,-110.000,STATUS_SCHEDULED,2026-09-24T22:45:28+00:00,
2026-09-25T00:54:08+00:00,401858238,DraftKings,total,54.500,-112.000,54.500,-110.000,STATUS_SCHEDULED,2026-09-26T03:35:33+00:00,-108.000
2026-09-26T13:24:25+00:00,401858238,DraftKings,total,53.500,-112.000,54.500,-110.000,STATUS_SCHEDULED,2026-09-26T18:52:41+00:00,-108.000
2026-09-26T19:07:36+00:00,401858238,DraftKings,total,52.500,-112.000,54.500,-110.000,STATUS_SCHEDULED,2026-09-26T21:37:32+00:00,-108.000
2026-09-26T21:52:36+00:00,401858238,DraftKings,total,52.500,-110.000,54.500,-110.000,STATUS_SCHEDULED,2026-09-26T22:07:37+00:00,-110.000
2026-09-26T22:22:36+00:00,401858238,DraftKings,total,52.500,-105.000,54.500,-110.000,STATUS_SCHEDULED,2026-09-26T22:37:39+00:00,-115.000
2026-09-24T12:13:44+00:00,401858239,DraftKings,margin,19.500,-110.000,20.500,-110.000,STATUS_SCHEDULED,2026-09-24T22:45:28+00:00,
2026-09-25T00:54:08+00:00,401858239,DraftKings,margin,19.500,-110.000,20.500,-110.000,STATUS_SCHEDULED,2026-09-25T21:13:04+00:00,-110.000
2026-09-25T23:25:34+00:00,401858239,DraftKings,margin,19.500,-115.000,20.500,-110.000,STATUS_SCHEDULED,2026-09-26T21:52:36+00:00,-105.000
2026-09-24T12:13:44+00:00,401858239,DraftKings,total,52.500,-108.000,54.500,-110.000,STATUS_SCHEDULED,2026-09-24T22:45:28+00:00,
2026-09-25T00:54:08+00:00,401858239,DraftKings,total,52.500,-108.000,54.500,-110.000,STATUS_SCHEDULED,2026-09-26T13:37:37+00:00,-112.000
2026-09-26T13:52:44+00:00,401858239,DraftKings,total,52.500,-112.000,54.500,-110.000,STATUS_SCHEDULED,2026-09-26T21:52:36+00:00,-108.000
2026-09-24T12:13:44+00:00,401858240,DraftKings,margin,-3.500,-118.000,-4.500,-110.000,STATUS_SCHEDULED,2026-09-24T22:45:28+00:00,
2026-09-25T00:54:08+00:00,401858240,DraftKings,margin,-3.500,-112.000,-4.500,-110.000,STATUS_SCHEDULED,2026-09-26T14:07:41+00:00,-108.000
2026-09-26T14:22:36+00:00,401858240,DraftKings,margin,-3.000,-108.000,-4.500,-110.000,STATUS_SCHEDULED,2026-09-26T15:07:47+00:00,-112.000
2026-09-26T15:38:14+00:00,401858240,DraftKings,margin,-3.000,-110.000,-4.500,-110.000,STATUS_SCHEDULED,2026-09-27T02:22:31+00:00,-110.000
2026-09-24T12:13:44+00:00,401858240,DraftKings,total,48.500,-105.000,48.500,-110.000,STATUS_SCHEDULED,2026-09-24T13:50:24+00:00,
2026-09-24T14:09:11+00:00,401858240,DraftKings,total,47.500,-115.000,48.500,-110.000,STATUS_SCHEDULED,2026-09-24T18:17:56+00:00,
2026-09-24T19:14:09+00:00,401858240,DraftKings,total,47.500,-118.000,48.500,-110.000,STATUS_SCHEDULED,2026-09-24T21:09:53+00:00,
2026-09-24T21:46:26+00:00,401858240,DraftKings,total,48.500,-105.000,48.500,-110.000,STATUS_SCHEDULED,2026-09-24T22:45:28+00:00,
2026-09-25T00:54:08+00:00,401858240,DraftKings,total,48.500,-105.000,48.500,-110.000,STATUS_SCHEDULED,2026-09-25T00:54:08+00:00,-115.000
2026-09-25T07:30:32+00:00,401858240,DraftKings,total,48.500,-108.000,48.500,-110.000,STATUS_SCHEDULED,2026-09-26T13:52:44+00:00,-112.000
2026-09-26T14:07:41+00:00,401858240,DraftKings,total,48.500,-115.000,48.500,-110.000,STATUS_SCHEDULED,2026-09-27T01:37:38+00:00,-105.000
2026-09-27T01:52:36+00:00,401858240,DraftKings,total,48.500,-105.000,48.500,-110.000,STATUS_SCHEDULED,2026-09-27T02:22:31+00:00,-115.000
2026-09-23T19:53:37+00:00,401858241,DraftKings,margin,34.500,-110.000,34.500,-110.000,STATUS_SCHEDULED,2026-09-23T20:04:04+00:00,
2026-09-24T12:13:44+00:00,401858241,DraftKings,margin,34.500,-105.000,34.500,-110.000,STATUS_SCHEDULED,2026-09-24T22:45:28+00:00,
2026-09-25T00:54:08+00:00,401858241,DraftKings,margin,34.500,-105.000,34.500,-110.000,STATUS_SCHEDULED,2026-09-26T02:52:31+00:00,-115.000
2026-09-26T03:18:40+00:00,401858241,DraftKings,margin,33.500,-115.000,34.500,-110.000,STATUS_SCHEDULED,2026-09-26T03:35:33+00:00,-105.000
2026-09-26T13:24:25+00:00,401858241,DraftKings,margin,33.500,-110.000,34.500,-110.000,STATUS_SCHEDULED,2026-09-26T15:07:47+00:00,-110.000
2026-09-26T15:38:14+00:00,401858241,DraftKings,margin,32.500,-108.000,34.500,-110.000,STATUS_SCHEDULED,2026-09-26T17:07:45+00:00,-112.000
2026-09-26T17:22:38+00:00,401858241,DraftKings,margin,31.500,-115.000,34.500,-110.000,STATUS_SCHEDULED,2026-09-26T18:04:46+00:00,-105.000
2026-09-26T18:22:37+00:00,401858241,DraftKings,margin,32.500,-105.000,34.500,-110.000,STATUS_SCHEDULED,2026-09-26T21:07:42+00:00,-115.000
2026-09-26T21:22:37+00:00,401858241,DraftKings,margin,31.500,-108.000,34.500,-110.000,STATUS_SCHEDULED,2026-09-26T21:37:32+00:00,-112.000
2026-09-26T21:52:36+00:00,401858241,DraftKings,margin,30.500,-115.000,34.500,-110.000,STATUS_SCHEDULED,2026-09-26T22:22:36+00:00,-105.000
2026-09-26T22:37:39+00:00,401858241,DraftKings,margin,30.500,-112.000,34.500,-110.000,STATUS_SCHEDULED,2026-09-27T00:52:45+00:00,-108.000
2026-09-24T12:13:44+00:00,401858241,DraftKings,total,59.500,-110.000,59.500,-110.000,STATUS_SCHEDULED,2026-09-24T22:45:28+00:00,
2026-09-25T00:54:08+00:00,401858241,DraftKings,total,59.500,-110.000,59.500,-110.000,STATUS_SCHEDULED,2026-09-26T03:35:33+00:00,-110.000
2026-09-26T13:24:25+00:00,401858241,DraftKings,total,60.500,-108.000,59.500,-110.000,STATUS_SCHEDULED,2026-09-26T16:07:41+00:00,-112.000
2026-09-26T16:22:40+00:00,401858241,DraftKings,total,59.500,-112.000,59.500,-110.000,STATUS_SCHEDULED,2026-09-26T16:37:42+00:00,-108.000
2026-09-26T16:52:38+00:00,401858241,DraftKings,total,60.500,-108.000,59.500,-110.000,STATUS_SCHEDULED,2026-09-26T16:52:37+00:00,-112.000
2026-09-26T17:07:46+00:00,401858241,DraftKings,total,59.500,-112.000,59.500,-110.000,STATUS_SCHEDULED,2026-09-26T17:37:40+00:00,-108.000
2026-09-26T17:52:46+00:00,401858241,DraftKings,total,60.500,-108.000,59.500,-110.000,STATUS_SCHEDULED,2026-09-27T00:52:45+00:00,-112.000
2026-09-23T02:42:24+00:00,401858242,DraftKings,margin,-14.000,-115.000,-14.000,-110.000,STATUS_SCHEDULED,2026-09-23T02:42:24+00:00,
2026-09-24T12:13:44+00:00,401858242,DraftKings,margin,-14.000,-112.000,-14.000,-110.000,STATUS_SCHEDULED,2026-09-24T14:20:17+00:00,
2026-09-24T18:17:56+00:00,401858242,DraftKings,margin,-14.000,-110.000,-14.000,-110.000,STATUS_SCHEDULED,2026-09-24T22:45:28+00:00,
2026-09-25T00:54:08+00:00,401858242,DraftKings,margin,-14.000,-110.000,-14.000,-110.000,STATUS_SCHEDULED,2026-09-25T18:25:20+00:00,-110.000
2026-09-25T21:13:04+00:00,401858242,DraftKings,margin,-14.000,-105.000,-14.000,-110.000,STATUS_SCHEDULED,2026-09-25T21:13:04+00:00,-115.000
2026-09-25T23:25:34+00:00,401858242,DraftKings,margin,-14.000,-108.000,-14.000,-110.000,STATUS_SCHEDULED,2026-09-26T03:35:33+00:00,-112.000
2026-09-26T13:24:25+00:00,401858242,DraftKings,margin,-14.000,-105.000,-14.000,-110.000,STATUS_SCHEDULED,2026-09-26T13:37:37+00:00,-115.000
2026-09-26T13:52:44+00:00,401858242,DraftKings,margin,-14.500,-112.000,-14.000,-110.000,STATUS_SCHEDULED,2026-09-26T15:52:37+00:00,-108.000
2026-09-23T19:53:37+00:00,401858242,DraftKings,total,48.500,-112.000,54.500,-110.000,STATUS_SCHEDULED,2026-09-23T20:04:04+00:00,
2026-09-24T01:15:40+00:00,401858242,DraftKings,total,48.500,-105.000,54.500,-110.000,STATUS_SCHEDULED,2026-09-24T01:15:40+00:00,
2026-09-24T12:13:44+00:00,401858242,DraftKings,total,47.500,-110.000,54.500,-110.000,STATUS_SCHEDULED,2026-09-24T22:45:28+00:00,
2026-09-25T00:54:08+00:00,401858242,DraftKings,total,47.500,-110.000,54.500,-110.000,STATUS_SCHEDULED,2026-09-25T13:15:51+00:00,-110.000
2026-09-25T18:25:20+00:00,401858242,DraftKings,total,47.500,-108.000,54.500,-110.000,STATUS_SCHEDULED,2026-09-25T23:25:33+00:00,-112.000
2026-09-26T00:43:54+00:00,401858242,DraftKings,total,46.500,-118.000,54.500,-110.000,STATUS_SCHEDULED,2026-09-26T03:35:33+00:00,-102.000
2026-09-26T13:24:25+00:00,401858242,DraftKings,total,45.500,-115.000,54.500,-110.000,STATUS_SCHEDULED,2026-09-26T13:52:44+00:00,-105.000
2026-09-26T14:07:41+00:00,401858242,DraftKings,total,45.500,-112.000,54.500,-110.000,STATUS_SCHEDULED,2026-09-26T14:28:46+00:00,-108.000
2026-09-26T14:52:35+00:00,401858242,DraftKings,total,46.500,-108.000,54.500,-110.000,STATUS_SCHEDULED,2026-09-26T15:38:14+00:00,-112.000
2026-09-26T15:52:38+00:00,401858242,DraftKings,total,46.500,-115.000,54.500,-110.000,STATUS_SCHEDULED,2026-09-26T15:52:37+00:00,-105.000
2026-09-23T19:53:37+00:00,401858243,DraftKings,margin,12.500,-110.000,13.500,-110.000,STATUS_SCHEDULED,2026-09-23T22:10:00+00:00,
2026-09-24T12:13:44+00:00,401858243,DraftKings,margin,13.500,-105.000,13.500,-110.000,STATUS_SCHEDULED,2026-09-24T14:20:17+00:00,
2026-09-24T18:17:56+00:00,401858243,DraftKings,margin,13.500,-112.000,13.500,-110.000,STATUS_SCHEDULED,2026-09-24T22:45:28+00:00,
2026-09-25T00:54:08+00:00,401858243,DraftKings,margin,13.500,-112.000,13.500,-110.000,STATUS_SCHEDULED,2026-09-25T13:15:51+00:00,-108.000
2026-09-25T18:25:20+00:00,401858243,DraftKings,margin,13.500,-108.000,13.500,-110.000,STATUS_SCHEDULED,2026-09-25T18:25:20+00:00,-112.000
2026-09-25T21:13:04+00:00,401858243,DraftKings,margin,12.500,-115.000,13.500,-110.000,STATUS_SCHEDULED,2026-09-26T03:35:33+00:00,-105.000
2026-09-26T13:24:25+00:00,401858243,DraftKings,margin,12.500,-110.000,13.500,-110.000,STATUS_SCHEDULED,2026-09-26T13:52:44+00:00,-110.000
2026-09-26T14:07:41+00:00,401858243,DraftKings,margin,11.500,-112.000,13.500,-110.000,STATUS_SCHEDULED,2026-09-26T14:52:35+00:00,-108.000
2026-09-26T15:07:47+00:00,401858243,DraftKings,margin,11.500,-110.000,13.500,-110.000,STATUS_SCHEDULED,2026-09-26T15:52:37+00:00,-110.000
2026-09-23T19:53:37+00:00,401858243,DraftKings,total,58.500,-110.000,58.500,-110.000,STATUS_SCHEDULED,2026-09-23T22:10:00+00:00,
2026-09-24T12:13:44+00:00,401858243,DraftKings,total,57.500,-112.000,58.500,-110.000,STATUS_SCHEDULED,2026-09-24T14:20:17+00:00,
2026-09-24T18:17:56+00:00,401858243,DraftKings,total,56.500,-115.000,58.500,-110.000,STATUS_SCHEDULED,2026-09-24T22:45:28+00:00,
2026-09-25T00:54:08+00:00,401858243,DraftKings,total,57.500,-108.000,58.500,-110.000,STATUS_SCHEDULED,2026-09-26T15:52:37+00:00,-112.000
2026-09-24T12:13:44+00:00,401858244,DraftKings,margin,43.500,-110.000,43.500,-110.000,STATUS_SCHEDULED,2026-09-24T14:20:17+00:00,
2026-09-24T18:17:56+00:00,401858244,DraftKings,margin,43.500,-115.000,43.500,-110.000,STATUS_SCHEDULED,2026-09-24T22:45:28+00:00,
2026-09-25T00:54:08+00:00,401858244,DraftKings,margin,43.500,-115.000,43.500,-110.000,STATUS_SCHEDULED,2026-09-25T13:15:51+00:00,-105.000
2026-09-25T18:25:20+00:00,401858244,DraftKings,margin,44.500,-108.000,43.500,-110.000,STATUS_SCHEDULED,2026-09-25T18:25:20+00:00,-112.000
2026-09-25T21:13:04+00:00,401858244,DraftKings,margin,43.500,-115.000,43.500,-110.000,STATUS_SCHEDULED,2026-09-26T18:04:46+00:00,-105.000
2026-09-26T18:22:37+00:00,401858244,DraftKings,margin,43.500,-110.000,43.500,-110.000,STATUS_SCHEDULED,2026-09-26T19:22:38+00:00,-110.000
2026-09-24T12:13:44+00:00,401858244,DraftKings,total,61.500,-120.000,60.500,-110.000,STATUS_SCHEDULED,2026-09-24T14:20:17+00:00,
2026-09-24T18:17:56+00:00,401858244,DraftKings,total,61.500,-115.000,60.500,-110.000,STATUS_SCHEDULED,2026-09-24T18:17:56+00:00,
2026-09-24T19:14:09+00:00,401858244,DraftKings,total,62.500,-115.000,60.500,-110.000,STATUS_SCHEDULED,2026-09-24T22:45:28+00:00,
2026-09-25T00:54:08+00:00,401858244,DraftKings,total,62.500,-115.000,60.500,-110.000,STATUS_SCHEDULED,2026-09-25T13:15:51+00:00,-105.000
2026-09-25T18:25:20+00:00,401858244,DraftKings,total,63.500,-105.000,60.500,-110.000,STATUS_SCHEDULED,2026-09-25T18:25:20+00:00,-115.000
2026-09-25T21:13:04+00:00,401858244,DraftKings,total,62.500,-108.000,60.500,-110.000,STATUS_SCHEDULED,2026-09-26T18:04:46+00:00,-112.000
2026-09-26T18:22:37+00:00,401858244,DraftKings,total,61.500,-112.000,60.500,-110.000,STATUS_SCHEDULED,2026-09-26T19:22:38+00:00,-108.000
2026-09-25T00:54:08+00:00,401858245,DraftKings,margin,6.000,-110.000,5.500,-110.000,STATUS_SCHEDULED,2026-09-27T13:55:47+00:00,-110.000
2026-09-27T14:22:51+00:00,401858245,DraftKings,margin,5.500,-110.000,5.500,-110.000,STATUS_SCHEDULED,2026-09-27T19:22:39+00:00,-110.000
2026-09-27T19:37:37+00:00,401858245,DraftKings,margin,5.500,-105.000,5.500,-110.000,STATUS_SCHEDULED,2026-09-27T19:37:37+00:00,-115.000
2026-09-27T19:52:37+00:00,401858245,DraftKings,margin,4.500,-112.000,5.500,-110.000,STATUS_SCHEDULED,2026-09-27T22:07:37+00:00,-108.000
2026-09-27T22:22:38+00:00,401858245,DraftKings,margin,4.000,-112.000,5.500,-110.000,STATUS_SCHEDULED,2026-09-27T22:37:47+00:00,-108.000
2026-09-27T22:52:34+00:00,401858245,DraftKings,margin,4.000,-110.000,5.500,-110.000,STATUS_SCHEDULED,2026-09-27T23:52:46+00:00,-110.000
2026-09-28T00:52:38+00:00,401858245,DraftKings,margin,4.000,-105.000,5.500,-110.000,STATUS_SCHEDULED,2026-09-28T09:52:41+00:00,-115.000
2026-09-28T10:52:46+00:00,401858245,DraftKings,margin,3.500,-110.000,5.500,-110.000,STATUS_SCHEDULED,2026-09-28T11:52:41+00:00,-110.000
2026-09-28T12:52:43+00:00,401858245,DraftKings,margin,3.500,-105.000,5.500,-110.000,STATUS_SCHEDULED,2026-09-28T19:52:46+00:00,-115.000
2026-09-28T20:52:39+00:00,401858245,DraftKings,margin,3.000,-118.000,5.500,-110.000,STATUS_SCHEDULED,2026-09-28T20:52:38+00:00,-102.000
2026-09-28T21:07:45+00:00,401858245,DraftKings,margin,3.500,-102.000,5.500,-110.000,STATUS_SCHEDULED,2026-09-30T11:07:40+00:00,-118.000
2026-09-30T12:07:44+00:00,401858245,DraftKings,margin,3.500,100.000,5.500,-110.000,STATUS_SCHEDULED,2026-09-30T12:07:44+00:00,-120.000
2026-09-30T13:07:38+00:00,401858245,DraftKings,margin,3.000,-118.000,5.500,-110.000,STATUS_SCHEDULED,2026-09-30T20:55:50+00:00,-102.000
2026-09-25T00:54:08+00:00,401858245,DraftKings,total,56.500,-110.000,56.500,-110.000,STATUS_SCHEDULED,2026-09-27T06:52:45+00:00,-110.000
2026-09-27T07:52:37+00:00,401858245,DraftKings,total,53.500,-110.000,56.500,-110.000,STATUS_SCHEDULED,2026-09-27T19:37:37+00:00,-110.000
2026-09-27T19:52:37+00:00,401858245,DraftKings,total,52.500,-110.000,56.500,-110.000,STATUS_SCHEDULED,2026-09-28T13:52:40+00:00,-110.000
2026-09-28T14:52:40+00:00,401858245,DraftKings,total,53.500,-108.000,56.500,-110.000,STATUS_SCHEDULED,2026-09-28T19:52:46+00:00,-112.000
2026-09-28T20:52:39+00:00,401858245,DraftKings,total,53.500,-112.000,56.500,-110.000,STATUS_SCHEDULED,2026-09-28T20:52:38+00:00,-108.000
2026-09-28T21:07:45+00:00,401858245,DraftKings,total,54.500,-112.000,56.500,-110.000,STATUS_SCHEDULED,2026-09-29T13:52:42+00:00,-108.000
2026-09-29T14:51:35+00:00,401858245,DraftKings,total,54.500,-118.000,56.500,-110.000,STATUS_SCHEDULED,2026-09-30T20:55:50+00:00,-102.000
2026-09-27T15:22:33+00:00,401858246,DraftKings,margin,21.000,-110.000,21.000,-110.000,STATUS_SCHEDULED,2026-09-27T19:37:37+00:00,-110.000
2026-09-27T19:52:37+00:00,401858246,DraftKings,margin,20.500,-108.000,21.000,-110.000,STATUS_SCHEDULED,2026-09-27T21:37:40+00:00,-112.000
2026-09-27T21:52:33+00:00,401858246,DraftKings,margin,20.500,-112.000,21.000,-110.000,STATUS_SCHEDULED,2026-09-28T12:52:43+00:00,-108.000
2026-09-28T13:52:40+00:00,401858246,DraftKings,margin,20.500,-115.000,21.000,-110.000,STATUS_SCHEDULED,2026-09-28T17:52:43+00:00,-105.000
2026-09-28T18:52:40+00:00,401858246,DraftKings,margin,21.000,-105.000,21.000,-110.000,STATUS_SCHEDULED,2026-09-28T18:52:39+00:00,-115.000
2026-09-28T19:52:46+00:00,401858246,DraftKings,margin,21.000,-110.000,21.000,-110.000,STATUS_SCHEDULED,2026-09-28T21:23:13+00:00,-110.000
2026-09-28T21:37:36+00:00,401858246,DraftKings,margin,21.000,-108.000,21.000,-110.000,STATUS_SCHEDULED,2026-09-30T20:55:50+00:00,-112.000
2026-09-27T15:22:33+00:00,401858246,DraftKings,total,56.500,-110.000,56.500,-110.000,STATUS_SCHEDULED,2026-09-28T21:07:44+00:00,-110.000
2026-09-28T21:23:14+00:00,401858246,DraftKings,total,55.500,-110.000,56.500,-110.000,STATUS_SCHEDULED,2026-09-29T12:52:34+00:00,-110.000
2026-09-29T13:52:42+00:00,401858246,DraftKings,total,55.500,-102.000,56.500,-110.000,STATUS_SCHEDULED,2026-09-30T20:55:50+00:00,-118.000
2026-09-27T16:37:34+00:00,401858247,DraftKings,margin,1.500,-108.000,1.500,-108.000,STATUS_SCHEDULED,2026-09-27T19:37:37+00:00,-112.000
2026-09-27T19:52:37+00:00,401858247,DraftKings,margin,1.500,-115.000,1.500,-108.000,STATUS_SCHEDULED,2026-09-27T20:22:39+00:00,-105.000
2026-09-27T20:37:36+00:00,401858247,DraftKings,margin,2.500,-108.000,1.500,-108.000,STATUS_SCHEDULED,2026-09-28T12:52:43+00:00,-112.000
2026-09-28T13:52:40+00:00,401858247,DraftKings,margin,2.500,-112.000,1.500,-108.000,STATUS_SCHEDULED,2026-09-30T16:07:44+00:00,-108.000
2026-09-30T17:07:45+00:00,401858247,DraftKings,margin,2.500,-115.000,1.500,-108.000,STATUS_SCHEDULED,2026-09-30T20:55:50+00:00,-105.000
2026-09-27T16:37:34+00:00,401858247,DraftKings,total,52.500,-112.000,52.500,-112.000,STATUS_SCHEDULED,2026-09-27T20:22:39+00:00,-108.000
2026-09-27T20:37:36+00:00,401858247,DraftKings,total,53.500,-108.000,52.500,-112.000,STATUS_SCHEDULED,2026-09-30T00:07:34+00:00,-112.000
2026-09-30T01:07:33+00:00,401858247,DraftKings,total,53.500,-105.000,52.500,-112.000,STATUS_SCHEDULED,2026-09-30T16:07:44+00:00,-115.000
2026-09-30T17:07:45+00:00,401858247,DraftKings,total,52.500,-112.000,52.500,-112.000,STATUS_SCHEDULED,2026-09-30T19:07:40+00:00,-108.000
2026-09-30T19:35:46+00:00,401858247,DraftKings,total,53.500,-110.000,52.500,-112.000,STATUS_SCHEDULED,2026-09-30T20:55:50+00:00,-110.000
2026-09-26T13:24:26+00:00,401858248,DraftKings,margin,-7.500,-110.000,-7.500,-110.000,STATUS_SCHEDULED,2026-09-27T03:52:28+00:00,-110.000
2026-09-27T04:52:45+00:00,401858248,DraftKings,margin,-6.500,-110.000,-7.500,-110.000,STATUS_SCHEDULED,2026-09-27T14:22:50+00:00,-110.000
2026-09-27T14:37:38+00:00,401858248,DraftKings,margin,-6.000,-110.000,-7.500,-110.000,STATUS_SCHEDULED,2026-09-27T14:37:38+00:00,-110.000
2026-09-27T14:52:40+00:00,401858248,DraftKings,margin,-5.500,-110.000,-7.500,-110.000,STATUS_SCHEDULED,2026-09-27T17:22:38+00:00,-110.000
2026-09-27T17:37:40+00:00,401858248,DraftKings,margin,-6.000,-110.000,-7.500,-110.000,STATUS_SCHEDULED,2026-09-28T01:52:43+00:00,-110.000
2026-09-28T02:52:46+00:00,401858248,DraftKings,margin,-5.500,-108.000,-7.500,-110.000,STATUS_SCHEDULED,2026-09-28T12:52:43+00:00,-112.000
2026-09-28T13:52:40+00:00,401858248,DraftKings,margin,-6.000,-112.000,-7.500,-110.000,STATUS_SCHEDULED,2026-09-28T13:52:40+00:00,-108.000
2026-09-28T14:52:40+00:00,401858248,DraftKings,margin,-6.500,-105.000,-7.500,-110.000,STATUS_SCHEDULED,2026-09-28T14:52:39+00:00,-115.000
2026-09-28T15:52:44+00:00,401858248,DraftKings,margin,-5.500,-110.000,-7.500,-110.000,STATUS_SCHEDULED,2026-09-29T14:51:35+00:00,-110.000
2026-09-29T15:58:03+00:00,401858248,DraftKings,margin,-4.500,-110.000,-7.500,-110.000,STATUS_SCHEDULED,2026-09-29T15:58:03+00:00,-110.000
2026-09-29T17:07:46+00:00,401858248,DraftKings,margin,-4.500,-115.000,-7.500,-110.000,STATUS_SCHEDULED,2026-09-29T17:07:45+00:00,-105.000
2026-09-29T18:07:52+00:00,401858248,DraftKings,margin,-4.000,-115.000,-7.500,-110.000,STATUS_SCHEDULED,2026-09-30T16:07:44+00:00,-105.000
2026-09-30T17:07:45+00:00,401858248,DraftKings,margin,-3.500,-108.000,-7.500,-110.000,STATUS_SCHEDULED,2026-09-30T20:55:50+00:00,-112.000
2026-09-26T13:24:26+00:00,401858248,DraftKings,total,59.500,-110.000,59.500,-110.000,STATUS_SCHEDULED,2026-09-27T19:07:32+00:00,-110.000
2026-09-27T19:22:40+00:00,401858248,DraftKings,total,60.500,-110.000,59.500,-110.000,STATUS_SCHEDULED,2026-09-28T14:52:39+00:00,-110.000
2026-09-28T15:52:44+00:00,401858248,DraftKings,total,59.500,-102.000,59.500,-110.000,STATUS_SCHEDULED,2026-09-28T15:52:43+00:00,-118.000
2026-09-28T16:45:29+00:00,401858248,DraftKings,total,58.500,-115.000,59.500,-110.000,STATUS_SCHEDULED,2026-09-30T16:07:44+00:00,-105.000
2026-09-30T17:07:45+00:00,401858248,DraftKings,total,58.500,-110.000,59.500,-110.000,STATUS_SCHEDULED,2026-09-30T20:55:50+00:00,-110.000
2026-09-26T13:24:26+00:00,401858249,DraftKings,margin,-17.500,-110.000,-7.000,-110.000,STATUS_SCHEDULED,2026-09-27T03:22:39+00:00,-110.000
2026-09-27T03:52:29+00:00,401858249,DraftKings,margin,-18.500,-110.000,-7.000,-110.000,STATUS_SCHEDULED,2026-09-27T14:22:50+00:00,-110.000
2026-09-27T14:37:38+00:00,401858249,DraftKings,margin,-18.500,-115.000,-7.000,-110.000,STATUS_SCHEDULED,2026-09-27T14:37:38+00:00,-105.000
2026-09-27T14:52:40+00:00,401858249,DraftKings,margin,-17.500,-110.000,-7.000,-110.000,STATUS_SCHEDULED,2026-09-27T21:37:40+00:00,-110.000
2026-09-27T21:52:33+00:00,401858249,DraftKings,margin,-16.500,100.000,-7.000,-110.000,STATUS_SCHEDULED,2026-09-27T23:37:47+00:00,-120.000
2026-09-27T23:52:48+00:00,401858249,DraftKings,margin,-17.500,-118.000,-7.000,-110.000,STATUS_SCHEDULED,2026-09-28T16:45:28+00:00,-102.000
2026-09-28T17:52:43+00:00,401858249,DraftKings,margin,-17.500,-112.000,-7.000,-110.000,STATUS_SCHEDULED,2026-09-28T21:07:44+00:00,-108.000
2026-09-28T21:23:14+00:00,401858249,DraftKings,margin,-16.500,-108.000,-7.000,-110.000,STATUS_SCHEDULED,2026-09-30T20:55:50+00:00,-112.000
2026-09-26T13:24:26+00:00,401858249,DraftKings,total,50.500,-110.000,55.500,-112.000,STATUS_SCHEDULED,2026-09-27T03:22:39+00:00,-110.000
2026-09-27T03:52:29+00:00,401858249,DraftKings,total,51.500,-110.000,55.500,-112.000,STATUS_SCHEDULED,2026-09-27T19:07:32+00:00,-110.000
2026-09-27T19:22:40+00:00,401858249,DraftKings,total,49.500,-110.000,55.500,-112.000,STATUS_SCHEDULED,2026-09-27T21:37:40+00:00,-110.000
2026-09-27T21:52:33+00:00,401858249,DraftKings,total,49.500,-120.000,55.500,-112.000,STATUS_SCHEDULED,2026-09-27T23:37:47+00:00,100.000
2026-09-27T23:52:48+00:00,401858249,DraftKings,total,49.500,-118.000,55.500,-112.000,STATUS_SCHEDULED,2026-09-28T16:45:28+00:00,-102.000
2026-09-28T17:52:43+00:00,401858249,DraftKings,total,48.500,-112.000,55.500,-112.000,STATUS_SCHEDULED,2026-09-29T14:51:35+00:00,-108.000
2026-09-29T15:58:03+00:00,401858249,DraftKings,total,47.500,-112.000,55.500,-112.000,STATUS_SCHEDULED,2026-09-30T16:07:44+00:00,-108.000
2026-09-30T17:07:45+00:00,401858249,DraftKings,total,48.500,-105.000,55.500,-112.000,STATUS_SCHEDULED,2026-09-30T20:55:50+00:00,-115.000
2026-09-26T13:24:26+00:00,401858250,DraftKings,margin,-20.500,-110.000,-24.500,-115.000,STATUS_SCHEDULED,2026-09-26T23:22:39+00:00,-110.000
2026-09-26T23:37:38+00:00,401858250,DraftKings,margin,-21.500,-110.000,-24.500,-115.000,STATUS_SCHEDULED,2026-09-27T17:22:38+00:00,-110.000
2026-09-27T17:37:40+00:00,401858250,DraftKings,margin,-22.500,-110.000,-24.500,-115.000,STATUS_SCHEDULED,2026-09-27T19:37:37+00:00,-110.000
2026-09-27T19:52:37+00:00,401858250,DraftKings,margin,-21.500,-110.000,-24.500,-115.000,STATUS_SCHEDULED,2026-09-28T03:52:43+00:00,-110.000
2026-09-28T04:52:44+00:00,401858250,DraftKings,margin,-21.500,-115.000,-24.500,-115.000,STATUS_SCHEDULED,2026-09-28T14:52:39+00:00,-105.000
2026-09-28T15:52:44+00:00,401858250,DraftKings,margin,-21.000,-110.000,-24.500,-115.000,STATUS_SCHEDULED,2026-09-28T16:45:28+00:00,-110.000
2026-09-28T17:52:43+00:00,401858250,DraftKings,margin,-21.000,-108.000,-24.500,-115.000,STATUS_SCHEDULED,2026-09-29T14:51:35+00:00,-112.000
2026-09-29T15:58:03+00:00,401858250,DraftKings,margin,-21.000,-110.000,-24.500,-115.000,STATUS_SCHEDULED,2026-09-30T18:07:35+00:00,-110.000
2026-09-30T19:07:41+00:00,401858250,DraftKings,margin,-21.000,-108.000,-24.500,-115.000,STATUS_SCHEDULED,2026-09-30T20:55:50+00:00,-112.000
2026-09-26T13:24:26+00:00,401858250,DraftKings,total,49.500,-110.000,55.500,-112.000,STATUS_SCHEDULED,2026-09-26T23:22:39+00:00,-110.000
2026-09-26T23:37:38+00:00,401858250,DraftKings,total,50.500,-110.000,55.500,-112.000,STATUS_SCHEDULED,2026-09-27T14:22:50+00:00,-110.000
2026-09-27T14:37:38+00:00,401858250,DraftKings,total,49.500,-110.000,55.500,-112.000,STATUS_SCHEDULED,2026-09-27T19:07:32+00:00,-110.000
2026-09-27T19:22:40+00:00,401858250,DraftKings,total,48.500,-115.000,55.500,-112.000,STATUS_SCHEDULED,2026-09-27T19:37:37+00:00,-105.000
2026-09-27T19:52:37+00:00,401858250,DraftKings,total,48.500,-105.000,55.500,-112.000,STATUS_SCHEDULED,2026-09-27T22:07:37+00:00,-115.000
2026-09-27T22:22:38+00:00,401858250,DraftKings,total,47.500,-118.000,55.500,-112.000,STATUS_SCHEDULED,2026-09-28T00:52:38+00:00,-102.000
2026-09-28T01:52:44+00:00,401858250,DraftKings,total,47.500,-112.000,55.500,-112.000,STATUS_SCHEDULED,2026-09-28T12:52:43+00:00,-108.000
2026-09-28T13:52:40+00:00,401858250,DraftKings,total,47.500,-108.000,55.500,-112.000,STATUS_SCHEDULED,2026-09-30T20:55:50+00:00,-112.000
2026-09-27T14:37:38+00:00,401858251,DraftKings,margin,12.500,-110.000,12.500,-110.000,STATUS_SCHEDULED,2026-09-27T23:37:47+00:00,-110.000
2026-09-27T23:52:48+00:00,401858251,DraftKings,margin,13.500,-105.000,12.500,-110.000,STATUS_SCHEDULED,2026-09-28T02:52:45+00:00,-115.000
2026-09-28T03:52:44+00:00,401858251,DraftKings,margin,12.500,-112.000,12.500,-110.000,STATUS_SCHEDULED,2026-09-28T21:07:44+00:00,-108.000
2026-09-28T21:23:14+00:00,401858251,DraftKings,margin,13.500,-105.000,12.500,-110.000,STATUS_SCHEDULED,2026-09-29T15:58:03+00:00,-115.000
2026-09-29T17:07:46+00:00,401858251,DraftKings,margin,12.500,-112.000,12.500,-110.000,STATUS_SCHEDULED,2026-09-30T20:55:50+00:00,-108.000
2026-09-27T14:37:38+00:00,401858251,DraftKings,total,54.500,-110.000,54.500,-110.000,STATUS_SCHEDULED,2026-09-28T06:52:34+00:00,-110.000
2026-09-28T07:52:47+00:00,401858251,DraftKings,total,53.500,-115.000,54.500,-110.000,STATUS_SCHEDULED,2026-09-28T14:52:39+00:00,-105.000
2026-09-28T15:52:44+00:00,401858251,DraftKings,total,53.500,-110.000,54.500,-110.000,STATUS_SCHEDULED,2026-09-30T20:55:50+00:00,-110.000
2026-09-27T16:22:39+00:00,401858252,DraftKings,margin,-6.500,-115.000,-6.500,-115.000,STATUS_SCHEDULED,2026-09-27T16:52:38+00:00,-105.000
2026-09-27T17:07:35+00:00,401858252,DraftKings,margin,-5.500,-105.000,-6.500,-115.000,STATUS_SCHEDULED,2026-09-27T20:07:35+00:00,-115.000
2026-09-27T20:22:39+00:00,401858252,DraftKings,margin,-5.500,-112.000,-6.500,-115.000,STATUS_SCHEDULED,2026-09-28T00:52:38+00:00,-108.000
2026-09-28T01:52:44+00:00,401858252,DraftKings,margin,-5.500,-108.000,-6.500,-115.000,STATUS_SCHEDULED,2026-09-28T13:52:40+00:00,-112.000
2026-09-28T14:52:40+00:00,401858252,DraftKings,margin,-6.000,-108.000,-6.500,-115.000,STATUS_SCHEDULED,2026-09-28T19:52:46+00:00,-112.000
2026-09-28T20:52:39+00:00,401858252,DraftKings,margin,-6.500,-115.000,-6.500,-115.000,STATUS_SCHEDULED,2026-09-29T02:22:40+00:00,-105.000
2026-09-29T02:37:41+00:00,401858252,DraftKings,margin,-6.500,-110.000,-6.500,-115.000,STATUS_SCHEDULED,2026-09-30T20:55:50+00:00,-110.000
2026-09-27T16:22:39+00:00,401858252,DraftKings,total,53.500,-110.000,53.500,-110.000,STATUS_SCHEDULED,2026-09-27T17:07:34+00:00,-110.000
2026-09-27T17:22:39+00:00,401858252,DraftKings,total,52.500,-110.000,53.500,-110.000,STATUS_SCHEDULED,2026-09-27T20:07:35+00:00,-110.000
2026-09-27T20:22:39+00:00,401858252,DraftKings,total,52.500,-110.000,53.500,-110.000,STATUS_SCHEDULED,2026-09-28T00:52:38+00:00,-105.000
2026-09-28T01:52:44+00:00,401858252,DraftKings,total,52.500,,53.500,,STATUS_SCHEDULED,2026-09-28T06:52:34+00:00,-105.000
2026-09-28T07:52:47+00:00,401858252,DraftKings,total,51.500,-115.000,53.500,-110.000,STATUS_SCHEDULED,2026-09-28T20:52:38+00:00,-105.000
2026-09-28T21:07:45+00:00,401858252,DraftKings,total,50.500,-112.000,53.500,-110.000,STATUS_SCHEDULED,2026-09-29T14:51:35+00:00,-108.000
2026-09-29T15:58:03+00:00,401858252,DraftKings,total,50.500,-108.000,53.500,-110.000,STATUS_SCHEDULED,2026-09-30T20:55:50+00:00,-112.000
2026-09-27T07:52:37+00:00,401858253,DraftKings,margin,-1.500,-110.000,-1.500,-110.000,STATUS_SCHEDULED,2026-09-27T12:37:44+00:00,-110.000
2026-09-27T12:52:38+00:00,401858253,DraftKings,margin,-3.000,-110.000,-1.500,-110.000,STATUS_SCHEDULED,2026-09-27T19:22:39+00:00,-110.000
2026-09-27T19:37:37+00:00,401858253,DraftKings,margin,-2.500,-108.000,-1.500,-110.000,STATUS_SCHEDULED,2026-09-27T20:37:35+00:00,-112.000
2026-09-27T20:52:45+00:00,401858253,DraftKings,margin,-3.000,-115.000,-1.500,-110.000,STATUS_SCHEDULED,2026-09-27T21:37:40+00:00,-105.000
2026-09-27T21:52:33+00:00,401858253,DraftKings,margin,-2.500,-102.000,-1.500,-110.000,STATUS_SCHEDULED,2026-09-27T23:52:46+00:00,-118.000
2026-09-28T00:52:38+00:00,401858253,DraftKings,margin,-3.000,-115.000,-1.500,-110.000,STATUS_SCHEDULED,2026-09-28T10:52:45+00:00,-105.000
2026-09-28T11:52:42+00:00,401858253,DraftKings,margin,-3.000,-112.000,-1.500,-110.000,STATUS_SCHEDULED,2026-09-28T13:52:40+00:00,-108.000
2026-09-28T14:52:40+00:00,401858253,DraftKings,margin,-2.500,-105.000,-1.500,-110.000,STATUS_SCHEDULED,2026-09-30T20:55:50+00:00,-115.000
2026-09-27T07:52:37+00:00,401858253,DraftKings,total,51.500,-110.000,51.500,-110.000,STATUS_SCHEDULED,2026-09-27T20:37:35+00:00,-110.000
2026-09-27T20:52:45+00:00,401858253,DraftKings,total,50.500,-120.000,51.500,-110.000,STATUS_SCHEDULED,2026-09-27T21:22:42+00:00,100.000
2026-09-27T21:37:41+00:00,401858253,DraftKings,total,51.500,-105.000,51.500,-110.000,STATUS_SCHEDULED,2026-09-28T01:52:43+00:00,-115.000
2026-09-28T02:52:46+00:00,401858253,DraftKings,total,51.500,-110.000,51.500,-110.000,STATUS_SCHEDULED,2026-09-28T14:52:39+00:00,-110.000
2026-09-28T15:52:44+00:00,401858253,DraftKings,total,51.500,-108.000,51.500,-110.000,STATUS_SCHEDULED,2026-09-30T14:07:43+00:00,-112.000
2026-09-30T14:55:28+00:00,401858253,DraftKings,total,51.500,-110.000,51.500,-110.000,STATUS_SCHEDULED,2026-09-30T18:07:35+00:00,-110.000
2026-09-30T19:07:41+00:00,401858253,DraftKings,total,51.500,-108.000,51.500,-110.000,STATUS_SCHEDULED,2026-09-30T20:55:50+00:00,-112.000
2026-09-23T19:53:36+00:00,401858461,DraftKings,margin,21.000,-110.000,23.500,-110.000,STATUS_SCHEDULED,2026-09-24T01:15:40+00:00,
2026-09-24T12:13:44+00:00,401858461,DraftKings,margin,21.000,-108.000,23.500,-110.000,STATUS_SCHEDULED,2026-09-24T19:14:09+00:00,
2026-09-24T21:09:53+00:00,401858461,DraftKings,margin,20.500,-115.000,23.500,-110.000,STATUS_SCHEDULED,2026-09-24T22:45:28+00:00,
2026-09-25T00:54:08+00:00,401858461,DraftKings,margin,20.500,-115.000,23.500,-110.000,STATUS_SCHEDULED,2026-09-25T00:54:08+00:00,-105.000
2026-09-25T07:30:32+00:00,401858461,DraftKings,margin,20.500,-110.000,23.500,-110.000,STATUS_SCHEDULED,2026-09-25T13:15:51+00:00,-110.000
2026-09-25T18:25:20+00:00,401858461,DraftKings,margin,20.500,-108.000,23.500,-110.000,STATUS_SCHEDULED,2026-09-25T23:25:33+00:00,-112.000
2026-09-23T02:42:24+00:00,401858461,DraftKings,total,49.500,-108.000,47.500,-110.000,STATUS_SCHEDULED,2026-09-23T02:42:24+00:00,
2026-09-24T12:13:44+00:00,401858461,DraftKings,total,49.500,-112.000,47.500,-110.000,STATUS_SCHEDULED,2026-09-24T22:45:28+00:00,
2026-09-25T00:54:08+00:00,401858461,DraftKings,total,49.500,-112.000,47.500,-110.000,STATUS_SCHEDULED,2026-09-25T13:15:51+00:00,-108.000
2026-09-25T18:25:20+00:00,401858461,DraftKings,total,50.500,-105.000,47.500,-110.000,STATUS_SCHEDULED,2026-09-25T21:13:04+00:00,-115.000
2026-09-25T23:25:34+00:00,401858461,DraftKings,total,49.500,-112.000,47.500,-110.000,STATUS_SCHEDULED,2026-09-25T23:25:33+00:00,-108.000
2026-09-24T12:13:44+00:00,401858462,DraftKings,margin,-1.500,-110.000,-1.500,-112.000,STATUS_SCHEDULED,2026-09-24T22:45:28+00:00,
2026-09-25T00:54:08+00:00,401858462,DraftKings,margin,-1.500,-110.000,-1.500,-112.000,STATUS_SCHEDULED,2026-09-26T14:28:46+00:00,-110.000
2026-09-26T14:52:35+00:00,401858462,DraftKings,margin,-1.500,-105.000,-1.500,-112.000,STATUS_SCHEDULED,2026-09-26T15:07:47+00:00,-115.000
2026-09-26T15:38:14+00:00,401858462,DraftKings,margin,-2.500,-110.000,-1.500,-112.000,STATUS_SCHEDULED,2026-09-26T17:07:45+00:00,-110.000
2026-09-26T17:22:38+00:00,401858462,DraftKings,margin,-2.500,-102.000,-1.500,-112.000,STATUS_SCHEDULED,2026-09-26T17:22:38+00:00,-118.000
2026-09-23T18:31:11+00:00,401858462,DraftKings,total,56.500,-115.000,51.500,-112.000,STATUS_SCHEDULED,2026-09-23T18:31:11+00:00,
2026-09-24T12:13:44+00:00,401858462,DraftKings,total,56.500,-110.000,51.500,-112.000,STATUS_SCHEDULED,2026-09-24T22:45:28+00:00,
2026-09-25T00:54:08+00:00,401858462,DraftKings,total,56.500,-110.000,51.500,-112.000,STATUS_SCHEDULED,2026-09-26T03:35:33+00:00,-110.000
2026-09-26T13:24:25+00:00,401858462,DraftKings,total,56.500,-105.000,51.500,-112.000,STATUS_SCHEDULED,2026-09-26T14:28:46+00:00,-115.000
2026-09-26T14:52:35+00:00,401858462,DraftKings,total,55.500,-112.000,51.500,-112.000,STATUS_SCHEDULED,2026-09-26T17:22:38+00:00,-108.000
2026-09-24T12:13:44+00:00,401858463,DraftKings,margin,5.500,-110.000,4.500,-110.000,STATUS_SCHEDULED,2026-09-24T22:45:28+00:00,
2026-09-25T00:54:08+00:00,401858463,DraftKings,margin,5.500,-110.000,4.500,-110.000,STATUS_SCHEDULED,2026-09-26T14:28:46+00:00,-110.000
2026-09-26T14:52:35+00:00,401858463,DraftKings,margin,5.500,-105.000,4.500,-110.000,STATUS_SCHEDULED,2026-09-26T19:22:38+00:00,-115.000
2026-09-26T19:37:50+00:00,401858463,DraftKings,margin,4.500,-110.000,4.500,-110.000,STATUS_SCHEDULED,2026-09-26T19:37:49+00:00,-110.000
2026-09-24T12:13:44+00:00,401858463,DraftKings,total,38.500,-112.000,39.500,-112.000,STATUS_SCHEDULED,2026-09-24T22:45:28+00:00,
2026-09-25T00:54:08+00:00,401858463,DraftKings,total,38.500,-112.000,39.500,-112.000,STATUS_SCHEDULED,2026-09-25T13:15:51+00:00,-108.000
2026-09-25T18:25:20+00:00,401858463,DraftKings,total,38.500,-108.000,39.500,-112.000,STATUS_SCHEDULED,2026-09-26T03:35:33+00:00,-112.000
2026-09-26T13:24:25+00:00,401858463,DraftKings,total,38.500,-112.000,39.500,-112.000,STATUS_SCHEDULED,2026-09-26T16:07:41+00:00,-108.000
2026-09-26T16:22:40+00:00,401858463,DraftKings,total,39.500,-105.000,39.500,-112.000,STATUS_SCHEDULED,2026-09-26T16:22:39+00:00,-115.000
2026-09-26T16:37:42+00:00,401858463,DraftKings,total,39.500,-110.000,39.500,-112.000,STATUS_SCHEDULED,2026-09-26T16:52:37+00:00,-110.000
2026-09-26T17:07:46+00:00,401858463,DraftKings,total,39.500,-115.000,39.500,-112.000,STATUS_SCHEDULED,2026-09-26T17:07:45+00:00,-105.000
2026-09-26T17:22:38+00:00,401858463,DraftKings,total,40.500,-105.000,39.500,-112.000,STATUS_SCHEDULED,2026-09-26T18:37:32+00:00,-115.000
2026-09-26T18:52:41+00:00,401858463,DraftKings,total,39.500,-118.000,39.500,-112.000,STATUS_SCHEDULED,2026-09-26T19:22:38+00:00,-102.000
2026-09-26T19:37:50+00:00,401858463,DraftKings,total,39.500,-115.000,39.500,-112.000,STATUS_SCHEDULED,2026-09-26T19:37:49+00:00,-105.000
2026-09-24T12:13:44+00:00,401858464,DraftKings,margin,-5.500,-108.000,-5.500,-110.000,STATUS_SCHEDULED,2026-09-24T22:45:28+00:00,
2026-09-25T00:54:08+00:00,401858464,DraftKings,margin,-5.500,-102.000,-5.500,-110.000,STATUS_SCHEDULED,2026-09-26T03:35:33+00:00,-118.000
2026-09-26T13:24:25+00:00,401858464,DraftKings,margin,-5.500,-108.000,-5.500,-110.000,STATUS_SCHEDULED,2026-09-26T19:37:49+00:00,-112.000
2026-09-26T19:52:39+00:00,401858464,DraftKings,margin,-6.000,-112.000,-5.500,-110.000,STATUS_SCHEDULED,2026-09-26T20:52:44+00:00,-108.000
2026-09-23T02:42:24+00:00,401858464,DraftKings,total,48.500,-112.000,52.500,-112.000,STATUS_SCHEDULED,2026-09-23T02:42:24+00:00,
2026-09-24T12:13:44+00:00,401858464,DraftKings,total,48.500,-115.000,52.500,-112.000,STATUS_SCHEDULED,2026-09-24T22:45:28+00:00,
2026-09-25T00:54:08+00:00,401858464,DraftKings,total,48.500,-112.000,52.500,-112.000,STATUS_SCHEDULED,2026-09-26T03:35:33+00:00,-108.000
2026-09-26T13:24:25+00:00,401858464,DraftKings,total,49.500,-108.000,52.500,-112.000,STATUS_SCHEDULED,2026-09-26T20:07:42+00:00,-112.000
2026-09-26T20:22:48+00:00,401858464,DraftKings,total,48.500,-115.000,52.500,-112.000,STATUS_SCHEDULED,2026-09-26T20:52:44+00:00,-105.000
2026-09-23T02:42:24+00:00,401858465,DraftKings,margin,27.500,-108.000,27.500,-110.000,STATUS_SCHEDULED,2026-09-23T02:42:24+00:00,
2026-09-24T12:13:44+00:00,401858465,DraftKings,margin,26.500,-115.000,27.500,-110.000,STATUS_SCHEDULED,2026-09-24T14:20:17+00:00,
2026-09-24T18:17:56+00:00,401858465,DraftKings,margin,27.500,-105.000,27.500,-110.000,STATUS_SCHEDULED,2026-09-24T22:45:28+00:00,
2026-09-25T00:54:08+00:00,401858465,DraftKings,margin,27.500,-105.000,27.500,-110.000,STATUS_SCHEDULED,2026-09-25T18:25:20+00:00,-115.000
2026-09-25T21:13:04+00:00,401858465,DraftKings,margin,26.500,-110.000,27.500,-110.000,STATUS_SCHEDULED,2026-09-26T03:35:33+00:00,-110.000
2026-09-26T13:24:25+00:00,401858465,DraftKings,margin,26.500,-108.000,27.500,-110.000,STATUS_SCHEDULED,2026-09-26T14:52:35+00:00,-112.000
2026-09-26T15:07:47+00:00,401858465,DraftKings,margin,25.500,-112.000,27.500,-110.000,STATUS_SCHEDULED,2026-09-26T16:07:41+00:00,-108.000
2026-09-24T12:13:44+00:00,401858465,DraftKings,total,53.500,-115.000,54.500,-110.000,STATUS_SCHEDULED,2026-09-24T22:45:28+00:00,
2026-09-25T00:54:08+00:00,401858465,DraftKings,total,53.500,-115.000,54.500,-110.000,STATUS_SCHEDULED,2026-09-26T03:35:33+00:00,-105.000
2026-09-26T13:24:25+00:00,401858465,DraftKings,total,54.500,-112.000,54.500,-110.000,STATUS_SCHEDULED,2026-09-26T14:22:36+00:00,-108.000
2026-09-26T14:28:46+00:00,401858465,DraftKings,total,54.500,-108.000,54.500,-110.000,STATUS_SCHEDULED,2026-09-26T14:52:35+00:00,-112.000
2026-09-26T15:07:47+00:00,401858465,DraftKings,total,53.500,-115.000,54.500,-110.000,STATUS_SCHEDULED,2026-09-26T15:52:37+00:00,-105.000
2026-09-26T16:07:42+00:00,401858465,DraftKings,total,53.500,-108.000,54.500,-110.000,STATUS_SCHEDULED,2026-09-26T16:07:41+00:00,-112.000
2026-09-22T17:45:06+00:00,401858466,DraftKings,margin,9.500,-112.000,11.500,-105.000,STATUS_SCHEDULED,2026-09-22T17:45:06+00:00,
2026-09-23T19:53:37+00:00,401858466,DraftKings,margin,10.000,-108.000,11.500,-105.000,STATUS_SCHEDULED,2026-09-23T20:04:04+00:00,
2026-09-23T22:10:00+00:00,401858466,DraftKings,margin,10.000,-105.000,11.500,-105.000,STATUS_SCHEDULED,2026-09-23T22:10:00+00:00,
2026-09-24T12:13:44+00:00,401858466,DraftKings,margin,10.000,-110.000,11.500,-105.000,STATUS_SCHEDULED,2026-09-24T18:17:56+00:00,
2026-09-24T19:14:09+00:00,401858466,DraftKings,margin,10.000,-112.000,11.500,-105.000,STATUS_SCHEDULED,2026-09-24T19:14:09+00:00,
2026-09-24T21:09:53+00:00,401858466,DraftKings,margin,10.000,-110.000,11.500,-105.000,STATUS_SCHEDULED,2026-09-24T22:45:28+00:00,
2026-09-25T00:54:08+00:00,401858466,DraftKings,margin,10.000,-110.000,11.500,-105.000,STATUS_SCHEDULED,2026-09-25T00:54:08+00:00,-110.000
2026-09-25T07:30:32+00:00,401858466,DraftKings,margin,10.000,-112.000,11.500,-105.000,STATUS_SCHEDULED,2026-09-26T18:52:41+00:00,-108.000
2026-09-26T19:07:36+00:00,401858466,DraftKings,margin,10.000,-110.000,11.500,-105.000,STATUS_SCHEDULED,2026-09-26T20:52:44+00:00,-110.000
2026-09-26T21:07:42+00:00,401858466,DraftKings,margin,9.500,-112.000,11.500,-105.000,STATUS_SCHEDULED,2026-09-26T21:07:42+00:00,-108.000
2026-09-24T12:13:44+00:00,401858466,DraftKings,total,44.500,-112.000,42.500,-112.000,STATUS_SCHEDULED,2026-09-24T19:14:09+00:00,
2026-09-24T21:09:53+00:00,401858466,DraftKings,total,44.500,-108.000,42.500,-112.000,STATUS_SCHEDULED,2026-09-24T22:45:28+00:00,
2026-09-25T00:54:08+00:00,401858466,DraftKings,total,44.500,-108.000,42.500,-112.000,STATUS_SCHEDULED,2026-09-25T07:30:32+00:00,-112.000
2026-09-25T13:15:51+00:00,401858466,DraftKings,total,44.500,-102.000,42.500,-112.000,STATUS_SCHEDULED,2026-09-25T13:15:51+00:00,-118.000
2026-09-25T18:25:20+00:00,401858466,DraftKings,total,44.500,,42.500,,STATUS_SCHEDULED,2026-09-26T03:35:33+00:00,-105.000
2026-09-26T13:24:25+00:00,401858466,DraftKings,total,43.500,-115.000,42.500,-112.000,STATUS_SCHEDULED,2026-09-26T13:37:37+00:00,-105.000
2026-09-26T13:52:44+00:00,401858466,DraftKings,total,44.500,-105.000,42.500,-112.000,STATUS_SCHEDULED,2026-09-26T14:52:35+00:00,-115.000
2026-09-26T15:07:47+00:00,401858466,DraftKings,total,43.500,-115.000,42.500,-112.000,STATUS_SCHEDULED,2026-09-26T16:22:39+00:00,-105.000
2026-09-26T16:37:42+00:00,401858466,DraftKings,total,44.500,-102.000,42.500,-112.000,STATUS_SCHEDULED,2026-09-26T16:52:37+00:00,-118.000
2026-09-26T17:07:46+00:00,401858466,DraftKings,total,43.500,-115.000,42.500,-112.000,STATUS_SCHEDULED,2026-09-26T21:07:42+00:00,-105.000
2026-09-24T12:13:44+00:00,401858467,DraftKings,margin,-27.500,-102.000,-27.500,-105.000,STATUS_SCHEDULED,2026-09-24T22:45:28+00:00,
2026-09-25T00:54:08+00:00,401858467,DraftKings,margin,-27.500,-102.000,-27.500,-105.000,STATUS_SCHEDULED,2026-09-25T18:25:20+00:00,-118.000
2026-09-25T21:13:04+00:00,401858467,DraftKings,margin,-27.500,-108.000,-27.500,-105.000,STATUS_SCHEDULED,2026-09-26T14:22:36+00:00,-112.000
2026-09-26T14:28:46+00:00,401858467,DraftKings,margin,-27.500,-115.000,-27.500,-105.000,STATUS_SCHEDULED,2026-09-26T17:52:46+00:00,-105.000
2026-09-26T18:04:46+00:00,401858467,DraftKings,margin,-27.500,-110.000,-27.500,-105.000,STATUS_SCHEDULED,2026-09-26T18:04:46+00:00,-110.000
2026-09-22T17:45:06+00:00,401858467,DraftKings,total,57.500,-112.000,56.500,-115.000,STATUS_SCHEDULED,2026-09-22T17:45:06+00:00,
2026-09-24T12:13:44+00:00,401858467,DraftKings,total,58.500,-105.000,56.500,-115.000,STATUS_SCHEDULED,2026-09-24T22:45:28+00:00,
2026-09-25T00:54:08+00:00,401858467,DraftKings,total,58.500,-105.000,56.500,-115.000,STATUS_SCHEDULED,2026-09-25T18:25:20+00:00,-115.000
2026-09-25T21:13:04+00:00,401858467,DraftKings,total,57.500,-110.000,56.500,-115.000,STATUS_SCHEDULED,2026-09-25T21:13:04+00:00,-110.000
2026-09-25T23:25:34+00:00,401858467,DraftKings,total,57.500,-105.000,56.500,-115.000,STATUS_SCHEDULED,2026-09-26T16:22:39+00:00,-115.000
2026-09-26T16:37:42+00:00,401858467,DraftKings,total,57.500,-110.000,56.500,-115.000,STATUS_SCHEDULED,2026-09-26T16:37:42+00:00,-110.000
2026-09-26T16:52:38+00:00,401858467,DraftKings,total,57.500,-108.000,56.500,-115.000,STATUS_SCHEDULED,2026-09-26T16:52:37+00:00,-112.000
2026-09-26T17:07:46+00:00,401858467,DraftKings,total,56.500,-115.000,56.500,-115.000,STATUS_SCHEDULED,2026-09-26T17:52:46+00:00,-105.000
2026-09-26T18:04:46+00:00,401858467,DraftKings,total,57.500,-105.000,56.500,-115.000,STATUS_SCHEDULED,2026-09-26T18:04:46+00:00,-115.000
2026-09-24T12:13:44+00:00,401858468,DraftKings,margin,41.500,-120.000,41.500,-120.000,STATUS_SCHEDULED,2026-09-24T14:20:17+00:00,
2026-09-24T18:17:56+00:00,401858468,DraftKings,margin,43.500,-112.000,41.500,-120.000,STATUS_SCHEDULED,2026-09-24T22:45:28+00:00,
2026-09-25T00:54:08+00:00,401858468,DraftKings,margin,43.500,-112.000,41.500,-120.000,STATUS_SCHEDULED,2026-09-25T00:54:08+00:00,-108.000
2026-09-25T07:30:32+00:00,401858468,DraftKings,margin,43.500,-108.000,41.500,-120.000,STATUS_SCHEDULED,2026-09-25T13:15:51+00:00,-112.000
2026-09-25T18:25:20+00:00,401858468,DraftKings,margin,42.500,100.000,41.500,-120.000,STATUS_SCHEDULED,2026-09-25T18:25:20+00:00,-120.000
2026-09-25T21:13:04+00:00,401858468,DraftKings,margin,41.500,-112.000,41.500,-120.000,STATUS_SCHEDULED,2026-09-25T21:13:04+00:00,-108.000
2026-09-23T19:53:36+00:00,401858468,DraftKings,total,55.500,-110.000,55.500,-110.000,STATUS_SCHEDULED,2026-09-23T22:10:00+00:00,
2026-09-24T12:13:44+00:00,401858468,DraftKings,total,56.500,-110.000,55.500,-110.000,STATUS_SCHEDULED,2026-09-24T14:20:17+00:00,
2026-09-24T18:17:56+00:00,401858468,DraftKings,total,55.500,-110.000,55.500,-110.000,STATUS_SCHEDULED,2026-09-24T22:45:28+00:00,
2026-09-25T00:54:08+00:00,401858468,DraftKings,total,55.500,-110.000,55.500,-110.000,STATUS_SCHEDULED,2026-09-25T00:54:08+00:00,-110.000
2026-09-25T07:30:32+00:00,401858468,DraftKings,total,55.500,-118.000,55.500,-110.000,STATUS_SCHEDULED,2026-09-25T07:30:32+00:00,-102.000
2026-09-25T13:15:51+00:00,401858468,DraftKings,total,56.500,-108.000,55.500,-110.000,STATUS_SCHEDULED,2026-09-25T13:15:51+00:00,-112.000
2026-09-25T18:25:20+00:00,401858468,DraftKings,total,57.500,-110.000,55.500,-110.000,STATUS_SCHEDULED,2026-09-25T18:25:20+00:00,-110.000
2026-09-25T21:13:04+00:00,401858468,DraftKings,total,57.500,-108.000,55.500,-110.000,STATUS_SCHEDULED,2026-09-25T21:13:04+00:00,-112.000
2026-09-23T22:10:00+00:00,401858469,DraftKings,margin,-3.000,-110.000,-5.500,-110.000,STATUS_SCHEDULED,2026-09-23T22:10:00+00:00,
2026-09-24T01:15:40+00:00,401858469,DraftKings,margin,-3.000,-105.000,-5.500,-110.000,STATUS_SCHEDULED,2026-09-24T01:15:40+00:00,
2026-09-24T12:13:44+00:00,401858469,DraftKings,margin,-3.000,-108.000,-5.500,-110.000,STATUS_SCHEDULED,2026-09-24T13:26:46+00:00,
2026-09-24T13:50:24+00:00,401858469,DraftKings,margin,-3.000,-110.000,-5.500,-110.000,STATUS_SCHEDULED,2026-09-24T19:14:09+00:00,
2026-09-24T21:09:53+00:00,401858469,DraftKings,margin,-3.000,-108.000,-5.500,-110.000,STATUS_SCHEDULED,2026-09-24T22:45:28+00:00,
2026-09-25T00:54:08+00:00,401858469,DraftKings,margin,-3.000,-108.000,-5.500,-110.000,STATUS_SCHEDULED,2026-09-25T00:54:08+00:00,-112.000
2026-09-25T07:30:32+00:00,401858469,DraftKings,margin,-3.000,-110.000,-5.500,-110.000,STATUS_SCHEDULED,2026-09-25T18:25:20+00:00,-110.000
2026-09-25T21:13:04+00:00,401858469,DraftKings,margin,-3.000,-105.000,-5.500,-110.000,STATUS_SCHEDULED,2026-09-26T03:35:33+00:00,-115.000
2026-09-26T13:24:25+00:00,401858469,DraftKings,margin,-3.500,-115.000,-5.500,-110.000,STATUS_SCHEDULED,2026-09-26T17:52:46+00:00,-105.000
2026-09-26T18:04:46+00:00,401858469,DraftKings,margin,-3.500,-110.000,-5.500,-110.000,STATUS_SCHEDULED,2026-09-26T23:07:32+00:00,-110.000
2026-09-26T23:22:40+00:00,401858469,DraftKings,margin,-3.500,-105.000,-5.500,-110.000,STATUS_SCHEDULED,2026-09-26T23:22:39+00:00,-115.000
2026-09-24T12:13:44+00:00,401858469,DraftKings,total,62.500,-108.000,58.500,-108.000,STATUS_SCHEDULED,2026-09-24T21:46:26+00:00,
2026-09-24T22:45:28+00:00,401858469,DraftKings,total,61.500,-110.000,58.500,-108.000,STATUS_SCHEDULED,2026-09-24T22:45:28+00:00,
2026-09-25T00:54:08+00:00,401858469,DraftKings,total,61.500,-110.000,58.500,-108.000,STATUS_SCHEDULED,2026-09-26T03:35:33+00:00,-110.000
2026-09-26T13:24:25+00:00,401858469,DraftKings,total,61.500,-112.000,58.500,-108.000,STATUS_SCHEDULED,2026-09-26T14:28:46+00:00,-108.000
2026-09-26T14:52:35+00:00,401858469,DraftKings,total,61.500,-110.000,58.500,-108.000,STATUS_SCHEDULED,2026-09-26T15:52:37+00:00,-110.000
2026-09-26T16:07:42+00:00,401858469,DraftKings,total,61.500,-105.000,58.500,-108.000,STATUS_SCHEDULED,2026-09-26T17:52:46+00:00,-115.000
2026-09-26T18:04:46+00:00,401858469,DraftKings,total,60.500,-115.000,58.500,-108.000,STATUS_SCHEDULED,2026-09-26T21:37:32+00:00,-105.000
2026-09-26T21:52:36+00:00,401858469,DraftKings,total,60.500,-110.000,58.500,-108.000,STATUS_SCHEDULED,2026-09-26T23:07:32+00:00,-110.000
2026-09-26T23:22:40+00:00,401858469,DraftKings,total,60.500,-115.000,58.500,-108.000,STATUS_SCHEDULED,2026-09-26T23:22:39+00:00,-105.000
2026-09-23T22:10:00+00:00,401858470,DraftKings,margin,10.000,-108.000,9.500,-110.000,STATUS_SCHEDULED,2026-09-23T22:10:00+00:00,
2026-09-24T12:13:44+00:00,401858470,DraftKings,margin,10.000,-105.000,9.500,-110.000,STATUS_SCHEDULED,2026-09-24T13:26:46+00:00,
2026-09-24T13:50:24+00:00,401858470,DraftKings,margin,10.000,-112.000,9.500,-110.000,STATUS_SCHEDULED,2026-09-24T22:45:28+00:00,
2026-09-25T00:54:08+00:00,401858470,DraftKings,margin,10.000,-112.000,9.500,-110.000,STATUS_SCHEDULED,2026-09-25T18:25:20+00:00,-108.000
2026-09-25T21:13:04+00:00,401858470,DraftKings,margin,10.500,-108.000,9.500,-110.000,STATUS_SCHEDULED,2026-09-26T22:22:36+00:00,-112.000
2026-09-26T22:37:39+00:00,401858470,DraftKings,margin,11.500,-110.000,9.500,-110.000,STATUS_SCHEDULED,2026-09-27T00:07:39+00:00,-110.000
2026-09-27T00:22:38+00:00,401858470,DraftKings,margin,12.500,-108.000,9.500,-110.000,STATUS_SCHEDULED,2026-09-27T01:22:38+00:00,-112.000
2026-09-27T01:37:38+00:00,401858470,DraftKings,margin,11.500,-112.000,9.500,-110.000,STATUS_SCHEDULED,2026-09-27T02:52:43+00:00,-108.000
2026-09-22T17:45:06+00:00,401858470,DraftKings,total,46.500,-108.000,44.500,-110.000,STATUS_SCHEDULED,2026-09-22T17:45:06+00:00,
2026-09-24T12:13:44+00:00,401858470,DraftKings,total,45.500,-112.000,44.500,-110.000,STATUS_SCHEDULED,2026-09-24T22:45:28+00:00,
2026-09-25T00:54:08+00:00,401858470,DraftKings,total,45.500,-112.000,44.500,-110.000,STATUS_SCHEDULED,2026-09-26T13:37:37+00:00,-108.000
2026-09-26T13:52:44+00:00,401858470,DraftKings,total,46.500,-105.000,44.500,-110.000,STATUS_SCHEDULED,2026-09-27T00:07:39+00:00,-115.000
2026-09-27T00:22:38+00:00,401858470,DraftKings,total,45.500,-112.000,44.500,-110.000,STATUS_SCHEDULED,2026-09-27T02:22:31+00:00,-108.000
2026-09-27T02:37:35+00:00,401858470,DraftKings,total,45.500,-108.000,44.500,-110.000,STATUS_SCHEDULED,2026-09-27T02:37:35+00:00,-112.000
2026-09-27T02:52:44+00:00,401858470,DraftKings,total,45.500,-105.000,44.500,-110.000,STATUS_SCHEDULED,2026-09-27T02:52:43+00:00,-115.000
2026-09-27T15:22:33+00:00,401858472,DraftKings,margin,10.000,-110.000,10.000,-110.000,STATUS_SCHEDULED,2026-09-27T19:52:36+00:00,-110.000
2026-09-27T20:07:35+00:00,401858472,DraftKings,margin,10.000,-108.000,10.000,-110.000,STATUS_SCHEDULED,2026-09-27T23:37:47+00:00,-112.000
2026-09-27T23:52:48+00:00,401858472,DraftKings,margin,9.500,-115.000,10.000,-110.000,STATUS_SCHEDULED,2026-09-28T01:52:43+00:00,-105.000
2026-09-28T02:52:46+00:00,401858472,DraftKings,margin,10.000,-108.000,10.000,-110.000,STATUS_SCHEDULED,2026-09-28T21:07:44+00:00,-112.000
2026-09-28T21:23:14+00:00,401858472,DraftKings,margin,10.000,-110.000,10.000,-110.000,STATUS_SCHEDULED,2026-09-30T20:55:50+00:00,-110.000
2026-09-27T15:22:33+00:00,401858472,DraftKings,total,60.500,-110.000,60.500,-110.000,STATUS_SCHEDULED,2026-09-27T19:52:36+00:00,-110.000
2026-09-27T20:07:35+00:00,401858472,DraftKings,total,59.500,-108.000,60.500,-110.000,STATUS_SCHEDULED,2026-09-27T20:37:35+00:00,-112.000
2026-09-27T20:52:45+00:00,401858472,DraftKings,total,59.500,-115.000,60.500,-110.000,STATUS_SCHEDULED,2026-09-27T23:37:47+00:00,-105.000
2026-09-27T23:52:48+00:00,401858472,DraftKings,total,59.500,-110.000,60.500,-110.000,STATUS_SCHEDULED,2026-09-27T23:52:46+00:00,-110.000
2026-09-28T00:52:38+00:00,401858472,DraftKings,total,60.500,-108.000,60.500,-110.000,STATUS_SCHEDULED,2026-09-28T21:07:44+00:00,-112.000
2026-09-28T21:23:14+00:00,401858472,DraftKings,total,61.500,-108.000,60.500,-110.000,STATUS_SCHEDULED,2026-09-30T08:07:53+00:00,-112.000
2026-09-30T09:07:46+00:00,401858472,DraftKings,total,61.500,-112.000,60.500,-110.000,STATUS_SCHEDULED,2026-09-30T18:07:35+00:00,-108.000
2026-09-30T19:07:41+00:00,401858472,DraftKings,total,61.500,-115.000,60.500,-110.000,STATUS_SCHEDULED,2026-09-30T20:55:50+00:00,-105.000
2026-09-26T13:24:26+00:00,401858473,DraftKings,margin,-14.000,-110.000,-14.000,-110.000,STATUS_SCHEDULED,2026-09-26T23:37:37+00:00,-110.000
2026-09-26T23:52:43+00:00,401858473,DraftKings,margin,-14.500,-115.000,-14.000,-110.000,STATUS_SCHEDULED,2026-09-27T04:52:45+00:00,-105.000
2026-09-27T05:53:15+00:00,401858473,DraftKings,margin,-14.000,-110.000,-14.000,-110.000,STATUS_SCHEDULED,2026-09-27T16:22:39+00:00,-110.000
2026-09-27T16:37:34+00:00,401858473,DraftKings,margin,-14.500,-110.000,-14.000,-110.000,STATUS_SCHEDULED,2026-09-27T19:22:39+00:00,-110.000
2026-09-27T19:37:37+00:00,401858473,DraftKings,margin,-13.500,-108.000,-14.000,-110.000,STATUS_SCHEDULED,2026-09-27T20:52:45+00:00,-112.000
2026-09-27T21:07:45+00:00,401858473,DraftKings,margin,-14.000,-112.000,-14.000,-110.000,STATUS_SCHEDULED,2026-09-27T21:37:40+00:00,-108.000
2026-09-27T21:52:33+00:00,401858473,DraftKings,margin,-14.000,-115.000,-14.000,-110.000,STATUS_SCHEDULED,2026-09-27T23:52:46+00:00,-105.000
2026-09-28T00:52:38+00:00,401858473,DraftKings,margin,-13.500,-108.000,-14.000,-110.000,STATUS_SCHEDULED,2026-09-28T22:07:52+00:00,-112.000
2026-09-28T22:22:40+00:00,401858473,DraftKings,margin,-14.000,-115.000,-14.000,-110.000,STATUS_SCHEDULED,2026-09-29T15:58:03+00:00,-105.000
2026-09-29T17:07:46+00:00,401858473,DraftKings,margin,-14.000,-112.000,-14.000,-110.000,STATUS_SCHEDULED,2026-09-29T18:07:51+00:00,-108.000
2026-09-29T19:07:41+00:00,401858473,DraftKings,margin,-14.000,-110.000,-14.000,-110.000,STATUS_SCHEDULED,2026-09-29T20:07:53+00:00,-110.000
2026-09-29T21:07:48+00:00,401858473,DraftKings,margin,-14.000,-105.000,-14.000,-110.000,STATUS_SCHEDULED,2026-09-30T13:07:37+00:00,-115.000
2026-09-30T14:07:43+00:00,401858473,DraftKings,margin,-14.000,-102.000,-14.000,-110.000,STATUS_SCHEDULED,2026-09-30T19:07:40+00:00,-118.000
2026-09-30T19:35:46+00:00,401858473,DraftKings,margin,-14.500,-110.000,-14.000,-110.000,STATUS_SCHEDULED,2026-09-30T20:55:50+00:00,-110.000
2026-09-26T13:24:26+00:00,401858473,DraftKings,total,44.500,-110.000,44.500,-110.000,STATUS_SCHEDULED,2026-09-27T19:22:39+00:00,-110.000
2026-09-27T19:37:37+00:00,401858473,DraftKings,total,45.500,-110.000,44.500,-110.000,STATUS_SCHEDULED,2026-09-27T23:52:46+00:00,-110.000
2026-09-28T00:52:38+00:00,401858473,DraftKings,total,45.500,-115.000,44.500,-110.000,STATUS_SCHEDULED,2026-09-28T14:52:39+00:00,-105.000
2026-09-28T15:52:44+00:00,401858473,DraftKings,total,45.500,-110.000,44.500,-110.000,STATUS_SCHEDULED,2026-09-30T20:55:50+00:00,-110.000
2026-09-26T13:24:26+00:00,401858474,DraftKings,margin,-7.500,-115.000,-8.500,-110.000,STATUS_SCHEDULED,2026-09-27T14:37:38+00:00,-105.000
2026-09-27T14:52:40+00:00,401858474,DraftKings,margin,-6.500,-105.000,-8.500,-110.000,STATUS_SCHEDULED,2026-09-27T19:22:39+00:00,-115.000
2026-09-27T19:37:37+00:00,401858474,DraftKings,margin,-6.500,-110.000,-8.500,-110.000,STATUS_SCHEDULED,2026-09-27T23:52:46+00:00,-110.000
2026-09-28T00:52:38+00:00,401858474,DraftKings,margin,-6.000,-115.000,-8.500,-110.000,STATUS_SCHEDULED,2026-09-28T01:52:43+00:00,-105.000
2026-09-28T02:52:46+00:00,401858474,DraftKings,margin,-5.500,-110.000,-8.500,-110.000,STATUS_SCHEDULED,2026-09-28T10:52:45+00:00,-110.000
2026-09-28T11:52:42+00:00,401858474,DraftKings,margin,-6.000,-112.000,-8.500,-110.000,STATUS_SCHEDULED,2026-09-28T13:52:40+00:00,-108.000
2026-09-28T14:52:40+00:00,401858474,DraftKings,margin,-5.500,-110.000,-8.500,-110.000,STATUS_SCHEDULED,2026-09-30T20:55:50+00:00,-110.000
2026-09-26T13:24:26+00:00,401858474,DraftKings,total,42.500,-110.000,44.500,-110.000,STATUS_SCHEDULED,2026-09-27T14:37:38+00:00,-110.000
2026-09-27T14:52:40+00:00,401858474,DraftKings,total,44.500,-110.000,44.500,-110.000,STATUS_SCHEDULED,2026-09-27T19:22:39+00:00,-110.000
2026-09-27T19:37:37+00:00,401858474,DraftKings,total,44.500,-105.000,44.500,-110.000,STATUS_SCHEDULED,2026-09-27T20:52:45+00:00,-115.000
2026-09-27T21:07:45+00:00,401858474,DraftKings,total,43.500,-112.000,44.500,-110.000,STATUS_SCHEDULED,2026-09-27T23:52:46+00:00,-108.000
2026-09-28T00:52:38+00:00,401858474,DraftKings,total,43.500,-108.000,44.500,-110.000,STATUS_SCHEDULED,2026-09-30T20:55:50+00:00,-112.000
2026-09-27T14:52:40+00:00,401858475,DraftKings,margin,12.500,-110.000,12.500,-110.000,STATUS_SCHEDULED,2026-09-27T16:37:33+00:00,-110.000
2026-09-27T16:52:39+00:00,401858475,DraftKings,margin,13.500,-110.000,12.500,-110.000,STATUS_SCHEDULED,2026-09-27T19:37:37+00:00,-110.000
2026-09-27T19:52:37+00:00,401858475,DraftKings,margin,13.500,-115.000,12.500,-110.000,STATUS_SCHEDULED,2026-09-27T21:52:33+00:00,-105.000
2026-09-27T22:07:38+00:00,401858475,DraftKings,margin,14.000,-112.000,12.500,-110.000,STATUS_SCHEDULED,2026-09-27T22:22:37+00:00,-108.000
2026-09-27T22:37:48+00:00,401858475,DraftKings,margin,14.500,-108.000,12.500,-110.000,STATUS_SCHEDULED,2026-09-28T13:52:40+00:00,-112.000
2026-09-28T14:52:40+00:00,401858475,DraftKings,margin,14.500,-112.000,12.500,-110.000,STATUS_SCHEDULED,2026-09-30T20:55:50+00:00,-108.000
2026-09-27T14:52:40+00:00,401858475,DraftKings,total,53.500,-110.000,53.500,-110.000,STATUS_SCHEDULED,2026-09-27T15:22:33+00:00,-110.000
2026-09-27T15:37:37+00:00,401858475,DraftKings,total,52.500,-110.000,53.500,-110.000,STATUS_SCHEDULED,2026-09-27T23:22:35+00:00,-110.000
2026-09-27T23:37:48+00:00,401858475,DraftKings,total,52.500,-105.000,53.500,-110.000,STATUS_SCHEDULED,2026-09-30T18:07:35+00:00,-115.000
2026-09-30T19:07:41+00:00,401858475,DraftKings,total,52.500,-110.000,53.500,-110.000,STATUS_SCHEDULED,2026-09-30T20:55:50+00:00,-110.000
2026-09-25T00:54:08+00:00,401858476,DraftKings,margin,-7.000,-110.000,-7.000,-110.000,STATUS_SCHEDULED,2026-09-27T03:22:39+00:00,-110.000
2026-09-27T03:52:29+00:00,401858476,DraftKings,margin,-5.500,-110.000,-7.000,-110.000,STATUS_SCHEDULED,2026-09-27T04:52:45+00:00,-110.000
2026-09-27T05:53:15+00:00,401858476,DraftKings,margin,-5.500,-115.000,-7.000,-110.000,STATUS_SCHEDULED,2026-09-27T05:53:15+00:00,-105.000
2026-09-27T06:52:46+00:00,401858476,DraftKings,margin,-4.500,-115.000,-7.000,-110.000,STATUS_SCHEDULED,2026-09-27T15:37:36+00:00,-105.000
2026-09-27T15:52:32+00:00,401858476,DraftKings,margin,-3.500,-115.000,-7.000,-110.000,STATUS_SCHEDULED,2026-09-27T17:22:38+00:00,-105.000
2026-09-27T17:37:40+00:00,401858476,DraftKings,margin,-3.000,-105.000,-7.000,-110.000,STATUS_SCHEDULED,2026-09-27T19:37:37+00:00,-115.000
2026-09-27T19:52:37+00:00,401858476,DraftKings,margin,-3.000,-112.000,-7.000,-110.000,STATUS_SCHEDULED,2026-09-27T21:37:40+00:00,-108.000
2026-09-27T21:52:33+00:00,401858476,DraftKings,margin,-3.000,-115.000,-7.000,-110.000,STATUS_SCHEDULED,2026-09-27T23:37:47+00:00,-105.000
2026-09-27T23:52:47+00:00,401858476,DraftKings,margin,-2.500,-105.000,-7.000,-110.000,STATUS_SCHEDULED,2026-09-29T13:52:42+00:00,-115.000
2026-09-29T14:51:35+00:00,401858476,DraftKings,margin,-3.000,-118.000,-7.000,-110.000,STATUS_SCHEDULED,2026-09-29T19:07:40+00:00,-102.000
2026-09-29T20:07:53+00:00,401858476,DraftKings,margin,-2.500,100.000,-7.000,-110.000,STATUS_SCHEDULED,2026-09-30T00:07:34+00:00,-120.000
2026-09-30T01:07:33+00:00,401858476,DraftKings,margin,-2.500,-102.000,-7.000,-110.000,STATUS_SCHEDULED,2026-09-30T20:55:50+00:00,-118.000
2026-09-25T00:54:08+00:00,401858476,DraftKings,total,48.500,-110.000,48.500,-110.000,STATUS_SCHEDULED,2026-09-27T04:52:45+00:00,-110.000
2026-09-27T05:53:15+00:00,401858476,DraftKings,total,47.500,-118.000,48.500,-110.000,STATUS_SCHEDULED,2026-09-27T05:53:15+00:00,-102.000
2026-09-27T06:52:46+00:00,401858476,DraftKings,total,48.500,-102.000,48.500,-110.000,STATUS_SCHEDULED,2026-09-27T15:37:36+00:00,-118.000
2026-09-27T15:52:32+00:00,401858476,DraftKings,total,47.500,-118.000,48.500,-110.000,STATUS_SCHEDULED,2026-09-27T17:22:38+00:00,-102.000
2026-09-27T17:37:40+00:00,401858476,DraftKings,total,48.500,-102.000,48.500,-110.000,STATUS_SCHEDULED,2026-09-27T19:07:32+00:00,-118.000
2026-09-27T19:22:39+00:00,401858476,DraftKings,total,47.500,-110.000,48.500,-110.000,STATUS_SCHEDULED,2026-09-27T19:37:37+00:00,-110.000
2026-09-27T19:52:37+00:00,401858476,DraftKings,total,46.500,-112.000,48.500,-110.000,STATUS_SCHEDULED,2026-09-27T23:37:47+00:00,-108.000
2026-09-27T23:52:47+00:00,401858476,DraftKings,total,45.500,-112.000,48.500,-110.000,STATUS_SCHEDULED,2026-09-28T12:52:43+00:00,-108.000
2026-09-28T13:52:40+00:00,401858476,DraftKings,total,46.500,-108.000,48.500,-110.000,STATUS_SCHEDULED,2026-09-28T13:52:40+00:00,-112.000
2026-09-28T14:52:40+00:00,401858476,DraftKings,total,45.500,-108.000,48.500,-110.000,STATUS_SCHEDULED,2026-09-30T20:26:40+00:00,-112.000
2026-09-30T20:55:51+00:00,401858476,DraftKings,total,45.500,-112.000,48.500,-110.000,STATUS_SCHEDULED,2026-09-30T20:55:50+00:00,-108.000
2026-09-27T05:53:15+00:00,401858477,DraftKings,margin,-24.500,-115.000,-23.500,-102.000,STATUS_SCHEDULED,2026-09-27T05:53:15+00:00,-105.000
2026-09-27T06:52:46+00:00,401858477,DraftKings,margin,-23.500,-105.000,-23.500,-102.000,STATUS_SCHEDULED,2026-09-27T19:52:36+00:00,-115.000
2026-09-27T20:07:35+00:00,401858477,DraftKings,margin,-23.500,-110.000,-23.500,-102.000,STATUS_SCHEDULED,2026-09-27T23:52:46+00:00,-110.000
2026-09-28T00:52:38+00:00,401858477,DraftKings,margin,-23.500,-105.000,-23.500,-102.000,STATUS_SCHEDULED,2026-09-28T11:52:41+00:00,-115.000
2026-09-28T12:52:43+00:00,401858477,DraftKings,margin,-24.500,-118.000,-23.500,-102.000,STATUS_SCHEDULED,2026-09-29T17:07:45+00:00,-102.000
2026-09-29T18:07:52+00:00,401858477,DraftKings,margin,-24.500,-115.000,-23.500,-102.000,STATUS_SCHEDULED,2026-09-30T20:55:50+00:00,-105.000
2026-09-27T05:53:15+00:00,401858477,DraftKings,total,54.500,-110.000,53.500,-115.000,STATUS_SCHEDULED,2026-09-27T19:52:36+00:00,-110.000
2026-09-27T20:07:35+00:00,401858477,DraftKings,total,55.500,-108.000,53.500,-115.000,STATUS_SCHEDULED,2026-09-27T23:52:46+00:00,-112.000
2026-09-28T00:52:38+00:00,401858477,DraftKings,total,55.500,-115.000,53.500,-115.000,STATUS_SCHEDULED,2026-09-28T14:52:39+00:00,-105.000
2026-09-28T15:52:44+00:00,401858477,DraftKings,total,56.500,-105.000,53.500,-115.000,STATUS_SCHEDULED,2026-09-29T13:52:42+00:00,-115.000
2026-09-29T14:51:36+00:00,401858477,DraftKings,total,55.500,-115.000,53.500,-115.000,STATUS_SCHEDULED,2026-09-29T17:07:45+00:00,-105.000
2026-09-29T18:07:52+00:00,401858477,DraftKings,total,56.500,-105.000,53.500,-115.000,STATUS_SCHEDULED,2026-09-29T22:07:45+00:00,-115.000
2026-09-29T23:07:38+00:00,401858477,DraftKings,total,55.500,-115.000,53.500,-115.000,STATUS_SCHEDULED,2026-09-30T12:07:44+00:00,-105.000
2026-09-30T13:07:38+00:00,401858477,DraftKings,total,56.500,-105.000,53.500,-115.000,STATUS_SCHEDULED,2026-09-30T20:55:50+00:00,-115.000
2026-09-26T13:24:26+00:00,401858478,DraftKings,margin,10.000,-110.000,10.000,-110.000,STATUS_SCHEDULED,2026-09-27T15:52:32+00:00,-110.000
2026-09-27T16:07:38+00:00,401858478,DraftKings,margin,9.500,-110.000,10.000,-110.000,STATUS_SCHEDULED,2026-09-27T22:07:37+00:00,-110.000
2026-09-27T22:22:38+00:00,401858478,DraftKings,margin,9.500,-115.000,10.000,-110.000,STATUS_SCHEDULED,2026-09-27T23:52:46+00:00,-105.000
2026-09-28T00:52:38+00:00,401858478,DraftKings,margin,10.000,-108.000,10.000,-110.000,STATUS_SCHEDULED,2026-09-28T12:52:43+00:00,-112.000
2026-09-28T13:52:40+00:00,401858478,DraftKings,margin,9.500,-110.000,10.000,-110.000,STATUS_SCHEDULED,2026-09-28T15:52:43+00:00,-110.000
2026-09-28T16:45:29+00:00,401858478,DraftKings,margin,8.500,-110.000,10.000,-110.000,STATUS_SCHEDULED,2026-09-28T16:45:28+00:00,-110.000
2026-09-28T17:52:43+00:00,401858478,DraftKings,margin,9.500,-110.000,10.000,-110.000,STATUS_SCHEDULED,2026-09-28T22:52:43+00:00,-110.000
2026-09-28T23:07:40+00:00,401858478,DraftKings,margin,9.500,-115.000,10.000,-110.000,STATUS_SCHEDULED,2026-09-30T20:55:50+00:00,-105.000
2026-09-26T13:24:26+00:00,401858478,DraftKings,total,57.500,-110.000,57.500,-110.000,STATUS_SCHEDULED,2026-09-27T15:22:33+00:00,-110.000
2026-09-27T15:37:37+00:00,401858478,DraftKings,total,55.500,-110.000,57.500,-110.000,STATUS_SCHEDULED,2026-09-27T20:07:35+00:00,-110.000
2026-09-27T20:22:39+00:00,401858478,DraftKings,total,55.500,-102.000,57.500,-110.000,STATUS_SCHEDULED,2026-09-27T21:52:33+00:00,-118.000
2026-09-27T22:07:38+00:00,401858478,DraftKings,total,55.500,-110.000,57.500,-110.000,STATUS_SCHEDULED,2026-09-27T22:07:37+00:00,-110.000
2026-09-27T22:22:38+00:00,401858478,DraftKings,total,56.500,-108.000,57.500,-110.000,STATUS_SCHEDULED,2026-09-28T12:52:43+00:00,-112.000
2026-09-28T13:52:40+00:00,401858478,DraftKings,total,56.500,-112.000,57.500,-110.000,STATUS_SCHEDULED,2026-09-28T14:52:39+00:00,-108.000
2026-09-28T15:52:44+00:00,401858478,DraftKings,total,57.500,-108.000,57.500,-110.000,STATUS_SCHEDULED,2026-09-28T15:52:43+00:00,-112.000
2026-09-28T16:45:29+00:00,401858478,DraftKings,total,57.500,-115.000,57.500,-110.000,STATUS_SCHEDULED,2026-09-29T01:22:39+00:00,-105.000
2026-09-29T01:37:36+00:00,401858478,DraftKings,total,57.500,-110.000,57.500,-110.000,STATUS_SCHEDULED,2026-09-29T14:51:35+00:00,-110.000
2026-09-29T15:58:03+00:00,401858478,DraftKings,total,58.500,-110.000,57.500,-110.000,STATUS_SCHEDULED,2026-09-29T15:58:03+00:00,-110.000
2026-09-29T17:07:46+00:00,401858478,DraftKings,total,58.500,-112.000,57.500,-110.000,STATUS_SCHEDULED,2026-09-30T20:55:50+00:00,-108.000
2026-09-27T05:53:15+00:00,401858479,DraftKings,margin,10.000,-110.000,10.000,-110.000,STATUS_SCHEDULED,2026-09-27T14:22:50+00:00,-110.000
2026-09-27T14:37:38+00:00,401858479,DraftKings,margin,10.000,-115.000,10.000,-110.000,STATUS_SCHEDULED,2026-09-27T20:07:35+00:00,-105.000
2026-09-27T20:22:39+00:00,401858479,DraftKings,margin,10.000,-112.000,10.000,-110.000,STATUS_SCHEDULED,2026-09-27T23:52:46+00:00,-108.000
2026-09-28T00:52:38+00:00,401858479,DraftKings,margin,10.000,-108.000,10.000,-110.000,STATUS_SCHEDULED,2026-09-28T15:52:43+00:00,-112.000
2026-09-28T16:45:29+00:00,401858479,DraftKings,margin,10.500,-105.000,10.000,-110.000,STATUS_SCHEDULED,2026-09-29T12:52:34+00:00,-115.000
2026-09-29T13:52:42+00:00,401858479,DraftKings,margin,10.000,-112.000,10.000,-110.000,STATUS_SCHEDULED,2026-09-30T14:55:27+00:00,-108.000
2026-09-30T16:07:45+00:00,401858479,DraftKings,margin,10.000,-115.000,10.000,-110.000,STATUS_SCHEDULED,2026-09-30T20:55:50+00:00,-105.000
2026-09-27T05:53:15+00:00,401858479,DraftKings,total,44.500,-110.000,44.500,-110.000,STATUS_SCHEDULED,2026-09-27T23:52:46+00:00,-110.000
2026-09-28T00:52:38+00:00,401858479,DraftKings,total,44.500,-102.000,44.500,-110.000,STATUS_SCHEDULED,2026-09-28T15:52:43+00:00,-118.000
2026-09-28T16:45:29+00:00,401858479,DraftKings,total,43.500,-110.000,44.500,-110.000,STATUS_SCHEDULED,2026-09-30T20:55:50+00:00,-110.000
2026-09-24T12:13:44+00:00,401860891,DraftKings,margin,13.500,-115.000,13.500,-110.000,STATUS_SCHEDULED,2026-09-24T22:45:28+00:00,
2026-09-25T00:54:08+00:00,401860891,DraftKings,margin,13.500,-110.000,13.500,-110.000,STATUS_SCHEDULED,2026-09-26T03:35:33+00:00,-110.000
2026-09-26T13:24:25+00:00,401860891,DraftKings,margin,13.500,-105.000,13.500,-110.000,STATUS_SCHEDULED,2026-09-26T20:37:38+00:00,-115.000
2026-09-26T20:52:44+00:00,401860891,DraftKings,margin,12.500,-112.000,13.500,-110.000,STATUS_SCHEDULED,2026-09-27T01:22:38+00:00,-108.000
2026-09-27T01:37:38+00:00,401860891,DraftKings,margin,12.500,-108.000,13.500,-110.000,STATUS_SCHEDULED,2026-09-27T01:52:35+00:00,-112.000
2026-09-24T12:13:44+00:00,401860891,DraftKings,total,44.500,-105.000,43.500,-110.000,STATUS_SCHEDULED,2026-09-24T22:45:28+00:00,
2026-09-25T00:54:08+00:00,401860891,DraftKings,total,44.500,-105.000,43.500,-110.000,STATUS_SCHEDULED,2026-09-26T13:37:37+00:00,-115.000
2026-09-26T13:52:44+00:00,401860891,DraftKings,total,43.500,-115.000,43.500,-110.000,STATUS_SCHEDULED,2026-09-27T01:52:35+00:00,-105.000
2026-09-24T12:13:44+00:00,401860892,DraftKings,margin,29.500,-110.000,29.500,-110.000,STATUS_SCHEDULED,2026-09-24T14:20:17+00:00,
2026-09-24T18:17:56+00:00,401860892,DraftKings,margin,30.500,-115.000,29.500,-110.000,STATUS_SCHEDULED,2026-09-24T22:45:28+00:00,
2026-09-25T00:54:08+00:00,401860892,DraftKings,margin,30.500,-115.000,29.500,-110.000,STATUS_SCHEDULED,2026-09-25T13:15:51+00:00,-105.000
2026-09-25T18:25:20+00:00,401860892,DraftKings,margin,30.500,-108.000,29.500,-110.000,STATUS_SCHEDULED,2026-09-25T21:13:04+00:00,-112.000
2026-09-25T23:25:34+00:00,401860892,DraftKings,margin,30.500,-115.000,29.500,-110.000,STATUS_SCHEDULED,2026-09-26T03:35:33+00:00,-105.000
2026-09-26T13:24:25+00:00,401860892,DraftKings,margin,30.500,-118.000,29.500,-110.000,STATUS_SCHEDULED,2026-09-26T20:37:38+00:00,-102.000
2026-09-26T20:52:44+00:00,401860892,DraftKings,margin,30.500,-112.000,29.500,-110.000,STATUS_SCHEDULED,2026-09-26T22:07:37+00:00,-108.000
2026-09-24T12:13:44+00:00,401860892,DraftKings,total,63.500,-110.000,63.500,-110.000,STATUS_SCHEDULED,2026-09-24T14:20:17+00:00,
2026-09-24T18:17:56+00:00,401860892,DraftKings,total,65.500,-105.000,63.500,-110.000,STATUS_SCHEDULED,2026-09-24T22:45:28+00:00,
2026-09-25T00:54:08+00:00,401860892,DraftKings,total,65.500,-105.000,63.500,-110.000,STATUS_SCHEDULED,2026-09-25T07:30:32+00:00,-115.000
2026-09-25T13:15:51+00:00,401860892,DraftKings,total,64.500,100.000,63.500,-110.000,STATUS_SCHEDULED,2026-09-25T13:15:51+00:00,-115.000
2026-09-25T18:25:20+00:00,401860892,DraftKings,total,64.500,-105.000,63.500,-110.000,STATUS_SCHEDULED,2026-09-25T21:13:04+00:00,-115.000
2026-09-25T23:25:34+00:00,401860892,DraftKings,total,64.500,-115.000,63.500,-110.000,STATUS_SCHEDULED,2026-09-26T13:37:37+00:00,-105.000
2026-09-26T13:52:44+00:00,401860892,DraftKings,total,65.500,-105.000,63.500,-110.000,STATUS_SCHEDULED,2026-09-26T13:52:44+00:00,-115.000
2026-09-26T14:07:41+00:00,401860892,DraftKings,total,65.500,-112.000,63.500,-110.000,STATUS_SCHEDULED,2026-09-26T19:52:38+00:00,-108.000
2026-09-26T20:07:42+00:00,401860892,DraftKings,total,66.500,-105.000,63.500,-110.000,STATUS_SCHEDULED,2026-09-26T20:37:38+00:00,-115.000
2026-09-26T20:52:44+00:00,401860892,DraftKings,total,66.500,-108.000,63.500,-110.000,STATUS_SCHEDULED,2026-09-26T22:07:37+00:00,-112.000
2026-09-23T19:53:37+00:00,401860893,DraftKings,margin,3.000,-110.000,-1.500,-110.000,STATUS_SCHEDULED,2026-09-24T01:15:40+00:00,
2026-09-24T12:13:44+00:00,401860893,DraftKings,margin,3.000,-108.000,-1.500,-110.000,STATUS_SCHEDULED,2026-09-24T13:26:46+00:00,
2026-09-24T13:50:24+00:00,401860893,DraftKings,margin,3.000,-110.000,-1.500,-110.000,STATUS_SCHEDULED,2026-09-24T14:20:17+00:00,
2026-09-24T18:17:56+00:00,401860893,DraftKings,margin,3.000,-105.000,-1.500,-110.000,STATUS_SCHEDULED,2026-09-24T22:45:28+00:00,
2026-09-25T00:54:08+00:00,401860893,DraftKings,margin,3.000,-105.000,-1.500,-110.000,STATUS_SCHEDULED,2026-09-25T18:25:20+00:00,-115.000
2026-09-25T21:13:04+00:00,401860893,DraftKings,margin,3.000,-108.000,-1.500,-110.000,STATUS_SCHEDULED,2026-09-26T03:35:33+00:00,-112.000
2026-09-26T13:24:25+00:00,401860893,DraftKings,margin,3.000,-102.000,-1.500,-110.000,STATUS_SCHEDULED,2026-09-26T13:52:44+00:00,-118.000
2026-09-26T14:07:41+00:00,401860893,DraftKings,margin,2.500,-118.000,-1.500,-110.000,STATUS_SCHEDULED,2026-09-26T15:52:37+00:00,-102.000
2026-09-23T19:53:37+00:00,401860893,DraftKings,total,52.500,-105.000,48.500,-110.000,STATUS_SCHEDULED,2026-09-23T20:04:04+00:00,
2026-09-24T12:13:44+00:00,401860893,DraftKings,total,51.500,-115.000,48.500,-110.000,STATUS_SCHEDULED,2026-09-24T14:20:17+00:00,
2026-09-24T18:17:56+00:00,401860893,DraftKings,total,51.500,-112.000,48.500,-110.000,STATUS_SCHEDULED,2026-09-24T22:45:28+00:00,
2026-09-25T00:54:08+00:00,401860893,DraftKings,total,51.500,-112.000,48.500,-110.000,STATUS_SCHEDULED,2026-09-26T03:35:33+00:00,-108.000
2026-09-26T13:24:25+00:00,401860893,DraftKings,total,50.500,-115.000,48.500,-110.000,STATUS_SCHEDULED,2026-09-26T13:24:25+00:00,-105.000
2026-09-26T13:37:37+00:00,401860893,DraftKings,total,50.500,-105.000,48.500,-110.000,STATUS_SCHEDULED,2026-09-26T13:37:37+00:00,-115.000
2026-09-26T13:52:44+00:00,401860893,DraftKings,total,49.500,-112.000,48.500,-110.000,STATUS_SCHEDULED,2026-09-26T14:28:46+00:00,-108.000
2026-09-26T14:52:35+00:00,401860893,DraftKings,total,50.500,-108.000,48.500,-110.000,STATUS_SCHEDULED,2026-09-26T14:52:35+00:00,-112.000
2026-09-26T15:07:47+00:00,401860893,DraftKings,total,50.500,-110.000,48.500,-110.000,STATUS_SCHEDULED,2026-09-26T15:52:37+00:00,-110.000
2026-09-23T19:53:37+00:00,401860894,DraftKings,margin,3.000,-112.000,2.500,-110.000,STATUS_SCHEDULED,2026-09-24T01:15:40+00:00,
2026-09-24T12:13:44+00:00,401860894,DraftKings,margin,3.000,-110.000,2.500,-110.000,STATUS_SCHEDULED,2026-09-24T14:20:17+00:00,
2026-09-24T18:17:56+00:00,401860894,DraftKings,margin,3.000,-108.000,2.500,-110.000,STATUS_SCHEDULED,2026-09-24T22:45:28+00:00,
2026-09-25T00:54:08+00:00,401860894,DraftKings,margin,3.000,-108.000,2.500,-110.000,STATUS_SCHEDULED,2026-09-26T22:52:43+00:00,-112.000
2026-09-26T23:07:32+00:00,401860894,DraftKings,margin,3.000,-105.000,2.500,-110.000,STATUS_SCHEDULED,2026-09-26T23:22:39+00:00,-115.000
2026-09-22T17:45:06+00:00,401860894,DraftKings,total,48.500,-105.000,52.500,-110.000,STATUS_SCHEDULED,2026-09-22T17:45:06+00:00,
2026-09-23T19:53:37+00:00,401860894,DraftKings,total,47.500,-115.000,52.500,-110.000,STATUS_SCHEDULED,2026-09-23T22:10:00+00:00,
2026-09-24T01:15:40+00:00,401860894,DraftKings,total,47.500,-108.000,52.500,-110.000,STATUS_SCHEDULED,2026-09-24T01:15:40+00:00,
2026-09-24T12:13:44+00:00,401860894,DraftKings,total,47.500,-102.000,52.500,-110.000,STATUS_SCHEDULED,2026-09-24T22:45:28+00:00,
2026-09-25T00:54:08+00:00,401860894,DraftKings,total,47.500,-102.000,52.500,-110.000,STATUS_SCHEDULED,2026-09-26T22:52:43+00:00,-118.000
2026-09-26T23:07:32+00:00,401860894,DraftKings,total,47.500,-112.000,52.500,-110.000,STATUS_SCHEDULED,2026-09-26T23:22:39+00:00,-108.000
2026-09-24T12:13:44+00:00,401860895,DraftKings,margin,-10.500,-112.000,-12.500,-110.000,STATUS_SCHEDULED,2026-09-24T14:20:17+00:00,
2026-09-24T18:17:56+00:00,401860895,DraftKings,margin,-10.500,-108.000,-12.500,-110.000,STATUS_SCHEDULED,2026-09-24T22:45:28+00:00,
2026-09-25T00:54:08+00:00,401860895,DraftKings,margin,-10.500,-108.000,-12.500,-110.000,STATUS_SCHEDULED,2026-09-25T07:30:32+00:00,-112.000
2026-09-25T13:15:51+00:00,401860895,DraftKings,margin,-10.500,-105.000,-12.500,-110.000,STATUS_SCHEDULED,2026-09-26T03:35:33+00:00,-115.000
2026-09-26T13:24:25+00:00,401860895,DraftKings,margin,-11.500,-112.000,-12.500,-110.000,STATUS_SCHEDULED,2026-09-26T19:52:38+00:00,-108.000
2026-09-26T20:07:42+00:00,401860895,DraftKings,margin,-11.500,-115.000,-12.500,-110.000,STATUS_SCHEDULED,2026-09-27T00:52:45+00:00,-105.000
2026-09-24T12:13:44+00:00,401860895,DraftKings,total,55.500,-108.000,55.500,-110.000,STATUS_SCHEDULED,2026-09-24T14:20:17+00:00,
2026-09-24T18:17:56+00:00,401860895,DraftKings,total,56.500,-108.000,55.500,-110.000,STATUS_SCHEDULED,2026-09-24T22:45:28+00:00,
2026-09-25T00:54:08+00:00,401860895,DraftKings,total,56.500,-108.000,55.500,-110.000,STATUS_SCHEDULED,2026-09-25T00:54:08+00:00,-112.000
2026-09-25T07:30:32+00:00,401860895,DraftKings,total,55.500,-115.000,55.500,-110.000,STATUS_SCHEDULED,2026-09-25T13:15:51+00:00,-105.000
2026-09-25T18:25:20+00:00,401860895,DraftKings,total,56.500,-105.000,55.500,-110.000,STATUS_SCHEDULED,2026-09-27T00:22:38+00:00,-115.000
2026-09-27T00:37:44+00:00,401860895,DraftKings,total,56.500,-112.000,55.500,-110.000,STATUS_SCHEDULED,2026-09-27T00:37:44+00:00,-108.000
2026-09-27T00:52:46+00:00,401860895,DraftKings,total,56.500,-108.000,55.500,-110.000,STATUS_SCHEDULED,2026-09-27T00:52:45+00:00,-112.000
2026-09-24T12:13:44+00:00,401860896,DraftKings,margin,13.500,-108.000,11.500,-110.000,STATUS_SCHEDULED,2026-09-24T19:14:09+00:00,
2026-09-24T21:09:53+00:00,401860896,DraftKings,margin,13.500,-112.000,11.500,-110.000,STATUS_SCHEDULED,2026-09-24T22:45:28+00:00,
2026-09-25T00:54:08+00:00,401860896,DraftKings,margin,13.500,-112.000,11.500,-110.000,STATUS_SCHEDULED,2026-09-25T07:30:32+00:00,-108.000
2026-09-25T13:15:51+00:00,401860896,DraftKings,margin,14.000,-112.000,11.500,-110.000,STATUS_SCHEDULED,2026-09-26T14:07:41+00:00,-108.000
2026-09-26T14:22:36+00:00,401860896,DraftKings,margin,14.500,-105.000,11.500,-110.000,STATUS_SCHEDULED,2026-09-26T16:07:41+00:00,-115.000
2026-09-24T12:13:44+00:00,401860896,DraftKings,total,58.500,-110.000,57.500,-110.000,STATUS_SCHEDULED,2026-09-24T22:45:28+00:00,
2026-09-25T00:54:08+00:00,401860896,DraftKings,total,58.500,-110.000,57.500,-110.000,STATUS_SCHEDULED,2026-09-25T00:54:08+00:00,-110.000
2026-09-25T07:30:32+00:00,401860896,DraftKings,total,58.500,-105.000,57.500,-110.000,STATUS_SCHEDULED,2026-09-25T07:30:32+00:00,-115.000
2026-09-25T13:15:51+00:00,401860896,DraftKings,total,56.500,-115.000,57.500,-110.000,STATUS_SCHEDULED,2026-09-26T03:35:33+00:00,-105.000
2026-09-26T13:24:25+00:00,401860896,DraftKings,total,57.500,-108.000,57.500,-110.000,STATUS_SCHEDULED,2026-09-26T15:07:47+00:00,-112.000
2026-09-26T15:38:14+00:00,401860896,DraftKings,total,56.500,-115.000,57.500,-110.000,STATUS_SCHEDULED,2026-09-26T16:07:41+00:00,-105.000
2026-09-23T19:53:37+00:00,401860897,DraftKings,margin,-7.000,-108.000,-7.500,-108.000,STATUS_SCHEDULED,2026-09-23T20:04:04+00:00,
2026-09-24T12:13:44+00:00,401860897,DraftKings,margin,-7.000,-105.000,-7.500,-108.000,STATUS_SCHEDULED,2026-09-24T14:20:17+00:00,
2026-09-24T18:17:56+00:00,401860897,DraftKings,margin,-7.000,-108.000,-7.500,-108.000,STATUS_SCHEDULED,2026-09-24T22:45:28+00:00,
2026-09-25T00:54:08+00:00,401860897,DraftKings,margin,-7.000,-108.000,-7.500,-108.000,STATUS_SCHEDULED,2026-09-25T13:15:51+00:00,-112.000
2026-09-25T18:25:20+00:00,401860897,DraftKings,margin,-7.500,-118.000,-7.500,-108.000,STATUS_SCHEDULED,2026-09-26T18:52:41+00:00,-102.000
2026-09-26T19:07:36+00:00,401860897,DraftKings,margin,-8.500,-112.000,-7.500,-108.000,STATUS_SCHEDULED,2026-09-26T19:22:38+00:00,-108.000
2026-09-22T17:45:06+00:00,401860897,DraftKings,total,49.500,-112.000,47.500,-112.000,STATUS_SCHEDULED,2026-09-22T17:45:06+00:00,
2026-09-24T12:13:44+00:00,401860897,DraftKings,total,50.500,-108.000,47.500,-112.000,STATUS_SCHEDULED,2026-09-24T14:20:17+00:00,
2026-09-24T18:17:56+00:00,401860897,DraftKings,total,49.500,-110.000,47.500,-112.000,STATUS_SCHEDULED,2026-09-24T22:45:28+00:00,
2026-09-25T00:54:08+00:00,401860897,DraftKings,total,49.500,-110.000,47.500,-112.000,STATUS_SCHEDULED,2026-09-26T03:35:33+00:00,-110.000
2026-09-26T13:24:25+00:00,401860897,DraftKings,total,50.500,-108.000,47.500,-112.000,STATUS_SCHEDULED,2026-09-26T13:24:25+00:00,-112.000
2026-09-26T13:37:37+00:00,401860897,DraftKings,total,50.500,-112.000,47.500,-112.000,STATUS_SCHEDULED,2026-09-26T19:22:38+00:00,-108.000
2026-09-27T16:52:39+00:00,401860898,DraftKings,margin,20.500,-110.000,20.500,-110.000,STATUS_SCHEDULED,2026-09-27T17:37:40+00:00,-110.000
2026-09-27T17:52:37+00:00,401860898,DraftKings,margin,21.000,-110.000,20.500,-110.000,STATUS_SCHEDULED,2026-09-27T20:22:39+00:00,-110.000
2026-09-27T20:37:36+00:00,401860898,DraftKings,margin,21.000,-112.000,20.500,-110.000,STATUS_SCHEDULED,2026-09-27T22:22:37+00:00,-108.000
2026-09-27T22:37:48+00:00,401860898,DraftKings,margin,20.500,-108.000,20.500,-110.000,STATUS_SCHEDULED,2026-09-28T12:52:43+00:00,-112.000
2026-09-28T13:52:40+00:00,401860898,DraftKings,margin,20.500,-115.000,20.500,-110.000,STATUS_SCHEDULED,2026-09-28T14:52:39+00:00,-105.000
2026-09-28T15:52:44+00:00,401860898,DraftKings,margin,19.500,-115.000,20.500,-110.000,STATUS_SCHEDULED,2026-09-29T12:52:34+00:00,-105.000
2026-09-29T13:52:42+00:00,401860898,DraftKings,margin,20.500,-118.000,20.500,-110.000,STATUS_SCHEDULED,2026-09-29T13:52:42+00:00,-102.000
2026-09-29T14:51:36+00:00,401860898,DraftKings,margin,21.000,-105.000,20.500,-110.000,STATUS_SCHEDULED,2026-09-29T15:58:03+00:00,-115.000
2026-09-29T17:07:46+00:00,401860898,DraftKings,margin,20.500,-110.000,20.500,-110.000,STATUS_SCHEDULED,2026-09-30T20:55:50+00:00,-110.000
2026-09-27T16:52:39+00:00,401860898,DraftKings,total,49.500,-110.000,49.500,-110.000,STATUS_SCHEDULED,2026-09-27T20:22:39+00:00,-110.000
2026-09-27T20:37:36+00:00,401860898,DraftKings,total,49.500,-112.000,49.500,-110.000,STATUS_SCHEDULED,2026-09-27T22:22:37+00:00,-108.000
2026-09-27T22:37:48+00:00,401860898,DraftKings,total,50.500,-108.000,49.500,-110.000,STATUS_SCHEDULED,2026-09-27T23:52:46+00:00,-112.000
2026-09-28T00:52:38+00:00,401860898,DraftKings,total,50.500,-115.000,49.500,-110.000,STATUS_SCHEDULED,2026-09-28T11:52:41+00:00,-105.000
2026-09-28T12:52:43+00:00,401860898,DraftKings,total,50.500,-118.000,49.500,-110.000,STATUS_SCHEDULED,2026-09-28T12:52:43+00:00,-102.000
2026-09-28T13:52:40+00:00,401860898,DraftKings,total,51.500,-102.000,49.500,-110.000,STATUS_SCHEDULED,2026-09-28T14:52:39+00:00,-118.000
2026-09-28T15:52:44+00:00,401860898,DraftKings,total,51.500,-105.000,49.500,-110.000,STATUS_SCHEDULED,2026-09-28T15:52:43+00:00,-115.000
2026-09-28T16:45:29+00:00,401860898,DraftKings,total,51.500,-108.000,49.500,-110.000,STATUS_SCHEDULED,2026-09-30T20:55:50+00:00,-112.000
2026-09-27T16:37:34+00:00,401860899,DraftKings,margin,-3.500,-110.000,-3.500,-110.000,STATUS_SCHEDULED,2026-09-27T16:37:33+00:00,-110.000
2026-09-27T16:52:39+00:00,401860899,DraftKings,margin,-4.000,-110.000,-3.500,-110.000,STATUS_SCHEDULED,2026-09-27T20:22:39+00:00,-110.000
2026-09-27T20:37:36+00:00,401860899,DraftKings,margin,-4.000,-108.000,-3.500,-110.000,STATUS_SCHEDULED,2026-09-27T20:52:45+00:00,-112.000
2026-09-27T21:07:45+00:00,401860899,DraftKings,margin,-4.500,-112.000,-3.500,-110.000,STATUS_SCHEDULED,2026-09-27T22:52:33+00:00,-108.000
2026-09-27T23:07:37+00:00,401860899,DraftKings,margin,-4.500,-108.000,-3.500,-110.000,STATUS_SCHEDULED,2026-09-28T13:52:40+00:00,-112.000
2026-09-28T14:52:40+00:00,401860899,DraftKings,margin,-5.500,-115.000,-3.500,-110.000,STATUS_SCHEDULED,2026-09-28T14:52:39+00:00,-105.000
2026-09-28T15:52:44+00:00,401860899,DraftKings,margin,-5.500,-110.000,-3.500,-110.000,STATUS_SCHEDULED,2026-09-28T19:52:46+00:00,-110.000
2026-09-28T20:52:39+00:00,401860899,DraftKings,margin,-6.000,-105.000,-3.500,-110.000,STATUS_SCHEDULED,2026-09-30T20:55:50+00:00,-115.000
2026-09-27T16:37:34+00:00,401860899,DraftKings,total,59.500,-110.000,59.500,-110.000,STATUS_SCHEDULED,2026-09-27T20:37:35+00:00,-110.000
2026-09-27T20:52:45+00:00,401860899,DraftKings,total,60.500,-108.000,59.500,-110.000,STATUS_SCHEDULED,2026-09-27T21:07:44+00:00,-112.000
2026-09-27T21:22:44+00:00,401860899,DraftKings,total,61.500,-110.000,59.500,-110.000,STATUS_SCHEDULED,2026-09-27T22:52:33+00:00,-110.000
2026-09-27T23:07:37+00:00,401860899,DraftKings,total,61.500,-105.000,59.500,-110.000,STATUS_SCHEDULED,2026-09-27T23:52:46+00:00,-115.000
2026-09-28T00:52:38+00:00,401860899,DraftKings,total,60.500,-115.000,59.500,-110.000,STATUS_SCHEDULED,2026-09-28T11:52:41+00:00,-105.000
2026-09-28T12:52:43+00:00,401860899,DraftKings,total,61.500,-105.000,59.500,-110.000,STATUS_SCHEDULED,2026-09-28T13:52:40+00:00,-115.000
2026-09-28T14:52:40+00:00,401860899,DraftKings,total,60.500,-115.000,59.500,-110.000,STATUS_SCHEDULED,2026-09-28T16:45:28+00:00,-105.000
2026-09-28T17:52:43+00:00,401860899,DraftKings,total,61.500,-105.000,59.500,-110.000,STATUS_SCHEDULED,2026-09-29T01:52:37+00:00,-115.000
2026-09-29T02:07:37+00:00,401860899,DraftKings,total,60.500,-115.000,59.500,-110.000,STATUS_SCHEDULED,2026-09-29T12:52:34+00:00,-105.000
2026-09-29T13:52:42+00:00,401860899,DraftKings,total,62.500,-110.000,59.500,-110.000,STATUS_SCHEDULED,2026-09-29T17:07:45+00:00,-110.000
2026-09-29T18:07:52+00:00,401860899,DraftKings,total,62.500,-105.000,59.500,-110.000,STATUS_SCHEDULED,2026-09-30T16:07:44+00:00,-115.000
2026-09-30T17:07:45+00:00,401860899,DraftKings,total,61.500,-115.000,59.500,-110.000,STATUS_SCHEDULED,2026-09-30T20:55:50+00:00,-105.000
2026-09-27T17:07:35+00:00,401860900,DraftKings,margin,-4.500,-110.000,-4.500,-110.000,STATUS_SCHEDULED,2026-09-27T18:52:36+00:00,-110.000
2026-09-27T19:07:33+00:00,401860900,DraftKings,margin,-4.000,-110.000,-4.500,-110.000,STATUS_SCHEDULED,2026-09-27T20:22:39+00:00,-110.000
2026-09-27T20:37:36+00:00,401860900,DraftKings,margin,-4.000,-108.000,-4.500,-110.000,STATUS_SCHEDULED,2026-09-27T23:52:46+00:00,-112.000
2026-09-28T00:52:38+00:00,401860900,DraftKings,margin,-3.500,-110.000,-4.500,-110.000,STATUS_SCHEDULED,2026-09-28T11:52:41+00:00,-110.000
2026-09-28T12:52:43+00:00,401860900,DraftKings,margin,-3.500,-115.000,-4.500,-110.000,STATUS_SCHEDULED,2026-09-28T12:52:43+00:00,-105.000
2026-09-28T13:52:40+00:00,401860900,DraftKings,margin,-3.500,-118.000,-4.500,-110.000,STATUS_SCHEDULED,2026-09-28T13:52:40+00:00,-102.000
2026-09-28T14:52:40+00:00,401860900,DraftKings,margin,-4.000,-110.000,-4.500,-110.000,STATUS_SCHEDULED,2026-09-28T14:52:39+00:00,-110.000
2026-09-28T15:52:44+00:00,401860900,DraftKings,margin,-4.500,-115.000,-4.500,-110.000,STATUS_SCHEDULED,2026-09-30T19:07:40+00:00,-105.000
2026-09-30T19:35:46+00:00,401860900,DraftKings,margin,-4.500,-110.000,-4.500,-110.000,STATUS_SCHEDULED,2026-09-30T19:35:46+00:00,-110.000
2026-09-30T20:26:41+00:00,401860900,DraftKings,margin,-4.500,-105.000,-4.500,-110.000,STATUS_SCHEDULED,2026-09-30T20:55:50+00:00,-115.000
2026-09-27T17:07:35+00:00,401860900,DraftKings,total,60.500,-110.000,60.500,-110.000,STATUS_SCHEDULED,2026-09-27T18:52:36+00:00,-110.000
2026-09-27T19:07:33+00:00,401860900,DraftKings,total,59.500,-110.000,60.500,-110.000,STATUS_SCHEDULED,2026-09-27T20:22:39+00:00,-110.000
2026-09-27T20:37:36+00:00,401860900,DraftKings,total,59.500,-105.000,60.500,-110.000,STATUS_SCHEDULED,2026-09-27T23:52:46+00:00,-115.000
2026-09-28T00:52:38+00:00,401860900,DraftKings,total,58.500,-112.000,60.500,-110.000,STATUS_SCHEDULED,2026-09-28T12:52:43+00:00,-108.000
2026-09-28T13:52:40+00:00,401860900,DraftKings,total,58.500,-108.000,60.500,-110.000,STATUS_SCHEDULED,2026-09-28T21:23:13+00:00,-112.000
2026-09-28T21:37:36+00:00,401860900,DraftKings,total,59.500,-105.000,60.500,-110.000,STATUS_SCHEDULED,2026-09-30T20:55:50+00:00,-115.000
2026-09-27T17:07:35+00:00,401860921,DraftKings,margin,1.500,-110.000,1.500,-110.000,STATUS_SCHEDULED,2026-09-27T17:52:36+00:00,-110.000
2026-09-27T18:07:46+00:00,401860921,DraftKings,margin,1.500,-115.000,1.500,-110.000,STATUS_SCHEDULED,2026-09-27T19:07:32+00:00,-105.000
2026-09-27T19:22:40+00:00,401860921,DraftKings,margin,1.500,-105.000,1.500,-110.000,STATUS_SCHEDULED,2026-09-27T20:22:39+00:00,-115.000
2026-09-27T20:37:36+00:00,401860921,DraftKings,margin,-1.500,-112.000,1.500,-110.000,STATUS_SCHEDULED,2026-09-27T23:52:46+00:00,-108.000
2026-09-28T00:52:38+00:00,401860921,DraftKings,margin,1.500,-105.000,1.500,-110.000,STATUS_SCHEDULED,2026-09-28T11:52:41+00:00,-115.000
2026-09-28T12:52:43+00:00,401860921,DraftKings,margin,1.500,-118.000,1.500,-110.000,STATUS_SCHEDULED,2026-09-28T12:52:43+00:00,-102.000
2026-09-28T13:52:40+00:00,401860921,DraftKings,margin,2.500,-110.000,1.500,-110.000,STATUS_SCHEDULED,2026-09-30T19:35:46+00:00,-110.000
2026-09-30T20:26:41+00:00,401860921,DraftKings,margin,1.500,-115.000,1.500,-110.000,STATUS_SCHEDULED,2026-09-30T20:55:50+00:00,-105.000
2026-09-27T17:07:35+00:00,401860921,DraftKings,total,45.500,-110.000,45.500,-110.000,STATUS_SCHEDULED,2026-09-27T20:22:39+00:00,-110.000
2026-09-27T20:37:36+00:00,401860921,DraftKings,total,46.500,-108.000,45.500,-110.000,STATUS_SCHEDULED,2026-09-27T20:52:45+00:00,-112.000
2026-09-27T21:07:45+00:00,401860921,DraftKings,total,46.500,-115.000,45.500,-110.000,STATUS_SCHEDULED,2026-09-28T10:52:45+00:00,-105.000
2026-09-28T11:52:42+00:00,401860921,DraftKings,total,46.500,-112.000,45.500,-110.000,STATUS_SCHEDULED,2026-09-29T14:51:35+00:00,-108.000
2026-09-29T15:58:03+00:00,401860921,DraftKings,total,45.500,-115.000,45.500,-110.000,STATUS_SCHEDULED,2026-09-30T12:07:44+00:00,-105.000
2026-09-30T13:07:38+00:00,401860921,DraftKings,total,45.500,-110.000,45.500,-110.000,STATUS_SCHEDULED,2026-09-30T20:55:50+00:00,-110.000
2026-09-23T02:42:24+00:00,401861970,DraftKings,margin,3.500,-110.000,3.000,-110.000,STATUS_SCHEDULED,2026-09-23T02:42:24+00:00,
2026-09-24T12:13:44+00:00,401861970,DraftKings,margin,3.500,-108.000,3.000,-110.000,STATUS_SCHEDULED,2026-09-24T14:20:17+00:00,
2026-09-24T18:17:56+00:00,401861970,DraftKings,margin,3.500,-110.000,3.000,-110.000,STATUS_SCHEDULED,2026-09-24T22:45:28+00:00,
2026-09-25T00:54:08+00:00,401861970,DraftKings,margin,3.500,-110.000,3.000,-110.000,STATUS_SCHEDULED,2026-09-25T18:25:20+00:00,-110.000
2026-09-25T21:13:04+00:00,401861970,DraftKings,margin,3.500,-102.000,3.000,-110.000,STATUS_SCHEDULED,2026-09-26T13:52:44+00:00,-118.000
2026-09-26T14:07:41+00:00,401861970,DraftKings,margin,3.000,-112.000,3.000,-110.000,STATUS_SCHEDULED,2026-09-26T14:07:41+00:00,-108.000
2026-09-26T14:22:36+00:00,401861970,DraftKings,margin,3.000,-108.000,3.000,-110.000,STATUS_SCHEDULED,2026-09-26T16:52:37+00:00,-112.000
2026-09-26T17:07:46+00:00,401861970,DraftKings,margin,3.000,-105.000,3.000,-110.000,STATUS_SCHEDULED,2026-09-26T17:22:38+00:00,-115.000
2026-09-26T17:37:40+00:00,401861970,DraftKings,margin,2.500,-115.000,3.000,-110.000,STATUS_SCHEDULED,2026-09-26T17:37:40+00:00,-105.000
2026-09-26T17:52:46+00:00,401861970,DraftKings,margin,2.500,-112.000,3.000,-110.000,STATUS_SCHEDULED,2026-09-26T17:52:46+00:00,-108.000
2026-09-26T18:04:46+00:00,401861970,DraftKings,margin,2.500,-110.000,3.000,-110.000,STATUS_SCHEDULED,2026-09-26T19:22:38+00:00,-110.000
2026-09-24T12:13:44+00:00,401861970,DraftKings,total,51.500,-110.000,50.500,-110.000,STATUS_SCHEDULED,2026-09-24T22:45:28+00:00,
2026-09-25T00:54:08+00:00,401861970,DraftKings,total,51.500,-115.000,50.500,-110.000,STATUS_SCHEDULED,2026-09-26T16:07:41+00:00,-105.000
2026-09-26T16:22:40+00:00,401861970,DraftKings,total,52.500,-105.000,50.500,-110.000,STATUS_SCHEDULED,2026-09-26T19:22:38+00:00,-115.000
2026-09-23T19:53:36+00:00,401862778,DraftKings,margin,-7.000,-110.000,-11.500,-110.000,STATUS_SCHEDULED,2026-09-24T01:15:40+00:00,
2026-09-24T12:13:44+00:00,401862778,DraftKings,margin,-7.000,-115.000,-11.500,-110.000,STATUS_SCHEDULED,2026-09-24T19:14:09+00:00,
2026-09-24T21:09:53+00:00,401862778,DraftKings,margin,-6.500,-110.000,-11.500,-110.000,STATUS_SCHEDULED,2026-09-24T22:45:28+00:00,
2026-09-25T00:54:08+00:00,401862778,DraftKings,margin,-6.500,-110.000,-11.500,-110.000,STATUS_SCHEDULED,2026-09-25T21:13:04+00:00,-110.000
2026-09-24T12:13:44+00:00,401862778,DraftKings,total,51.500,-108.000,53.500,-115.000,STATUS_SCHEDULED,2026-09-24T22:45:28+00:00,
2026-09-25T00:54:08+00:00,401862778,DraftKings,total,51.500,-108.000,53.500,-115.000,STATUS_SCHEDULED,2026-09-25T18:25:20+00:00,-112.000
2026-09-25T21:13:04+00:00,401862778,DraftKings,total,50.500,-118.000,53.500,-115.000,STATUS_SCHEDULED,2026-09-25T21:13:04+00:00,-102.000
2026-09-22T17:45:06+00:00,401862779,DraftKings,margin,-3.000,-108.000,-3.000,-110.000,STATUS_SCHEDULED,2026-09-22T17:45:06+00:00,
2026-09-24T12:13:44+00:00,401862779,DraftKings,margin,-3.000,-110.000,-3.000,-110.000,STATUS_SCHEDULED,2026-09-24T14:20:17+00:00,
2026-09-24T18:17:56+00:00,401862779,DraftKings,margin,-3.000,-108.000,-3.000,-110.000,STATUS_SCHEDULED,2026-09-24T22:45:28+00:00,
2026-09-25T00:54:08+00:00,401862779,DraftKings,margin,-3.000,-108.000,-3.000,-110.000,STATUS_SCHEDULED,2026-09-25T00:54:08+00:00,-112.000
2026-09-25T07:30:32+00:00,401862779,DraftKings,margin,-3.000,-105.000,-3.000,-110.000,STATUS_SCHEDULED,2026-09-25T13:15:51+00:00,-115.000
2026-09-25T18:25:20+00:00,401862779,DraftKings,margin,-3.500,-105.000,-3.000,-110.000,STATUS_SCHEDULED,2026-09-25T18:25:20+00:00,-115.000
2026-09-23T18:31:11+00:00,401862779,DraftKings,total,48.500,-105.000,49.500,-110.000,STATUS_SCHEDULED,2026-09-23T18:31:11+00:00,
2026-09-24T12:13:44+00:00,401862779,DraftKings,total,47.500,-118.000,49.500,-110.000,STATUS_SCHEDULED,2026-09-24T14:20:17+00:00,
2026-09-24T18:17:56+00:00,401862779,DraftKings,total,48.500,-105.000,49.500,-110.000,STATUS_SCHEDULED,2026-09-24T22:45:28+00:00,
2026-09-25T00:54:08+00:00,401862779,DraftKings,total,48.500,-105.000,49.500,-110.000,STATUS_SCHEDULED,2026-09-25T07:30:32+00:00,-115.000
2026-09-25T13:15:51+00:00,401862779,DraftKings,total,47.500,-118.000,49.500,-110.000,STATUS_SCHEDULED,2026-09-25T13:15:51+00:00,-102.000
2026-09-25T18:25:20+00:00,401862779,DraftKings,total,48.500,-115.000,49.500,-110.000,STATUS_SCHEDULED,2026-09-25T18:25:20+00:00,-105.000
2026-09-23T02:42:24+00:00,401862780,DraftKings,margin,-10.000,-108.000,-14.500,-110.000,STATUS_SCHEDULED,2026-09-23T02:42:24+00:00,
2026-09-24T12:13:44+00:00,401862780,DraftKings,margin,-10.000,-110.000,-14.500,-110.000,STATUS_SCHEDULED,2026-09-24T22:45:28+00:00,
2026-09-25T00:54:08+00:00,401862780,DraftKings,margin,-10.000,-110.000,-14.500,-110.000,STATUS_SCHEDULED,2026-09-25T13:15:51+00:00,-110.000
2026-09-25T18:25:20+00:00,401862780,DraftKings,margin,-10.000,-108.000,-14.500,-110.000,STATUS_SCHEDULED,2026-09-25T18:25:20+00:00,-112.000
2026-09-25T21:13:04+00:00,401862780,DraftKings,margin,-10.000,-112.000,-14.500,-110.000,STATUS_SCHEDULED,2026-09-26T18:04:46+00:00,-108.000
2026-09-26T18:22:37+00:00,401862780,DraftKings,margin,-9.500,-105.000,-14.500,-110.000,STATUS_SCHEDULED,2026-09-26T18:37:32+00:00,-115.000
2026-09-26T18:52:41+00:00,401862780,DraftKings,margin,-9.500,-110.000,-14.500,-110.000,STATUS_SCHEDULED,2026-09-26T20:37:38+00:00,-110.000
2026-09-26T20:52:44+00:00,401862780,DraftKings,margin,-9.500,-112.000,-14.500,-110.000,STATUS_SCHEDULED,2026-09-26T22:22:36+00:00,-108.000
2026-09-24T12:13:44+00:00,401862780,DraftKings,total,48.500,-112.000,52.500,-102.000,STATUS_SCHEDULED,2026-09-24T22:45:28+00:00,
2026-09-25T00:54:08+00:00,401862780,DraftKings,total,48.500,-112.000,52.500,-102.000,STATUS_SCHEDULED,2026-09-25T18:25:20+00:00,-108.000
2026-09-25T21:13:04+00:00,401862780,DraftKings,total,49.500,-105.000,52.500,-102.000,STATUS_SCHEDULED,2026-09-26T22:22:36+00:00,-115.000
2026-09-24T12:13:44+00:00,401862781,DraftKings,margin,34.500,-110.000,34.500,-110.000,STATUS_SCHEDULED,2026-09-24T14:20:17+00:00,
2026-09-24T18:17:56+00:00,401862781,DraftKings,margin,35.500,-118.000,34.500,-110.000,STATUS_SCHEDULED,2026-09-24T22:45:28+00:00,
2026-09-25T00:54:08+00:00,401862781,DraftKings,margin,35.500,-118.000,34.500,-110.000,STATUS_SCHEDULED,2026-09-25T13:15:51+00:00,-102.000
2026-09-25T18:25:20+00:00,401862781,DraftKings,margin,36.500,-112.000,34.500,-110.000,STATUS_SCHEDULED,2026-09-26T13:37:37+00:00,-108.000
2026-09-26T13:52:44+00:00,401862781,DraftKings,margin,37.500,-115.000,34.500,-110.000,STATUS_SCHEDULED,2026-09-26T13:52:44+00:00,-105.000
2026-09-26T14:07:41+00:00,401862781,DraftKings,margin,37.500,-110.000,34.500,-110.000,STATUS_SCHEDULED,2026-09-26T19:52:38+00:00,-110.000
2026-09-24T12:13:44+00:00,401862781,DraftKings,total,54.500,-110.000,54.500,-110.000,STATUS_SCHEDULED,2026-09-24T14:20:17+00:00,
2026-09-24T18:17:56+00:00,401862781,DraftKings,total,56.500,-110.000,54.500,-110.000,STATUS_SCHEDULED,2026-09-24T22:45:28+00:00,
2026-09-25T00:54:08+00:00,401862781,DraftKings,total,56.500,-110.000,54.500,-110.000,STATUS_SCHEDULED,2026-09-25T13:15:51+00:00,-110.000
2026-09-25T18:25:20+00:00,401862781,DraftKings,total,55.500,-115.000,54.500,-110.000,STATUS_SCHEDULED,2026-09-25T21:13:04+00:00,-105.000
2026-09-25T23:25:34+00:00,401862781,DraftKings,total,56.500,-108.000,54.500,-110.000,STATUS_SCHEDULED,2026-09-26T03:35:33+00:00,-112.000
2026-09-26T13:24:25+00:00,401862781,DraftKings,total,56.500,-112.000,54.500,-110.000,STATUS_SCHEDULED,2026-09-26T13:37:37+00:00,-108.000
2026-09-26T13:52:44+00:00,401862781,DraftKings,total,56.500,-118.000,54.500,-110.000,STATUS_SCHEDULED,2026-09-26T13:52:44+00:00,-102.000
2026-09-26T14:07:41+00:00,401862781,DraftKings,total,57.500,-110.000,54.500,-110.000,STATUS_SCHEDULED,2026-09-26T19:37:49+00:00,-110.000
2026-09-26T19:52:39+00:00,401862781,DraftKings,total,58.500,-105.000,54.500,-110.000,STATUS_SCHEDULED,2026-09-26T19:52:38+00:00,-115.000
2026-09-24T12:13:44+00:00,401862782,DraftKings,margin,-13.500,-110.000,-13.500,-110.000,STATUS_SCHEDULED,2026-09-24T19:14:09+00:00,
2026-09-24T21:09:53+00:00,401862782,DraftKings,margin,-13.500,-115.000,-13.500,-110.000,STATUS_SCHEDULED,2026-09-24T22:45:28+00:00,
2026-09-25T00:54:08+00:00,401862782,DraftKings,margin,-12.500,-108.000,-13.500,-110.000,STATUS_SCHEDULED,2026-09-25T00:54:08+00:00,-112.000
2026-09-25T07:30:32+00:00,401862782,DraftKings,margin,-12.500,-112.000,-13.500,-110.000,STATUS_SCHEDULED,2026-09-25T07:30:32+00:00,-108.000
2026-09-25T13:15:51+00:00,401862782,DraftKings,margin,-11.500,-108.000,-13.500,-110.000,STATUS_SCHEDULED,2026-09-25T13:15:51+00:00,-112.000
2026-09-25T18:25:20+00:00,401862782,DraftKings,margin,-12.500,-115.000,-13.500,-110.000,STATUS_SCHEDULED,2026-09-25T21:13:04+00:00,-105.000
2026-09-25T23:25:34+00:00,401862782,DraftKings,margin,-11.500,-108.000,-13.500,-110.000,STATUS_SCHEDULED,2026-09-26T23:37:37+00:00,-112.000
2026-09-26T23:52:43+00:00,401862782,DraftKings,margin,-11.500,-105.000,-13.500,-110.000,STATUS_SCHEDULED,2026-09-26T23:52:42+00:00,-115.000
2026-09-24T12:13:44+00:00,401862782,DraftKings,total,57.500,-112.000,59.500,-110.000,STATUS_SCHEDULED,2026-09-24T22:45:28+00:00,
2026-09-25T00:54:08+00:00,401862782,DraftKings,total,57.500,-112.000,59.500,-110.000,STATUS_SCHEDULED,2026-09-25T00:54:08+00:00,-108.000
2026-09-25T07:30:32+00:00,401862782,DraftKings,total,58.500,-105.000,59.500,-110.000,STATUS_SCHEDULED,2026-09-26T23:52:42+00:00,-115.000
2026-09-24T12:13:44+00:00,401862783,DraftKings,margin,37.500,-110.000,37.500,-110.000,STATUS_SCHEDULED,2026-09-24T14:20:17+00:00,
2026-09-24T18:17:56+00:00,401862783,DraftKings,margin,39.500,-110.000,37.500,-110.000,STATUS_SCHEDULED,2026-09-24T21:09:53+00:00,
2026-09-24T21:46:26+00:00,401862783,DraftKings,margin,39.500,-115.000,37.500,-110.000,STATUS_SCHEDULED,2026-09-24T22:45:28+00:00,
2026-09-25T00:54:08+00:00,401862783,DraftKings,margin,39.500,-115.000,37.500,-110.000,STATUS_SCHEDULED,2026-09-25T13:15:51+00:00,-105.000
2026-09-25T18:25:20+00:00,401862783,DraftKings,margin,38.500,-110.000,37.500,-110.000,STATUS_SCHEDULED,2026-09-26T03:35:33+00:00,-110.000
2026-09-26T13:24:25+00:00,401862783,DraftKings,margin,38.500,-105.000,37.500,-110.000,STATUS_SCHEDULED,2026-09-26T23:22:39+00:00,-115.000
2026-09-24T12:13:44+00:00,401862783,DraftKings,total,58.500,-110.000,58.500,-110.000,STATUS_SCHEDULED,2026-09-24T22:45:28+00:00,
2026-09-25T00:54:08+00:00,401862783,DraftKings,total,58.500,-110.000,58.500,-110.000,STATUS_SCHEDULED,2026-09-25T07:30:32+00:00,-110.000
2026-09-25T13:15:51+00:00,401862783,DraftKings,total,59.500,-120.000,58.500,-110.000,STATUS_SCHEDULED,2026-09-25T13:15:51+00:00,100.000
2026-09-25T18:25:20+00:00,401862783,DraftKings,total,59.500,-115.000,58.500,-110.000,STATUS_SCHEDULED,2026-09-25T18:25:20+00:00,-105.000
2026-09-25T21:13:04+00:00,401862783,DraftKings,total,60.500,-110.000,58.500,-110.000,STATUS_SCHEDULED,2026-09-26T03:35:33+00:00,-110.000
2026-09-26T13:24:25+00:00,401862783,DraftKings,total,59.500,-115.000,58.500,-110.000,STATUS_SCHEDULED,2026-09-26T13:37:37+00:00,-105.000
2026-09-26T13:52:44+00:00,401862783,DraftKings,total,60.500,-108.000,58.500,-110.000,STATUS_SCHEDULED,2026-09-26T16:07:41+00:00,-112.000
2026-09-26T16:22:40+00:00,401862783,DraftKings,total,60.500,-112.000,58.500,-110.000,STATUS_SCHEDULED,2026-09-26T23:22:39+00:00,-108.000
2026-09-24T12:13:44+00:00,401862784,DraftKings,margin,18.500,-108.000,17.500,-102.000,STATUS_SCHEDULED,2026-09-24T14:20:17+00:00,
2026-09-24T18:17:56+00:00,401862784,DraftKings,margin,17.500,-110.000,17.500,-102.000,STATUS_SCHEDULED,2026-09-24T22:45:28+00:00,
2026-09-25T00:54:08+00:00,401862784,DraftKings,margin,17.500,-110.000,17.500,-102.000,STATUS_SCHEDULED,2026-09-25T00:54:08+00:00,-110.000
2026-09-25T07:30:32+00:00,401862784,DraftKings,margin,17.500,-112.000,17.500,-102.000,STATUS_SCHEDULED,2026-09-25T07:30:32+00:00,-108.000
2026-09-25T13:15:51+00:00,401862784,DraftKings,margin,18.500,-105.000,17.500,-102.000,STATUS_SCHEDULED,2026-09-25T18:25:20+00:00,-115.000
2026-09-25T21:13:04+00:00,401862784,DraftKings,margin,18.500,-110.000,17.500,-102.000,STATUS_SCHEDULED,2026-09-25T21:13:04+00:00,-110.000
2026-09-25T23:25:34+00:00,401862784,DraftKings,margin,17.500,-115.000,17.500,-102.000,STATUS_SCHEDULED,2026-09-26T20:52:44+00:00,-105.000
2026-09-26T21:07:42+00:00,401862784,DraftKings,margin,18.500,-108.000,17.500,-102.000,STATUS_SCHEDULED,2026-09-26T22:37:39+00:00,-112.000
2026-09-26T22:52:43+00:00,401862784,DraftKings,margin,17.500,-115.000,17.500,-102.000,STATUS_SCHEDULED,2026-09-26T22:52:43+00:00,-105.000
2026-09-23T19:53:37+00:00,401862784,DraftKings,total,52.500,-112.000,53.500,-110.000,STATUS_SCHEDULED,2026-09-23T22:10:00+00:00,
2026-09-24T12:13:44+00:00,401862784,DraftKings,total,52.500,-108.000,53.500,-110.000,STATUS_SCHEDULED,2026-09-24T22:45:28+00:00,
2026-09-25T00:54:08+00:00,401862784,DraftKings,total,52.500,-108.000,53.500,-110.000,STATUS_SCHEDULED,2026-09-26T22:52:43+00:00,-112.000
2026-09-24T12:13:44+00:00,401862785,DraftKings,margin,-17.500,-110.000,-15.500,-110.000,STATUS_SCHEDULED,2026-09-24T22:45:28+00:00,
2026-09-25T00:54:08+00:00,401862785,DraftKings,margin,-17.500,-110.000,-15.500,-110.000,STATUS_SCHEDULED,2026-09-26T01:37:37+00:00,-110.000
2026-09-26T01:52:37+00:00,401862785,DraftKings,margin,-17.500,-105.000,-15.500,-110.000,STATUS_SCHEDULED,2026-09-26T03:35:33+00:00,-115.000
2026-09-26T13:24:25+00:00,401862785,DraftKings,margin,-18.500,-115.000,-15.500,-110.000,STATUS_SCHEDULED,2026-09-26T20:22:47+00:00,-105.000
2026-09-26T20:37:38+00:00,401862785,DraftKings,margin,-17.500,-108.000,-15.500,-110.000,STATUS_SCHEDULED,2026-09-26T20:52:44+00:00,-112.000
2026-09-23T02:42:24+00:00,401862785,DraftKings,total,48.500,-108.000,51.500,-110.000,STATUS_SCHEDULED,2026-09-23T02:42:24+00:00,
2026-09-24T12:13:44+00:00,401862785,DraftKings,total,48.500,-112.000,51.500,-110.000,STATUS_SCHEDULED,2026-09-24T13:05:23+00:00,
2026-09-24T13:26:46+00:00,401862785,DraftKings,total,49.500,-108.000,51.500,-110.000,STATUS_SCHEDULED,2026-09-24T22:45:28+00:00,
2026-09-25T00:54:08+00:00,401862785,DraftKings,total,49.500,-108.000,51.500,-110.000,STATUS_SCHEDULED,2026-09-25T18:25:20+00:00,-112.000
2026-09-25T21:13:04+00:00,401862785,DraftKings,total,49.500,-105.000,51.500,-110.000,STATUS_SCHEDULED,2026-09-25T21:13:04+00:00,-115.000
2026-09-25T23:25:34+00:00,401862785,DraftKings,total,48.500,-112.000,51.500,-110.000,STATUS_SCHEDULED,2026-09-26T20:37:38+00:00,-108.000
2026-09-26T20:52:44+00:00,401862785,DraftKings,total,49.500,-105.000,51.500,-110.000,STATUS_SCHEDULED,2026-09-26T20:52:44+00:00,-115.000
2026-09-27T14:22:50+00:00,401862786,DraftKings,margin,-1.500,-115.000,-1.500,-115.000,STATUS_SCHEDULED,2026-09-27T14:22:50+00:00,-105.000
2026-09-27T14:37:38+00:00,401862786,DraftKings,margin,1.500,-105.000,-1.500,-115.000,STATUS_SCHEDULED,2026-09-27T17:37:40+00:00,-115.000
2026-09-27T17:52:37+00:00,401862786,DraftKings,margin,1.500,-115.000,-1.500,-115.000,STATUS_SCHEDULED,2026-09-27T18:07:45+00:00,-105.000
2026-09-27T18:22:38+00:00,401862786,DraftKings,margin,2.500,-110.000,-1.500,-115.000,STATUS_SCHEDULED,2026-09-27T22:22:37+00:00,-110.000
2026-09-27T22:37:47+00:00,401862786,DraftKings,margin,2.500,-105.000,-1.500,-115.000,STATUS_SCHEDULED,2026-09-27T23:37:47+00:00,-115.000
2026-09-27T23:52:47+00:00,401862786,DraftKings,margin,2.500,-102.000,-1.500,-115.000,STATUS_SCHEDULED,2026-09-28T05:52:35+00:00,-118.000
2026-09-28T06:52:34+00:00,401862786,DraftKings,margin,1.500,-115.000,-1.500,-115.000,STATUS_SCHEDULED,2026-09-28T11:52:41+00:00,-105.000
2026-09-28T12:52:43+00:00,401862786,DraftKings,margin,1.500,-108.000,-1.500,-115.000,STATUS_SCHEDULED,2026-09-28T14:52:39+00:00,-112.000
2026-09-28T15:52:44+00:00,401862786,DraftKings,margin,1.500,-105.000,-1.500,-115.000,STATUS_SCHEDULED,2026-09-29T11:52:43+00:00,-115.000
2026-09-29T12:52:35+00:00,401862786,DraftKings,margin,1.500,100.000,-1.500,-115.000,STATUS_SCHEDULED,2026-09-30T14:55:27+00:00,-120.000
2026-09-30T16:07:45+00:00,401862786,DraftKings,margin,1.500,-108.000,-1.500,-115.000,STATUS_SCHEDULED,2026-09-30T20:26:40+00:00,-112.000
2026-09-30T20:55:51+00:00,401862786,DraftKings,margin,1.500,-105.000,-1.500,-115.000,STATUS_SCHEDULED,2026-09-30T20:55:50+00:00,-115.000
2026-09-27T14:22:50+00:00,401862786,DraftKings,total,57.500,-110.000,57.500,-110.000,STATUS_SCHEDULED,2026-09-27T14:22:50+00:00,-110.000
2026-09-27T14:37:38+00:00,401862786,DraftKings,total,58.500,-110.000,57.500,-110.000,STATUS_SCHEDULED,2026-09-27T19:22:39+00:00,-110.000
2026-09-27T19:37:37+00:00,401862786,DraftKings,total,58.500,-102.000,57.500,-110.000,STATUS_SCHEDULED,2026-09-27T19:37:37+00:00,-118.000
2026-09-27T19:52:37+00:00,401862786,DraftKings,total,57.500,-115.000,57.500,-110.000,STATUS_SCHEDULED,2026-09-27T23:37:47+00:00,-105.000
2026-09-27T23:52:47+00:00,401862786,DraftKings,total,58.500,-102.000,57.500,-110.000,STATUS_SCHEDULED,2026-09-28T05:52:35+00:00,-118.000
2026-09-28T06:52:34+00:00,401862786,DraftKings,total,57.500,-112.000,57.500,-110.000,STATUS_SCHEDULED,2026-09-30T14:55:27+00:00,-108.000
2026-09-30T16:07:45+00:00,401862786,DraftKings,total,57.500,-110.000,57.500,-110.000,STATUS_SCHEDULED,2026-09-30T20:55:50+00:00,-110.000
2026-09-27T16:37:34+00:00,401862787,DraftKings,margin,-21.500,-110.000,-21.500,-110.000,STATUS_SCHEDULED,2026-09-27T20:22:39+00:00,-110.000
2026-09-27T20:37:36+00:00,401862787,DraftKings,margin,-21.000,-115.000,-21.500,-110.000,STATUS_SCHEDULED,2026-09-27T21:37:40+00:00,-105.000
2026-09-27T21:52:33+00:00,401862787,DraftKings,margin,-20.500,-105.000,-21.500,-110.000,STATUS_SCHEDULED,2026-09-27T22:22:37+00:00,-115.000
2026-09-27T22:37:48+00:00,401862787,DraftKings,margin,-20.500,-112.000,-21.500,-110.000,STATUS_SCHEDULED,2026-09-30T20:55:50+00:00,-108.000
2026-09-27T16:37:34+00:00,401862787,DraftKings,total,54.500,-110.000,54.500,-110.000,STATUS_SCHEDULED,2026-09-27T20:22:39+00:00,-110.000
2026-09-27T20:37:36+00:00,401862787,DraftKings,total,53.500,-115.000,54.500,-110.000,STATUS_SCHEDULED,2026-09-27T21:37:40+00:00,-105.000
2026-09-27T21:52:33+00:00,401862787,DraftKings,total,54.500,-105.000,54.500,-110.000,STATUS_SCHEDULED,2026-09-29T14:51:35+00:00,-115.000
2026-09-29T15:58:03+00:00,401862787,DraftKings,total,53.500,-105.000,54.500,-110.000,STATUS_SCHEDULED,2026-09-29T17:07:45+00:00,-115.000
2026-09-29T18:07:52+00:00,401862787,DraftKings,total,52.500,-112.000,54.500,-110.000,STATUS_SCHEDULED,2026-09-30T12:07:44+00:00,-108.000
2026-09-30T13:07:38+00:00,401862787,DraftKings,total,53.500,-108.000,54.500,-110.000,STATUS_SCHEDULED,2026-09-30T20:55:50+00:00,-112.000
2026-09-27T14:52:40+00:00,401862788,DraftKings,margin,-12.500,-110.000,-12.500,-110.000,STATUS_SCHEDULED,2026-09-27T17:37:40+00:00,-110.000
2026-09-27T17:52:37+00:00,401862788,DraftKings,margin,-11.500,-110.000,-12.500,-110.000,STATUS_SCHEDULED,2026-09-27T20:07:35+00:00,-110.000
2026-09-27T20:22:39+00:00,401862788,DraftKings,margin,-10.500,-108.000,-12.500,-110.000,STATUS_SCHEDULED,2026-09-27T23:52:46+00:00,-112.000
2026-09-28T00:52:38+00:00,401862788,DraftKings,margin,-10.500,-110.000,-12.500,-110.000,STATUS_SCHEDULED,2026-09-28T12:52:43+00:00,-110.000
2026-09-28T13:52:40+00:00,401862788,DraftKings,margin,-10.500,-115.000,-12.500,-110.000,STATUS_SCHEDULED,2026-09-28T13:52:40+00:00,-105.000
2026-09-28T14:52:40+00:00,401862788,DraftKings,margin,-10.500,-108.000,-12.500,-110.000,STATUS_SCHEDULED,2026-09-28T16:45:28+00:00,-112.000
2026-09-28T17:52:43+00:00,401862788,DraftKings,margin,-11.500,-112.000,-12.500,-110.000,STATUS_SCHEDULED,2026-09-30T20:55:50+00:00,-108.000
2026-09-27T14:52:40+00:00,401862788,DraftKings,total,52.500,-112.000,52.500,-112.000,STATUS_SCHEDULED,2026-09-27T15:07:46+00:00,-108.000
2026-09-27T15:22:33+00:00,401862788,DraftKings,total,54.500,-110.000,52.500,-112.000,STATUS_SCHEDULED,2026-09-28T14:52:39+00:00,-110.000
2026-09-28T15:52:44+00:00,401862788,DraftKings,total,54.500,-115.000,52.500,-112.000,STATUS_SCHEDULED,2026-09-29T12:52:34+00:00,-105.000
2026-09-29T13:52:42+00:00,401862788,DraftKings,total,55.500,-115.000,52.500,-112.000,STATUS_SCHEDULED,2026-09-30T17:07:44+00:00,-105.000
2026-09-30T18:07:35+00:00,401862788,DraftKings,total,56.500,-108.000,52.500,-112.000,STATUS_SCHEDULED,2026-09-30T20:55:50+00:00,-112.000
2026-09-30T20:26:41+00:00,401862790,DraftKings,margin,43.500,-110.000,43.500,-110.000,STATUS_SCHEDULED,2026-09-30T20:55:50+00:00,-110.000
2026-09-30T20:26:41+00:00,401862790,DraftKings,total,60.500,-110.000,60.500,-110.000,STATUS_SCHEDULED,2026-09-30T20:55:50+00:00,-110.000
2026-09-27T14:22:51+00:00,401862791,DraftKings,margin,1.500,-105.000,1.500,-105.000,STATUS_SCHEDULED,2026-09-27T14:52:39+00:00,-115.000
2026-09-27T15:07:47+00:00,401862791,DraftKings,margin,1.500,-110.000,1.500,-105.000,STATUS_SCHEDULED,2026-09-27T19:22:39+00:00,-110.000
2026-09-27T19:37:37+00:00,401862791,DraftKings,margin,2.500,-110.000,1.500,-105.000,STATUS_SCHEDULED,2026-09-27T23:52:46+00:00,-110.000
2026-09-28T00:52:38+00:00,401862791,DraftKings,margin,2.500,-120.000,1.500,-105.000,STATUS_SCHEDULED,2026-09-28T13:52:40+00:00,100.000
2026-09-28T14:52:40+00:00,401862791,DraftKings,margin,3.500,-105.000,1.500,-105.000,STATUS_SCHEDULED,2026-09-28T19:52:46+00:00,-115.000
2026-09-28T20:52:39+00:00,401862791,DraftKings,margin,3.500,-102.000,1.500,-105.000,STATUS_SCHEDULED,2026-09-29T17:07:45+00:00,-118.000
2026-09-29T18:07:52+00:00,401862791,DraftKings,margin,3.000,-118.000,1.500,-105.000,STATUS_SCHEDULED,2026-09-30T20:55:50+00:00,-102.000
2026-09-27T14:22:51+00:00,401862791,DraftKings,total,49.500,-112.000,49.500,-112.000,STATUS_SCHEDULED,2026-09-27T14:52:39+00:00,-108.000
2026-09-27T15:07:47+00:00,401862791,DraftKings,total,49.500,-102.000,49.500,-112.000,STATUS_SCHEDULED,2026-09-27T16:22:39+00:00,-118.000
2026-09-27T16:37:34+00:00,401862791,DraftKings,total,46.500,-115.000,49.500,-112.000,STATUS_SCHEDULED,2026-09-27T19:22:39+00:00,-105.000
2026-09-27T19:37:37+00:00,401862791,DraftKings,total,47.500,-105.000,49.500,-112.000,STATUS_SCHEDULED,2026-09-27T19:37:37+00:00,-115.000
2026-09-27T19:52:37+00:00,401862791,DraftKings,total,48.500,-105.000,49.500,-112.000,STATUS_SCHEDULED,2026-09-27T21:22:42+00:00,-115.000
2026-09-27T21:37:41+00:00,401862791,DraftKings,total,47.500,-112.000,49.500,-112.000,STATUS_SCHEDULED,2026-09-27T22:07:37+00:00,-108.000
2026-09-27T22:22:38+00:00,401862791,DraftKings,total,47.500,-108.000,49.500,-112.000,STATUS_SCHEDULED,2026-09-28T11:52:41+00:00,-112.000
2026-09-28T12:52:43+00:00,401862791,DraftKings,total,46.500,-115.000,49.500,-112.000,STATUS_SCHEDULED,2026-09-28T14:52:39+00:00,-105.000
2026-09-28T15:52:44+00:00,401862791,DraftKings,total,45.500,-108.000,49.500,-112.000,STATUS_SCHEDULED,2026-09-28T19:52:46+00:00,-112.000
2026-09-28T20:52:39+00:00,401862791,DraftKings,total,46.500,-108.000,49.500,-112.000,STATUS_SCHEDULED,2026-09-29T15:58:03+00:00,-112.000
2026-09-29T17:07:46+00:00,401862791,DraftKings,total,45.500,-112.000,49.500,-112.000,STATUS_SCHEDULED,2026-09-30T14:55:27+00:00,-108.000
2026-09-30T16:07:45+00:00,401862791,DraftKings,total,46.500,-108.000,49.500,-112.000,STATUS_SCHEDULED,2026-09-30T19:07:40+00:00,-112.000
2026-09-30T19:35:46+00:00,401862791,DraftKings,total,46.500,-110.000,49.500,-112.000,STATUS_SCHEDULED,2026-09-30T20:55:50+00:00,-110.000
2026-09-27T14:37:38+00:00,401862792,DraftKings,margin,6.500,-110.000,6.500,-110.000,STATUS_SCHEDULED,2026-09-27T16:37:33+00:00,-110.000
2026-09-27T16:52:39+00:00,401862792,DraftKings,margin,5.500,-110.000,6.500,-110.000,STATUS_SCHEDULED,2026-09-27T17:52:36+00:00,-110.000
2026-09-27T18:07:46+00:00,401862792,DraftKings,margin,6.000,-110.000,6.500,-110.000,STATUS_SCHEDULED,2026-09-27T20:22:39+00:00,-110.000
2026-09-27T20:37:36+00:00,401862792,DraftKings,margin,6.000,-108.000,6.500,-110.000,STATUS_SCHEDULED,2026-09-27T22:07:37+00:00,-112.000
2026-09-27T22:22:38+00:00,401862792,DraftKings,margin,5.500,-112.000,6.500,-110.000,STATUS_SCHEDULED,2026-09-27T23:22:35+00:00,-108.000
2026-09-27T23:37:48+00:00,401862792,DraftKings,margin,5.500,-108.000,6.500,-110.000,STATUS_SCHEDULED,2026-09-28T09:52:41+00:00,-112.000
2026-09-28T10:52:46+00:00,401862792,DraftKings,margin,5.500,-112.000,6.500,-110.000,STATUS_SCHEDULED,2026-09-28T11:52:41+00:00,-108.000
2026-09-28T12:52:43+00:00,401862792,DraftKings,margin,6.000,-108.000,6.500,-110.000,STATUS_SCHEDULED,2026-09-28T12:52:43+00:00,-112.000
2026-09-28T13:52:40+00:00,401862792,DraftKings,margin,6.000,-110.000,6.500,-110.000,STATUS_SCHEDULED,2026-09-28T13:52:40+00:00,-110.000
2026-09-28T14:52:40+00:00,401862792,DraftKings,margin,6.000,-112.000,6.500,-110.000,STATUS_SCHEDULED,2026-09-28T18:52:39+00:00,-108.000
2026-09-28T19:52:46+00:00,401862792,DraftKings,margin,6.000,-110.000,6.500,-110.000,STATUS_SCHEDULED,2026-09-29T03:52:38+00:00,-110.000
2026-09-29T04:52:37+00:00,401862792,DraftKings,margin,6.000,-112.000,6.500,-110.000,STATUS_SCHEDULED,2026-09-29T12:52:34+00:00,-108.000
2026-09-29T13:52:42+00:00,401862792,DraftKings,margin,6.000,-110.000,6.500,-110.000,STATUS_SCHEDULED,2026-09-29T19:07:40+00:00,-110.000
2026-09-29T20:07:53+00:00,401862792,DraftKings,margin,6.500,-108.000,6.500,-110.000,STATUS_SCHEDULED,2026-09-30T13:07:37+00:00,-112.000
2026-09-30T14:07:43+00:00,401862792,DraftKings,margin,6.500,-112.000,6.500,-110.000,STATUS_SCHEDULED,2026-09-30T20:55:50+00:00,-108.000
2026-09-27T14:37:38+00:00,401862792,DraftKings,total,52.500,-110.000,52.500,-110.000,STATUS_SCHEDULED,2026-09-27T14:37:38+00:00,-110.000
2026-09-27T14:52:40+00:00,401862792,DraftKings,total,51.500,-110.000,52.500,-110.000,STATUS_SCHEDULED,2026-09-27T23:52:46+00:00,-110.000
2026-09-28T00:52:38+00:00,401862792,DraftKings,total,51.500,-105.000,52.500,-110.000,STATUS_SCHEDULED,2026-09-28T18:52:39+00:00,-115.000
2026-09-28T19:52:46+00:00,401862792,DraftKings,total,50.500,-120.000,52.500,-110.000,STATUS_SCHEDULED,2026-09-28T19:52:46+00:00,100.000
2026-09-28T20:52:39+00:00,401862792,DraftKings,total,50.500,-105.000,52.500,-110.000,STATUS_SCHEDULED,2026-09-29T03:52:38+00:00,-115.000
2026-09-29T04:52:37+00:00,401862792,DraftKings,total,49.500,-112.000,52.500,-110.000,STATUS_SCHEDULED,2026-09-29T14:51:35+00:00,-108.000
2026-09-29T15:58:03+00:00,401862792,DraftKings,total,48.500,-110.000,52.500,-110.000,STATUS_SCHEDULED,2026-09-30T07:07:51+00:00,-110.000
2026-09-30T08:07:53+00:00,401862792,DraftKings,total,48.500,-108.000,52.500,-110.000,STATUS_SCHEDULED,2026-09-30T20:55:50+00:00,-112.000
2026-09-30T20:26:41+00:00,401862793,DraftKings,margin,30.500,-110.000,30.500,-110.000,STATUS_SCHEDULED,2026-09-30T20:55:50+00:00,-110.000
2026-09-30T20:26:41+00:00,401862793,DraftKings,total,50.500,-110.000,50.500,-110.000,STATUS_SCHEDULED,2026-09-30T20:55:50+00:00,-110.000
2026-09-24T12:13:44+00:00,401864509,DraftKings,margin,-5.500,-112.000,-4.500,-110.000,STATUS_SCHEDULED,2026-09-24T22:45:28+00:00,
2026-09-25T00:54:08+00:00,401864509,DraftKings,margin,-5.500,-112.000,-4.500,-110.000,STATUS_SCHEDULED,2026-09-25T18:25:20+00:00,-108.000
2026-09-25T21:13:04+00:00,401864509,DraftKings,margin,-6.000,-110.000,-4.500,-110.000,STATUS_SCHEDULED,2026-09-26T03:35:33+00:00,-110.000
2026-09-26T13:24:25+00:00,401864509,DraftKings,margin,-6.000,-112.000,-4.500,-110.000,STATUS_SCHEDULED,2026-09-26T13:52:44+00:00,-108.000
2026-09-26T14:07:41+00:00,401864509,DraftKings,margin,-5.500,-108.000,-4.500,-110.000,STATUS_SCHEDULED,2026-09-27T02:22:31+00:00,-112.000
2026-09-24T12:13:44+00:00,401864509,DraftKings,total,49.500,-112.000,48.500,-110.000,STATUS_SCHEDULED,2026-09-24T22:45:28+00:00,
2026-09-25T00:54:08+00:00,401864509,DraftKings,total,49.500,-112.000,48.500,-110.000,STATUS_SCHEDULED,2026-09-25T00:54:08+00:00,-108.000
2026-09-25T07:30:32+00:00,401864509,DraftKings,total,50.500,-110.000,48.500,-110.000,STATUS_SCHEDULED,2026-09-25T13:15:51+00:00,-110.000
2026-09-25T18:25:20+00:00,401864509,DraftKings,total,50.500,-115.000,48.500,-110.000,STATUS_SCHEDULED,2026-09-26T03:35:33+00:00,-105.000
2026-09-26T13:24:25+00:00,401864509,DraftKings,total,50.500,-110.000,48.500,-110.000,STATUS_SCHEDULED,2026-09-27T02:22:31+00:00,-110.000
2026-09-24T12:13:44+00:00,401864510,DraftKings,margin,-3.000,-108.000,-5.500,-110.000,STATUS_SCHEDULED,2026-09-24T13:05:23+00:00,
2026-09-24T13:26:46+00:00,401864510,DraftKings,margin,-3.000,-102.000,-5.500,-110.000,STATUS_SCHEDULED,2026-09-24T14:20:17+00:00,
2026-09-24T18:17:56+00:00,401864510,DraftKings,margin,-3.000,-105.000,-5.500,-110.000,STATUS_SCHEDULED,2026-09-24T22:45:28+00:00,
2026-09-25T00:54:08+00:00,401864510,DraftKings,margin,-3.000,-112.000,-5.500,-110.000,STATUS_SCHEDULED,2026-09-25T00:54:08+00:00,-108.000
2026-09-25T07:30:32+00:00,401864510,DraftKings,margin,-2.500,-105.000,-5.500,-110.000,STATUS_SCHEDULED,2026-09-26T03:35:33+00:00,-115.000
2026-09-26T13:24:25+00:00,401864510,DraftKings,margin,-2.500,-110.000,-5.500,-110.000,STATUS_SCHEDULED,2026-09-26T16:52:37+00:00,-110.000
2026-09-26T17:07:46+00:00,401864510,DraftKings,margin,-2.500,-115.000,-5.500,-110.000,STATUS_SCHEDULED,2026-09-26T19:07:35+00:00,-105.000
2026-09-24T12:13:44+00:00,401864510,DraftKings,total,44.500,-110.000,44.500,-110.000,STATUS_SCHEDULED,2026-09-24T13:05:23+00:00,
2026-09-24T13:26:46+00:00,401864510,DraftKings,total,44.500,-112.000,44.500,-110.000,STATUS_SCHEDULED,2026-09-24T14:20:17+00:00,
2026-09-24T18:17:56+00:00,401864510,DraftKings,total,43.500,-112.000,44.500,-110.000,STATUS_SCHEDULED,2026-09-24T22:45:28+00:00,
2026-09-25T00:54:08+00:00,401864510,DraftKings,total,43.500,-112.000,44.500,-110.000,STATUS_SCHEDULED,2026-09-26T15:38:14+00:00,-108.000
2026-09-26T15:52:38+00:00,401864510,DraftKings,total,43.500,-110.000,44.500,-110.000,STATUS_SCHEDULED,2026-09-26T16:22:39+00:00,-110.000
2026-09-26T16:37:42+00:00,401864510,DraftKings,total,44.500,-105.000,44.500,-110.000,STATUS_SCHEDULED,2026-09-26T16:37:42+00:00,-115.000
2026-09-26T16:52:38+00:00,401864510,DraftKings,total,43.500,-118.000,44.500,-110.000,STATUS_SCHEDULED,2026-09-26T16:52:37+00:00,-102.000
2026-09-26T17:07:46+00:00,401864510,DraftKings,total,43.500,-115.000,44.500,-110.000,STATUS_SCHEDULED,2026-09-26T18:52:41+00:00,-105.000
2026-09-26T19:07:36+00:00,401864510,DraftKings,total,44.500,-105.000,44.500,-110.000,STATUS_SCHEDULED,2026-09-26T19:07:35+00:00,-115.000
2026-09-23T02:42:24+00:00,401864511,DraftKings,margin,10.000,-112.000,8.500,-110.000,STATUS_SCHEDULED,2026-09-23T02:42:24+00:00,
2026-09-24T12:13:44+00:00,401864511,DraftKings,margin,10.500,-108.000,8.500,-110.000,STATUS_SCHEDULED,2026-09-24T22:45:28+00:00,
2026-09-25T00:54:08+00:00,401864511,DraftKings,margin,10.500,-108.000,8.500,-110.000,STATUS_SCHEDULED,2026-09-26T03:35:33+00:00,-112.000
2026-09-26T13:24:25+00:00,401864511,DraftKings,margin,10.500,-102.000,8.500,-110.000,STATUS_SCHEDULED,2026-09-26T16:52:37+00:00,-118.000
2026-09-26T17:07:46+00:00,401864511,DraftKings,margin,10.000,-112.000,8.500,-110.000,STATUS_SCHEDULED,2026-09-26T17:07:45+00:00,-108.000
2026-09-26T17:22:38+00:00,401864511,DraftKings,margin,8.500,-110.000,8.500,-110.000,STATUS_SCHEDULED,2026-09-26T17:52:46+00:00,-110.000
2026-09-22T17:45:06+00:00,401864511,DraftKings,total,56.500,-105.000,54.500,-110.000,STATUS_SCHEDULED,2026-09-22T17:45:06+00:00,
2026-09-24T12:13:44+00:00,401864511,DraftKings,total,55.500,-112.000,54.500,-110.000,STATUS_SCHEDULED,2026-09-24T14:20:17+00:00,
2026-09-24T18:17:56+00:00,401864511,DraftKings,total,56.500,-108.000,54.500,-110.000,STATUS_SCHEDULED,2026-09-24T22:45:28+00:00,
2026-09-25T00:54:08+00:00,401864511,DraftKings,total,56.500,-108.000,54.500,-110.000,STATUS_SCHEDULED,2026-09-25T13:15:51+00:00,-112.000
2026-09-25T18:25:20+00:00,401864511,DraftKings,total,56.500,-110.000,54.500,-110.000,STATUS_SCHEDULED,2026-09-26T17:52:46+00:00,-110.000
2026-09-24T12:13:44+00:00,401864512,DraftKings,margin,-13.500,-108.000,-14.000,-110.000,STATUS_SCHEDULED,2026-09-24T22:45:28+00:00,
2026-09-25T00:54:08+00:00,401864512,DraftKings,margin,-13.500,-108.000,-14.000,-110.000,STATUS_SCHEDULED,2026-09-26T03:35:33+00:00,-112.000
2026-09-26T13:24:25+00:00,401864512,DraftKings,margin,-13.500,-112.000,-14.000,-110.000,STATUS_SCHEDULED,2026-09-26T15:52:37+00:00,-108.000
2026-09-23T18:31:11+00:00,401864512,DraftKings,total,52.500,-105.000,49.500,-105.000,STATUS_SCHEDULED,2026-09-23T18:31:11+00:00,
2026-09-23T19:53:37+00:00,401864512,DraftKings,total,52.500,-108.000,49.500,-105.000,STATUS_SCHEDULED,2026-09-23T20:04:04+00:00,
2026-09-24T12:13:44+00:00,401864512,DraftKings,total,52.500,-112.000,49.500,-105.000,STATUS_SCHEDULED,2026-09-24T22:45:28+00:00,
2026-09-25T00:54:08+00:00,401864512,DraftKings,total,52.500,-112.000,49.500,-105.000,STATUS_SCHEDULED,2026-09-26T03:35:33+00:00,-108.000
2026-09-26T13:24:25+00:00,401864512,DraftKings,total,53.500,-108.000,49.500,-105.000,STATUS_SCHEDULED,2026-09-26T15:07:47+00:00,-112.000
2026-09-26T15:38:14+00:00,401864512,DraftKings,total,52.500,-112.000,49.500,-105.000,STATUS_SCHEDULED,2026-09-26T15:52:37+00:00,-108.000
2026-09-27T17:22:39+00:00,401864513,DraftKings,margin,5.500,-110.000,5.500,-110.000,STATUS_SCHEDULED,2026-09-27T17:22:38+00:00,-110.000
2026-09-27T17:37:40+00:00,401864513,DraftKings,margin,4.500,-115.000,5.500,-110.000,STATUS_SCHEDULED,2026-09-27T19:22:39+00:00,-105.000
2026-09-27T19:37:37+00:00,401864513,DraftKings,margin,4.500,-105.000,5.500,-110.000,STATUS_SCHEDULED,2026-09-27T20:07:35+00:00,-115.000
2026-09-27T20:22:39+00:00,401864513,DraftKings,margin,3.000,-108.000,5.500,-110.000,STATUS_SCHEDULED,2026-09-27T23:52:46+00:00,-112.000
2026-09-28T00:52:38+00:00,401864513,DraftKings,margin,3.000,-105.000,5.500,-110.000,STATUS_SCHEDULED,2026-09-28T12:52:43+00:00,-115.000
2026-09-28T13:52:40+00:00,401864513,DraftKings,margin,3.000,-102.000,5.500,-110.000,STATUS_SCHEDULED,2026-09-28T14:52:39+00:00,-118.000
2026-09-28T15:52:44+00:00,401864513,DraftKings,margin,2.500,-120.000,5.500,-110.000,STATUS_SCHEDULED,2026-09-28T21:37:36+00:00,100.000
2026-09-28T21:52:39+00:00,401864513,DraftKings,margin,3.000,-108.000,5.500,-110.000,STATUS_SCHEDULED,2026-09-29T13:52:42+00:00,-112.000
2026-09-29T14:51:36+00:00,401864513,DraftKings,margin,3.000,-105.000,5.500,-110.000,STATUS_SCHEDULED,2026-09-30T20:26:40+00:00,-115.000
2026-09-30T20:55:51+00:00,401864513,DraftKings,margin,3.000,-102.000,5.500,-110.000,STATUS_SCHEDULED,2026-09-30T20:55:50+00:00,-118.000
2026-09-27T17:22:39+00:00,401864513,DraftKings,total,52.500,-110.000,52.500,-110.000,STATUS_SCHEDULED,2026-09-27T19:22:39+00:00,-110.000
2026-09-27T19:37:37+00:00,401864513,DraftKings,total,51.500,-110.000,52.500,-110.000,STATUS_SCHEDULED,2026-09-27T20:07:35+00:00,-110.000
2026-09-27T20:22:39+00:00,401864513,DraftKings,total,51.500,-115.000,52.500,-110.000,STATUS_SCHEDULED,2026-09-28T12:52:43+00:00,-105.000
2026-09-28T13:52:40+00:00,401864513,DraftKings,total,52.500,-105.000,52.500,-110.000,STATUS_SCHEDULED,2026-09-28T14:52:39+00:00,-115.000
2026-09-28T15:52:44+00:00,401864513,DraftKings,total,51.500,-115.000,52.500,-110.000,STATUS_SCHEDULED,2026-09-28T16:45:28+00:00,-105.000
2026-09-28T17:52:43+00:00,401864513,DraftKings,total,51.500,-108.000,52.500,-110.000,STATUS_SCHEDULED,2026-09-29T12:52:34+00:00,-112.000
2026-09-29T13:52:42+00:00,401864513,DraftKings,total,51.500,-112.000,52.500,-110.000,STATUS_SCHEDULED,2026-09-30T12:07:44+00:00,-108.000
2026-09-30T13:07:38+00:00,401864513,DraftKings,total,51.500,-108.000,52.500,-110.000,STATUS_SCHEDULED,2026-09-30T20:55:50+00:00,-112.000
2026-09-27T17:07:35+00:00,401864514,DraftKings,margin,21.000,-110.000,21.000,-110.000,STATUS_SCHEDULED,2026-09-27T20:22:39+00:00,-110.000
2026-09-27T20:37:36+00:00,401864514,DraftKings,margin,22.500,-108.000,21.000,-110.000,STATUS_SCHEDULED,2026-09-27T22:37:47+00:00,-112.000
2026-09-27T22:52:34+00:00,401864514,DraftKings,margin,22.500,-112.000,21.000,-110.000,STATUS_SCHEDULED,2026-09-30T20:55:50+00:00,-108.000
2026-09-27T17:07:35+00:00,401864514,DraftKings,total,53.500,-110.000,53.500,-110.000,STATUS_SCHEDULED,2026-09-27T17:07:34+00:00,-110.000
2026-09-27T17:22:39+00:00,401864514,DraftKings,total,50.500,-110.000,53.500,-110.000,STATUS_SCHEDULED,2026-09-27T18:07:45+00:00,-110.000
2026-09-27T18:22:38+00:00,401864514,DraftKings,total,51.500,-110.000,53.500,-110.000,STATUS_SCHEDULED,2026-09-27T19:37:37+00:00,-110.000
2026-09-27T19:52:37+00:00,401864514,DraftKings,total,50.500,-110.000,53.500,-110.000,STATUS_SCHEDULED,2026-09-27T20:22:39+00:00,-110.000
2026-09-27T20:37:36+00:00,401864514,DraftKings,total,49.500,-110.000,53.500,-110.000,STATUS_SCHEDULED,2026-09-27T20:37:35+00:00,-110.000
2026-09-27T20:52:45+00:00,401864514,DraftKings,total,49.500,-108.000,53.500,-110.000,STATUS_SCHEDULED,2026-09-27T22:07:37+00:00,-112.000
2026-09-27T22:22:38+00:00,401864514,DraftKings,total,48.500,-115.000,53.500,-110.000,STATUS_SCHEDULED,2026-09-28T01:52:43+00:00,-105.000
2026-09-28T02:52:46+00:00,401864514,DraftKings,total,48.500,-110.000,53.500,-110.000,STATUS_SCHEDULED,2026-09-29T14:51:35+00:00,-110.000
2026-09-29T15:58:03+00:00,401864514,DraftKings,total,49.500,-105.000,53.500,-110.000,STATUS_SCHEDULED,2026-09-29T15:58:03+00:00,-115.000
2026-09-29T17:07:46+00:00,401864514,DraftKings,total,48.500,-115.000,53.500,-110.000,STATUS_SCHEDULED,2026-09-30T19:35:46+00:00,-105.000
2026-09-30T20:26:41+00:00,401864514,DraftKings,total,48.500,-110.000,53.500,-110.000,STATUS_SCHEDULED,2026-09-30T20:55:50+00:00,-110.000
2026-09-27T17:07:35+00:00,401864515,DraftKings,margin,21.000,-105.000,21.000,-105.000,STATUS_SCHEDULED,2026-09-27T17:07:34+00:00,-115.000
2026-09-27T17:22:39+00:00,401864515,DraftKings,margin,20.500,-110.000,21.000,-105.000,STATUS_SCHEDULED,2026-09-27T17:37:40+00:00,-110.000
2026-09-27T17:52:37+00:00,401864515,DraftKings,margin,20.500,-115.000,21.000,-105.000,STATUS_SCHEDULED,2026-09-27T20:22:39+00:00,-105.000
2026-09-27T20:37:36+00:00,401864515,DraftKings,margin,20.500,-105.000,21.000,-105.000,STATUS_SCHEDULED,2026-09-27T22:22:37+00:00,-115.000
2026-09-27T22:37:48+00:00,401864515,DraftKings,margin,19.500,-115.000,21.000,-105.000,STATUS_SCHEDULED,2026-09-27T23:52:46+00:00,-105.000
2026-09-28T00:52:38+00:00,401864515,DraftKings,margin,20.500,-105.000,21.000,-105.000,STATUS_SCHEDULED,2026-09-28T01:52:43+00:00,-115.000
2026-09-28T02:52:46+00:00,401864515,DraftKings,margin,19.500,-112.000,21.000,-105.000,STATUS_SCHEDULED,2026-09-28T05:52:35+00:00,-108.000
2026-09-28T06:52:34+00:00,401864515,DraftKings,margin,19.500,-110.000,21.000,-105.000,STATUS_SCHEDULED,2026-09-28T06:52:34+00:00,-110.000
2026-09-28T07:52:47+00:00,401864515,DraftKings,margin,18.500,-115.000,21.000,-105.000,STATUS_SCHEDULED,2026-09-28T13:52:40+00:00,-105.000
2026-09-28T14:52:40+00:00,401864515,DraftKings,margin,18.500,-110.000,21.000,-105.000,STATUS_SCHEDULED,2026-09-30T20:55:50+00:00,-110.000
2026-09-27T17:07:35+00:00,401864515,DraftKings,total,47.500,-110.000,47.500,-110.000,STATUS_SCHEDULED,2026-09-27T18:22:38+00:00,-110.000
2026-09-27T18:37:46+00:00,401864515,DraftKings,total,46.500,-110.000,47.500,-110.000,STATUS_SCHEDULED,2026-09-27T20:22:39+00:00,-110.000
2026-09-27T20:37:36+00:00,401864515,DraftKings,total,45.500,-112.000,47.500,-110.000,STATUS_SCHEDULED,2026-09-30T20:55:50+00:00,-108.000
2026-09-23T02:42:24+00:00,401864572,DraftKings,margin,14.000,-112.000,14.000,-110.000,STATUS_SCHEDULED,2026-09-23T02:42:24+00:00,
2026-09-24T12:13:44+00:00,401864572,DraftKings,margin,14.000,-110.000,14.000,-110.000,STATUS_SCHEDULED,2026-09-24T22:45:28+00:00,
2026-09-25T00:54:08+00:00,401864572,DraftKings,margin,14.000,-110.000,14.000,-110.000,STATUS_SCHEDULED,2026-09-26T03:35:33+00:00,-110.000
2026-09-26T13:24:25+00:00,401864572,DraftKings,margin,14.000,-108.000,14.000,-110.000,STATUS_SCHEDULED,2026-09-26T13:37:37+00:00,-112.000
2026-09-26T13:52:44+00:00,401864572,DraftKings,margin,13.500,-112.000,14.000,-110.000,STATUS_SCHEDULED,2026-09-26T18:37:32+00:00,-108.000
2026-09-26T18:52:41+00:00,401864572,DraftKings,margin,13.500,-110.000,14.000,-110.000,STATUS_SCHEDULED,2026-09-26T19:07:35+00:00,-110.000
2026-09-26T19:22:38+00:00,401864572,DraftKings,margin,12.500,-112.000,14.000,-110.000,STATUS_SCHEDULED,2026-09-26T23:22:39+00:00,-108.000
2026-09-23T02:42:24+00:00,401864572,DraftKings,total,55.500,-102.000,55.500,-110.000,STATUS_SCHEDULED,2026-09-23T02:42:24+00:00,
2026-09-24T12:13:44+00:00,401864572,DraftKings,total,55.500,-105.000,55.500,-110.000,STATUS_SCHEDULED,2026-09-24T22:45:28+00:00,
2026-09-25T00:54:08+00:00,401864572,DraftKings,total,55.500,-105.000,55.500,-110.000,STATUS_SCHEDULED,2026-09-26T03:35:33+00:00,-115.000
2026-09-26T13:24:25+00:00,401864572,DraftKings,total,55.500,-110.000,55.500,-110.000,STATUS_SCHEDULED,2026-09-26T22:52:43+00:00,-110.000
2026-09-26T23:07:32+00:00,401864572,DraftKings,total,55.500,-115.000,55.500,-110.000,STATUS_SCHEDULED,2026-09-26T23:07:32+00:00,-105.000
2026-09-26T23:22:40+00:00,401864572,DraftKings,total,56.500,-110.000,55.500,-110.000,STATUS_SCHEDULED,2026-09-26T23:22:39+00:00,-110.000
2026-09-24T12:13:44+00:00,401864576,DraftKings,margin,20.500,-110.000,19.500,-110.000,STATUS_SCHEDULED,2026-09-24T22:45:28+00:00,
2026-09-25T00:54:08+00:00,401864576,DraftKings,margin,20.500,-110.000,19.500,-110.000,STATUS_SCHEDULED,2026-09-26T15:38:14+00:00,-110.000
2026-09-26T15:52:38+00:00,401864576,DraftKings,margin,20.500,-115.000,19.500,-110.000,STATUS_SCHEDULED,2026-09-26T16:22:39+00:00,-105.000
2026-09-26T16:37:42+00:00,401864576,DraftKings,margin,21.000,-108.000,19.500,-110.000,STATUS_SCHEDULED,2026-09-26T16:37:42+00:00,-112.000
2026-09-24T12:13:44+00:00,401864576,DraftKings,total,54.500,-115.000,55.500,-110.000,STATUS_SCHEDULED,2026-09-24T22:45:28+00:00,
2026-09-25T00:54:08+00:00,401864576,DraftKings,total,54.500,-115.000,55.500,-110.000,STATUS_SCHEDULED,2026-09-25T13:15:51+00:00,-105.000
2026-09-25T18:25:20+00:00,401864576,DraftKings,total,54.500,-108.000,55.500,-110.000,STATUS_SCHEDULED,2026-09-25T21:13:04+00:00,-112.000
2026-09-25T23:25:34+00:00,401864576,DraftKings,total,53.500,-115.000,55.500,-110.000,STATUS_SCHEDULED,2026-09-26T03:35:33+00:00,-105.000
2026-09-26T13:24:25+00:00,401864576,DraftKings,total,54.500,-105.000,55.500,-110.000,STATUS_SCHEDULED,2026-09-26T15:38:14+00:00,-115.000
2026-09-26T15:52:38+00:00,401864576,DraftKings,total,53.500,-115.000,55.500,-110.000,STATUS_SCHEDULED,2026-09-26T15:52:37+00:00,-105.000
2026-09-26T16:07:42+00:00,401864576,DraftKings,total,54.500,-105.000,55.500,-110.000,STATUS_SCHEDULED,2026-09-26T16:37:42+00:00,-115.000
2026-09-24T12:13:44+00:00,401864579,DraftKings,margin,-11.500,-110.000,-12.500,-110.000,STATUS_SCHEDULED,2026-09-24T22:45:28+00:00,
2026-09-25T00:54:08+00:00,401864579,DraftKings,margin,-11.500,-110.000,-12.500,-110.000,STATUS_SCHEDULED,2026-09-26T19:37:49+00:00,-110.000
2026-09-23T02:42:24+00:00,401864579,DraftKings,total,48.500,-110.000,49.500,-110.000,STATUS_SCHEDULED,2026-09-23T02:42:24+00:00,
2026-09-24T12:13:44+00:00,401864579,DraftKings,total,48.500,-108.000,49.500,-110.000,STATUS_SCHEDULED,2026-09-24T22:45:28+00:00,
2026-09-25T00:54:08+00:00,401864579,DraftKings,total,48.500,-108.000,49.500,-110.000,STATUS_SCHEDULED,2026-09-26T03:35:33+00:00,-112.000
2026-09-26T13:24:25+00:00,401864579,DraftKings,total,47.500,-118.000,49.500,-110.000,STATUS_SCHEDULED,2026-09-26T13:37:37+00:00,-102.000
2026-09-26T13:52:44+00:00,401864579,DraftKings,total,47.500,-112.000,49.500,-110.000,STATUS_SCHEDULED,2026-09-26T19:37:49+00:00,-108.000
2026-09-23T19:53:37+00:00,401866425,DraftKings,margin,3.500,-105.000,4.500,-110.000,STATUS_SCHEDULED,2026-09-24T01:15:40+00:00,
2026-09-24T12:13:44+00:00,401866425,DraftKings,margin,3.500,100.000,4.500,-110.000,STATUS_SCHEDULED,2026-09-24T14:20:17+00:00,
2026-09-24T18:17:56+00:00,401866425,DraftKings,margin,3.000,-110.000,4.500,-110.000,STATUS_SCHEDULED,2026-09-24T22:45:28+00:00,
2026-09-25T00:54:08+00:00,401866425,DraftKings,margin,3.000,-110.000,4.500,-110.000,STATUS_SCHEDULED,2026-09-25T00:54:08+00:00,-110.000
2026-09-25T07:30:32+00:00,401866425,DraftKings,margin,3.000,-112.000,4.500,-110.000,STATUS_SCHEDULED,2026-09-26T14:28:46+00:00,-108.000
2026-09-26T14:52:35+00:00,401866425,DraftKings,margin,3.000,-102.000,4.500,-110.000,STATUS_SCHEDULED,2026-09-26T14:52:35+00:00,-118.000
2026-09-26T15:07:47+00:00,401866425,DraftKings,margin,2.500,-118.000,4.500,-110.000,STATUS_SCHEDULED,2026-09-26T15:07:47+00:00,-102.000
2026-09-26T15:38:14+00:00,401866425,DraftKings,margin,2.500,-115.000,4.500,-110.000,STATUS_SCHEDULED,2026-09-26T15:52:37+00:00,-105.000
2026-09-22T17:25:33+00:00,401866425,DraftKings,total,50.500,-118.000,51.500,-110.000,STATUS_SCHEDULED,2026-09-22T17:25:33+00:00,
2026-09-23T02:42:24+00:00,401866425,DraftKings,total,51.500,-102.000,51.500,-110.000,STATUS_SCHEDULED,2026-09-23T02:42:24+00:00,
2026-09-24T12:13:44+00:00,401866425,DraftKings,total,50.500,-115.000,51.500,-110.000,STATUS_SCHEDULED,2026-09-24T22:45:28+00:00,
2026-09-25T00:54:08+00:00,401866425,DraftKings,total,50.500,-115.000,51.500,-110.000,STATUS_SCHEDULED,2026-09-26T15:07:47+00:00,-105.000
2026-09-26T15:38:14+00:00,401866425,DraftKings,total,50.500,-112.000,51.500,-110.000,STATUS_SCHEDULED,2026-09-26T15:38:14+00:00,-108.000
2026-09-26T15:52:38+00:00,401866425,DraftKings,total,51.500,-110.000,51.500,-110.000,STATUS_SCHEDULED,2026-09-26T15:52:37+00:00,-110.000
2026-09-24T12:13:44+00:00,401866426,DraftKings,margin,28.500,-110.000,28.500,-110.000,STATUS_SCHEDULED,2026-09-24T22:45:28+00:00,
2026-09-25T00:54:08+00:00,401866426,DraftKings,margin,28.500,-110.000,28.500,-110.000,STATUS_SCHEDULED,2026-09-25T13:15:51+00:00,-110.000
2026-09-25T18:25:20+00:00,401866426,DraftKings,margin,28.500,-102.000,28.500,-110.000,STATUS_SCHEDULED,2026-09-25T21:13:04+00:00,-118.000
2026-09-25T23:25:34+00:00,401866426,DraftKings,margin,28.500,-110.000,28.500,-110.000,STATUS_SCHEDULED,2026-09-26T18:37:32+00:00,-110.000
2026-09-26T18:52:41+00:00,401866426,DraftKings,margin,27.500,-118.000,28.500,-110.000,STATUS_SCHEDULED,2026-09-26T19:22:38+00:00,-102.000
2026-09-24T12:13:44+00:00,401866426,DraftKings,total,44.500,-110.000,44.500,-110.000,STATUS_SCHEDULED,2026-09-24T14:20:17+00:00,
2026-09-24T18:17:56+00:00,401866426,DraftKings,total,45.500,-105.000,44.500,-110.000,STATUS_SCHEDULED,2026-09-24T22:45:28+00:00,
2026-09-25T00:54:08+00:00,401866426,DraftKings,total,45.500,-105.000,44.500,-110.000,STATUS_SCHEDULED,2026-09-25T07:30:32+00:00,-115.000
2026-09-25T13:15:51+00:00,401866426,DraftKings,total,45.500,-118.000,44.500,-110.000,STATUS_SCHEDULED,2026-09-25T13:15:51+00:00,-102.000
2026-09-25T18:25:20+00:00,401866426,DraftKings,total,46.500,-112.000,44.500,-110.000,STATUS_SCHEDULED,2026-09-26T16:07:41+00:00,-108.000
2026-09-26T16:22:40+00:00,401866426,DraftKings,total,46.500,-108.000,44.500,-110.000,STATUS_SCHEDULED,2026-09-26T19:22:38+00:00,-112.000
2026-09-24T12:13:44+00:00,401866427,DraftKings,margin,25.500,-110.000,25.500,-110.000,STATUS_SCHEDULED,2026-09-24T22:45:28+00:00,
2026-09-25T00:54:08+00:00,401866427,DraftKings,margin,25.500,-110.000,25.500,-110.000,STATUS_SCHEDULED,2026-09-26T13:37:37+00:00,-110.000
2026-09-26T13:52:44+00:00,401866427,DraftKings,margin,24.500,-112.000,25.500,-110.000,STATUS_SCHEDULED,2026-09-26T13:52:44+00:00,-108.000
2026-09-26T14:07:41+00:00,401866427,DraftKings,margin,24.500,-108.000,25.500,-110.000,STATUS_SCHEDULED,2026-09-26T14:07:41+00:00,-112.000
2026-09-26T14:22:36+00:00,401866427,DraftKings,margin,24.500,-105.000,25.500,-110.000,STATUS_SCHEDULED,2026-09-26T14:28:46+00:00,-115.000
2026-09-26T14:52:35+00:00,401866427,DraftKings,margin,23.500,-118.000,25.500,-110.000,STATUS_SCHEDULED,2026-09-26T16:22:39+00:00,-102.000
2026-09-26T16:37:42+00:00,401866427,DraftKings,margin,24.500,-102.000,25.500,-110.000,STATUS_SCHEDULED,2026-09-26T16:52:37+00:00,-118.000
2026-09-24T12:13:44+00:00,401866427,DraftKings,total,50.500,-110.000,50.500,-110.000,STATUS_SCHEDULED,2026-09-24T14:20:17+00:00,
2026-09-24T18:17:56+00:00,401866427,DraftKings,total,49.500,-110.000,50.500,-110.000,STATUS_SCHEDULED,2026-09-24T22:45:28+00:00,
2026-09-25T00:54:08+00:00,401866427,DraftKings,total,49.500,-110.000,50.500,-110.000,STATUS_SCHEDULED,2026-09-25T00:54:08+00:00,-110.000
2026-09-25T07:30:32+00:00,401866427,DraftKings,total,50.500,-112.000,50.500,-110.000,STATUS_SCHEDULED,2026-09-25T18:25:20+00:00,-108.000
2026-09-25T21:13:04+00:00,401866427,DraftKings,total,51.500,-105.000,50.500,-110.000,STATUS_SCHEDULED,2026-09-26T03:35:33+00:00,-115.000
2026-09-26T13:24:25+00:00,401866427,DraftKings,total,51.500,-102.000,50.500,-110.000,STATUS_SCHEDULED,2026-09-26T13:37:37+00:00,-118.000
2026-09-26T13:52:44+00:00,401866427,DraftKings,total,51.500,-105.000,50.500,-110.000,STATUS_SCHEDULED,2026-09-26T13:52:44+00:00,-115.000
2026-09-26T14:07:41+00:00,401866427,DraftKings,total,52.500,-110.000,50.500,-110.000,STATUS_SCHEDULED,2026-09-26T14:07:41+00:00,-110.000
2026-09-26T14:22:36+00:00,401866427,DraftKings,total,53.500,-105.000,50.500,-110.000,STATUS_SCHEDULED,2026-09-26T16:22:39+00:00,-115.000
2026-09-26T16:37:42+00:00,401866427,DraftKings,total,53.500,-110.000,50.500,-110.000,STATUS_SCHEDULED,2026-09-26T16:52:37+00:00,-110.000
2026-09-24T12:13:44+00:00,401866428,DraftKings,margin,34.500,-110.000,34.500,-110.000,STATUS_SCHEDULED,2026-09-24T14:20:17+00:00,
2026-09-24T18:17:56+00:00,401866428,DraftKings,margin,33.500,-115.000,34.500,-110.000,STATUS_SCHEDULED,2026-09-24T22:45:28+00:00,
2026-09-25T00:54:08+00:00,401866428,DraftKings,margin,33.500,-115.000,34.500,-110.000,STATUS_SCHEDULED,2026-09-25T13:15:51+00:00,-105.000
2026-09-25T18:25:20+00:00,401866428,DraftKings,margin,33.500,-108.000,34.500,-110.000,STATUS_SCHEDULED,2026-09-26T03:35:33+00:00,-112.000
2026-09-26T13:24:25+00:00,401866428,DraftKings,margin,32.500,-112.000,34.500,-110.000,STATUS_SCHEDULED,2026-09-26T19:22:38+00:00,-108.000
2026-09-24T12:13:44+00:00,401866428,DraftKings,total,50.500,-110.000,50.500,-110.000,STATUS_SCHEDULED,2026-09-24T14:20:17+00:00,
2026-09-24T18:17:56+00:00,401866428,DraftKings,total,52.500,-110.000,50.500,-110.000,STATUS_SCHEDULED,2026-09-24T22:45:28+00:00,
2026-09-25T00:54:08+00:00,401866428,DraftKings,total,52.500,-110.000,50.500,-110.000,STATUS_SCHEDULED,2026-09-25T07:30:32+00:00,-110.000
2026-09-25T13:15:51+00:00,401866428,DraftKings,total,53.500,-110.000,50.500,-110.000,STATUS_SCHEDULED,2026-09-26T19:22:38+00:00,-110.000
2026-09-23T02:42:24+00:00,401866429,DraftKings,margin,-4.500,-110.000,-6.000,-110.000,STATUS_SCHEDULED,2026-09-23T02:42:24+00:00,
2026-09-23T18:31:11+00:00,401866429,DraftKings,margin,-4.500,-115.000,-6.000,-110.000,STATUS_SCHEDULED,2026-09-23T18:31:11+00:00,
2026-09-24T12:13:44+00:00,401866429,DraftKings,margin,-4.000,-112.000,-6.000,-110.000,STATUS_SCHEDULED,2026-09-24T22:45:28+00:00,
2026-09-25T00:54:08+00:00,401866429,DraftKings,margin,-4.500,-110.000,-6.000,-110.000,STATUS_SCHEDULED,2026-09-26T23:37:37+00:00,-110.000
2026-09-26T23:52:43+00:00,401866429,DraftKings,margin,-5.500,-115.000,-6.000,-110.000,STATUS_SCHEDULED,2026-09-27T00:22:38+00:00,-105.000
2026-09-27T00:37:44+00:00,401866429,DraftKings,margin,-5.500,-110.000,-6.000,-110.000,STATUS_SCHEDULED,2026-09-27T00:37:44+00:00,-110.000
2026-09-27T00:52:46+00:00,401866429,DraftKings,margin,-6.000,-110.000,-6.000,-110.000,STATUS_SCHEDULED,2026-09-27T00:52:45+00:00,-110.000
2026-09-24T12:13:44+00:00,401866429,DraftKings,total,48.500,-112.000,50.500,-110.000,STATUS_SCHEDULED,2026-09-24T22:45:28+00:00,
2026-09-25T00:54:08+00:00,401866429,DraftKings,total,48.500,-112.000,50.500,-110.000,STATUS_SCHEDULED,2026-09-26T16:52:37+00:00,-108.000
2026-09-26T17:07:46+00:00,401866429,DraftKings,total,48.500,-115.000,50.500,-110.000,STATUS_SCHEDULED,2026-09-26T20:07:42+00:00,-105.000
2026-09-26T20:22:48+00:00,401866429,DraftKings,total,49.500,-108.000,50.500,-110.000,STATUS_SCHEDULED,2026-09-27T00:07:39+00:00,-112.000
2026-09-27T00:22:38+00:00,401866429,DraftKings,total,48.500,-110.000,50.500,-110.000,STATUS_SCHEDULED,2026-09-27T00:22:38+00:00,-110.000
2026-09-27T00:37:44+00:00,401866429,DraftKings,total,49.500,-110.000,50.500,-110.000,STATUS_SCHEDULED,2026-09-27T00:52:45+00:00,-110.000
2026-09-27T16:22:39+00:00,401866430,DraftKings,margin,5.500,-110.000,5.500,-110.000,STATUS_SCHEDULED,2026-09-27T20:07:35+00:00,-110.000
2026-09-27T20:22:39+00:00,401866430,DraftKings,margin,6.000,-110.000,5.500,-110.000,STATUS_SCHEDULED,2026-09-28T18:52:39+00:00,-110.000
2026-09-28T19:52:46+00:00,401866430,DraftKings,margin,6.000,-112.000,5.500,-110.000,STATUS_SCHEDULED,2026-09-28T19:52:46+00:00,-108.000
2026-09-28T20:52:39+00:00,401866430,DraftKings,margin,6.500,-112.000,5.500,-110.000,STATUS_SCHEDULED,2026-09-30T20:55:50+00:00,-108.000
2026-09-27T16:22:39+00:00,401866430,DraftKings,total,46.500,-110.000,46.500,-110.000,STATUS_SCHEDULED,2026-09-27T20:07:35+00:00,-110.000
2026-09-27T20:22:39+00:00,401866430,DraftKings,total,47.500,-108.000,46.500,-110.000,STATUS_SCHEDULED,2026-09-27T22:52:33+00:00,-112.000
2026-09-27T23:07:37+00:00,401866430,DraftKings,total,47.500,-102.000,46.500,-110.000,STATUS_SCHEDULED,2026-09-28T19:52:46+00:00,-118.000
2026-09-28T20:52:39+00:00,401866430,DraftKings,total,46.500,-118.000,46.500,-110.000,STATUS_SCHEDULED,2026-09-29T15:58:03+00:00,-102.000
2026-09-29T17:07:46+00:00,401866430,DraftKings,total,47.500,-102.000,46.500,-110.000,STATUS_SCHEDULED,2026-09-30T17:07:44+00:00,-118.000
2026-09-30T18:07:35+00:00,401866430,DraftKings,total,46.500,-115.000,46.500,-110.000,STATUS_SCHEDULED,2026-09-30T20:55:50+00:00,-105.000
2026-09-27T14:52:40+00:00,401866431,DraftKings,margin,-17.500,-115.000,-17.500,-115.000,STATUS_SCHEDULED,2026-09-27T18:22:38+00:00,-105.000
2026-09-27T18:37:46+00:00,401866431,DraftKings,margin,-17.500,-105.000,-17.500,-115.000,STATUS_SCHEDULED,2026-09-27T19:22:39+00:00,-115.000
2026-09-27T19:37:37+00:00,401866431,DraftKings,margin,-18.500,-110.000,-17.500,-115.000,STATUS_SCHEDULED,2026-09-27T20:07:35+00:00,-110.000
2026-09-27T20:22:39+00:00,401866431,DraftKings,margin,-19.500,-108.000,-17.500,-115.000,STATUS_SCHEDULED,2026-09-29T01:22:39+00:00,-112.000
2026-09-29T01:37:36+00:00,401866431,DraftKings,margin,-19.500,-112.000,-17.500,-115.000,STATUS_SCHEDULED,2026-09-30T20:55:50+00:00,-108.000
2026-09-27T14:52:40+00:00,401866431,DraftKings,total,51.500,-110.000,51.500,-110.000,STATUS_SCHEDULED,2026-09-29T15:58:03+00:00,-110.000
2026-09-29T17:07:46+00:00,401866431,DraftKings,total,52.500,-102.000,51.500,-110.000,STATUS_SCHEDULED,2026-09-30T20:55:50+00:00,-118.000
2026-09-27T16:52:39+00:00,401866432,DraftKings,margin,-16.500,-110.000,-16.500,-110.000,STATUS_SCHEDULED,2026-09-27T19:07:32+00:00,-110.000
2026-09-27T19:22:40+00:00,401866432,DraftKings,margin,-15.500,-110.000,-16.500,-110.000,STATUS_SCHEDULED,2026-09-27T23:37:47+00:00,-110.000
2026-09-27T23:52:48+00:00,401866432,DraftKings,margin,-14.500,-108.000,-16.500,-110.000,STATUS_SCHEDULED,2026-09-28T00:52:38+00:00,-112.000
2026-09-28T01:52:44+00:00,401866432,DraftKings,margin,-14.000,-108.000,-16.500,-110.000,STATUS_SCHEDULED,2026-09-28T04:52:43+00:00,-112.000
2026-09-28T05:52:36+00:00,401866432,DraftKings,margin,-14.000,-110.000,-16.500,-110.000,STATUS_SCHEDULED,2026-09-28T11:52:41+00:00,-110.000
2026-09-28T12:52:43+00:00,401866432,DraftKings,margin,-13.500,-105.000,-16.500,-110.000,STATUS_SCHEDULED,2026-09-28T16:45:28+00:00,-115.000
2026-09-28T17:52:43+00:00,401866432,DraftKings,margin,-13.500,-108.000,-16.500,-110.000,STATUS_SCHEDULED,2026-09-30T20:55:50+00:00,-112.000
2026-09-27T16:52:39+00:00,401866432,DraftKings,total,51.500,-110.000,51.500,-110.000,STATUS_SCHEDULED,2026-09-27T17:22:38+00:00,-110.000
2026-09-27T17:37:40+00:00,401866432,DraftKings,total,50.500,-110.000,51.500,-110.000,STATUS_SCHEDULED,2026-09-27T18:07:45+00:00,-110.000
2026-09-27T18:22:38+00:00,401866432,DraftKings,total,49.500,-110.000,51.500,-110.000,STATUS_SCHEDULED,2026-09-27T19:07:32+00:00,-110.000
2026-09-27T19:22:40+00:00,401866432,DraftKings,total,48.500,-110.000,51.500,-110.000,STATUS_SCHEDULED,2026-09-27T20:07:35+00:00,-110.000
2026-09-27T20:22:39+00:00,401866432,DraftKings,total,48.500,-105.000,51.500,-110.000,STATUS_SCHEDULED,2026-09-27T23:37:47+00:00,-115.000
2026-09-27T23:52:48+00:00,401866432,DraftKings,total,47.500,-118.000,51.500,-110.000,STATUS_SCHEDULED,2026-09-28T00:52:38+00:00,-102.000
2026-09-28T01:52:44+00:00,401866432,DraftKings,total,47.500,-108.000,51.500,-110.000,STATUS_SCHEDULED,2026-09-28T11:52:41+00:00,-112.000
2026-09-28T12:52:43+00:00,401866432,DraftKings,total,47.500,-102.000,51.500,-110.000,STATUS_SCHEDULED,2026-09-28T20:52:38+00:00,-118.000
2026-09-28T21:07:45+00:00,401866432,DraftKings,total,46.500,-115.000,51.500,-110.000,STATUS_SCHEDULED,2026-09-29T13:52:42+00:00,-105.000
2026-09-29T14:51:36+00:00,401866432,DraftKings,total,46.500,-110.000,51.500,-110.000,STATUS_SCHEDULED,2026-09-30T20:55:50+00:00,-110.000
2026-09-27T16:37:34+00:00,401866433,DraftKings,margin,2.500,-110.000,2.500,-110.000,STATUS_SCHEDULED,2026-09-27T16:37:33+00:00,-110.000
2026-09-27T16:52:39+00:00,401866433,DraftKings,margin,3.000,-110.000,2.500,-110.000,STATUS_SCHEDULED,2026-09-27T17:07:34+00:00,-110.000
2026-09-27T17:22:39+00:00,401866433,DraftKings,margin,3.500,-110.000,2.500,-110.000,STATUS_SCHEDULED,2026-09-27T17:22:38+00:00,-110.000
2026-09-27T17:37:40+00:00,401866433,DraftKings,margin,4.000,-110.000,2.500,-110.000,STATUS_SCHEDULED,2026-09-27T19:22:39+00:00,-110.000
2026-09-27T19:37:37+00:00,401866433,DraftKings,margin,5.500,-105.000,2.500,-110.000,STATUS_SCHEDULED,2026-09-27T20:07:35+00:00,-115.000
2026-09-27T20:22:39+00:00,401866433,DraftKings,margin,5.500,-110.000,2.500,-110.000,STATUS_SCHEDULED,2026-09-28T01:52:43+00:00,-110.000
2026-09-28T02:52:46+00:00,401866433,DraftKings,margin,5.500,-105.000,2.500,-110.000,STATUS_SCHEDULED,2026-09-28T11:52:41+00:00,-115.000
2026-09-28T12:52:43+00:00,401866433,DraftKings,margin,4.500,-112.000,2.500,-110.000,STATUS_SCHEDULED,2026-09-28T21:52:38+00:00,-108.000
2026-09-28T22:07:53+00:00,401866433,DraftKings,margin,5.500,-105.000,2.500,-110.000,STATUS_SCHEDULED,2026-09-29T00:37:40+00:00,-115.000
2026-09-29T00:52:35+00:00,401866433,DraftKings,margin,6.000,-105.000,2.500,-110.000,STATUS_SCHEDULED,2026-09-29T03:52:38+00:00,-115.000
2026-09-29T04:52:37+00:00,401866433,DraftKings,margin,6.000,-108.000,2.500,-110.000,STATUS_SCHEDULED,2026-09-29T14:51:35+00:00,-112.000
2026-09-29T15:58:03+00:00,401866433,DraftKings,margin,6.500,-105.000,2.500,-110.000,STATUS_SCHEDULED,2026-09-30T20:55:50+00:00,-115.000
2026-09-27T16:37:34+00:00,401866433,DraftKings,total,48.500,-110.000,48.500,-110.000,STATUS_SCHEDULED,2026-09-27T16:37:33+00:00,-110.000
2026-09-27T16:52:39+00:00,401866433,DraftKings,total,48.500,-115.000,48.500,-110.000,STATUS_SCHEDULED,2026-09-27T17:07:34+00:00,-105.000
2026-09-27T17:22:39+00:00,401866433,DraftKings,total,49.500,-105.000,48.500,-110.000,STATUS_SCHEDULED,2026-09-27T17:22:38+00:00,-115.000
2026-09-27T17:37:40+00:00,401866433,DraftKings,total,48.500,-115.000,48.500,-110.000,STATUS_SCHEDULED,2026-09-27T20:07:35+00:00,-105.000
2026-09-27T20:22:39+00:00,401866433,DraftKings,total,48.500,-105.000,48.500,-110.000,STATUS_SCHEDULED,2026-09-27T23:37:47+00:00,-115.000
2026-09-27T23:52:48+00:00,401866433,DraftKings,total,48.500,-110.000,48.500,-110.000,STATUS_SCHEDULED,2026-09-28T15:52:43+00:00,-110.000
2026-09-28T16:45:29+00:00,401866433,DraftKings,total,49.500,-105.000,48.500,-110.000,STATUS_SCHEDULED,2026-09-28T18:52:39+00:00,-115.000
2026-09-28T19:52:46+00:00,401866433,DraftKings,total,48.500,-115.000,48.500,-110.000,STATUS_SCHEDULED,2026-09-29T12:52:34+00:00,-105.000
2026-09-29T13:52:42+00:00,401866433,DraftKings,total,48.500,-110.000,48.500,-110.000,STATUS_SCHEDULED,2026-09-30T13:07:37+00:00,-110.000
2026-09-30T14:07:43+00:00,401866433,DraftKings,total,48.500,-115.000,48.500,-110.000,STATUS_SCHEDULED,2026-09-30T20:55:50+00:00,-105.000
2026-09-27T14:37:38+00:00,401866434,DraftKings,margin,-5.500,-110.000,-5.500,-110.000,STATUS_SCHEDULED,2026-09-27T21:37:40+00:00,-110.000
2026-09-27T21:52:33+00:00,401866434,DraftKings,margin,-5.500,-115.000,-5.500,-110.000,STATUS_SCHEDULED,2026-09-28T01:52:43+00:00,-105.000
2026-09-28T02:52:46+00:00,401866434,DraftKings,margin,-4.000,-110.000,-5.500,-110.000,STATUS_SCHEDULED,2026-09-28T02:52:45+00:00,-110.000
2026-09-28T03:52:44+00:00,401866434,DraftKings,margin,-4.000,-112.000,-5.500,-110.000,STATUS_SCHEDULED,2026-09-28T06:52:34+00:00,-108.000
2026-09-28T07:52:47+00:00,401866434,DraftKings,margin,-4.000,-115.000,-5.500,-110.000,STATUS_SCHEDULED,2026-09-28T09:52:41+00:00,-105.000
2026-09-28T10:52:46+00:00,401866434,DraftKings,margin,-4.000,-118.000,-5.500,-110.000,STATUS_SCHEDULED,2026-09-28T10:52:45+00:00,-102.000
2026-09-28T11:52:42+00:00,401866434,DraftKings,margin,-4.000,-115.000,-5.500,-110.000,STATUS_SCHEDULED,2026-09-28T12:52:43+00:00,-105.000
2026-09-28T13:52:40+00:00,401866434,DraftKings,margin,-3.500,-110.000,-5.500,-110.000,STATUS_SCHEDULED,2026-09-28T13:52:40+00:00,-110.000
2026-09-28T14:52:40+00:00,401866434,DraftKings,margin,-3.000,-108.000,-5.500,-110.000,STATUS_SCHEDULED,2026-09-29T13:52:42+00:00,-112.000
2026-09-29T14:51:36+00:00,401866434,DraftKings,margin,-3.000,-105.000,-5.500,-110.000,STATUS_SCHEDULED,2026-09-30T13:07:37+00:00,-115.000
2026-09-30T14:07:43+00:00,401866434,DraftKings,margin,-3.000,-102.000,-5.500,-110.000,STATUS_SCHEDULED,2026-09-30T20:55:50+00:00,-118.000
2026-09-27T14:37:38+00:00,401866434,DraftKings,total,52.500,-110.000,52.500,-110.000,STATUS_SCHEDULED,2026-09-27T18:52:36+00:00,-110.000
2026-09-27T19:07:33+00:00,401866434,DraftKings,total,51.500,-110.000,52.500,-110.000,STATUS_SCHEDULED,2026-09-27T20:22:39+00:00,-110.000
2026-09-27T20:37:36+00:00,401866434,DraftKings,total,50.500,-108.000,52.500,-110.000,STATUS_SCHEDULED,2026-09-28T00:52:38+00:00,-112.000
2026-09-28T01:52:44+00:00,401866434,DraftKings,total,50.500,-112.000,52.500,-110.000,STATUS_SCHEDULED,2026-09-30T20:55:50+00:00,-108.000
2026-09-27T16:22:39+00:00,401866477,DraftKings,margin,15.500,-110.000,15.500,-110.000,STATUS_SCHEDULED,2026-09-27T17:07:34+00:00,-110.000
2026-09-27T17:22:39+00:00,401866477,DraftKings,margin,16.500,-110.000,15.500,-110.000,STATUS_SCHEDULED,2026-09-27T17:22:38+00:00,-110.000
2026-09-27T17:37:40+00:00,401866477,DraftKings,margin,15.500,-110.000,15.500,-110.000,STATUS_SCHEDULED,2026-09-27T20:07:35+00:00,-110.000
2026-09-27T20:22:39+00:00,401866477,DraftKings,margin,14.500,-110.000,15.500,-110.000,STATUS_SCHEDULED,2026-09-27T21:07:44+00:00,-110.000
2026-09-27T21:22:44+00:00,401866477,DraftKings,margin,15.500,-108.000,15.500,-110.000,STATUS_SCHEDULED,2026-09-27T21:22:42+00:00,-112.000
2026-09-27T21:37:41+00:00,401866477,DraftKings,margin,14.500,-115.000,15.500,-110.000,STATUS_SCHEDULED,2026-09-27T23:22:35+00:00,-105.000
2026-09-27T23:37:48+00:00,401866477,DraftKings,margin,15.500,-105.000,15.500,-110.000,STATUS_SCHEDULED,2026-09-27T23:37:47+00:00,-115.000
2026-09-27T23:52:48+00:00,401866477,DraftKings,margin,14.500,-108.000,15.500,-110.000,STATUS_SCHEDULED,2026-09-28T11:52:41+00:00,-112.000
2026-09-28T12:52:43+00:00,401866477,DraftKings,margin,14.000,-110.000,15.500,-110.000,STATUS_SCHEDULED,2026-09-28T12:52:43+00:00,-110.000
2026-09-28T13:52:40+00:00,401866477,DraftKings,margin,13.500,-115.000,15.500,-110.000,STATUS_SCHEDULED,2026-09-28T14:52:39+00:00,-105.000
2026-09-28T15:52:44+00:00,401866477,DraftKings,margin,13.500,-110.000,15.500,-110.000,STATUS_SCHEDULED,2026-09-28T16:45:28+00:00,-110.000
2026-09-28T17:52:43+00:00,401866477,DraftKings,margin,13.500,-105.000,15.500,-110.000,STATUS_SCHEDULED,2026-09-30T20:55:50+00:00,-115.000
2026-09-27T16:22:39+00:00,401866477,DraftKings,total,50.500,-110.000,50.500,-110.000,STATUS_SCHEDULED,2026-09-27T17:07:34+00:00,-110.000
2026-09-27T17:22:39+00:00,401866477,DraftKings,total,47.500,-110.000,50.500,-110.000,STATUS_SCHEDULED,2026-09-27T21:22:42+00:00,-110.000
2026-09-27T21:37:41+00:00,401866477,DraftKings,total,47.500,-105.000,50.500,-110.000,STATUS_SCHEDULED,2026-09-27T22:37:47+00:00,-115.000
2026-09-27T22:52:34+00:00,401866477,DraftKings,total,46.500,-115.000,50.500,-110.000,STATUS_SCHEDULED,2026-09-27T23:52:46+00:00,-105.000
2026-09-28T00:52:38+00:00,401866477,DraftKings,total,46.500,-110.000,50.500,-110.000,STATUS_SCHEDULED,2026-09-28T02:52:45+00:00,-110.000
2026-09-28T03:52:44+00:00,401866477,DraftKings,total,45.500,-112.000,50.500,-110.000,STATUS_SCHEDULED,2026-09-28T10:52:45+00:00,-108.000
2026-09-28T11:52:42+00:00,401866477,DraftKings,total,46.500,-110.000,50.500,-110.000,STATUS_SCHEDULED,2026-09-28T12:52:43+00:00,-110.000
2026-09-28T13:52:40+00:00,401866477,DraftKings,total,46.500,-108.000,50.500,-110.000,STATUS_SCHEDULED,2026-09-28T14:52:39+00:00,-112.000
2026-09-28T15:52:44+00:00,401866477,DraftKings,total,42.500,-112.000,50.500,-110.000,STATUS_SCHEDULED,2026-09-29T17:07:45+00:00,-108.000
2026-09-29T18:07:52+00:00,401866477,DraftKings,total,43.500,-108.000,50.500,-110.000,STATUS_SCHEDULED,2026-09-29T18:07:51+00:00,-112.000
2026-09-29T19:07:41+00:00,401866477,DraftKings,total,42.500,-115.000,50.500,-110.000,STATUS_SCHEDULED,2026-09-30T14:07:43+00:00,-105.000
2026-09-30T14:55:28+00:00,401866477,DraftKings,total,43.500,-105.000,50.500,-110.000,STATUS_SCHEDULED,2026-09-30T20:55:50+00:00,-115.000
2026-09-24T12:13:44+00:00,401867909,DraftKings,margin,35.500,-110.000,35.500,-110.000,STATUS_SCHEDULED,2026-09-24T14:20:17+00:00,
2026-09-24T18:17:56+00:00,401867909,DraftKings,margin,34.500,-115.000,35.500,-110.000,STATUS_SCHEDULED,2026-09-24T18:17:56+00:00,
2026-09-24T19:14:09+00:00,401867909,DraftKings,margin,35.500,-110.000,35.500,-110.000,STATUS_SCHEDULED,2026-09-24T22:45:28+00:00,
2026-09-25T00:54:08+00:00,401867909,DraftKings,margin,35.500,-110.000,35.500,-110.000,STATUS_SCHEDULED,2026-09-25T13:15:51+00:00,-110.000
2026-09-25T18:25:20+00:00,401867909,DraftKings,margin,35.500,-108.000,35.500,-110.000,STATUS_SCHEDULED,2026-09-25T18:25:20+00:00,-112.000
2026-09-25T21:13:04+00:00,401867909,DraftKings,margin,36.500,-110.000,35.500,-110.000,STATUS_SCHEDULED,2026-09-26T03:35:33+00:00,-110.000
2026-09-26T13:24:25+00:00,401867909,DraftKings,margin,36.500,-115.000,35.500,-110.000,STATUS_SCHEDULED,2026-09-26T13:37:37+00:00,-105.000
2026-09-26T13:52:44+00:00,401867909,DraftKings,margin,37.500,-112.000,35.500,-110.000,STATUS_SCHEDULED,2026-09-26T13:52:44+00:00,-108.000
2026-09-26T14:07:41+00:00,401867909,DraftKings,margin,37.500,-108.000,35.500,-110.000,STATUS_SCHEDULED,2026-09-26T21:52:36+00:00,-112.000
2026-09-24T12:13:44+00:00,401867909,DraftKings,total,50.500,-110.000,50.500,-110.000,STATUS_SCHEDULED,2026-09-24T14:20:17+00:00,
2026-09-24T18:17:56+00:00,401867909,DraftKings,total,52.500,-110.000,50.500,-110.000,STATUS_SCHEDULED,2026-09-24T22:45:28+00:00,
2026-09-25T00:54:08+00:00,401867909,DraftKings,total,52.500,-110.000,50.500,-110.000,STATUS_SCHEDULED,2026-09-25T07:30:32+00:00,-110.000
2026-09-25T13:15:51+00:00,401867909,DraftKings,total,52.500,-122.000,50.500,-110.000,STATUS_SCHEDULED,2026-09-25T13:15:51+00:00,102.000
2026-09-25T18:25:20+00:00,401867909,DraftKings,total,53.500,-115.000,50.500,-110.000,STATUS_SCHEDULED,2026-09-26T03:35:33+00:00,-105.000
2026-09-26T13:24:25+00:00,401867909,DraftKings,total,53.500,-110.000,50.500,-110.000,STATUS_SCHEDULED,2026-09-26T13:52:44+00:00,-110.000
2026-09-26T14:07:41+00:00,401867909,DraftKings,total,53.500,-115.000,50.500,-110.000,STATUS_SCHEDULED,2026-09-26T14:28:46+00:00,-105.000
2026-09-26T14:52:35+00:00,401867909,DraftKings,total,54.500,-105.000,50.500,-110.000,STATUS_SCHEDULED,2026-09-26T21:52:36+00:00,-115.000
2026-09-24T12:13:44+00:00,401868188,DraftKings,margin,23.500,-110.000,23.500,-110.000,STATUS_SCHEDULED,2026-09-24T22:45:28+00:00,
2026-09-25T00:54:08+00:00,401868188,DraftKings,margin,23.500,-110.000,23.500,-110.000,STATUS_SCHEDULED,2026-09-26T03:35:33+00:00,-110.000
2026-09-26T13:24:25+00:00,401868188,DraftKings,margin,23.500,-115.000,23.500,-110.000,STATUS_SCHEDULED,2026-09-26T13:24:25+00:00,-105.000
2026-09-26T13:37:37+00:00,401868188,DraftKings,margin,24.500,-105.000,23.500,-110.000,STATUS_SCHEDULED,2026-09-26T13:37:37+00:00,-115.000
2026-09-26T13:52:44+00:00,401868188,DraftKings,margin,25.500,-110.000,23.500,-110.000,STATUS_SCHEDULED,2026-09-26T13:52:44+00:00,-110.000
2026-09-26T14:07:41+00:00,401868188,DraftKings,margin,25.500,-105.000,23.500,-110.000,STATUS_SCHEDULED,2026-09-26T16:52:37+00:00,-115.000
2026-09-26T17:07:46+00:00,401868188,DraftKings,margin,24.500,-115.000,23.500,-110.000,STATUS_SCHEDULED,2026-09-26T19:22:38+00:00,-105.000
2026-09-24T12:13:44+00:00,401868188,DraftKings,total,50.500,-110.000,50.500,-110.000,STATUS_SCHEDULED,2026-09-24T22:45:28+00:00,
2026-09-25T00:54:08+00:00,401868188,DraftKings,total,50.500,-110.000,50.500,-110.000,STATUS_SCHEDULED,2026-09-25T13:15:51+00:00,-110.000
2026-09-25T18:25:20+00:00,401868188,DraftKings,total,52.500,-105.000,50.500,-110.000,STATUS_SCHEDULED,2026-09-26T03:35:33+00:00,-115.000
2026-09-26T13:24:25+00:00,401868188,DraftKings,total,53.500,-115.000,50.500,-110.000,STATUS_SCHEDULED,2026-09-26T13:37:37+00:00,-105.000
2026-09-26T13:52:44+00:00,401868188,DraftKings,total,54.500,-108.000,50.500,-110.000,STATUS_SCHEDULED,2026-09-26T13:52:44+00:00,-112.000
2026-09-26T14:07:41+00:00,401868188,DraftKings,total,54.500,-112.000,50.500,-110.000,STATUS_SCHEDULED,2026-09-26T15:07:47+00:00,-108.000
2026-09-26T15:38:14+00:00,401868188,DraftKings,total,55.500,-110.000,50.500,-110.000,STATUS_SCHEDULED,2026-09-26T15:38:14+00:00,-110.000
2026-09-26T15:52:38+00:00,401868188,DraftKings,total,55.500,-115.000,50.500,-110.000,STATUS_SCHEDULED,2026-09-26T17:37:40+00:00,-105.000
2026-09-26T17:52:46+00:00,401868188,DraftKings,total,56.500,-105.000,50.500,-110.000,STATUS_SCHEDULED,2026-09-26T19:22:38+00:00,-115.000
2026-09-27T17:07:35+00:00,401869842,DraftKings,margin,-3.500,-110.000,-3.500,-110.000,STATUS_SCHEDULED,2026-09-27T20:22:39+00:00,-110.000
2026-09-27T20:37:36+00:00,401869842,DraftKings,margin,-3.500,-120.000,-3.500,-110.000,STATUS_SCHEDULED,2026-09-27T23:52:46+00:00,100.000
2026-09-28T00:52:38+00:00,401869842,DraftKings,margin,-3.500,-118.000,-3.500,-110.000,STATUS_SCHEDULED,2026-09-28T11:52:41+00:00,-102.000
2026-09-28T12:52:43+00:00,401869842,DraftKings,margin,-3.000,-110.000,-3.500,-110.000,STATUS_SCHEDULED,2026-09-28T13:52:40+00:00,-110.000
2026-09-28T14:52:40+00:00,401869842,DraftKings,margin,-2.500,-110.000,-3.500,-110.000,STATUS_SCHEDULED,2026-09-28T15:52:43+00:00,-110.000
2026-09-28T16:45:29+00:00,401869842,DraftKings,margin,-2.500,-115.000,-3.500,-110.000,STATUS_SCHEDULED,2026-09-30T01:07:32+00:00,-105.000
2026-09-30T02:07:40+00:00,401869842,DraftKings,margin,-2.500,-110.000,-3.500,-110.000,STATUS_SCHEDULED,2026-09-30T18:07:35+00:00,-110.000
2026-09-30T19:07:41+00:00,401869842,DraftKings,margin,-2.500,-115.000,-3.500,-110.000,STATUS_SCHEDULED,2026-09-30T20:55:50+00:00,-105.000
2026-09-27T17:07:35+00:00,401869842,DraftKings,total,44.500,-110.000,44.500,-110.000,STATUS_SCHEDULED,2026-09-27T19:22:39+00:00,-110.000
2026-09-27T19:37:37+00:00,401869842,DraftKings,total,45.500,-110.000,44.500,-110.000,STATUS_SCHEDULED,2026-09-27T20:22:39+00:00,-110.000
2026-09-27T20:37:36+00:00,401869842,DraftKings,total,46.500,-110.000,44.500,-110.000,STATUS_SCHEDULED,2026-09-28T13:52:40+00:00,-110.000
2026-09-28T14:52:40+00:00,401869842,DraftKings,total,46.500,-115.000,44.500,-110.000,STATUS_SCHEDULED,2026-09-28T14:52:39+00:00,-105.000
2026-09-28T15:52:44+00:00,401869842,DraftKings,total,47.500,-105.000,44.500,-110.000,STATUS_SCHEDULED,2026-09-28T15:52:43+00:00,-115.000
2026-09-28T16:45:29+00:00,401869842,DraftKings,total,46.500,-110.000,44.500,-110.000,STATUS_SCHEDULED,2026-09-30T13:07:37+00:00,-110.000
2026-09-30T14:07:43+00:00,401869842,DraftKings,total,47.500,-110.000,44.500,-110.000,STATUS_SCHEDULED,2026-09-30T20:55:50+00:00,-110.000
2026-09-22T17:45:06+00:00,401869931,DraftKings,margin,6.000,-110.000,5.500,-105.000,STATUS_SCHEDULED,2026-09-22T17:45:06+00:00,
2026-09-23T19:53:37+00:00,401869931,DraftKings,margin,6.000,-112.000,5.500,-105.000,STATUS_SCHEDULED,2026-09-23T22:10:00+00:00,
2026-09-24T12:13:44+00:00,401869931,DraftKings,margin,6.500,-108.000,5.500,-105.000,STATUS_SCHEDULED,2026-09-24T22:45:28+00:00,
2026-09-25T00:54:08+00:00,401869931,DraftKings,margin,6.500,-108.000,5.500,-105.000,STATUS_SCHEDULED,2026-09-26T22:52:43+00:00,-112.000
2026-09-24T12:13:44+00:00,401869931,DraftKings,total,52.500,-112.000,53.500,-110.000,STATUS_SCHEDULED,2026-09-24T22:45:28+00:00,
2026-09-25T00:54:08+00:00,401869931,DraftKings,total,52.500,-112.000,53.500,-110.000,STATUS_SCHEDULED,2026-09-26T03:35:33+00:00,-108.000
2026-09-26T13:24:25+00:00,401869931,DraftKings,total,53.500,-105.000,53.500,-110.000,STATUS_SCHEDULED,2026-09-26T22:52:43+00:00,-115.000
2026-09-27T17:22:39+00:00,401869932,DraftKings,margin,4.000,-110.000,4.000,-110.000,STATUS_SCHEDULED,2026-09-27T17:22:38+00:00,-110.000
2026-09-27T17:37:40+00:00,401869932,DraftKings,margin,4.500,-110.000,4.000,-110.000,STATUS_SCHEDULED,2026-09-27T19:07:32+00:00,-110.000
2026-09-27T19:22:40+00:00,401869932,DraftKings,margin,5.500,-105.000,4.000,-110.000,STATUS_SCHEDULED,2026-09-27T19:52:36+00:00,-115.000
2026-09-27T20:07:35+00:00,401869932,DraftKings,margin,6.000,-105.000,4.000,-110.000,STATUS_SCHEDULED,2026-09-27T20:22:39+00:00,-115.000
2026-09-27T20:37:36+00:00,401869932,DraftKings,margin,6.500,-115.000,4.000,-110.000,STATUS_SCHEDULED,2026-09-30T20:55:50+00:00,-105.000
2026-09-27T17:22:39+00:00,401869932,DraftKings,total,49.500,-110.000,49.500,-110.000,STATUS_SCHEDULED,2026-09-27T21:07:44+00:00,-110.000
2026-09-27T21:22:44+00:00,401869932,DraftKings,total,47.500,-112.000,49.500,-110.000,STATUS_SCHEDULED,2026-09-27T21:22:42+00:00,-108.000
2026-09-27T21:37:41+00:00,401869932,DraftKings,total,47.500,-108.000,49.500,-110.000,STATUS_SCHEDULED,2026-09-27T22:22:37+00:00,-112.000
2026-09-27T22:37:48+00:00,401869932,DraftKings,total,47.500,-102.000,49.500,-110.000,STATUS_SCHEDULED,2026-09-27T22:52:33+00:00,-118.000
2026-09-27T23:07:37+00:00,401869932,DraftKings,total,47.500,-108.000,49.500,-110.000,STATUS_SCHEDULED,2026-09-27T23:52:46+00:00,-112.000
2026-09-28T00:52:38+00:00,401869932,DraftKings,total,47.500,-105.000,49.500,-110.000,STATUS_SCHEDULED,2026-09-28T20:52:38+00:00,-115.000
2026-09-28T21:07:45+00:00,401869932,DraftKings,total,46.500,-118.000,49.500,-110.000,STATUS_SCHEDULED,2026-09-29T14:51:35+00:00,-102.000
2026-09-29T15:58:03+00:00,401869932,DraftKings,total,47.500,-110.000,49.500,-110.000,STATUS_SCHEDULED,2026-09-29T17:07:45+00:00,-110.000
2026-09-29T18:07:52+00:00,401869932,DraftKings,total,47.500,-115.000,49.500,-110.000,STATUS_SCHEDULED,2026-09-30T20:55:50+00:00,-105.000
2026-09-24T01:15:40+00:00,401869941,DraftKings,margin,-2.500,-108.000,1.500,-110.000,STATUS_SCHEDULED,2026-09-24T12:13:44+00:00,
2026-09-24T12:38:11+00:00,401869941,DraftKings,margin,-2.500,-110.000,1.500,-110.000,STATUS_SCHEDULED,2026-09-24T19:14:09+00:00,
2026-09-24T21:09:53+00:00,401869941,DraftKings,margin,-2.500,-115.000,1.500,-110.000,STATUS_SCHEDULED,2026-09-24T22:45:28+00:00,
2026-09-22T17:45:06+00:00,401869941,DraftKings,total,50.500,-118.000,54.500,-110.000,STATUS_SCHEDULED,2026-09-22T17:45:06+00:00,
2026-09-24T12:13:44+00:00,401869941,DraftKings,total,50.500,-105.000,54.500,-110.000,STATUS_SCHEDULED,2026-09-24T14:20:17+00:00,
2026-09-24T18:17:56+00:00,401869941,DraftKings,total,49.500,-112.000,54.500,-110.000,STATUS_SCHEDULED,2026-09-24T18:17:56+00:00,
2026-09-24T19:14:09+00:00,401869941,DraftKings,total,49.500,-110.000,54.500,-110.000,STATUS_SCHEDULED,2026-09-24T21:09:53+00:00,
2026-09-24T21:46:26+00:00,401869941,DraftKings,total,49.500,-112.000,54.500,-110.000,STATUS_SCHEDULED,2026-09-24T22:45:28+00:00,
2026-09-27T16:52:39+00:00,401869942,DraftKings,margin,1.500,-105.000,1.500,-105.000,STATUS_SCHEDULED,2026-09-27T17:22:38+00:00,-115.000
2026-09-27T17:37:40+00:00,401869942,DraftKings,margin,-1.500,-115.000,1.500,-105.000,STATUS_SCHEDULED,2026-09-27T20:22:39+00:00,-105.000
2026-09-27T20:37:36+00:00,401869942,DraftKings,margin,-1.500,-108.000,1.500,-105.000,STATUS_SCHEDULED,2026-09-27T22:07:37+00:00,-112.000
2026-09-27T22:22:38+00:00,401869942,DraftKings,margin,-2.500,-110.000,1.500,-105.000,STATUS_SCHEDULED,2026-09-30T20:55:50+00:00,-110.000
2026-09-27T16:52:39+00:00,401869942,DraftKings,total,52.500,-110.000,52.500,-110.000,STATUS_SCHEDULED,2026-09-27T20:22:39+00:00,-110.000
2026-09-27T20:37:36+00:00,401869942,DraftKings,total,53.500,-115.000,52.500,-110.000,STATUS_SCHEDULED,2026-09-27T22:07:37+00:00,-105.000
2026-09-27T22:22:38+00:00,401869942,DraftKings,total,54.500,-105.000,52.500,-110.000,STATUS_SCHEDULED,2026-09-27T23:07:37+00:00,-115.000
2026-09-27T23:22:36+00:00,401869942,DraftKings,total,53.500,-115.000,52.500,-110.000,STATUS_SCHEDULED,2026-09-28T13:52:40+00:00,-105.000
2026-09-28T14:52:40+00:00,401869942,DraftKings,total,54.500,-105.000,52.500,-110.000,STATUS_SCHEDULED,2026-09-30T16:07:44+00:00,-115.000
2026-09-30T17:07:45+00:00,401869942,DraftKings,total,53.500,-115.000,52.500,-110.000,STATUS_SCHEDULED,2026-09-30T17:07:44+00:00,-105.000
2026-09-30T18:07:35+00:00,401869942,DraftKings,total,54.500,-105.000,52.500,-110.000,STATUS_SCHEDULED,2026-09-30T20:55:50+00:00,-115.000
2026-09-27T14:37:38+00:00,401869956,DraftKings,margin,-1.500,-110.000,-1.500,-110.000,STATUS_SCHEDULED,2026-09-27T21:52:33+00:00,-110.000
2026-09-27T22:07:38+00:00,401869956,DraftKings,margin,-1.500,-105.000,-1.500,-110.000,STATUS_SCHEDULED,2026-09-27T22:07:37+00:00,-115.000
2026-09-27T22:22:38+00:00,401869956,DraftKings,margin,-1.500,-110.000,-1.500,-110.000,STATUS_SCHEDULED,2026-09-27T22:37:47+00:00,-110.000
2026-09-27T22:52:34+00:00,401869956,DraftKings,margin,-1.500,-115.000,-1.500,-110.000,STATUS_SCHEDULED,2026-09-28T13:52:40+00:00,-105.000
2026-09-28T14:52:40+00:00,401869956,DraftKings,margin,1.500,-105.000,-1.500,-110.000,STATUS_SCHEDULED,2026-09-28T15:52:43+00:00,-115.000
2026-09-28T16:45:29+00:00,401869956,DraftKings,margin,1.500,-110.000,-1.500,-110.000,STATUS_SCHEDULED,2026-09-29T12:52:34+00:00,-110.000
2026-09-29T13:52:42+00:00,401869956,DraftKings,margin,1.500,-115.000,-1.500,-110.000,STATUS_SCHEDULED,2026-09-29T22:07:45+00:00,-105.000
2026-09-29T23:07:38+00:00,401869956,DraftKings,margin,2.500,-108.000,-1.500,-110.000,STATUS_SCHEDULED,2026-09-30T20:55:50+00:00,-112.000
2026-09-27T14:37:38+00:00,401869956,DraftKings,total,52.500,-110.000,52.500,-110.000,STATUS_SCHEDULED,2026-09-27T20:22:39+00:00,-110.000
2026-09-27T20:37:36+00:00,401869956,DraftKings,total,52.500,-105.000,52.500,-110.000,STATUS_SCHEDULED,2026-09-27T20:37:35+00:00,-115.000
2026-09-27T20:52:45+00:00,401869956,DraftKings,total,51.500,-115.000,52.500,-110.000,STATUS_SCHEDULED,2026-09-27T20:52:45+00:00,-105.000
2026-09-27T21:07:45+00:00,401869956,DraftKings,total,50.500,-112.000,52.500,-110.000,STATUS_SCHEDULED,2026-09-28T15:52:43+00:00,-108.000
2026-09-28T16:45:29+00:00,401869956,DraftKings,total,50.500,-118.000,52.500,-110.000,STATUS_SCHEDULED,2026-09-29T14:51:35+00:00,-102.000
2026-09-29T15:58:03+00:00,401869956,DraftKings,total,51.500,-112.000,52.500,-110.000,STATUS_SCHEDULED,2026-09-29T15:58:03+00:00,-108.000
2026-09-29T17:07:46+00:00,401869956,DraftKings,total,51.500,-118.000,52.500,-110.000,STATUS_SCHEDULED,2026-09-29T18:07:51+00:00,-102.000
2026-09-29T19:07:41+00:00,401869956,DraftKings,total,52.500,-105.000,52.500,-110.000,STATUS_SCHEDULED,2026-09-30T13:07:37+00:00,-115.000
2026-09-30T14:07:43+00:00,401869956,DraftKings,total,51.500,-110.000,52.500,-110.000,STATUS_SCHEDULED,2026-09-30T20:55:50+00:00,-110.000
2026-09-23T02:42:24+00:00,401869961,DraftKings,margin,-6.000,-110.000,-4.500,-110.000,STATUS_SCHEDULED,2026-09-23T02:42:24+00:00,
2026-09-23T19:53:37+00:00,401869961,DraftKings,margin,-6.000,-112.000,-4.500,-110.000,STATUS_SCHEDULED,2026-09-24T01:15:40+00:00,
2026-09-24T12:13:44+00:00,401869961,DraftKings,margin,-6.000,-108.000,-4.500,-110.000,STATUS_SCHEDULED,2026-09-24T14:20:17+00:00,
2026-09-24T18:17:56+00:00,401869961,DraftKings,margin,-6.000,-112.000,-4.500,-110.000,STATUS_SCHEDULED,2026-09-24T22:45:28+00:00,
2026-09-25T00:54:08+00:00,401869961,DraftKings,margin,-6.000,-112.000,-4.500,-110.000,STATUS_SCHEDULED,2026-09-25T18:25:20+00:00,-108.000
2026-09-25T21:13:04+00:00,401869961,DraftKings,margin,-6.000,-108.000,-4.500,-110.000,STATUS_SCHEDULED,2026-09-25T21:13:04+00:00,-112.000
2026-09-25T23:25:34+00:00,401869961,DraftKings,margin,-6.000,-110.000,-4.500,-110.000,STATUS_SCHEDULED,2026-09-26T00:43:54+00:00,-110.000
2026-09-26T01:07:40+00:00,401869961,DraftKings,margin,-6.000,-108.000,-4.500,-110.000,STATUS_SCHEDULED,2026-09-26T14:28:46+00:00,-112.000
2026-09-26T14:52:35+00:00,401869961,DraftKings,margin,-6.500,-110.000,-4.500,-110.000,STATUS_SCHEDULED,2026-09-26T15:07:47+00:00,-110.000
2026-09-26T15:38:14+00:00,401869961,DraftKings,margin,-6.500,-105.000,-4.500,-110.000,STATUS_SCHEDULED,2026-09-26T15:52:37+00:00,-115.000
2026-09-26T16:07:42+00:00,401869961,DraftKings,margin,-7.000,-115.000,-4.500,-110.000,STATUS_SCHEDULED,2026-09-26T18:52:41+00:00,-105.000
2026-09-26T19:07:36+00:00,401869961,DraftKings,margin,-6.500,-102.000,-4.500,-110.000,STATUS_SCHEDULED,2026-09-26T20:07:42+00:00,-118.000
2026-09-26T20:22:48+00:00,401869961,DraftKings,margin,-6.500,-105.000,-4.500,-110.000,STATUS_SCHEDULED,2026-09-26T21:22:37+00:00,-115.000
2026-09-26T21:37:32+00:00,401869961,DraftKings,margin,-7.000,-112.000,-4.500,-110.000,STATUS_SCHEDULED,2026-09-26T21:52:36+00:00,-108.000
2026-09-24T12:13:44+00:00,401869961,DraftKings,total,44.500,-115.000,50.500,-110.000,STATUS_SCHEDULED,2026-09-24T22:45:28+00:00,
2026-09-25T00:54:08+00:00,401869961,DraftKings,total,44.500,-115.000,50.500,-110.000,STATUS_SCHEDULED,2026-09-25T07:30:32+00:00,-105.000
2026-09-25T13:15:51+00:00,401869961,DraftKings,total,44.500,-108.000,50.500,-110.000,STATUS_SCHEDULED,2026-09-25T21:13:04+00:00,-112.000
2026-09-25T23:25:34+00:00,401869961,DraftKings,total,44.500,-102.000,50.500,-110.000,STATUS_SCHEDULED,2026-09-25T23:25:33+00:00,-118.000
2026-09-26T00:43:54+00:00,401869961,DraftKings,total,44.500,-108.000,50.500,-110.000,STATUS_SCHEDULED,2026-09-26T01:22:43+00:00,-112.000
2026-09-26T01:37:38+00:00,401869961,DraftKings,total,44.500,-112.000,50.500,-110.000,STATUS_SCHEDULED,2026-09-26T03:35:33+00:00,-108.000
2026-09-26T13:24:25+00:00,401869961,DraftKings,total,43.500,-115.000,50.500,-110.000,STATUS_SCHEDULED,2026-09-26T14:28:46+00:00,-105.000
2026-09-26T14:52:35+00:00,401869961,DraftKings,total,42.500,-115.000,50.500,-110.000,STATUS_SCHEDULED,2026-09-26T19:22:38+00:00,-105.000
2026-09-26T19:37:50+00:00,401869961,DraftKings,total,43.500,-108.000,50.500,-110.000,STATUS_SCHEDULED,2026-09-26T20:07:42+00:00,-112.000
2026-09-26T20:22:48+00:00,401869961,DraftKings,total,43.500,-118.000,50.500,-110.000,STATUS_SCHEDULED,2026-09-26T21:37:32+00:00,-102.000
2026-09-26T21:52:36+00:00,401869961,DraftKings,total,44.500,-102.000,50.500,-110.000,STATUS_SCHEDULED,2026-09-26T21:52:36+00:00,-118.000
2026-09-27T14:52:40+00:00,401869962,DraftKings,margin,13.500,-115.000,13.500,-115.000,STATUS_SCHEDULED,2026-09-27T14:52:39+00:00,-105.000
2026-09-27T15:07:47+00:00,401869962,DraftKings,margin,14.000,-115.000,13.500,-115.000,STATUS_SCHEDULED,2026-09-27T17:22:38+00:00,-105.000
2026-09-27T17:37:40+00:00,401869962,DraftKings,margin,14.500,-110.000,13.500,-115.000,STATUS_SCHEDULED,2026-09-27T17:37:40+00:00,-110.000
2026-09-27T17:52:37+00:00,401869962,DraftKings,margin,15.500,-110.000,13.500,-115.000,STATUS_SCHEDULED,2026-09-27T19:37:37+00:00,-110.000
2026-09-27T19:52:37+00:00,401869962,DraftKings,margin,16.500,-115.000,13.500,-115.000,STATUS_SCHEDULED,2026-09-27T21:22:42+00:00,-105.000
2026-09-27T21:37:41+00:00,401869962,DraftKings,margin,16.500,-120.000,13.500,-115.000,STATUS_SCHEDULED,2026-09-27T22:22:37+00:00,100.000
2026-09-27T22:37:48+00:00,401869962,DraftKings,margin,17.500,-105.000,13.500,-115.000,STATUS_SCHEDULED,2026-09-27T23:52:46+00:00,-115.000
2026-09-28T00:52:38+00:00,401869962,DraftKings,margin,17.500,-115.000,13.500,-115.000,STATUS_SCHEDULED,2026-09-28T13:52:40+00:00,-105.000
2026-09-28T14:52:40+00:00,401869962,DraftKings,margin,18.500,-105.000,13.500,-115.000,STATUS_SCHEDULED,2026-09-30T19:35:46+00:00,-115.000
2026-09-30T20:26:41+00:00,401869962,DraftKings,margin,18.500,-115.000,13.500,-115.000,STATUS_SCHEDULED,2026-09-30T20:55:50+00:00,-105.000
2026-09-27T14:52:40+00:00,401869962,DraftKings,total,55.500,-110.000,55.500,-110.000,STATUS_SCHEDULED,2026-09-27T17:22:38+00:00,-110.000
2026-09-27T17:37:40+00:00,401869962,DraftKings,total,55.500,-115.000,55.500,-110.000,STATUS_SCHEDULED,2026-09-27T17:37:40+00:00,-105.000
2026-09-27T17:52:37+00:00,401869962,DraftKings,total,56.500,-105.000,55.500,-110.000,STATUS_SCHEDULED,2026-09-27T19:22:39+00:00,-115.000
2026-09-27T19:37:37+00:00,401869962,DraftKings,total,55.500,-110.000,55.500,-110.000,STATUS_SCHEDULED,2026-09-27T19:37:37+00:00,-110.000
2026-09-27T19:52:37+00:00,401869962,DraftKings,total,54.500,-115.000,55.500,-110.000,STATUS_SCHEDULED,2026-09-28T15:52:43+00:00,-105.000
2026-09-28T16:45:29+00:00,401869962,DraftKings,total,55.500,100.000,55.500,-110.000,STATUS_SCHEDULED,2026-09-29T14:51:35+00:00,-120.000
2026-09-29T15:58:03+00:00,401869962,DraftKings,total,55.500,-112.000,55.500,-110.000,STATUS_SCHEDULED,2026-09-30T19:35:46+00:00,-108.000
2026-09-30T20:26:41+00:00,401869962,DraftKings,total,56.500,-105.000,55.500,-110.000,STATUS_SCHEDULED,2026-09-30T20:55:50+00:00,-115.000
2026-09-24T12:13:44+00:00,401870745,DraftKings,margin,38.500,-110.000,38.500,-110.000,STATUS_SCHEDULED,2026-09-24T14:20:17+00:00,
2026-09-24T18:17:56+00:00,401870745,DraftKings,margin,40.500,-110.000,38.500,-110.000,STATUS_SCHEDULED,2026-09-24T21:09:53+00:00,
2026-09-24T21:46:26+00:00,401870745,DraftKings,margin,40.500,-118.000,38.500,-110.000,STATUS_SCHEDULED,2026-09-24T22:45:28+00:00,
2026-09-25T00:54:08+00:00,401870745,DraftKings,margin,40.500,-110.000,38.500,-110.000,STATUS_SCHEDULED,2026-09-26T21:52:36+00:00,-110.000
2026-09-26T22:07:37+00:00,401870745,DraftKings,margin,39.500,-108.000,38.500,-110.000,STATUS_SCHEDULED,2026-09-26T22:52:43+00:00,-112.000
2026-09-24T12:13:44+00:00,401870745,DraftKings,total,56.500,-110.000,56.500,-110.000,STATUS_SCHEDULED,2026-09-24T14:20:17+00:00,
2026-09-24T18:17:56+00:00,401870745,DraftKings,total,58.500,-110.000,56.500,-110.000,STATUS_SCHEDULED,2026-09-24T22:45:28+00:00,
2026-09-25T00:54:08+00:00,401870745,DraftKings,total,58.500,-110.000,56.500,-110.000,STATUS_SCHEDULED,2026-09-25T07:30:32+00:00,-110.000
2026-09-25T13:15:51+00:00,401870745,DraftKings,total,57.500,-102.000,56.500,-110.000,STATUS_SCHEDULED,2026-09-25T13:15:51+00:00,-118.000
2026-09-25T18:25:20+00:00,401870745,DraftKings,total,56.500,-110.000,56.500,-110.000,STATUS_SCHEDULED,2026-09-25T21:13:04+00:00,-110.000
2026-09-25T23:25:34+00:00,401870745,DraftKings,total,58.500,-105.000,56.500,-110.000,STATUS_SCHEDULED,2026-09-26T13:24:25+00:00,-115.000
2026-09-26T13:37:37+00:00,401870745,DraftKings,total,58.500,-112.000,56.500,-110.000,STATUS_SCHEDULED,2026-09-26T22:52:43+00:00,-108.000
2026-09-24T12:13:44+00:00,401871048,DraftKings,margin,7.000,-112.000,9.500,-110.000,STATUS_SCHEDULED,2026-09-24T22:45:28+00:00,
2026-09-25T00:54:08+00:00,401871048,DraftKings,margin,7.000,-112.000,9.500,-110.000,STATUS_SCHEDULED,2026-09-26T03:35:33+00:00,-108.000
2026-09-26T13:24:25+00:00,401871048,DraftKings,margin,7.500,-102.000,9.500,-110.000,STATUS_SCHEDULED,2026-09-26T21:37:32+00:00,-118.000
2026-09-26T21:52:36+00:00,401871048,DraftKings,margin,7.000,-115.000,9.500,-110.000,STATUS_SCHEDULED,2026-09-26T22:52:43+00:00,-105.000
2026-09-24T12:13:44+00:00,401871048,DraftKings,total,51.500,-110.000,54.500,-110.000,STATUS_SCHEDULED,2026-09-24T22:45:28+00:00,
2026-09-25T00:54:08+00:00,401871048,DraftKings,total,51.500,-110.000,54.500,-110.000,STATUS_SCHEDULED,2026-09-26T22:52:43+00:00,-110.000
2026-09-27T15:37:36+00:00,401871049,DraftKings,margin,1.500,-108.000,1.500,-108.000,STATUS_SCHEDULED,2026-09-27T23:52:46+00:00,-112.000
2026-09-28T00:52:38+00:00,401871049,DraftKings,margin,1.500,-112.000,1.500,-108.000,STATUS_SCHEDULED,2026-09-28T07:52:45+00:00,-108.000
2026-09-28T08:52:39+00:00,401871049,DraftKings,margin,2.500,-105.000,1.500,-108.000,STATUS_SCHEDULED,2026-09-28T19:52:46+00:00,-115.000
2026-09-28T20:52:39+00:00,401871049,DraftKings,margin,2.500,-108.000,1.500,-108.000,STATUS_SCHEDULED,2026-09-29T17:07:45+00:00,-112.000
2026-09-29T18:07:52+00:00,401871049,DraftKings,margin,2.500,-112.000,1.500,-108.000,STATUS_SCHEDULED,2026-09-30T20:26:40+00:00,-108.000
2026-09-30T20:55:51+00:00,401871049,DraftKings,margin,2.500,-108.000,1.500,-108.000,STATUS_SCHEDULED,2026-09-30T20:55:50+00:00,-112.000
2026-09-27T15:37:36+00:00,401871049,DraftKings,total,53.500,-110.000,53.500,-110.000,STATUS_SCHEDULED,2026-09-28T07:52:45+00:00,-110.000
2026-09-28T08:52:39+00:00,401871049,DraftKings,total,53.500,-115.000,53.500,-110.000,STATUS_SCHEDULED,2026-09-28T09:52:41+00:00,-105.000
2026-09-28T10:52:45+00:00,401871049,DraftKings,total,54.500,-108.000,53.500,-110.000,STATUS_SCHEDULED,2026-09-28T12:52:43+00:00,-112.000
2026-09-28T13:52:40+00:00,401871049,DraftKings,total,54.500,-115.000,53.500,-110.000,STATUS_SCHEDULED,2026-09-28T15:52:43+00:00,-105.000
2026-09-28T16:45:29+00:00,401871049,DraftKings,total,55.500,-105.000,53.500,-110.000,STATUS_SCHEDULED,2026-09-28T20:52:38+00:00,-115.000
2026-09-28T21:07:45+00:00,401871049,DraftKings,total,56.500,-108.000,53.500,-110.000,STATUS_SCHEDULED,2026-09-29T02:37:40+00:00,-112.000
2026-09-29T02:52:40+00:00,401871049,DraftKings,total,56.500,-112.000,53.500,-110.000,STATUS_SCHEDULED,2026-09-29T05:52:37+00:00,-108.000
2026-09-29T06:52:39+00:00,401871049,DraftKings,total,57.500,-105.000,53.500,-110.000,STATUS_SCHEDULED,2026-09-29T20:07:53+00:00,-115.000
2026-09-29T21:07:47+00:00,401871049,DraftKings,total,57.500,-110.000,53.500,-110.000,STATUS_SCHEDULED,2026-09-30T20:55:50+00:00,-110.000
2026-09-27T16:07:38+00:00,401871050,DraftKings,margin,-7.000,-110.000,-7.000,-110.000,STATUS_SCHEDULED,2026-09-27T17:07:34+00:00,-110.000
2026-09-27T17:22:39+00:00,401871050,DraftKings,margin,-6.500,-105.000,-7.000,-110.000,STATUS_SCHEDULED,2026-09-27T18:07:45+00:00,-115.000
2026-09-27T18:22:38+00:00,401871050,DraftKings,margin,-7.000,-112.000,-7.000,-110.000,STATUS_SCHEDULED,2026-09-27T23:22:35+00:00,-108.000
2026-09-27T23:37:48+00:00,401871050,DraftKings,margin,-7.000,-110.000,-7.000,-110.000,STATUS_SCHEDULED,2026-09-28T16:45:28+00:00,-110.000
2026-09-28T17:52:43+00:00,401871050,DraftKings,margin,-7.000,-108.000,-7.000,-110.000,STATUS_SCHEDULED,2026-09-29T12:52:34+00:00,-112.000
2026-09-29T13:52:42+00:00,401871050,DraftKings,margin,-7.000,-110.000,-7.000,-110.000,STATUS_SCHEDULED,2026-09-29T15:58:03+00:00,-110.000
2026-09-29T17:07:46+00:00,401871050,DraftKings,margin,-7.000,-108.000,-7.000,-110.000,STATUS_SCHEDULED,2026-09-30T13:07:37+00:00,-112.000
2026-09-30T14:07:43+00:00,401871050,DraftKings,margin,-7.000,-102.000,-7.000,-110.000,STATUS_SCHEDULED,2026-09-30T19:35:46+00:00,-118.000
2026-09-30T20:26:41+00:00,401871050,DraftKings,margin,-7.000,100.000,-7.000,-110.000,STATUS_SCHEDULED,2026-09-30T20:55:50+00:00,-120.000
2026-09-27T16:07:38+00:00,401871050,DraftKings,total,50.500,-110.000,50.500,-110.000,STATUS_SCHEDULED,2026-09-27T20:07:35+00:00,-110.000
2026-09-27T20:22:39+00:00,401871050,DraftKings,total,49.500,-110.000,50.500,-110.000,STATUS_SCHEDULED,2026-09-27T22:37:47+00:00,-110.000
2026-09-27T22:52:34+00:00,401871050,DraftKings,total,49.500,-115.000,50.500,-110.000,STATUS_SCHEDULED,2026-09-28T16:45:28+00:00,-105.000
2026-09-28T17:52:43+00:00,401871050,DraftKings,total,49.500,-110.000,50.500,-110.000,STATUS_SCHEDULED,2026-09-29T12:52:34+00:00,-110.000
2026-09-29T13:52:42+00:00,401871050,DraftKings,total,49.500,-115.000,50.500,-110.000,STATUS_SCHEDULED,2026-09-29T14:51:35+00:00,-105.000
2026-09-29T15:58:03+00:00,401871050,DraftKings,total,50.500,-105.000,50.500,-110.000,STATUS_SCHEDULED,2026-09-30T20:55:50+00:00,-115.000
2026-09-27T15:22:33+00:00,401871089,DraftKings,margin,14.500,-110.000,14.500,-110.000,STATUS_SCHEDULED,2026-09-27T20:22:39+00:00,-110.000
2026-09-27T20:37:36+00:00,401871089,DraftKings,margin,14.500,-105.000,14.500,-110.000,STATUS_SCHEDULED,2026-09-27T23:22:35+00:00,-115.000
2026-09-27T23:37:48+00:00,401871089,DraftKings,margin,14.000,-108.000,14.500,-110.000,STATUS_SCHEDULED,2026-09-30T20:55:50+00:00,-112.000
2026-09-27T15:22:33+00:00,401871089,DraftKings,total,55.500,-110.000,55.500,-110.000,STATUS_SCHEDULED,2026-09-27T23:52:46+00:00,-110.000
2026-09-28T00:52:38+00:00,401871089,DraftKings,total,55.500,-115.000,55.500,-110.000,STATUS_SCHEDULED,2026-09-29T00:07:39+00:00,-105.000
2026-09-29T00:22:39+00:00,401871089,DraftKings,total,56.500,-112.000,55.500,-110.000,STATUS_SCHEDULED,2026-09-29T15:58:03+00:00,-108.000
2026-09-29T17:07:46+00:00,401871089,DraftKings,total,57.500,-108.000,55.500,-110.000,STATUS_SCHEDULED,2026-09-30T20:55:50+00:00,-112.000
2026-09-24T01:15:41+00:00,401872948,DraftKings,margin,5.500,-105.000,7.500,-110.000,STATUS_SCHEDULED,2026-09-24T01:15:41+00:00,
2026-09-24T12:13:45+00:00,401872948,DraftKings,margin,4.500,-115.000,7.500,-110.000,STATUS_SCHEDULED,2026-09-24T19:14:10+00:00,
2026-09-24T21:09:54+00:00,401872948,DraftKings,margin,5.500,-105.000,7.500,-110.000,STATUS_SCHEDULED,2026-09-24T21:46:27+00:00,
2026-09-24T22:45:28+00:00,401872948,DraftKings,margin,4.500,-112.000,7.500,-110.000,STATUS_SCHEDULED,2026-09-24T22:45:28+00:00,
2026-09-24T12:13:45+00:00,401872948,DraftKings,total,42.500,-118.000,46.500,-110.000,STATUS_SCHEDULED,2026-09-24T19:14:10+00:00,
2026-09-24T21:09:54+00:00,401872948,DraftKings,total,43.500,-102.000,46.500,-110.000,STATUS_SCHEDULED,2026-09-24T22:45:28+00:00,
2026-09-24T12:13:45+00:00,401872949,DraftKings,margin,-2.500,100.000,-1.500,-115.000,STATUS_SCHEDULED,2026-09-24T13:26:46+00:00,
2026-09-24T13:50:25+00:00,401872949,DraftKings,margin,-3.000,-118.000,-1.500,-115.000,STATUS_SCHEDULED,2026-09-24T14:20:18+00:00,
2026-09-24T18:17:58+00:00,401872949,DraftKings,margin,-2.500,-102.000,-1.500,-115.000,STATUS_SCHEDULED,2026-09-24T22:45:29+00:00,
2026-09-25T00:54:08+00:00,401872949,DraftKings,margin,-2.500,-102.000,-1.500,-115.000,STATUS_SCHEDULED,2026-09-25T21:13:04+00:00,-118.000
2026-09-25T23:25:34+00:00,401872949,DraftKings,margin,-2.500,-105.000,-1.500,-115.000,STATUS_SCHEDULED,2026-09-26T00:43:54+00:00,-115.000
2026-09-26T01:07:41+00:00,401872949,DraftKings,margin,-2.500,-108.000,-1.500,-115.000,STATUS_SCHEDULED,2026-09-27T00:22:38+00:00,-112.000
2026-09-27T00:37:45+00:00,401872949,DraftKings,margin,-1.500,-108.000,-1.500,-115.000,STATUS_SCHEDULED,2026-09-27T14:22:50+00:00,-112.000
2026-09-27T14:37:39+00:00,401872949,DraftKings,margin,-2.500,-110.000,-1.500,-115.000,STATUS_SCHEDULED,2026-09-27T15:22:33+00:00,-110.000
2026-09-27T15:37:37+00:00,401872949,DraftKings,margin,-2.500,-112.000,-1.500,-115.000,STATUS_SCHEDULED,2026-09-27T16:52:38+00:00,-108.000
2026-09-24T12:13:45+00:00,401872949,DraftKings,total,42.500,-108.000,39.500,-110.000,STATUS_SCHEDULED,2026-09-24T22:45:29+00:00,
2026-09-25T00:54:08+00:00,401872949,DraftKings,total,42.500,-108.000,39.500,-110.000,STATUS_SCHEDULED,2026-09-25T21:13:04+00:00,-112.000
2026-09-25T23:25:34+00:00,401872949,DraftKings,total,42.500,-110.000,39.500,-110.000,STATUS_SCHEDULED,2026-09-27T12:22:38+00:00,-110.000
2026-09-27T12:37:45+00:00,401872949,DraftKings,total,41.500,-115.000,39.500,-110.000,STATUS_SCHEDULED,2026-09-27T16:52:38+00:00,-105.000
2026-09-24T12:13:45+00:00,401872950,DraftKings,margin,-3.500,-105.000,-1.500,-120.000,STATUS_SCHEDULED,2026-09-24T22:45:29+00:00,
2026-09-25T00:54:08+00:00,401872950,DraftKings,margin,-3.500,-105.000,-1.500,-120.000,STATUS_SCHEDULED,2026-09-25T07:30:32+00:00,-115.000
2026-09-25T13:15:52+00:00,401872950,DraftKings,margin,-3.500,-110.000,-1.500,-120.000,STATUS_SCHEDULED,2026-09-25T18:25:20+00:00,-110.000
2026-09-25T21:13:05+00:00,401872950,DraftKings,margin,-3.000,-102.000,-1.500,-120.000,STATUS_SCHEDULED,2026-09-25T21:13:04+00:00,-118.000
2026-09-25T23:25:34+00:00,401872950,DraftKings,margin,-3.500,-115.000,-1.500,-120.000,STATUS_SCHEDULED,2026-09-25T23:25:33+00:00,-105.000
2026-09-26T00:43:55+00:00,401872950,DraftKings,margin,-3.500,-112.000,-1.500,-120.000,STATUS_SCHEDULED,2026-09-27T14:37:38+00:00,-108.000
2026-09-27T14:52:40+00:00,401872950,DraftKings,margin,-3.500,-110.000,-1.500,-120.000,STATUS_SCHEDULED,2026-09-27T15:22:33+00:00,-110.000
2026-09-27T15:37:37+00:00,401872950,DraftKings,margin,-3.500,-115.000,-1.500,-120.000,STATUS_SCHEDULED,2026-09-27T15:52:32+00:00,-105.000
2026-09-27T16:07:39+00:00,401872950,DraftKings,margin,-3.500,-118.000,-1.500,-120.000,STATUS_SCHEDULED,2026-09-27T16:52:38+00:00,-102.000
2026-09-24T12:13:45+00:00,401872950,DraftKings,total,42.500,-110.000,47.500,-110.000,STATUS_SCHEDULED,2026-09-24T22:45:29+00:00,
2026-09-25T00:54:08+00:00,401872950,DraftKings,total,42.500,-110.000,47.500,-110.000,STATUS_SCHEDULED,2026-09-25T18:25:20+00:00,-110.000
2026-09-25T21:13:05+00:00,401872950,DraftKings,total,42.500,-108.000,47.500,-110.000,STATUS_SCHEDULED,2026-09-25T21:13:04+00:00,-112.000
2026-09-25T23:25:34+00:00,401872950,DraftKings,total,42.500,-112.000,47.500,-110.000,STATUS_SCHEDULED,2026-09-27T16:52:38+00:00,-108.000
2026-09-24T12:13:45+00:00,401872951,DraftKings,margin,-2.500,-105.000,-1.500,-105.000,STATUS_SCHEDULED,2026-09-24T12:38:12+00:00,
2026-09-24T13:05:23+00:00,401872951,DraftKings,margin,-2.500,-110.000,-1.500,-105.000,STATUS_SCHEDULED,2026-09-24T14:20:18+00:00,
2026-09-24T18:17:58+00:00,401872951,DraftKings,margin,-1.500,-102.000,-1.500,-105.000,STATUS_SCHEDULED,2026-09-24T22:45:29+00:00,
2026-09-25T00:54:08+00:00,401872951,DraftKings,margin,-1.500,-102.000,-1.500,-105.000,STATUS_SCHEDULED,2026-09-27T14:22:50+00:00,-118.000
2026-09-27T14:37:39+00:00,401872951,DraftKings,margin,-1.500,-108.000,-1.500,-105.000,STATUS_SCHEDULED,2026-09-27T16:52:38+00:00,-112.000
2026-09-24T12:13:45+00:00,401872951,DraftKings,total,42.500,-112.000,45.500,-110.000,STATUS_SCHEDULED,2026-09-24T22:45:29+00:00,
2026-09-25T00:54:08+00:00,401872951,DraftKings,total,42.500,-112.000,45.500,-110.000,STATUS_SCHEDULED,2026-09-25T23:25:33+00:00,-108.000
2026-09-26T00:43:55+00:00,401872951,DraftKings,total,42.500,-118.000,45.500,-110.000,STATUS_SCHEDULED,2026-09-26T14:28:46+00:00,-102.000
2026-09-26T14:52:35+00:00,401872951,DraftKings,total,42.500,-112.000,45.500,-110.000,STATUS_SCHEDULED,2026-09-27T16:07:38+00:00,-108.000
2026-09-27T16:22:39+00:00,401872951,DraftKings,total,41.500,-115.000,45.500,-110.000,STATUS_SCHEDULED,2026-09-27T16:52:38+00:00,-105.000
2026-09-24T01:15:41+00:00,401872952,DraftKings,margin,-11.500,-112.000,-7.000,-105.000,STATUS_SCHEDULED,2026-09-24T01:15:41+00:00,
2026-09-24T12:13:45+00:00,401872952,DraftKings,margin,-10.500,-105.000,-7.000,-105.000,STATUS_SCHEDULED,2026-09-24T14:20:18+00:00,
2026-09-24T18:17:58+00:00,401872952,DraftKings,margin,-11.500,-115.000,-7.000,-105.000,STATUS_SCHEDULED,2026-09-24T18:17:58+00:00,
2026-09-24T19:14:10+00:00,401872952,DraftKings,margin,-10.500,-108.000,-7.000,-105.000,STATUS_SCHEDULED,2026-09-24T22:45:29+00:00,
2026-09-25T00:54:08+00:00,401872952,DraftKings,margin,-10.500,-108.000,-7.000,-105.000,STATUS_SCHEDULED,2026-09-25T23:25:33+00:00,-112.000
2026-09-26T00:43:55+00:00,401872952,DraftKings,margin,-10.000,-105.000,-7.000,-105.000,STATUS_SCHEDULED,2026-09-26T14:28:46+00:00,-115.000
2026-09-26T14:52:35+00:00,401872952,DraftKings,margin,-10.000,-108.000,-7.000,-105.000,STATUS_SCHEDULED,2026-09-26T16:07:41+00:00,-112.000
2026-09-26T16:22:40+00:00,401872952,DraftKings,margin,-10.000,-105.000,-7.000,-105.000,STATUS_SCHEDULED,2026-09-26T16:22:39+00:00,-115.000
2026-09-26T16:37:44+00:00,401872952,DraftKings,margin,-10.000,-108.000,-7.000,-105.000,STATUS_SCHEDULED,2026-09-27T00:22:38+00:00,-112.000
2026-09-27T00:37:45+00:00,401872952,DraftKings,margin,-10.000,-105.000,-7.000,-105.000,STATUS_SCHEDULED,2026-09-27T00:37:44+00:00,-115.000
2026-09-27T00:52:46+00:00,401872952,DraftKings,margin,-10.000,-108.000,-7.000,-105.000,STATUS_SCHEDULED,2026-09-27T00:52:45+00:00,-112.000
2026-09-27T01:07:45+00:00,401872952,DraftKings,margin,-10.000,-112.000,-7.000,-105.000,STATUS_SCHEDULED,2026-09-27T05:53:15+00:00,-108.000
2026-09-27T06:52:47+00:00,401872952,DraftKings,margin,-10.000,-115.000,-7.000,-105.000,STATUS_SCHEDULED,2026-09-27T12:37:44+00:00,-105.000
2026-09-27T12:52:38+00:00,401872952,DraftKings,margin,-9.500,-108.000,-7.000,-105.000,STATUS_SCHEDULED,2026-09-27T14:37:38+00:00,-112.000
2026-09-27T14:52:40+00:00,401872952,DraftKings,margin,-10.000,-112.000,-7.000,-105.000,STATUS_SCHEDULED,2026-09-27T16:52:38+00:00,-108.000
2026-09-24T12:13:45+00:00,401872952,DraftKings,total,46.500,-105.000,44.500,-110.000,STATUS_SCHEDULED,2026-09-24T14:20:18+00:00,
2026-09-24T18:17:58+00:00,401872952,DraftKings,total,45.500,-115.000,44.500,-110.000,STATUS_SCHEDULED,2026-09-24T22:45:29+00:00,
2026-09-25T00:54:08+00:00,401872952,DraftKings,total,45.500,-115.000,44.500,-110.000,STATUS_SCHEDULED,2026-09-25T13:15:51+00:00,-105.000
2026-09-25T18:25:21+00:00,401872952,DraftKings,total,45.500,-108.000,44.500,-110.000,STATUS_SCHEDULED,2026-09-27T00:52:45+00:00,-112.000
2026-09-27T01:07:45+00:00,401872952,DraftKings,total,45.500,-105.000,44.500,-110.000,STATUS_SCHEDULED,2026-09-27T16:52:38+00:00,-115.000
2026-09-24T12:13:45+00:00,401872953,DraftKings,margin,7.000,-115.000,2.500,-110.000,STATUS_SCHEDULED,2026-09-24T22:45:29+00:00,
2026-09-25T00:54:08+00:00,401872953,DraftKings,margin,7.000,-112.000,2.500,-110.000,STATUS_SCHEDULED,2026-09-25T18:25:20+00:00,-108.000
2026-09-25T21:13:05+00:00,401872953,DraftKings,margin,7.000,-115.000,2.500,-110.000,STATUS_SCHEDULED,2026-09-26T19:37:49+00:00,-105.000
2026-09-26T19:52:40+00:00,401872953,DraftKings,margin,7.000,-112.000,2.500,-110.000,STATUS_SCHEDULED,2026-09-27T01:37:38+00:00,-108.000
2026-09-27T01:52:37+00:00,401872953,DraftKings,margin,7.000,-115.000,2.500,-110.000,STATUS_SCHEDULED,2026-09-27T01:52:35+00:00,-105.000
2026-09-27T02:08:13+00:00,401872953,DraftKings,margin,7.000,-112.000,2.500,-110.000,STATUS_SCHEDULED,2026-09-27T02:08:13+00:00,-108.000
2026-09-27T02:22:33+00:00,401872953,DraftKings,margin,7.000,-115.000,2.500,-110.000,STATUS_SCHEDULED,2026-09-27T04:52:45+00:00,-105.000
2026-09-27T05:53:15+00:00,401872953,DraftKings,margin,7.000,-112.000,2.500,-110.000,STATUS_SCHEDULED,2026-09-27T06:52:45+00:00,-108.000
2026-09-27T07:52:37+00:00,401872953,DraftKings,margin,7.000,-115.000,2.500,-110.000,STATUS_SCHEDULED,2026-09-27T11:22:43+00:00,-105.000
2026-09-27T11:38:12+00:00,401872953,DraftKings,margin,7.000,-112.000,2.500,-110.000,STATUS_SCHEDULED,2026-09-27T16:52:38+00:00,-108.000
2026-09-24T12:13:45+00:00,401872953,DraftKings,total,50.500,-105.000,48.500,-110.000,STATUS_SCHEDULED,2026-09-24T22:45:29+00:00,
2026-09-25T00:54:08+00:00,401872953,DraftKings,total,50.500,-105.000,48.500,-110.000,STATUS_SCHEDULED,2026-09-25T18:25:20+00:00,-115.000
2026-09-25T21:13:05+00:00,401872953,DraftKings,total,50.500,-102.000,48.500,-110.000,STATUS_SCHEDULED,2026-09-25T21:13:04+00:00,-118.000
2026-09-25T23:25:34+00:00,401872953,DraftKings,total,49.500,-118.000,48.500,-110.000,STATUS_SCHEDULED,2026-09-26T00:43:54+00:00,-102.000
2026-09-26T01:07:41+00:00,401872953,DraftKings,total,50.500,-102.000,48.500,-110.000,STATUS_SCHEDULED,2026-09-26T19:37:49+00:00,-118.000
2026-09-26T19:52:40+00:00,401872953,DraftKings,total,49.500,-115.000,48.500,-110.000,STATUS_SCHEDULED,2026-09-27T03:52:28+00:00,-105.000
2026-09-27T04:52:46+00:00,401872953,DraftKings,total,50.500,-105.000,48.500,-110.000,STATUS_SCHEDULED,2026-09-27T16:52:38+00:00,-115.000
2026-09-24T12:13:45+00:00,401872954,DraftKings,margin,6.500,-115.000,9.500,-110.000,STATUS_SCHEDULED,2026-09-24T14:20:18+00:00,
2026-09-24T18:17:58+00:00,401872954,DraftKings,margin,6.500,-110.000,9.500,-110.000,STATUS_SCHEDULED,2026-09-24T22:45:29+00:00,
2026-09-25T00:54:08+00:00,401872954,DraftKings,margin,6.500,-110.000,9.500,-110.000,STATUS_SCHEDULED,2026-09-25T13:15:51+00:00,-110.000
2026-09-25T18:25:21+00:00,401872954,DraftKings,margin,6.500,-115.000,9.500,-110.000,STATUS_SCHEDULED,2026-09-25T21:13:04+00:00,-105.000
2026-09-25T23:25:34+00:00,401872954,DraftKings,margin,6.500,-120.000,9.500,-110.000,STATUS_SCHEDULED,2026-09-27T16:07:38+00:00,100.000
2026-09-27T16:22:39+00:00,401872954,DraftKings,margin,7.000,-110.000,9.500,-110.000,STATUS_SCHEDULED,2026-09-27T16:37:33+00:00,-110.000
2026-09-27T16:52:39+00:00,401872954,DraftKings,margin,7.000,-105.000,9.500,-110.000,STATUS_SCHEDULED,2026-09-27T16:52:38+00:00,-115.000
2026-09-24T12:13:45+00:00,401872954,DraftKings,total,47.500,-108.000,44.500,-110.000,STATUS_SCHEDULED,2026-09-24T14:20:18+00:00,
2026-09-24T18:17:58+00:00,401872954,DraftKings,total,47.500,-112.000,44.500,-110.000,STATUS_SCHEDULED,2026-09-24T22:45:29+00:00,
2026-09-25T00:54:08+00:00,401872954,DraftKings,total,47.500,-112.000,44.500,-110.000,STATUS_SCHEDULED,2026-09-25T13:15:51+00:00,-108.000
2026-09-25T18:25:21+00:00,401872954,DraftKings,total,47.500,-115.000,44.500,-110.000,STATUS_SCHEDULED,2026-09-25T18:25:20+00:00,-105.000
2026-09-25T21:13:05+00:00,401872954,DraftKings,total,48.500,-108.000,44.500,-110.000,STATUS_SCHEDULED,2026-09-27T12:52:38+00:00,-112.000
2026-09-27T13:07:37+00:00,401872954,DraftKings,total,48.500,-112.000,44.500,-110.000,STATUS_SCHEDULED,2026-09-27T16:07:38+00:00,-108.000
2026-09-27T16:22:39+00:00,401872954,DraftKings,total,49.500,-110.000,44.500,-110.000,STATUS_SCHEDULED,2026-09-27T16:37:33+00:00,-110.000
2026-09-27T16:52:39+00:00,401872954,DraftKings,total,49.500,-115.000,44.500,-110.000,STATUS_SCHEDULED,2026-09-27T16:52:38+00:00,-105.000
2026-09-24T01:15:41+00:00,401872955,DraftKings,margin,-7.000,-108.000,-3.500,-110.000,STATUS_SCHEDULED,2026-09-24T01:15:41+00:00,
2026-09-24T12:13:45+00:00,401872955,DraftKings,margin,-7.000,-105.000,-3.500,-110.000,STATUS_SCHEDULED,2026-09-24T14:20:18+00:00,
2026-09-24T18:17:58+00:00,401872955,DraftKings,margin,-7.500,-115.000,-3.500,-110.000,STATUS_SCHEDULED,2026-09-24T19:14:10+00:00,
2026-09-24T21:09:55+00:00,401872955,DraftKings,margin,-7.500,-112.000,-3.500,-110.000,STATUS_SCHEDULED,2026-09-24T22:45:29+00:00,
2026-09-25T00:54:08+00:00,401872955,DraftKings,margin,-7.500,-112.000,-3.500,-110.000,STATUS_SCHEDULED,2026-09-25T13:15:51+00:00,-108.000
2026-09-25T18:25:21+00:00,401872955,DraftKings,margin,-7.500,-110.000,-3.500,-110.000,STATUS_SCHEDULED,2026-09-25T18:25:20+00:00,-110.000
2026-09-25T21:13:05+00:00,401872955,DraftKings,margin,-7.500,-105.000,-3.500,-110.000,STATUS_SCHEDULED,2026-09-25T23:25:33+00:00,-115.000
2026-09-26T00:43:55+00:00,401872955,DraftKings,margin,-7.500,-102.000,-3.500,-110.000,STATUS_SCHEDULED,2026-09-27T03:52:28+00:00,-118.000
2026-09-27T04:52:46+00:00,401872955,DraftKings,margin,-8.500,-115.000,-3.500,-110.000,STATUS_SCHEDULED,2026-09-27T16:52:38+00:00,-105.000
2026-09-24T12:13:45+00:00,401872955,DraftKings,total,40.500,-102.000,46.500,-110.000,STATUS_SCHEDULED,2026-09-24T22:45:29+00:00,
2026-09-25T00:54:08+00:00,401872955,DraftKings,total,40.500,-102.000,46.500,-110.000,STATUS_SCHEDULED,2026-09-26T01:37:37+00:00,-118.000
2026-09-26T01:52:38+00:00,401872955,DraftKings,total,39.500,-118.000,46.500,-110.000,STATUS_SCHEDULED,2026-09-26T01:52:37+00:00,-102.000
2026-09-26T02:09:48+00:00,401872955,DraftKings,total,40.500,-102.000,46.500,-110.000,STATUS_SCHEDULED,2026-09-27T14:22:50+00:00,-118.000
2026-09-27T14:37:39+00:00,401872955,DraftKings,total,40.500,-108.000,46.500,-110.000,STATUS_SCHEDULED,2026-09-27T16:52:38+00:00,-112.000
2026-09-24T01:15:41+00:00,401872956,DraftKings,margin,3.000,102.000,3.000,-120.000,STATUS_SCHEDULED,2026-09-24T01:15:41+00:00,
2026-09-24T12:13:45+00:00,401872956,DraftKings,margin,3.000,100.000,3.000,-120.000,STATUS_SCHEDULED,2026-09-24T14:20:18+00:00,
2026-09-24T18:17:58+00:00,401872956,DraftKings,margin,2.500,-118.000,3.000,-120.000,STATUS_SCHEDULED,2026-09-24T22:45:29+00:00,
2026-09-25T00:54:08+00:00,401872956,DraftKings,margin,2.500,-118.000,3.000,-120.000,STATUS_SCHEDULED,2026-09-25T13:15:51+00:00,-102.000
2026-09-25T18:25:21+00:00,401872956,DraftKings,margin,2.500,-110.000,3.000,-120.000,STATUS_SCHEDULED,2026-09-27T16:52:38+00:00,-110.000
2026-09-24T12:13:45+00:00,401872956,DraftKings,total,39.500,-112.000,45.500,-110.000,STATUS_SCHEDULED,2026-09-24T12:29:37+00:00,
2026-09-24T12:38:12+00:00,401872956,DraftKings,total,38.500,-115.000,45.500,-110.000,STATUS_SCHEDULED,2026-09-24T12:38:12+00:00,
2026-09-24T13:05:23+00:00,401872956,DraftKings,total,38.500,-112.000,45.500,-110.000,STATUS_SCHEDULED,2026-09-24T19:14:10+00:00,
2026-09-24T21:09:55+00:00,401872956,DraftKings,total,38.500,-108.000,45.500,-110.000,STATUS_SCHEDULED,2026-09-24T22:45:29+00:00,
2026-09-25T00:54:08+00:00,401872956,DraftKings,total,38.500,-108.000,45.500,-110.000,STATUS_SCHEDULED,2026-09-26T03:35:33+00:00,-112.000
2026-09-26T13:24:26+00:00,401872956,DraftKings,total,37.500,-112.000,45.500,-110.000,STATUS_SCHEDULED,2026-09-26T23:37:37+00:00,-108.000
2026-09-26T23:52:44+00:00,401872956,DraftKings,total,37.500,-110.000,45.500,-110.000,STATUS_SCHEDULED,2026-09-27T15:22:33+00:00,-110.000
2026-09-27T15:37:37+00:00,401872956,DraftKings,total,37.500,-112.000,45.500,-110.000,STATUS_SCHEDULED,2026-09-27T16:52:38+00:00,-108.000
2026-09-24T12:13:45+00:00,401872957,DraftKings,margin,3.000,-102.000,1.500,-105.000,STATUS_SCHEDULED,2026-09-24T13:50:25+00:00,
2026-09-24T14:09:11+00:00,401872957,DraftKings,margin,3.000,-105.000,1.500,-105.000,STATUS_SCHEDULED,2026-09-24T22:45:29+00:00,
2026-09-25T00:54:08+00:00,401872957,DraftKings,margin,3.000,-105.000,1.500,-105.000,STATUS_SCHEDULED,2026-09-25T13:15:51+00:00,-115.000
2026-09-25T18:25:21+00:00,401872957,DraftKings,margin,3.000,-102.000,1.500,-105.000,STATUS_SCHEDULED,2026-09-27T01:22:38+00:00,-118.000
2026-09-27T01:37:39+00:00,401872957,DraftKings,margin,3.000,-105.000,1.500,-105.000,STATUS_SCHEDULED,2026-09-27T03:22:39+00:00,-115.000
2026-09-27T03:52:29+00:00,401872957,DraftKings,margin,3.000,-102.000,1.500,-105.000,STATUS_SCHEDULED,2026-09-27T15:37:36+00:00,-118.000
2026-09-27T15:52:33+00:00,401872957,DraftKings,margin,3.000,-105.000,1.500,-105.000,STATUS_SCHEDULED,2026-09-27T16:52:38+00:00,-115.000
2026-09-24T01:15:41+00:00,401872957,DraftKings,total,45.500,-110.000,45.500,-110.000,STATUS_SCHEDULED,2026-09-24T01:15:41+00:00,
2026-09-24T12:13:45+00:00,401872957,DraftKings,total,45.500,-115.000,45.500,-110.000,STATUS_SCHEDULED,2026-09-24T22:45:29+00:00,
2026-09-25T00:54:08+00:00,401872957,DraftKings,total,45.500,-115.000,45.500,-110.000,STATUS_SCHEDULED,2026-09-25T00:54:08+00:00,-105.000
2026-09-25T07:30:33+00:00,401872957,DraftKings,total,46.500,-105.000,45.500,-110.000,STATUS_SCHEDULED,2026-09-25T13:15:51+00:00,-115.000
2026-09-25T18:25:21+00:00,401872957,DraftKings,total,45.500,-115.000,45.500,-110.000,STATUS_SCHEDULED,2026-09-25T18:25:20+00:00,-105.000
2026-09-25T21:13:05+00:00,401872957,DraftKings,total,46.500,-105.000,45.500,-110.000,STATUS_SCHEDULED,2026-09-27T03:22:39+00:00,-115.000
2026-09-27T03:52:29+00:00,401872957,DraftKings,total,45.500,-115.000,45.500,-110.000,STATUS_SCHEDULED,2026-09-27T15:07:46+00:00,-105.000
2026-09-27T15:22:34+00:00,401872957,DraftKings,total,46.500,-105.000,45.500,-110.000,STATUS_SCHEDULED,2026-09-27T15:22:33+00:00,-115.000
2026-09-27T15:37:37+00:00,401872957,DraftKings,total,45.500,-115.000,45.500,-110.000,STATUS_SCHEDULED,2026-09-27T15:37:36+00:00,-105.000
2026-09-27T15:52:33+00:00,401872957,DraftKings,total,46.500,-105.000,45.500,-110.000,STATUS_SCHEDULED,2026-09-27T16:07:38+00:00,-115.000
2026-09-27T16:22:39+00:00,401872957,DraftKings,total,46.500,-110.000,45.500,-110.000,STATUS_SCHEDULED,2026-09-27T16:37:33+00:00,-110.000
2026-09-27T16:52:39+00:00,401872957,DraftKings,total,46.500,-115.000,45.500,-110.000,STATUS_SCHEDULED,2026-09-27T16:52:38+00:00,-105.000
2026-09-24T12:13:45+00:00,401872958,DraftKings,margin,8.500,-108.000,11.500,-110.000,STATUS_SCHEDULED,2026-09-24T22:45:29+00:00,
2026-09-25T00:54:08+00:00,401872958,DraftKings,margin,8.500,-108.000,11.500,-110.000,STATUS_SCHEDULED,2026-09-27T00:07:39+00:00,-112.000
2026-09-27T00:22:39+00:00,401872958,DraftKings,margin,7.500,-108.000,11.500,-110.000,STATUS_SCHEDULED,2026-09-27T16:22:39+00:00,-112.000
2026-09-27T16:37:34+00:00,401872958,DraftKings,margin,7.500,-110.000,11.500,-110.000,STATUS_SCHEDULED,2026-09-27T19:52:36+00:00,-110.000
2026-09-24T12:13:45+00:00,401872958,DraftKings,total,47.500,-115.000,46.500,-110.000,STATUS_SCHEDULED,2026-09-24T22:45:29+00:00,
2026-09-25T00:54:08+00:00,401872958,DraftKings,total,47.500,-115.000,46.500,-110.000,STATUS_SCHEDULED,2026-09-27T04:52:45+00:00,-105.000
2026-09-27T05:53:15+00:00,401872958,DraftKings,total,48.500,-105.000,46.500,-110.000,STATUS_SCHEDULED,2026-09-27T19:22:39+00:00,-115.000
2026-09-27T19:37:37+00:00,401872958,DraftKings,total,48.500,-112.000,46.500,-110.000,STATUS_SCHEDULED,2026-09-27T19:52:36+00:00,-108.000
2026-09-24T12:13:45+00:00,401872959,DraftKings,margin,-1.500,-112.000,1.500,-110.000,STATUS_SCHEDULED,2026-09-24T22:45:29+00:00,
2026-09-25T00:54:08+00:00,401872959,DraftKings,margin,-1.500,-112.000,1.500,-110.000,STATUS_SCHEDULED,2026-09-27T02:52:43+00:00,-108.000
2026-09-27T03:07:45+00:00,401872959,DraftKings,margin,-1.500,-118.000,1.500,-110.000,STATUS_SCHEDULED,2026-09-27T04:52:45+00:00,-102.000
2026-09-27T05:53:15+00:00,401872959,DraftKings,margin,-1.500,-120.000,1.500,-110.000,STATUS_SCHEDULED,2026-09-27T15:37:36+00:00,100.000
2026-09-27T15:52:33+00:00,401872959,DraftKings,margin,-1.500,-115.000,1.500,-110.000,STATUS_SCHEDULED,2026-09-27T18:07:45+00:00,-105.000
2026-09-27T18:22:38+00:00,401872959,DraftKings,margin,-1.500,-118.000,1.500,-110.000,STATUS_SCHEDULED,2026-09-27T19:52:36+00:00,-102.000
2026-09-24T12:13:45+00:00,401872959,DraftKings,total,42.500,-110.000,43.500,-110.000,STATUS_SCHEDULED,2026-09-24T22:45:29+00:00,
2026-09-25T00:54:08+00:00,401872959,DraftKings,total,42.500,-110.000,43.500,-110.000,STATUS_SCHEDULED,2026-09-27T11:38:11+00:00,-110.000
2026-09-27T11:52:47+00:00,401872959,DraftKings,total,42.500,-105.000,43.500,-110.000,STATUS_SCHEDULED,2026-09-27T17:22:38+00:00,-115.000
2026-09-27T17:37:41+00:00,401872959,DraftKings,total,42.500,-112.000,43.500,-110.000,STATUS_SCHEDULED,2026-09-27T19:52:36+00:00,-108.000
2026-09-24T12:13:45+00:00,401872960,DraftKings,margin,-3.500,-110.000,-2.500,-110.000,STATUS_SCHEDULED,2026-09-24T13:26:46+00:00,
2026-09-24T13:50:25+00:00,401872960,DraftKings,margin,-3.500,-115.000,-2.500,-110.000,STATUS_SCHEDULED,2026-09-24T22:45:29+00:00,
2026-09-25T00:54:08+00:00,401872960,DraftKings,margin,-3.500,-115.000,-2.500,-110.000,STATUS_SCHEDULED,2026-09-26T03:18:39+00:00,-105.000
2026-09-26T03:28:05+00:00,401872960,DraftKings,margin,-3.500,-118.000,-2.500,-110.000,STATUS_SCHEDULED,2026-09-26T18:04:46+00:00,-102.000
2026-09-26T18:22:38+00:00,401872960,DraftKings,margin,-3.000,-102.000,-2.500,-110.000,STATUS_SCHEDULED,2026-09-27T03:22:39+00:00,-118.000
2026-09-27T03:52:29+00:00,401872960,DraftKings,margin,-3.500,-115.000,-2.500,-110.000,STATUS_SCHEDULED,2026-09-27T13:37:38+00:00,-105.000
2026-09-27T13:51:09+00:00,401872960,DraftKings,margin,-3.000,-102.000,-2.500,-110.000,STATUS_SCHEDULED,2026-09-27T15:37:36+00:00,-118.000
2026-09-27T15:52:33+00:00,401872960,DraftKings,margin,-3.000,100.000,-2.500,-110.000,STATUS_SCHEDULED,2026-09-27T16:52:38+00:00,-120.000
2026-09-27T17:07:35+00:00,401872960,DraftKings,margin,-3.500,-115.000,-2.500,-110.000,STATUS_SCHEDULED,2026-09-27T17:37:40+00:00,-105.000
2026-09-27T17:52:37+00:00,401872960,DraftKings,margin,-3.000,100.000,-2.500,-110.000,STATUS_SCHEDULED,2026-09-27T20:22:39+00:00,-120.000
2026-09-24T12:13:45+00:00,401872960,DraftKings,total,52.500,-112.000,52.500,-110.000,STATUS_SCHEDULED,2026-09-24T22:45:29+00:00,
2026-09-25T00:54:08+00:00,401872960,DraftKings,total,52.500,-112.000,52.500,-110.000,STATUS_SCHEDULED,2026-09-25T00:54:08+00:00,-108.000
2026-09-25T07:30:33+00:00,401872960,DraftKings,total,53.500,-105.000,52.500,-110.000,STATUS_SCHEDULED,2026-09-25T18:25:20+00:00,-115.000
2026-09-25T21:13:05+00:00,401872960,DraftKings,total,53.500,-108.000,52.500,-110.000,STATUS_SCHEDULED,2026-09-27T19:22:39+00:00,-112.000
2026-09-27T19:37:37+00:00,401872960,DraftKings,total,53.500,-115.000,52.500,-110.000,STATUS_SCHEDULED,2026-09-27T19:52:36+00:00,-105.000
2026-09-27T20:07:35+00:00,401872960,DraftKings,total,53.500,-120.000,52.500,-110.000,STATUS_SCHEDULED,2026-09-27T20:07:35+00:00,100.000
2026-09-27T20:22:40+00:00,401872960,DraftKings,total,54.500,-108.000,52.500,-110.000,STATUS_SCHEDULED,2026-09-27T20:22:39+00:00,-112.000
2026-09-24T12:13:45+00:00,401872961,DraftKings,margin,3.000,-122.000,3.000,-110.000,STATUS_SCHEDULED,2026-09-24T22:45:29+00:00,
2026-09-25T00:54:08+00:00,401872961,DraftKings,margin,3.000,-120.000,3.000,-110.000,STATUS_SCHEDULED,2026-09-25T00:54:08+00:00,100.000
2026-09-25T07:30:33+00:00,401872961,DraftKings,margin,3.000,-122.000,3.000,-110.000,STATUS_SCHEDULED,2026-09-26T23:37:37+00:00,102.000
2026-09-26T23:52:44+00:00,401872961,DraftKings,margin,3.500,-102.000,3.000,-110.000,STATUS_SCHEDULED,2026-09-27T19:07:32+00:00,-118.000
2026-09-27T19:22:40+00:00,401872961,DraftKings,margin,3.500,-108.000,3.000,-110.000,STATUS_SCHEDULED,2026-09-27T20:07:35+00:00,-112.000
2026-09-27T20:22:40+00:00,401872961,DraftKings,margin,3.500,-115.000,3.000,-110.000,STATUS_SCHEDULED,2026-09-27T20:22:39+00:00,-105.000
2026-09-24T12:13:45+00:00,401872961,DraftKings,total,43.500,-110.000,42.500,-110.000,STATUS_SCHEDULED,2026-09-24T22:45:29+00:00,
2026-09-25T00:54:08+00:00,401872961,DraftKings,total,43.500,-110.000,42.500,-110.000,STATUS_SCHEDULED,2026-09-25T23:25:33+00:00,-110.000
2026-09-26T00:43:55+00:00,401872961,DraftKings,total,43.500,-118.000,42.500,-110.000,STATUS_SCHEDULED,2026-09-27T20:22:39+00:00,-102.000
2026-09-24T12:13:45+00:00,401872962,DraftKings,margin,-2.500,-108.000,-2.500,-105.000,STATUS_SCHEDULED,2026-09-24T14:20:18+00:00,
2026-09-24T18:17:58+00:00,401872962,DraftKings,margin,-2.500,-110.000,-2.500,-105.000,STATUS_SCHEDULED,2026-09-24T22:45:29+00:00,
2026-09-25T00:54:08+00:00,401872962,DraftKings,margin,-2.500,-110.000,-2.500,-105.000,STATUS_SCHEDULED,2026-09-25T21:13:04+00:00,-110.000
2026-09-25T23:25:34+00:00,401872962,DraftKings,margin,-2.500,-115.000,-2.500,-105.000,STATUS_SCHEDULED,2026-09-27T12:37:44+00:00,-105.000
2026-09-27T12:52:38+00:00,401872962,DraftKings,margin,-1.500,-108.000,-2.500,-105.000,STATUS_SCHEDULED,2026-09-27T21:37:40+00:00,-112.000
2026-09-27T21:52:34+00:00,401872962,DraftKings,margin,-1.500,-112.000,-2.500,-105.000,STATUS_SCHEDULED,2026-09-27T21:52:33+00:00,-108.000
2026-09-27T22:07:38+00:00,401872962,DraftKings,margin,-1.500,-118.000,-2.500,-105.000,STATUS_SCHEDULED,2026-09-27T23:37:47+00:00,-102.000
2026-09-27T23:52:48+00:00,401872962,DraftKings,margin,-1.500,-120.000,-2.500,-105.000,STATUS_SCHEDULED,2026-09-27T23:52:46+00:00,100.000
2026-09-24T12:13:45+00:00,401872962,DraftKings,total,44.500,-115.000,45.500,-110.000,STATUS_SCHEDULED,2026-09-24T22:45:29+00:00,
2026-09-25T00:54:08+00:00,401872962,DraftKings,total,44.500,-112.000,45.500,-110.000,STATUS_SCHEDULED,2026-09-25T13:15:51+00:00,-108.000
2026-09-25T18:25:21+00:00,401872962,DraftKings,total,43.500,-115.000,45.500,-110.000,STATUS_SCHEDULED,2026-09-25T23:25:33+00:00,-105.000
2026-09-26T00:43:55+00:00,401872962,DraftKings,total,44.500,-102.000,45.500,-110.000,STATUS_SCHEDULED,2026-09-26T03:18:39+00:00,-118.000
2026-09-26T03:28:05+00:00,401872962,DraftKings,total,43.500,-118.000,45.500,-110.000,STATUS_SCHEDULED,2026-09-26T03:28:03+00:00,-102.000
2026-09-26T03:35:35+00:00,401872962,DraftKings,total,44.500,-102.000,45.500,-110.000,STATUS_SCHEDULED,2026-09-26T21:07:42+00:00,-118.000
2026-09-26T21:22:38+00:00,401872962,DraftKings,total,43.500,-118.000,45.500,-110.000,STATUS_SCHEDULED,2026-09-26T22:07:37+00:00,-102.000
2026-09-26T22:22:37+00:00,401872962,DraftKings,total,44.500,-102.000,45.500,-110.000,STATUS_SCHEDULED,2026-09-27T01:07:44+00:00,-118.000
2026-09-27T01:22:39+00:00,401872962,DraftKings,total,43.500,-118.000,45.500,-110.000,STATUS_SCHEDULED,2026-09-27T11:52:46+00:00,-102.000
2026-09-27T12:07:38+00:00,401872962,DraftKings,total,44.500,-102.000,45.500,-110.000,STATUS_SCHEDULED,2026-09-27T12:52:38+00:00,-118.000
2026-09-27T13:07:37+00:00,401872962,DraftKings,total,43.500,-118.000,45.500,-110.000,STATUS_SCHEDULED,2026-09-27T15:52:32+00:00,-102.000
2026-09-27T16:07:39+00:00,401872962,DraftKings,total,44.500,-102.000,45.500,-110.000,STATUS_SCHEDULED,2026-09-27T21:37:40+00:00,-118.000
2026-09-27T21:52:34+00:00,401872962,DraftKings,total,44.500,-108.000,45.500,-110.000,STATUS_SCHEDULED,2026-09-27T23:37:47+00:00,-112.000
2026-09-27T23:52:48+00:00,401872962,DraftKings,total,44.500,-102.000,45.500,-110.000,STATUS_SCHEDULED,2026-09-27T23:52:46+00:00,-118.000
2026-09-24T12:13:45+00:00,401872963,DraftKings,margin,-4.500,-105.000,1.500,-105.000,STATUS_SCHEDULED,2026-09-24T21:46:27+00:00,
2026-09-24T22:45:29+00:00,401872963,DraftKings,margin,-4.500,100.000,1.500,-105.000,STATUS_SCHEDULED,2026-09-24T22:45:29+00:00,
2026-09-25T00:54:08+00:00,401872963,DraftKings,margin,-4.500,100.000,1.500,-105.000,STATUS_SCHEDULED,2026-09-25T23:25:33+00:00,-120.000
2026-09-26T00:43:55+00:00,401872963,DraftKings,margin,-4.500,102.000,1.500,-105.000,STATUS_SCHEDULED,2026-09-26T16:52:37+00:00,-122.000
2026-09-26T17:07:46+00:00,401872963,DraftKings,margin,-4.500,-115.000,1.500,-105.000,STATUS_SCHEDULED,2026-09-26T17:07:45+00:00,-105.000
2026-09-26T17:22:39+00:00,401872963,DraftKings,margin,-3.500,-110.000,1.500,-105.000,STATUS_SCHEDULED,2026-09-27T16:22:39+00:00,-110.000
2026-09-27T16:37:34+00:00,401872963,DraftKings,margin,-4.500,-110.000,1.500,-105.000,STATUS_SCHEDULED,2026-09-27T20:52:45+00:00,-110.000
2026-09-27T21:07:46+00:00,401872963,DraftKings,margin,-4.500,-115.000,1.500,-105.000,STATUS_SCHEDULED,2026-09-27T23:22:35+00:00,-105.000
2026-09-27T23:37:48+00:00,401872963,DraftKings,margin,-4.500,-120.000,1.500,-105.000,STATUS_SCHEDULED,2026-09-28T03:52:43+00:00,100.000
2026-09-28T04:52:45+00:00,401872963,DraftKings,margin,-3.500,-108.000,1.500,-105.000,STATUS_SCHEDULED,2026-09-28T14:52:39+00:00,-112.000
2026-09-28T15:52:44+00:00,401872963,DraftKings,margin,-3.500,-112.000,1.500,-105.000,STATUS_SCHEDULED,2026-09-28T17:52:43+00:00,-108.000
2026-09-28T18:52:40+00:00,401872963,DraftKings,margin,-3.500,-105.000,1.500,-105.000,STATUS_SCHEDULED,2026-09-28T18:52:39+00:00,-115.000
2026-09-28T19:52:47+00:00,401872963,DraftKings,margin,-3.500,-110.000,1.500,-105.000,STATUS_SCHEDULED,2026-09-28T22:07:52+00:00,-110.000
2026-09-28T22:22:41+00:00,401872963,DraftKings,margin,-3.500,-115.000,1.500,-105.000,STATUS_SCHEDULED,2026-09-28T23:22:37+00:00,-105.000
2026-09-28T23:34:06+00:00,401872963,DraftKings,margin,-3.500,-108.000,1.500,-105.000,STATUS_SCHEDULED,2026-09-29T00:07:39+00:00,-112.000
2026-09-24T12:13:45+00:00,401872963,DraftKings,total,41.500,-105.000,46.500,-110.000,STATUS_SCHEDULED,2026-09-24T22:45:29+00:00,
2026-09-25T00:54:08+00:00,401872963,DraftKings,total,41.500,-105.000,46.500,-110.000,STATUS_SCHEDULED,2026-09-26T16:52:37+00:00,-115.000
2026-09-26T17:07:46+00:00,401872963,DraftKings,total,42.500,-105.000,46.500,-110.000,STATUS_SCHEDULED,2026-09-27T16:22:39+00:00,-115.000
2026-09-27T16:37:34+00:00,401872963,DraftKings,total,41.500,-105.000,46.500,-110.000,STATUS_SCHEDULED,2026-09-28T06:52:34+00:00,-115.000
2026-09-28T07:52:47+00:00,401872963,DraftKings,total,41.500,-110.000,46.500,-110.000,STATUS_SCHEDULED,2026-09-28T17:52:43+00:00,-110.000
2026-09-28T18:52:40+00:00,401872963,DraftKings,total,41.500,-115.000,46.500,-110.000,STATUS_SCHEDULED,2026-09-28T21:07:44+00:00,-105.000
2026-09-28T21:23:15+00:00,401872963,DraftKings,total,42.500,-108.000,46.500,-110.000,STATUS_SCHEDULED,2026-09-29T00:07:39+00:00,-112.000
2026-09-24T12:13:45+00:00,401872964,DraftKings,margin,-3.000,-115.000,-2.500,-110.000,STATUS_SCHEDULED,2026-09-24T19:14:10+00:00,
2026-09-24T21:09:55+00:00,401872964,DraftKings,margin,-3.000,-120.000,-2.500,-110.000,STATUS_SCHEDULED,2026-09-24T22:45:29+00:00,
2026-09-25T00:54:09+00:00,401872964,DraftKings,margin,-3.000,-120.000,-2.500,-110.000,STATUS_SCHEDULED,2026-09-27T21:37:40+00:00,100.000
2026-09-27T21:52:34+00:00,401872964,DraftKings,margin,-2.500,100.000,-2.500,-110.000,STATUS_SCHEDULED,2026-09-28T03:52:43+00:00,-120.000
2026-09-28T04:52:45+00:00,401872964,DraftKings,margin,-2.500,-108.000,-2.500,-110.000,STATUS_SCHEDULED,2026-09-28T12:52:43+00:00,-112.000
2026-09-28T13:52:41+00:00,401872964,DraftKings,margin,-2.500,-102.000,-2.500,-110.000,STATUS_SCHEDULED,2026-09-28T16:45:28+00:00,-118.000
2026-09-28T17:52:44+00:00,401872964,DraftKings,margin,-3.000,-120.000,-2.500,-110.000,STATUS_SCHEDULED,2026-09-28T21:07:44+00:00,100.000
2026-09-28T21:23:15+00:00,401872964,DraftKings,margin,-2.500,100.000,-2.500,-110.000,STATUS_SCHEDULED,2026-09-30T20:55:50+00:00,-120.000
2026-09-24T12:13:45+00:00,401872964,DraftKings,total,38.500,-110.000,40.500,-110.000,STATUS_SCHEDULED,2026-09-24T22:45:29+00:00,
2026-09-25T00:54:09+00:00,401872964,DraftKings,total,38.500,-110.000,40.500,-110.000,STATUS_SCHEDULED,2026-09-27T16:07:38+00:00,-110.000
2026-09-27T16:22:39+00:00,401872964,DraftKings,total,37.500,-110.000,40.500,-110.000,STATUS_SCHEDULED,2026-09-27T21:37:40+00:00,-110.000
2026-09-27T21:52:34+00:00,401872964,DraftKings,total,38.500,-110.000,40.500,-110.000,STATUS_SCHEDULED,2026-09-28T03:52:43+00:00,-110.000
2026-09-28T04:52:45+00:00,401872964,DraftKings,total,37.500,-115.000,40.500,-110.000,STATUS_SCHEDULED,2026-09-28T04:52:43+00:00,-105.000
2026-09-28T05:52:36+00:00,401872964,DraftKings,total,38.500,-105.000,40.500,-110.000,STATUS_SCHEDULED,2026-09-28T11:52:41+00:00,-115.000
2026-09-28T12:52:43+00:00,401872964,DraftKings,total,37.500,-115.000,40.500,-110.000,STATUS_SCHEDULED,2026-09-28T12:52:43+00:00,-105.000
2026-09-28T13:52:41+00:00,401872964,DraftKings,total,38.500,-105.000,40.500,-110.000,STATUS_SCHEDULED,2026-09-28T13:52:40+00:00,-115.000
2026-09-28T14:52:40+00:00,401872964,DraftKings,total,37.500,-115.000,40.500,-110.000,STATUS_SCHEDULED,2026-09-28T14:52:39+00:00,-105.000
2026-09-28T15:52:44+00:00,401872964,DraftKings,total,38.500,-105.000,40.500,-110.000,STATUS_SCHEDULED,2026-09-28T16:45:28+00:00,-115.000
2026-09-28T17:52:44+00:00,401872964,DraftKings,total,38.500,-110.000,40.500,-110.000,STATUS_SCHEDULED,2026-09-28T21:07:44+00:00,-110.000
2026-09-28T21:23:15+00:00,401872964,DraftKings,total,38.500,-108.000,40.500,-110.000,STATUS_SCHEDULED,2026-09-28T22:37:38+00:00,-112.000
2026-09-28T22:52:46+00:00,401872964,DraftKings,total,38.500,-110.000,40.500,-110.000,STATUS_SCHEDULED,2026-09-29T08:52:48+00:00,-110.000
2026-09-29T09:52:42+00:00,401872964,DraftKings,total,38.500,-105.000,40.500,-110.000,STATUS_SCHEDULED,2026-09-30T20:55:50+00:00,-115.000
2026-09-27T04:52:46+00:00,401872965,DraftKings,margin,-4.500,-110.000,1.500,102.000,STATUS_SCHEDULED,2026-09-27T21:37:40+00:00,-110.000
2026-09-27T21:52:34+00:00,401872965,DraftKings,margin,-3.500,-110.000,1.500,102.000,STATUS_SCHEDULED,2026-09-27T23:52:46+00:00,-110.000
2026-09-28T00:52:39+00:00,401872965,DraftKings,margin,-3.500,-115.000,1.500,102.000,STATUS_SCHEDULED,2026-09-28T00:52:38+00:00,-105.000
2026-09-28T01:52:45+00:00,401872965,DraftKings,margin,-3.500,-118.000,1.500,102.000,STATUS_SCHEDULED,2026-09-28T04:52:43+00:00,-102.000
2026-09-28T05:52:36+00:00,401872965,DraftKings,margin,-3.000,-108.000,1.500,102.000,STATUS_SCHEDULED,2026-09-28T11:52:41+00:00,-112.000
2026-09-28T12:52:43+00:00,401872965,DraftKings,margin,-3.000,-102.000,1.500,102.000,STATUS_SCHEDULED,2026-09-28T13:52:40+00:00,-118.000
2026-09-28T14:52:40+00:00,401872965,DraftKings,margin,-3.000,-105.000,1.500,102.000,STATUS_SCHEDULED,2026-09-28T17:52:43+00:00,-115.000
2026-09-28T18:52:40+00:00,401872965,DraftKings,margin,-3.500,-118.000,1.500,102.000,STATUS_SCHEDULED,2026-09-28T23:22:37+00:00,-102.000
2026-09-28T23:34:06+00:00,401872965,DraftKings,margin,-3.500,-112.000,1.500,102.000,STATUS_SCHEDULED,2026-09-29T20:07:53+00:00,-108.000
2026-09-29T21:07:50+00:00,401872965,DraftKings,margin,-3.500,-108.000,1.500,102.000,STATUS_SCHEDULED,2026-09-30T03:07:32+00:00,-112.000
2026-09-30T04:07:39+00:00,401872965,DraftKings,margin,-3.500,-112.000,1.500,102.000,STATUS_SCHEDULED,2026-09-30T19:07:40+00:00,-108.000
2026-09-30T19:35:47+00:00,401872965,DraftKings,margin,-3.500,-108.000,1.500,102.000,STATUS_SCHEDULED,2026-09-30T20:55:50+00:00,-112.000
2026-09-27T04:52:46+00:00,401872965,DraftKings,total,46.500,-110.000,48.500,-110.000,STATUS_SCHEDULED,2026-09-28T04:52:43+00:00,-110.000
2026-09-28T05:52:36+00:00,401872965,DraftKings,total,47.500,100.000,48.500,-110.000,STATUS_SCHEDULED,2026-09-28T10:52:45+00:00,-120.000
2026-09-28T11:52:42+00:00,401872965,DraftKings,total,46.500,-120.000,48.500,-110.000,STATUS_SCHEDULED,2026-09-28T11:52:41+00:00,100.000
2026-09-28T12:52:43+00:00,401872965,DraftKings,total,47.500,-102.000,48.500,-110.000,STATUS_SCHEDULED,2026-09-30T14:07:43+00:00,-118.000
2026-09-30T14:55:28+00:00,401872965,DraftKings,total,47.500,-108.000,48.500,-110.000,STATUS_SCHEDULED,2026-09-30T20:55:50+00:00,-112.000
2026-09-27T04:52:46+00:00,401872966,DraftKings,margin,2.500,-110.000,7.000,-110.000,STATUS_SCHEDULED,2026-09-27T23:52:46+00:00,-110.000
2026-09-28T00:52:39+00:00,401872966,DraftKings,margin,1.500,-110.000,7.000,-110.000,STATUS_SCHEDULED,2026-09-28T03:52:43+00:00,-110.000
2026-09-28T04:52:45+00:00,401872966,DraftKings,margin,1.500,-105.000,7.000,-110.000,STATUS_SCHEDULED,2026-09-28T04:52:43+00:00,-115.000
2026-09-28T05:52:36+00:00,401872966,DraftKings,margin,-1.500,-122.000,7.000,-110.000,STATUS_SCHEDULED,2026-09-28T11:52:41+00:00,102.000
2026-09-28T12:52:43+00:00,401872966,DraftKings,margin,-1.500,-118.000,7.000,-110.000,STATUS_SCHEDULED,2026-09-29T19:07:40+00:00,-102.000
2026-09-29T20:07:54+00:00,401872966,DraftKings,margin,-1.500,-115.000,7.000,-110.000,STATUS_SCHEDULED,2026-09-29T20:07:53+00:00,-105.000
2026-09-29T21:07:50+00:00,401872966,DraftKings,margin,-1.500,-110.000,7.000,-110.000,STATUS_SCHEDULED,2026-09-30T13:07:37+00:00,-110.000
2026-09-30T14:07:44+00:00,401872966,DraftKings,margin,-1.500,-105.000,7.000,-110.000,STATUS_SCHEDULED,2026-09-30T14:07:43+00:00,-115.000
2026-09-30T14:55:28+00:00,401872966,DraftKings,margin,-2.500,-112.000,7.000,-110.000,STATUS_SCHEDULED,2026-09-30T20:26:40+00:00,-108.000
2026-09-30T20:55:52+00:00,401872966,DraftKings,margin,-2.500,-108.000,7.000,-110.000,STATUS_SCHEDULED,2026-09-30T20:55:50+00:00,-112.000
2026-09-27T04:52:46+00:00,401872966,DraftKings,total,43.500,-110.000,45.500,-110.000,STATUS_SCHEDULED,2026-09-28T03:52:43+00:00,-110.000
2026-09-28T04:52:45+00:00,401872966,DraftKings,total,43.500,-105.000,45.500,-110.000,STATUS_SCHEDULED,2026-09-28T04:52:43+00:00,-115.000
2026-09-28T05:52:36+00:00,401872966,DraftKings,total,44.500,-105.000,45.500,-110.000,STATUS_SCHEDULED,2026-09-28T11:52:41+00:00,-115.000
2026-09-28T12:52:43+00:00,401872966,DraftKings,total,44.500,-108.000,45.500,-110.000,STATUS_SCHEDULED,2026-09-28T12:52:43+00:00,-112.000
2026-09-28T13:52:41+00:00,401872966,DraftKings,total,44.500,-105.000,45.500,-110.000,STATUS_SCHEDULED,2026-09-28T16:45:28+00:00,-115.000
2026-09-28T17:52:44+00:00,401872966,DraftKings,total,44.500,-108.000,45.500,-110.000,STATUS_SCHEDULED,2026-09-30T20:55:50+00:00,-112.000
2026-09-27T04:52:46+00:00,401872967,DraftKings,margin,3.000,-110.000,2.500,-110.000,STATUS_SCHEDULED,2026-09-27T22:07:37+00:00,-110.000
2026-09-27T22:22:39+00:00,401872967,DraftKings,margin,2.500,-110.000,2.500,-110.000,STATUS_SCHEDULED,2026-09-28T16:45:28+00:00,-110.000
2026-09-28T17:52:44+00:00,401872967,DraftKings,margin,2.500,-118.000,2.500,-110.000,STATUS_SCHEDULED,2026-09-29T20:07:53+00:00,-102.000
2026-09-29T21:07:50+00:00,401872967,DraftKings,margin,2.500,-115.000,2.500,-110.000,STATUS_SCHEDULED,2026-09-30T20:55:50+00:00,-105.000
2026-09-27T04:52:46+00:00,401872967,DraftKings,total,47.500,-110.000,47.500,-110.000,STATUS_SCHEDULED,2026-09-27T22:07:37+00:00,-110.000
2026-09-27T22:22:39+00:00,401872967,DraftKings,total,46.500,-115.000,47.500,-110.000,STATUS_SCHEDULED,2026-09-28T00:52:38+00:00,-105.000
2026-09-28T01:52:45+00:00,401872967,DraftKings,total,47.500,-110.000,47.500,-110.000,STATUS_SCHEDULED,2026-09-28T04:52:43+00:00,-110.000
2026-09-28T05:52:36+00:00,401872967,DraftKings,total,47.500,-115.000,47.500,-110.000,STATUS_SCHEDULED,2026-09-29T20:07:53+00:00,-105.000
2026-09-29T21:07:50+00:00,401872967,DraftKings,total,48.500,-105.000,47.500,-110.000,STATUS_SCHEDULED,2026-09-30T20:55:50+00:00,-115.000
2026-09-27T04:52:46+00:00,401872968,DraftKings,margin,-1.500,-115.000,-1.500,-110.000,STATUS_SCHEDULED,2026-09-27T22:07:37+00:00,-105.000
2026-09-27T22:22:39+00:00,401872968,DraftKings,margin,1.500,-115.000,-1.500,-110.000,STATUS_SCHEDULED,2026-09-27T23:52:46+00:00,-105.000
2026-09-28T00:52:39+00:00,401872968,DraftKings,margin,-3.000,-115.000,-1.500,-110.000,STATUS_SCHEDULED,2026-09-28T00:52:38+00:00,-105.000
2026-09-28T01:52:45+00:00,401872968,DraftKings,margin,-3.000,-105.000,-1.500,-110.000,STATUS_SCHEDULED,2026-09-28T03:52:43+00:00,-115.000
2026-09-28T04:52:45+00:00,401872968,DraftKings,margin,-3.500,-112.000,-1.500,-110.000,STATUS_SCHEDULED,2026-09-28T04:52:43+00:00,-108.000
2026-09-28T05:52:36+00:00,401872968,DraftKings,margin,-3.500,-118.000,-1.500,-110.000,STATUS_SCHEDULED,2026-09-28T09:52:41+00:00,-102.000
2026-09-28T10:52:47+00:00,401872968,DraftKings,margin,-3.500,-110.000,-1.500,-110.000,STATUS_SCHEDULED,2026-09-28T15:52:43+00:00,-110.000
2026-09-28T16:45:29+00:00,401872968,DraftKings,margin,-3.500,-105.000,-1.500,-110.000,STATUS_SCHEDULED,2026-09-28T21:23:13+00:00,-115.000
2026-09-28T21:37:37+00:00,401872968,DraftKings,margin,-3.500,100.000,-1.500,-110.000,STATUS_SCHEDULED,2026-09-29T10:52:46+00:00,-120.000
2026-09-29T11:52:44+00:00,401872968,DraftKings,margin,-4.500,-118.000,-1.500,-110.000,STATUS_SCHEDULED,2026-09-29T12:52:34+00:00,-102.000
2026-09-29T13:52:43+00:00,401872968,DraftKings,margin,-3.500,100.000,-1.500,-110.000,STATUS_SCHEDULED,2026-09-30T17:07:44+00:00,-120.000
2026-09-30T18:07:37+00:00,401872968,DraftKings,margin,-3.500,-108.000,-1.500,-110.000,STATUS_SCHEDULED,2026-09-30T18:07:35+00:00,-112.000
2026-09-30T19:07:42+00:00,401872968,DraftKings,margin,-3.500,-105.000,-1.500,-110.000,STATUS_SCHEDULED,2026-09-30T20:55:50+00:00,-115.000
2026-09-27T04:52:46+00:00,401872968,DraftKings,total,45.500,-110.000,47.500,-110.000,STATUS_SCHEDULED,2026-09-27T22:07:37+00:00,-110.000
2026-09-27T22:22:39+00:00,401872968,DraftKings,total,46.500,-110.000,47.500,-110.000,STATUS_SCHEDULED,2026-09-27T23:52:46+00:00,-110.000
2026-09-28T00:52:39+00:00,401872968,DraftKings,total,42.500,-110.000,47.500,-110.000,STATUS_SCHEDULED,2026-09-28T00:52:38+00:00,-110.000
2026-09-28T01:52:45+00:00,401872968,DraftKings,total,41.500,-110.000,47.500,-110.000,STATUS_SCHEDULED,2026-09-28T02:52:45+00:00,-110.000
2026-09-28T03:52:46+00:00,401872968,DraftKings,total,40.500,-110.000,47.500,-110.000,STATUS_SCHEDULED,2026-09-28T03:52:43+00:00,-110.000
2026-09-28T04:52:45+00:00,401872968,DraftKings,total,40.500,-105.000,47.500,-110.000,STATUS_SCHEDULED,2026-09-28T04:52:43+00:00,-115.000
2026-09-28T05:52:36+00:00,401872968,DraftKings,total,39.500,-115.000,47.500,-110.000,STATUS_SCHEDULED,2026-09-28T12:52:43+00:00,-105.000
2026-09-28T13:52:41+00:00,401872968,DraftKings,total,39.500,-108.000,47.500,-110.000,STATUS_SCHEDULED,2026-09-28T13:52:40+00:00,-112.000
2026-09-28T14:52:40+00:00,401872968,DraftKings,total,39.500,-112.000,47.500,-110.000,STATUS_SCHEDULED,2026-09-28T15:52:43+00:00,-108.000
2026-09-28T16:45:29+00:00,401872968,DraftKings,total,39.500,-115.000,47.500,-110.000,STATUS_SCHEDULED,2026-09-28T17:52:43+00:00,-105.000
2026-09-28T18:52:40+00:00,401872968,DraftKings,total,39.500,-112.000,47.500,-110.000,STATUS_SCHEDULED,2026-09-28T21:23:13+00:00,-108.000
2026-09-28T21:37:37+00:00,401872968,DraftKings,total,39.500,-118.000,47.500,-110.000,STATUS_SCHEDULED,2026-09-30T20:55:50+00:00,-102.000
2026-09-27T04:52:46+00:00,401872969,DraftKings,margin,3.000,-110.000,2.500,-110.000,STATUS_SCHEDULED,2026-09-27T21:52:33+00:00,-110.000
2026-09-27T22:07:38+00:00,401872969,DraftKings,margin,2.500,-110.000,2.500,-110.000,STATUS_SCHEDULED,2026-09-28T17:52:43+00:00,-110.000
2026-09-28T18:52:40+00:00,401872969,DraftKings,margin,3.000,-105.000,2.500,-110.000,STATUS_SCHEDULED,2026-09-28T18:52:39+00:00,-115.000
2026-09-28T19:52:47+00:00,401872969,DraftKings,margin,3.000,-102.000,2.500,-110.000,STATUS_SCHEDULED,2026-09-28T21:23:13+00:00,-118.000
2026-09-28T21:37:37+00:00,401872969,DraftKings,margin,2.500,-118.000,2.500,-110.000,STATUS_SCHEDULED,2026-09-29T08:52:48+00:00,-102.000
2026-09-29T09:52:43+00:00,401872969,DraftKings,margin,2.500,-115.000,2.500,-110.000,STATUS_SCHEDULED,2026-09-30T20:55:50+00:00,-105.000
2026-09-27T04:52:46+00:00,401872969,DraftKings,total,49.500,-110.000,51.500,-110.000,STATUS_SCHEDULED,2026-09-27T23:52:46+00:00,-110.000
2026-09-28T00:52:39+00:00,401872969,DraftKings,total,50.500,-110.000,51.500,-110.000,STATUS_SCHEDULED,2026-09-28T03:52:43+00:00,-110.000
2026-09-28T04:52:45+00:00,401872969,DraftKings,total,51.500,-102.000,51.500,-110.000,STATUS_SCHEDULED,2026-09-28T04:52:43+00:00,-118.000
2026-09-28T05:52:36+00:00,401872969,DraftKings,total,51.500,-105.000,51.500,-110.000,STATUS_SCHEDULED,2026-09-28T14:52:39+00:00,-115.000
2026-09-28T15:52:44+00:00,401872969,DraftKings,total,51.500,-102.000,51.500,-110.000,STATUS_SCHEDULED,2026-09-30T20:55:50+00:00,-118.000
2026-09-27T04:52:46+00:00,401872970,DraftKings,margin,-2.500,-115.000,-1.500,-115.000,STATUS_SCHEDULED,2026-09-28T10:52:45+00:00,-105.000
2026-09-28T11:52:42+00:00,401872970,DraftKings,margin,-1.500,-105.000,-1.500,-115.000,STATUS_SCHEDULED,2026-09-28T18:52:39+00:00,-115.000
2026-09-28T19:52:47+00:00,401872970,DraftKings,margin,-2.500,-115.000,-1.500,-115.000,STATUS_SCHEDULED,2026-09-28T19:52:46+00:00,-105.000
2026-09-28T20:52:40+00:00,401872970,DraftKings,margin,-1.500,100.000,-1.500,-115.000,STATUS_SCHEDULED,2026-09-28T21:07:44+00:00,-120.000
2026-09-28T21:23:15+00:00,401872970,DraftKings,margin,-2.500,-108.000,-1.500,-115.000,STATUS_SCHEDULED,2026-09-28T23:52:37+00:00,-112.000
2026-09-29T00:07:43+00:00,401872970,DraftKings,margin,-2.500,-112.000,-1.500,-115.000,STATUS_SCHEDULED,2026-09-29T02:52:40+00:00,-108.000
2026-09-29T03:52:39+00:00,401872970,DraftKings,margin,-2.500,100.000,-1.500,-115.000,STATUS_SCHEDULED,2026-09-29T11:52:43+00:00,-120.000
2026-09-29T12:52:35+00:00,401872970,DraftKings,margin,-3.000,-112.000,-1.500,-115.000,STATUS_SCHEDULED,2026-09-29T15:58:03+00:00,-108.000
2026-09-29T17:07:47+00:00,401872970,DraftKings,margin,-3.000,-115.000,-1.500,-115.000,STATUS_SCHEDULED,2026-09-29T19:07:40+00:00,-105.000
2026-09-29T20:07:54+00:00,401872970,DraftKings,margin,-3.000,-112.000,-1.500,-115.000,STATUS_SCHEDULED,2026-09-30T20:55:50+00:00,-108.000
2026-09-27T04:52:46+00:00,401872970,DraftKings,total,45.500,-110.000,47.500,-110.000,STATUS_SCHEDULED,2026-09-28T03:52:43+00:00,-110.000
2026-09-28T04:52:45+00:00,401872970,DraftKings,total,46.500,-110.000,47.500,-110.000,STATUS_SCHEDULED,2026-09-28T19:52:46+00:00,-110.000
2026-09-28T20:52:40+00:00,401872970,DraftKings,total,45.500,-115.000,47.500,-110.000,STATUS_SCHEDULED,2026-09-28T23:52:37+00:00,-105.000
2026-09-29T00:07:43+00:00,401872970,DraftKings,total,46.500,-105.000,47.500,-110.000,STATUS_SCHEDULED,2026-09-29T02:52:40+00:00,-115.000
2026-09-29T03:52:39+00:00,401872970,DraftKings,total,44.500,-115.000,47.500,-110.000,STATUS_SCHEDULED,2026-09-29T11:52:43+00:00,-105.000
2026-09-29T12:52:35+00:00,401872970,DraftKings,total,45.500,-105.000,47.500,-110.000,STATUS_SCHEDULED,2026-09-29T13:52:42+00:00,-115.000
2026-09-29T14:51:37+00:00,401872970,DraftKings,total,44.500,-115.000,47.500,-110.000,STATUS_SCHEDULED,2026-09-29T15:58:03+00:00,-105.000
2026-09-29T17:07:47+00:00,401872970,DraftKings,total,43.500,-118.000,47.500,-110.000,STATUS_SCHEDULED,2026-09-29T21:07:46+00:00,-102.000
2026-09-29T22:07:46+00:00,401872970,DraftKings,total,43.500,-105.000,47.500,-110.000,STATUS_SCHEDULED,2026-09-30T09:07:45+00:00,-115.000
2026-09-30T10:07:44+00:00,401872970,DraftKings,total,43.500,100.000,47.500,-110.000,STATUS_SCHEDULED,2026-09-30T20:55:50+00:00,-120.000
2026-09-27T04:52:46+00:00,401872971,DraftKings,margin,5.500,-110.000,3.000,-110.000,STATUS_SCHEDULED,2026-09-27T21:37:40+00:00,-110.000
2026-09-27T21:52:34+00:00,401872971,DraftKings,margin,7.000,-105.000,3.000,-110.000,STATUS_SCHEDULED,2026-09-30T10:07:43+00:00,-115.000
2026-09-30T11:07:41+00:00,401872971,DraftKings,margin,6.500,-115.000,3.000,-110.000,STATUS_SCHEDULED,2026-09-30T18:07:35+00:00,-105.000
2026-09-30T19:07:42+00:00,401872971,DraftKings,margin,6.500,-120.000,3.000,-110.000,STATUS_SCHEDULED,2026-09-30T20:55:50+00:00,100.000
2026-09-27T04:52:46+00:00,401872971,DraftKings,total,49.500,-110.000,49.500,-110.000,STATUS_SCHEDULED,2026-09-27T21:37:40+00:00,-110.000
2026-09-27T21:52:34+00:00,401872971,DraftKings,total,48.500,-110.000,49.500,-110.000,STATUS_SCHEDULED,2026-09-30T20:55:50+00:00,-110.000
2026-09-27T04:52:46+00:00,401872972,DraftKings,margin,3.000,-115.000,8.500,-110.000,STATUS_SCHEDULED,2026-09-27T21:52:33+00:00,-105.000
2026-09-27T22:07:38+00:00,401872972,DraftKings,margin,3.000,100.000,8.500,-110.000,STATUS_SCHEDULED,2026-09-27T23:52:46+00:00,-120.000
2026-09-28T00:52:39+00:00,401872972,DraftKings,margin,3.000,-102.000,8.500,-110.000,STATUS_SCHEDULED,2026-09-28T19:52:46+00:00,-118.000
2026-09-28T20:52:40+00:00,401872972,DraftKings,margin,3.000,-105.000,8.500,-110.000,STATUS_SCHEDULED,2026-09-29T00:07:39+00:00,-115.000
2026-09-29T00:22:40+00:00,401872972,DraftKings,margin,3.000,-102.000,8.500,-110.000,STATUS_SCHEDULED,2026-09-29T02:52:40+00:00,-118.000
2026-09-29T03:52:39+00:00,401872972,DraftKings,margin,3.500,-115.000,8.500,-110.000,STATUS_SCHEDULED,2026-09-29T08:52:48+00:00,-105.000
2026-09-29T09:52:43+00:00,401872972,DraftKings,margin,3.000,-110.000,8.500,-110.000,STATUS_SCHEDULED,2026-09-29T10:52:46+00:00,-110.000
2026-09-29T11:52:44+00:00,401872972,DraftKings,margin,3.500,-102.000,8.500,-110.000,STATUS_SCHEDULED,2026-09-29T11:52:43+00:00,-118.000
2026-09-29T12:52:35+00:00,401872972,DraftKings,margin,3.500,-108.000,8.500,-110.000,STATUS_SCHEDULED,2026-09-29T12:52:34+00:00,-112.000
2026-09-29T13:52:43+00:00,401872972,DraftKings,margin,3.500,-102.000,8.500,-110.000,STATUS_SCHEDULED,2026-09-29T19:07:40+00:00,-118.000
2026-09-29T20:07:54+00:00,401872972,DraftKings,margin,3.000,-112.000,8.500,-110.000,STATUS_SCHEDULED,2026-09-29T20:07:53+00:00,-108.000
2026-09-29T21:07:50+00:00,401872972,DraftKings,margin,3.500,-102.000,8.500,-110.000,STATUS_SCHEDULED,2026-09-30T18:07:35+00:00,-118.000
2026-09-30T19:07:42+00:00,401872972,DraftKings,margin,3.500,-105.000,8.500,-110.000,STATUS_SCHEDULED,2026-09-30T20:55:50+00:00,-115.000
2026-09-27T04:52:46+00:00,401872972,DraftKings,total,43.500,-110.000,45.500,-110.000,STATUS_SCHEDULED,2026-09-27T21:52:33+00:00,-110.000
2026-09-27T22:07:38+00:00,401872972,DraftKings,total,42.500,-110.000,45.500,-110.000,STATUS_SCHEDULED,2026-09-28T19:52:46+00:00,-110.000
2026-09-28T20:52:40+00:00,401872972,DraftKings,total,43.500,-102.000,45.500,-110.000,STATUS_SCHEDULED,2026-09-29T02:52:40+00:00,-118.000
2026-09-29T03:52:39+00:00,401872972,DraftKings,total,42.500,-110.000,45.500,-110.000,STATUS_SCHEDULED,2026-09-29T08:52:48+00:00,-110.000
2026-09-29T09:52:43+00:00,401872972,DraftKings,total,43.500,-102.000,45.500,-110.000,STATUS_SCHEDULED,2026-09-29T11:52:43+00:00,-118.000
2026-09-29T12:52:35+00:00,401872972,DraftKings,total,43.500,100.000,45.500,-110.000,STATUS_SCHEDULED,2026-09-29T12:52:34+00:00,-120.000
2026-09-29T13:52:43+00:00,401872972,DraftKings,total,42.500,-120.000,45.500,-110.000,STATUS_SCHEDULED,2026-09-29T13:52:42+00:00,100.000
2026-09-29T14:51:37+00:00,401872972,DraftKings,total,42.500,-115.000,45.500,-110.000,STATUS_SCHEDULED,2026-09-30T00:07:34+00:00,-105.000
2026-09-30T01:07:33+00:00,401872972,DraftKings,total,43.500,-102.000,45.500,-110.000,STATUS_SCHEDULED,2026-09-30T14:55:27+00:00,-118.000
2026-09-30T16:07:45+00:00,401872972,DraftKings,total,42.500,-118.000,45.500,-110.000,STATUS_SCHEDULED,2026-09-30T18:07:35+00:00,-102.000
2026-09-30T19:07:42+00:00,401872972,DraftKings,total,43.500,-102.000,45.500,-110.000,STATUS_SCHEDULED,2026-09-30T19:35:46+00:00,-118.000
2026-09-30T20:26:41+00:00,401872972,DraftKings,total,42.500,-120.000,45.500,-110.000,STATUS_SCHEDULED,2026-09-30T20:55:50+00:00,100.000
2026-09-27T04:52:46+00:00,401872973,DraftKings,margin,10.500,-110.000,8.500,-110.000,STATUS_SCHEDULED,2026-09-27T22:07:37+00:00,-110.000
2026-09-27T22:22:39+00:00,401872973,DraftKings,margin,11.500,-110.000,8.500,-110.000,STATUS_SCHEDULED,2026-09-28T03:52:43+00:00,-110.000
2026-09-28T04:52:45+00:00,401872973,DraftKings,margin,10.500,-112.000,8.500,-110.000,STATUS_SCHEDULED,2026-09-28T04:52:43+00:00,-108.000
2026-09-28T05:52:36+00:00,401872973,DraftKings,margin,11.500,-108.000,8.500,-110.000,STATUS_SCHEDULED,2026-09-30T20:55:50+00:00,-112.000
2026-09-27T04:52:46+00:00,401872973,DraftKings,total,44.500,-110.000,47.500,-110.000,STATUS_SCHEDULED,2026-09-27T22:07:37+00:00,-110.000
2026-09-27T22:22:39+00:00,401872973,DraftKings,total,43.500,-110.000,47.500,-110.000,STATUS_SCHEDULED,2026-09-30T20:55:50+00:00,-110.000
2026-09-27T04:52:46+00:00,401872974,DraftKings,margin,10.500,-110.000,7.500,-110.000,STATUS_SCHEDULED,2026-09-27T23:52:46+00:00,-110.000
2026-09-28T00:52:39+00:00,401872974,DraftKings,margin,10.500,-105.000,7.500,-110.000,STATUS_SCHEDULED,2026-09-28T03:52:43+00:00,-115.000
2026-09-28T04:52:45+00:00,401872974,DraftKings,margin,10.000,-110.000,7.500,-110.000,STATUS_SCHEDULED,2026-09-28T13:52:40+00:00,-110.000
2026-09-28T14:52:40+00:00,401872974,DraftKings,margin,10.000,-108.000,7.500,-110.000,STATUS_SCHEDULED,2026-09-28T18:52:39+00:00,-112.000
2026-09-28T19:52:47+00:00,401872974,DraftKings,margin,10.000,-110.000,7.500,-110.000,STATUS_SCHEDULED,2026-09-28T19:52:46+00:00,-110.000
2026-09-28T20:52:40+00:00,401872974,DraftKings,margin,10.500,-115.000,7.500,-110.000,STATUS_SCHEDULED,2026-09-29T11:52:43+00:00,-105.000
2026-09-29T12:52:35+00:00,401872974,DraftKings,margin,11.500,-105.000,7.500,-110.000,STATUS_SCHEDULED,2026-09-29T19:07:40+00:00,-115.000
2026-09-29T20:07:54+00:00,401872974,DraftKings,margin,10.500,-112.000,7.500,-110.000,STATUS_SCHEDULED,2026-09-30T02:07:39+00:00,-108.000
2026-09-30T03:07:33+00:00,401872974,DraftKings,margin,10.500,-108.000,7.500,-110.000,STATUS_SCHEDULED,2026-09-30T20:55:50+00:00,-112.000
2026-09-27T04:52:46+00:00,401872974,DraftKings,total,42.500,-110.000,43.500,-110.000,STATUS_SCHEDULED,2026-09-27T23:52:46+00:00,-110.000
2026-09-28T00:52:39+00:00,401872974,DraftKings,total,41.500,-110.000,43.500,-110.000,STATUS_SCHEDULED,2026-09-28T03:52:43+00:00,-110.000
2026-09-28T04:52:45+00:00,401872974,DraftKings,total,40.500,-115.000,43.500,-110.000,STATUS_SCHEDULED,2026-09-28T04:52:43+00:00,-105.000
2026-09-28T05:52:36+00:00,401872974,DraftKings,total,39.500,-108.000,43.500,-110.000,STATUS_SCHEDULED,2026-09-28T13:52:40+00:00,-112.000
2026-09-28T14:52:40+00:00,401872974,DraftKings,total,38.500,-115.000,43.500,-110.000,STATUS_SCHEDULED,2026-09-29T13:52:42+00:00,-105.000
2026-09-29T14:51:37+00:00,401872974,DraftKings,total,38.500,-110.000,43.500,-110.000,STATUS_SCHEDULED,2026-09-30T20:55:50+00:00,-110.000
2026-09-27T04:52:46+00:00,401872975,DraftKings,margin,3.000,-120.000,2.500,-110.000,STATUS_SCHEDULED,2026-09-27T22:07:37+00:00,100.000
2026-09-27T22:22:39+00:00,401872975,DraftKings,margin,3.000,-110.000,2.500,-110.000,STATUS_SCHEDULED,2026-09-28T18:52:39+00:00,-110.000
2026-09-28T19:52:47+00:00,401872975,DraftKings,margin,3.000,-108.000,2.500,-110.000,STATUS_SCHEDULED,2026-09-28T19:52:46+00:00,-112.000
2026-09-28T20:52:40+00:00,401872975,DraftKings,margin,2.500,-120.000,2.500,-110.000,STATUS_SCHEDULED,2026-09-28T21:07:44+00:00,100.000
2026-09-28T21:23:15+00:00,401872975,DraftKings,margin,3.000,-105.000,2.500,-110.000,STATUS_SCHEDULED,2026-09-29T08:52:48+00:00,-115.000
2026-09-29T09:52:43+00:00,401872975,DraftKings,margin,2.500,-120.000,2.500,-110.000,STATUS_SCHEDULED,2026-09-29T09:52:42+00:00,100.000
2026-09-29T10:52:47+00:00,401872975,DraftKings,margin,3.000,-105.000,2.500,-110.000,STATUS_SCHEDULED,2026-09-29T15:58:03+00:00,-115.000
2026-09-29T17:07:47+00:00,401872975,DraftKings,margin,3.000,100.000,2.500,-110.000,STATUS_SCHEDULED,2026-09-30T20:55:50+00:00,-120.000
2026-09-27T04:52:46+00:00,401872975,DraftKings,total,45.500,-110.000,46.500,-110.000,STATUS_SCHEDULED,2026-09-28T03:52:43+00:00,-110.000
2026-09-28T04:52:45+00:00,401872975,DraftKings,total,46.500,-110.000,46.500,-110.000,STATUS_SCHEDULED,2026-09-28T21:07:44+00:00,-110.000
2026-09-28T21:23:15+00:00,401872975,DraftKings,total,46.500,-112.000,46.500,-110.000,STATUS_SCHEDULED,2026-09-29T21:07:46+00:00,-108.000
2026-09-29T22:07:46+00:00,401872975,DraftKings,total,47.500,-110.000,46.500,-110.000,STATUS_SCHEDULED,2026-09-30T20:55:50+00:00,-110.000
2026-09-27T04:52:46+00:00,401872976,DraftKings,margin,-6.000,-110.000,-5.500,-110.000,STATUS_SCHEDULED,2026-09-27T22:07:37+00:00,-110.000
2026-09-27T22:22:39+00:00,401872976,DraftKings,margin,-5.500,-110.000,-5.500,-110.000,STATUS_SCHEDULED,2026-09-28T02:52:45+00:00,-110.000
2026-09-28T03:52:46+00:00,401872976,DraftKings,margin,-5.500,-115.000,-5.500,-110.000,STATUS_SCHEDULED,2026-09-28T17:52:43+00:00,-105.000
2026-09-28T18:52:40+00:00,401872976,DraftKings,margin,-4.500,-105.000,-5.500,-110.000,STATUS_SCHEDULED,2026-09-28T19:52:46+00:00,-115.000
2026-09-28T20:52:40+00:00,401872976,DraftKings,margin,-4.500,-110.000,-5.500,-110.000,STATUS_SCHEDULED,2026-09-28T21:23:13+00:00,-110.000
2026-09-28T21:37:37+00:00,401872976,DraftKings,margin,-4.500,-105.000,-5.500,-110.000,STATUS_SCHEDULED,2026-09-29T09:52:42+00:00,-115.000
2026-09-29T10:52:47+00:00,401872976,DraftKings,margin,-4.500,-108.000,-5.500,-110.000,STATUS_SCHEDULED,2026-09-30T20:55:50+00:00,-112.000
2026-09-27T04:52:46+00:00,401872976,DraftKings,total,45.500,-110.000,43.500,-110.000,STATUS_SCHEDULED,2026-09-27T23:52:46+00:00,-110.000
2026-09-28T00:52:39+00:00,401872976,DraftKings,total,46.500,-110.000,43.500,-110.000,STATUS_SCHEDULED,2026-09-28T00:52:38+00:00,-110.000
2026-09-28T01:52:45+00:00,401872976,DraftKings,total,47.500,-110.000,43.500,-110.000,STATUS_SCHEDULED,2026-09-28T19:52:46+00:00,-110.000
2026-09-28T20:52:40+00:00,401872976,DraftKings,total,47.500,-115.000,43.500,-110.000,STATUS_SCHEDULED,2026-09-30T20:55:50+00:00,-105.000
2026-09-27T04:52:46+00:00,401872977,DraftKings,margin,6.500,-110.000,3.000,-110.000,STATUS_SCHEDULED,2026-09-28T09:52:41+00:00,-110.000
2026-09-28T10:52:47+00:00,401872977,DraftKings,margin,6.500,-115.000,3.000,-110.000,STATUS_SCHEDULED,2026-09-28T21:37:36+00:00,-105.000
2026-09-28T21:52:40+00:00,401872977,DraftKings,margin,7.000,-110.000,3.000,-110.000,STATUS_SCHEDULED,2026-09-28T21:52:38+00:00,-110.000
2026-09-28T22:07:54+00:00,401872977,DraftKings,margin,7.000,-112.000,3.000,-110.000,STATUS_SCHEDULED,2026-09-29T19:07:40+00:00,-108.000
2026-09-29T20:07:54+00:00,401872977,DraftKings,margin,7.000,-115.000,3.000,-110.000,STATUS_SCHEDULED,2026-09-30T20:55:50+00:00,-105.000
2026-09-27T04:52:46+00:00,401872977,DraftKings,total,42.500,-110.000,45.500,-110.000,STATUS_SCHEDULED,2026-09-27T22:07:37+00:00,-110.000
2026-09-27T22:22:39+00:00,401872977,DraftKings,total,43.500,-110.000,45.500,-110.000,STATUS_SCHEDULED,2026-09-28T00:52:38+00:00,-110.000
2026-09-28T01:52:45+00:00,401872977,DraftKings,total,43.500,-115.000,45.500,-110.000,STATUS_SCHEDULED,2026-09-28T11:52:41+00:00,-105.000
2026-09-28T12:52:43+00:00,401872977,DraftKings,total,43.500,-105.000,45.500,-110.000,STATUS_SCHEDULED,2026-09-29T01:52:37+00:00,-115.000
2026-09-29T02:07:38+00:00,401872977,DraftKings,total,42.500,-118.000,45.500,-110.000,STATUS_SCHEDULED,2026-09-30T20:55:50+00:00,-102.000
2026-09-27T04:52:46+00:00,401872978,DraftKings,margin,-3.000,-120.000,-3.000,-110.000,STATUS_SCHEDULED,2026-09-27T22:07:37+00:00,100.000
2026-09-27T22:22:39+00:00,401872978,DraftKings,margin,-3.000,-110.000,-3.000,-110.000,STATUS_SCHEDULED,2026-09-28T04:52:43+00:00,-110.000
2026-09-28T05:52:36+00:00,401872978,DraftKings,margin,-3.000,-102.000,-3.000,-110.000,STATUS_SCHEDULED,2026-09-28T11:52:41+00:00,-118.000
2026-09-28T12:52:43+00:00,401872978,DraftKings,margin,-3.500,-118.000,-3.000,-110.000,STATUS_SCHEDULED,2026-09-28T12:52:43+00:00,-102.000
2026-09-28T13:52:41+00:00,401872978,DraftKings,margin,-3.500,-112.000,-3.000,-110.000,STATUS_SCHEDULED,2026-09-28T18:52:39+00:00,-108.000
2026-09-28T19:52:47+00:00,401872978,DraftKings,margin,-3.500,-108.000,-3.000,-110.000,STATUS_SCHEDULED,2026-09-30T20:55:50+00:00,-112.000
2026-09-27T04:52:46+00:00,401872978,DraftKings,total,49.500,-110.000,45.500,-110.000,STATUS_SCHEDULED,2026-09-28T00:52:38+00:00,-110.000
2026-09-28T01:52:45+00:00,401872978,DraftKings,total,49.500,-115.000,45.500,-110.000,STATUS_SCHEDULED,2026-09-28T04:52:43+00:00,-105.000
2026-09-28T05:52:36+00:00,401872978,DraftKings,total,50.500,-108.000,45.500,-110.000,STATUS_SCHEDULED,2026-09-28T21:37:36+00:00,-112.000
2026-09-28T21:52:40+00:00,401872978,DraftKings,total,50.500,-112.000,45.500,-110.000,STATUS_SCHEDULED,2026-09-30T14:07:43+00:00,-108.000
2026-09-30T14:55:28+00:00,401872978,DraftKings,total,50.500,-120.000,45.500,-110.000,STATUS_SCHEDULED,2026-09-30T14:55:27+00:00,100.000
2026-09-30T16:07:45+00:00,401872978,DraftKings,total,51.500,-102.000,45.500,-110.000,STATUS_SCHEDULED,2026-09-30T20:55:50+00:00,-118.000
2026-09-28T04:52:45+00:00,401872979,DraftKings,margin,3.000,-105.000,2.500,-110.000,STATUS_SCHEDULED,2026-09-28T05:52:35+00:00,-115.000
2026-09-28T06:52:34+00:00,401872979,DraftKings,margin,2.500,-120.000,2.500,-110.000,STATUS_SCHEDULED,2026-09-28T06:52:34+00:00,100.000
2026-09-28T07:52:48+00:00,401872979,DraftKings,margin,3.000,-105.000,2.500,-110.000,STATUS_SCHEDULED,2026-09-28T10:52:45+00:00,-115.000
2026-09-28T11:52:43+00:00,401872979,DraftKings,margin,2.500,-120.000,2.500,-110.000,STATUS_SCHEDULED,2026-09-28T21:52:38+00:00,100.000
2026-09-28T22:07:54+00:00,401872979,DraftKings,margin,2.500,-118.000,2.500,-110.000,STATUS_SCHEDULED,2026-09-29T00:22:38+00:00,-102.000
2026-09-29T00:37:41+00:00,401872979,DraftKings,margin,3.000,-102.000,2.500,-110.000,STATUS_SCHEDULED,2026-09-30T16:07:44+00:00,-118.000
2026-09-30T17:07:47+00:00,401872979,DraftKings,margin,2.500,-118.000,2.500,-110.000,STATUS_SCHEDULED,2026-09-30T20:55:50+00:00,-102.000
2026-09-28T04:52:45+00:00,401872979,DraftKings,total,48.500,-108.000,45.500,-110.000,STATUS_SCHEDULED,2026-09-28T12:52:43+00:00,-112.000
2026-09-28T13:52:41+00:00,401872979,DraftKings,total,48.500,-112.000,45.500,-110.000,STATUS_SCHEDULED,2026-09-30T08:07:53+00:00,-108.000
2026-09-30T09:07:47+00:00,401872979,DraftKings,total,48.500,-108.000,45.500,-110.000,STATUS_SCHEDULED,2026-09-30T16:07:44+00:00,-112.000
2026-09-30T17:07:47+00:00,401872979,DraftKings,total,47.500,-112.000,45.500,-110.000,STATUS_SCHEDULED,2026-09-30T20:55:50+00:00,-108.000
2026-09-30T16:07:46+00:00,401891776,DraftKings,margin,1.500,114.000,1.500,114.000,STATUS_SCHEDULED,2026-09-30T20:55:50+00:00,-135.000
2026-09-30T16:07:46+00:00,401891776,DraftKings,moneyline,,-218.000,,-218.000,STATUS_SCHEDULED,2026-09-30T20:55:50+00:00,180.000
2026-09-30T16:07:46+00:00,401891776,DraftKings,total,5.500,-130.000,6.500,124.000,STATUS_SCHEDULED,2026-09-30T20:55:50+00:00,110.000
2026-09-30T16:07:46+00:00,401891777,DraftKings,margin,1.500,210.000,1.500,210.000,STATUS_SCHEDULED,2026-09-30T20:55:50+00:00,-258.000
2026-09-30T16:07:46+00:00,401891777,DraftKings,moneyline,,-115.000,,-115.000,STATUS_SCHEDULED,2026-09-30T19:35:46+00:00,-105.000
2026-09-30T20:26:42+00:00,401891777,DraftKings,moneyline,,-112.000,,-115.000,STATUS_SCHEDULED,2026-09-30T20:55:50+00:00,-108.000
2026-09-30T16:07:46+00:00,401891777,DraftKings,total,5.500,-130.000,5.500,-110.000,STATUS_SCHEDULED,2026-09-30T20:55:50+00:00,110.000
2026-09-30T16:07:46+00:00,401891778,DraftKings,margin,-1.500,-238.000,-1.500,-230.000,STATUS_SCHEDULED,2026-09-30T20:55:50+00:00,195.000
2026-09-30T16:07:46+00:00,401891778,DraftKings,moneyline,,105.000,,110.000,STATUS_SCHEDULED,2026-09-30T20:55:50+00:00,-125.000
2026-09-30T16:07:46+00:00,401891778,DraftKings,total,6.500,-130.000,6.500,-130.000,STATUS_SCHEDULED,2026-09-30T20:55:50+00:00,110.000
2026-09-30T16:07:46+00:00,401891779,DraftKings,margin,-1.500,-250.000,1.500,220.000,STATUS_SCHEDULED,2026-09-30T20:55:50+00:00,205.000
2026-09-30T16:07:46+00:00,401891779,DraftKings,moneyline,,-105.000,,-110.000,STATUS_SCHEDULED,2026-09-30T20:55:50+00:00,-115.000
2026-09-30T16:07:46+00:00,401891779,DraftKings,total,5.500,100.000,5.500,-110.000,STATUS_SCHEDULED,2026-09-30T20:55:50+00:00,-120.000
2026-09-30T16:07:46+00:00,401891780,DraftKings,margin,1.500,130.000,1.500,145.000,STATUS_SCHEDULED,2026-09-30T20:55:50+00:00,-155.000
2026-09-30T16:07:46+00:00,401891780,DraftKings,moneyline,,-192.000,,-185.000,STATUS_SCHEDULED,2026-09-30T20:55:50+00:00,160.000
2026-09-30T16:07:46+00:00,401891780,DraftKings,total,6.500,110.000,5.500,-120.000,STATUS_SCHEDULED,2026-09-30T18:07:35+00:00,-130.000
2026-09-30T19:07:43+00:00,401891780,DraftKings,total,6.500,105.000,5.500,-120.000,STATUS_SCHEDULED,2026-09-30T20:55:50+00:00,-125.000
2026-09-30T16:07:46+00:00,401891781,DraftKings,margin,1.500,205.000,1.500,210.000,STATUS_SCHEDULED,2026-09-30T19:35:46+00:00,-250.000
2026-09-30T20:26:42+00:00,401891781,DraftKings,margin,1.500,210.000,1.500,210.000,STATUS_SCHEDULED,2026-09-30T20:26:40+00:00,-258.000
2026-09-30T20:55:53+00:00,401891781,DraftKings,margin,-1.500,-265.000,1.500,210.000,STATUS_SCHEDULED,2026-09-30T20:55:50+00:00,215.000
2026-09-30T16:07:46+00:00,401891781,DraftKings,moneyline,,-115.000,,-115.000,STATUS_SCHEDULED,2026-09-30T19:35:46+00:00,-105.000
2026-09-30T20:26:42+00:00,401891781,DraftKings,moneyline,,-112.000,,-115.000,STATUS_SCHEDULED,2026-09-30T20:55:50+00:00,-108.000
2026-09-30T16:07:46+00:00,401891781,DraftKings,total,6.500,114.000,6.500,120.000,STATUS_SCHEDULED,2026-09-30T20:55:50+00:00,-135.000
2026-09-30T16:07:46+00:00,401891782,DraftKings,margin,1.500,120.000,1.500,120.000,STATUS_SCHEDULED,2026-09-30T20:55:50+00:00,-142.000
2026-09-30T16:07:46+00:00,401891782,DraftKings,moneyline,,-205.000,,-205.000,STATUS_SCHEDULED,2026-09-30T20:55:50+00:00,170.000
2026-09-30T16:07:46+00:00,401891782,DraftKings,total,5.500,-115.000,5.500,-120.000,STATUS_SCHEDULED,2026-09-30T20:55:50+00:00,-105.000
2026-09-30T16:07:46+00:00,401891803,DraftKings,margin,1.500,180.000,1.500,180.000,STATUS_SCHEDULED,2026-09-30T20:55:50+00:00,-218.000
2026-09-30T16:07:46+00:00,401891803,DraftKings,moneyline,,-142.000,,-142.000,STATUS_SCHEDULED,2026-09-30T20:55:50+00:00,120.000
2026-09-30T16:07:46+00:00,401891803,DraftKings,total,6.500,114.000,6.500,124.000,STATUS_SCHEDULED,2026-09-30T20:55:50+00:00,-135.000
2026-09-30T16:07:46+00:00,401891806,DraftKings,margin,-1.500,-238.000,-1.500,-238.000,STATUS_SCHEDULED,2026-09-30T20:55:50+00:00,195.000
2026-09-30T16:07:46+00:00,401891806,DraftKings,moneyline,,105.000,,110.000,STATUS_SCHEDULED,2026-09-30T20:55:50+00:00,-125.000
2026-09-30T16:07:46+00:00,401891806,DraftKings,total,5.500,-130.000,5.500,-130.000,STATUS_SCHEDULED,2026-09-30T20:55:50+00:00,110.000
2026-09-30T16:07:46+00:00,401891814,DraftKings,margin,1.500,160.000,1.500,136.000,STATUS_SCHEDULED,2026-09-30T20:55:50+00:00,-192.000
2026-09-30T16:07:46+00:00,401891814,DraftKings,moneyline,,-162.000,,-180.000,STATUS_SCHEDULED,2026-09-30T20:55:50+00:00,136.000
2026-09-30T16:07:46+00:00,401891814,DraftKings,total,6.500,120.000,6.500,124.000,STATUS_SCHEDULED,2026-09-30T20:55:50+00:00,-142.000
2026-09-30T16:07:46+00:00,401891815,DraftKings,margin,-1.500,-245.000,-1.500,-250.000,STATUS_SCHEDULED,2026-09-30T20:55:50+00:00,200.000
2026-09-30T16:07:46+00:00,401891815,DraftKings,moneyline,,-102.000,,100.000,STATUS_SCHEDULED,2026-09-30T20:55:50+00:00,-118.000
2026-09-30T16:07:46+00:00,401891815,DraftKings,total,6.500,100.000,6.500,100.000,STATUS_SCHEDULED,2026-09-30T20:55:50+00:00,-120.000
2026-09-30T16:07:46+00:00,401891816,DraftKings,margin,-1.500,-205.000,-1.500,-205.000,STATUS_SCHEDULED,2026-09-30T20:55:50+00:00,170.000
2026-09-30T16:07:46+00:00,401891816,DraftKings,moneyline,,120.000,,124.000,STATUS_SCHEDULED,2026-09-30T19:35:46+00:00,-142.000
2026-09-30T20:26:42+00:00,401891816,DraftKings,moneyline,,124.000,,124.000,STATUS_SCHEDULED,2026-09-30T20:55:50+00:00,-148.000
2026-09-30T16:07:46+00:00,401891816,DraftKings,total,6.500,110.000,6.500,110.000,STATUS_SCHEDULED,2026-09-30T20:55:50+00:00,-130.000
2026-09-30T16:07:46+00:00,401891817,DraftKings,margin,1.500,170.000,1.500,170.000,STATUS_SCHEDULED,2026-09-30T16:07:44+00:00,-205.000
2026-09-30T17:07:48+00:00,401891817,DraftKings,margin,1.500,160.000,1.500,170.000,STATUS_SCHEDULED,2026-09-30T20:55:50+00:00,-192.000
2026-09-30T16:07:46+00:00,401891817,DraftKings,moneyline,,-142.000,,-155.000,STATUS_SCHEDULED,2026-09-30T16:07:44+00:00,120.000
2026-09-30T17:07:48+00:00,401891817,DraftKings,moneyline,,-162.000,,-155.000,STATUS_SCHEDULED,2026-09-30T20:55:50+00:00,136.000
2026-09-30T16:07:46+00:00,401891817,DraftKings,total,5.500,-115.000,5.500,-120.000,STATUS_SCHEDULED,2026-09-30T19:35:46+00:00,-105.000
2026-09-30T20:26:42+00:00,401891817,DraftKings,total,5.500,-130.000,5.500,-120.000,STATUS_SCHEDULED,2026-09-30T20:55:50+00:00,110.000
2026-09-30T16:07:46+00:00,401891818,DraftKings,margin,1.500,195.000,1.500,205.000,STATUS_SCHEDULED,2026-09-30T20:55:50+00:00,-238.000
2026-09-30T16:07:46+00:00,401891818,DraftKings,moneyline,,-118.000,,-115.000,STATUS_SCHEDULED,2026-09-30T20:55:50+00:00,-102.000
2026-09-30T16:07:46+00:00,401891818,DraftKings,total,5.500,-130.000,5.500,-130.000,STATUS_SCHEDULED,2026-09-30T20:55:50+00:00,110.000
2026-09-30T16:07:46+00:00,401891819,DraftKings,margin,-1.500,-218.000,-1.500,-218.000,STATUS_SCHEDULED,2026-09-30T20:55:50+00:00,180.000
2026-09-30T16:07:46+00:00,401891819,DraftKings,moneyline,,120.000,,120.000,STATUS_SCHEDULED,2026-09-30T20:55:50+00:00,-142.000
2026-09-30T16:07:46+00:00,401891819,DraftKings,total,5.500,-135.000,5.500,-130.000,STATUS_SCHEDULED,2026-09-30T20:55:50+00:00,114.000
2026-09-30T16:07:46+00:00,401891821,DraftKings,margin,1.500,180.000,1.500,180.000,STATUS_SCHEDULED,2026-09-30T20:55:50+00:00,-218.000
2026-09-30T16:07:46+00:00,401891821,DraftKings,moneyline,,-142.000,,-142.000,STATUS_SCHEDULED,2026-09-30T19:35:46+00:00,120.000
2026-09-30T20:26:42+00:00,401891821,DraftKings,moneyline,,-148.000,,-142.000,STATUS_SCHEDULED,2026-09-30T20:55:50+00:00,124.000
2026-09-30T16:07:46+00:00,401891821,DraftKings,total,5.500,-135.000,5.500,-125.000,STATUS_SCHEDULED,2026-09-30T16:07:44+00:00,114.000
2026-09-30T17:07:48+00:00,401891821,DraftKings,total,6.500,110.000,5.500,-125.000,STATUS_SCHEDULED,2026-09-30T20:55:50+00:00,-130.000
2026-09-30T16:07:46+00:00,401891822,DraftKings,margin,1.500,210.000,-1.500,-270.000,STATUS_SCHEDULED,2026-09-30T20:55:50+00:00,-258.000
2026-09-30T16:07:46+00:00,401891822,DraftKings,moneyline,,-110.000,,-110.000,STATUS_SCHEDULED,2026-09-30T20:55:50+00:00,-110.000
2026-09-30T16:07:46+00:00,401891822,DraftKings,total,6.500,110.000,6.500,114.000,STATUS_SCHEDULED,2026-09-30T20:55:50+00:00,-130.000
2026-09-30T16:07:46+00:00,401891823,DraftKings,margin,-1.500,-205.000,-1.500,-218.000,STATUS_SCHEDULED,2026-09-30T17:07:44+00:00,170.000
2026-09-30T18:07:38+00:00,401891823,DraftKings,margin,-1.500,-198.000,-1.500,-218.000,STATUS_SCHEDULED,2026-09-30T20:55:50+00:00,164.000
2026-09-30T16:07:46+00:00,401891823,DraftKings,moneyline,,120.000,,120.000,STATUS_SCHEDULED,2026-09-30T20:55:50+00:00,-142.000
2026-09-30T16:07:46+00:00,401891823,DraftKings,total,6.500,105.000,6.500,105.000,STATUS_SCHEDULED,2026-09-30T17:07:44+00:00,-125.000
2026-09-30T18:07:38+00:00,401891823,DraftKings,total,6.500,102.000,6.500,105.000,STATUS_SCHEDULED,2026-09-30T20:26:40+00:00,-122.000
2026-09-30T20:55:53+00:00,401891823,DraftKings,total,6.500,105.000,6.500,105.000,STATUS_SCHEDULED,2026-09-30T20:55:50+00:00,-125.000
2026-09-30T16:07:46+00:00,401891824,DraftKings,margin,1.500,180.000,1.500,180.000,STATUS_SCHEDULED,2026-09-30T20:55:50+00:00,-218.000
2026-09-30T16:07:46+00:00,401891824,DraftKings,moneyline,,-135.000,,-135.000,STATUS_SCHEDULED,2026-09-30T20:55:50+00:00,114.000
2026-09-30T16:07:46+00:00,401891824,DraftKings,total,5.500,-110.000,5.500,-110.000,STATUS_SCHEDULED,2026-09-30T20:55:50+00:00,-110.000
2026-09-30T16:07:46+00:00,401891826,DraftKings,margin,1.500,170.000,1.500,170.000,STATUS_SCHEDULED,2026-09-30T20:55:50+00:00,-205.000
2026-09-30T16:07:46+00:00,401891826,DraftKings,moneyline,,-148.000,,-142.000,STATUS_SCHEDULED,2026-09-30T20:55:50+00:00,124.000
2026-09-30T16:07:46+00:00,401891826,DraftKings,total,5.500,-135.000,5.500,-135.000,STATUS_SCHEDULED,2026-09-30T20:55:50+00:00,114.000
2026-09-30T16:07:46+00:00,401891828,DraftKings,margin,1.500,124.000,1.500,124.000,STATUS_SCHEDULED,2026-09-30T20:55:50+00:00,-148.000
2026-09-30T16:07:46+00:00,401891828,DraftKings,moneyline,,-192.000,,-198.000,STATUS_SCHEDULED,2026-09-30T17:07:44+00:00,160.000
2026-09-30T18:07:38+00:00,401891828,DraftKings,moneyline,,-218.000,,-198.000,STATUS_SCHEDULED,2026-09-30T20:55:50+00:00,180.000
2026-09-30T16:07:46+00:00,401891828,DraftKings,total,5.500,-125.000,5.500,-115.000,STATUS_SCHEDULED,2026-09-30T17:07:44+00:00,105.000
2026-09-30T18:07:38+00:00,401891828,DraftKings,total,5.500,-130.000,5.500,-115.000,STATUS_SCHEDULED,2026-09-30T20:55:50+00:00,110.000
2026-09-30T16:07:46+00:00,401891829,DraftKings,margin,-1.500,-142.000,-1.500,-148.000,STATUS_SCHEDULED,2026-09-30T20:55:50+00:00,120.000
2026-09-30T16:07:46+00:00,401891829,DraftKings,moneyline,,164.000,,164.000,STATUS_SCHEDULED,2026-09-30T20:55:50+00:00,-198.000
2026-09-30T16:07:46+00:00,401891829,DraftKings,total,6.500,-115.000,6.500,-110.000,STATUS_SCHEDULED,2026-09-30T20:55:50+00:00,-105.000
2026-09-30T16:07:46+00:00,401891830,DraftKings,margin,1.500,145.000,1.500,154.000,STATUS_SCHEDULED,2026-09-30T20:55:50+00:00,-175.000
2026-09-30T16:07:46+00:00,401891830,DraftKings,moneyline,,-170.000,,-162.000,STATUS_SCHEDULED,2026-09-30T20:55:50+00:00,142.000
2026-09-30T16:07:46+00:00,401891830,DraftKings,total,6.500,114.000,6.500,114.000,STATUS_SCHEDULED,2026-09-30T20:55:50+00:00,-135.000
2026-09-30T16:07:46+00:00,401891831,DraftKings,margin,1.500,220.000,1.500,200.000,STATUS_SCHEDULED,2026-09-30T20:55:50+00:00,-270.000
2026-09-30T16:07:46+00:00,401891831,DraftKings,moneyline,,-108.000,,-120.000,STATUS_SCHEDULED,2026-09-30T20:55:50+00:00,-112.000
2026-09-30T16:07:46+00:00,401891831,DraftKings,total,5.500,-130.000,5.500,-125.000,STATUS_SCHEDULED,2026-09-30T20:55:50+00:00,110.000
2026-09-30T16:07:46+00:00,401892431,DraftKings,margin,1.500,195.000,1.500,215.000,STATUS_SCHEDULED,2026-09-30T20:55:50+00:00,-238.000
2026-09-30T16:07:46+00:00,401892431,DraftKings,moneyline,,-130.000,,-110.000,STATUS_SCHEDULED,2026-09-30T20:26:40+00:00,110.000
2026-09-30T20:55:52+00:00,401892431,DraftKings,moneyline,,-125.000,,-110.000,STATUS_SCHEDULED,2026-09-30T20:55:50+00:00,105.000
2026-09-30T16:07:46+00:00,401892431,DraftKings,total,5.500,-135.000,6.500,110.000,STATUS_SCHEDULED,2026-09-30T17:07:44+00:00,114.000
2026-09-30T18:07:38+00:00,401892431,DraftKings,total,6.500,114.000,6.500,110.000,STATUS_SCHEDULED,2026-09-30T20:55:50+00:00,-135.000
